Category,Count,ProbabilityPercent
High Card,1302540,50.117739
One Pair,1098240,42.256903
Two Pair,123552,4.753902
Three of a Kind,54912,2.112845
Straight,10200,0.392465
Flush,5108,0.196540
Full House,3744,0.144058
Four of a Kind,624,0.024010
Straight Flush,32,0.001231
Royal Flush,8,0.000308
