Project ID,Project title,Project summary,Topic,Methodology,Ethical approval,Supervisor,relevant programmes,comments,Seed references,Suggestions optional modules,Recommended Research Practical,Recommended Data science module,Specific skills & requirement for project? ,Project Type,Ethical approval status
"Project 16- Alan Wing- 63- ""Stochastic resonance in touch for pe...""",Stochastic resonance in touch for perception and action (STRITPA2),"Sensations from the hands and feet are fundamental to the way we perceive and interact with our environment. Touch receptors transmit afferent information to the brain via neural activity in peripheral nerves and the spinal cord, providing critical information about physical contact. When this transmission is disrupted, by aging or through disorders such as peripheral neuropathy, both perception and control of action are affected. Basic sensory experiences such as tactile detection and discrimination in the hand and foot can be impaired, and actions such as grasping and maintaining balance compromised.
Recent studies have consistently shown that adding random vibration (“noise”) at sub-threshold levels can enhance the detection and transmission of weak tactile signals (through a process sometimes referred to as “stochastic resonance”), and thus improve balance and hand function1. For example, sub-threshold vibration delivered at the wrist has been shown to benefit fingertip tactile detection2, suggesting the potential utility of a vibrating wrist band for stroke rehabilitation3. Sub-threshold wrist vibration has also been shown to benefit individuals with chemotherapy induced peripheral neuropathy (CIPN)4. Random noise at 60% detection thresholds presented at the wrist improved detection of tactile events at the fingertip compared with when wrist vibration was absent or presented at 120% detection thresholds. Moreover, finger movements driving hand aperture during reaching exhibited reduced normalized jerk (see Fig1), suggesting improved kinesthesis (combining proprioception and tactile sensation).
Vibration at the wrist is likely to be transmitted to and excite mechanoreceptors throughout the hand5. This activation is believed to underlie improvements observed in somatosensory function with sub-threshold vibration. The proposed project aims to:
(i) Extend the approach of Osumi et al4, testing the effects of wrist vibration in healthy older adults or people with chemotherapy induced peripheral neuropathy (due to cancer treatment) across a range of behavioural measures of passive and active fingertip touch function;
(ii) Computationally examine the origins of wrist vibration benefits by simulating vibration effects on the population of touch afferents in the hand. This will be accomplished using TouchSim6, developed by Saal et aal and previously successfully used by Wing et al to account for age-based decline in 2-point discrimination threshold7.","Touch for perception (psychophysics) and action (motor control), behavioural, computational modelling","Behavioural measures of perception (psychophysics) and action (motor control), computational modelling",,Alan Wing- 63,MSc Cognitive Neuroimaging & Data Science - COMPUTATIONAL neuroscience,,"1White_et_al_2019_https://doi.org/10.3389/fphys.2018.01865
2Lakshminarayanan_et_al_2015_ https://doi.org/10.14814/phy2.12465
3Seo_et_al_2019_ https://doi.org/10.1093/ptj/pzy143
4Osumi_et_al_2023_ https://doi.org/10.1007/s00221-022-06532-2
5Tummala_et_al_2024_https://doi.org/10.1101/2023.11.10.565040
6Saal_et_al_2017_https://doi.org/10.1073/pnas.1704856114
7Deflori_et_al_2022_https://doi.org/10.1113/JP283174",,Modelling decision making in Matlab,Introduction to Computational Methods (Matlab),programming skills in matlab and/or python,Quantitative,Approved
"Project 17- Alan Wing- 63- ""Tactile control of in-hand manipulat...""",Tactile control of in-hand manipulation,"This MSc project will investigate the sensorimotor mechanisms underlying voluntary object rotation within a precision grip. The task will model a familiar everyday action such as picking up a pencil from a table with surface normal grip force generated by the thumb and index finger coordinated with lift (tangential load) force from the arm and then rotating it into a preferred writing orientation, using force generated by the middle finger to create a destabilising torque that is controlled in conjunction with the normal grip force. Participants will perform a series of controlled object-rotation movements while thumb – index finger forces, middle finger generated torques, and object kinematics (rotation) are recorded to examine how the nervous system coordinates manipulation and stability during dexterous hand actions.

The project builds on the torque stabilisation framework developed by Wing and Lederman (1998), which demonstrated how the digits coordinate force and torque production to maintain stable object orientation during precision grip. A central aim will be to distinguish the contributions of feedforward and feedback control by manipulating both frictional conditions (dry versus wet fingertips) and the quality of somatosensory input (bare fingers, single surgical gloves, and double surgical gloves). These manipulations are expected to alter both the frictional coupling between the digits and the object and the availability of tactile feedback, thereby changing the balance between anticipatory control and online correction.

The work is further motivated by recent evidence that sensory impairment compromises dexterous manipulation, including findings from Roberts et al. (2025) demonstrating deficits in precision grip control in individuals with chemotherapy-induced peripheral neuropathy (CIPN). By identifying how sensory and mechanical factors influence rotational stability during within-hand manipulation, the project will advance understanding of skilled hand function and provide a foundation for future investigations of dexterity impairments associated with sensory loss, ageing, and neurological conditions. More broadly, the study may provide a quantitative and mechanistically grounded complement to in-hand manipulation assessment tools such as those reviewed by Pont et al (2009) and being developed by Liu and colleagues (2018, 2025), helping to link clinical measures of manual dexterity with the underlying sensorimotor processes that support skilled object manipulation.","Touch for perception (psychophysics) and action (motor control), behavioural, computational modelling","Behavioural measures of perception (psychophysics) and action (motor control), computational modelling",,Alan Wing- 63,MSc Cognitive Neuroimaging & Data Science - COMPUTATIONAL neuroscience,,"Klymenko G, Liu KP, Bissett M, Fong KN, Welage N, Wong RS. Development and initial validity of the in‐hand manipulation assessment. Australian Occupational Therapy Journal. 2018 Apr;65(2):135-45.

Liu KP, Chapman A, Tsoi TL, Thach P, Welage N, Tulliani N. Psychometric Validation of the In-Hand Manipulation Assessment. Archives of physical medicine and rehabilitation. 2025 Jun 1;106(6):917-25.

Pont K, Wallen M, Bundy A. Conceptualising a modified system for classification of in‐hand manipulation. Australian occupational therapy journal. 2009 Feb;56(1):2-15.

Roberts RD, Chua W, Khatibi A, Holmes NP, Palles C, Kussaibati R, Wing AM. Touch and manual action in chemotherapy-induced peripheral neuropathy: a mixed-methods study. Scientific reports. 2026 Mar 29.

Wing AM, Lederman SJ. Anticipatory load torques produced by voluntary movements. Journal of Experimental Psychology: Human Perception and Performance. 1998 Dec;24(6):1571.",,Modelling decision making in Matlab,Introduction to Computational Methods (Matlab),"Matlab (Simulink, Simscape)",Quantitative,Approved
"Project 37- Andrea Krott- 77- ""Cognitive development in monolingual...""",Cognitive development in monolingual and multilingual toddlers born preterm,"More than 1 in 10 births are preterm (<37 weeks gestational age) and more than 50% of the world's population is multilingual. Children born preterm have shown slower language and slower cognitive development than their full-term peers. In turn, multilingualism slows down language development in both languages, while seemingly accelerating cognitive development. The current project investigates these developments more thoroughly. Students are asked to develop their questions within this larger project. ","child development, pretermness, cognition, language development",online experiments and caretaker questionnaires,,Andrea Krott- 77,"MSc Developmental Science & Neurodiversity,MSc Psychology",Previous experience with children (any age) is desirable. This can be contact with young children in the family.,"Head, L. M., Baralt, M., & Darcy Mahoney, A. E. (2015). Bilingualism as a Potential Strategy to Improve Executive Function in Preterm Infants: A Review. Journal of Pediatric Health Care, 29(2), 126-136. https://doi.org/https://doi.org/10.1016/j.pedhc.2014.08.015

Hu, M. Z., Truong, T., Zhu, S. F., Vidiella-Martin, J., Johnson, S., Quigley, M. A., & Petrou, S. (2026). Cognitive and Educational Outcomes After Preterm Birth or Low Birth Weight An Umbrella Review and Meta-Analysis. Jama Pediatrics, 180(6), 628-638. https://doi.org/10.1001/jamapediatrics.2026.0533

Loe, I. M., & Feldman, H. M. (2016). The Effect of Bilingual Exposure on Executive Function Skills in Preterm and Full-Term Preschoolers. Journal of Developmental and Behavioral Pediatrics, 37(7), 548-556. https://doi.org/10.1097/dbp.0000000000000318 ","Different minds: Child and Animal Intelligence,Clinical Psychology and Developmental Diversity","Standardized Tests,Experimenting in OpenSesame",Modelling Change and Diversity: Introduction to Structural Equation Modelling (R),"Students will need to be good communicators. More specifically, they need to communicate with mothers, and potentially with young children. They need to be organised and reliable and work well in a team. Finally, they need to have a attention to detail. DBS check required. ",Quantitative,Will be submitted by 31 August
"Project 38- Andrea Krott- 77- ""The relationship of Theory of Mind, ...""","The relationship of Theory of Mind, cognition and language skills in monolingual and bilingual children","Theory of Mind (ToM) is the ability to attribute mental states (e.g., beliefs desires, and emotions) to others to predict or explain their behaviour. Various studies have examined the association between ToM development and development of other cognitive functions, for instance meta-linguistic awareness (MLA). The latter the conscious reflection on the structural features of language (e.g., sounds, morphological units, and syntactic structures), treating language forms as objects of thought rather than focusing on their communicative meaning. Both MLA and ToM undergo substantial growth during early and middle childhood, and both require children to step back from a dominant perspective and think about abstract representations, whether linguistic or mental. But the relationship between ToM and MLA as well as its relationship with wider cognitive skills remains unclear. In addition, the relationship appears to be affected by children's experience with more than one language. The current project therefore investigates relationships between ToM, MLA and cognition within monolingual and bilingual children (~3-5 year olds).","Child development, Theory of Mind, language development, meta-linguistic awareness, bilingualism",experimental child-friendly tasks and parent questionnaires,,Andrea Krott- 77,"MSc Developmental Science & Neurodiversity,MSc Psychology",Previous experiences with young children (including children in the family) desirable. ,"Bialystok, E., & Ryan, E. B. (1985). Toward a Definition of Metalinguistic Skill. Merrill-Palmer Quarterly, 31(3), 229–251. http://www.jstor.org/stable/23086295

Bialystok, E. (1986). Factors in the Growth of Linguistic Awareness. Child Development, 57(2), 498-510. https://doi.org/10.2307/1130604

Bialystok, E. (1988). Levels of Bilingualism and Levels of Linguistic Awareness. Developmental Psychology, 24, 560-567. https://doi.org/10.1037/0012-1649.24.4.560

Bialystok, E., Peets, K. F., & Moreno, S. (2014). Producing bilinguals through immersion education: Development of metalinguistic awareness. Applied Psycholinguistics, 35(1), 177–191. https://doi.org/10.1017/S0142716412000288

Diaz, V., & Farrar, M. J. (2018). The missing explanation of the false-belief advantage in bilingual children: a longitudinal study. Developmental Science, 21(4), e12594. https://doi.org/10.1111/desc.12594

Perner, J., Stummer, S., Sprung, M., & Doherty, M. (2002). Theory of mind finds its Piagetian perspective: Why alternative naming comes with understanding belief. Cognitive Development, 17(3–4), 1451–1472. https://doi.org/10.1016/S0885-2014(02)00127-2 ",,"Standardized Tests,Experimenting in OpenSesame",Modelling Change and Diversity: Introduction to Structural Equation Modelling (R),"Students will need to be good communicators. More specifically, they need to communicate with teachers and with young children. They need to be organised and reliable and work well in a team. Finally, they need to have a attention to detail. DBS check required.
",Quantitative,Will be submitted by 31 August
"Project 12- Andrew Bagshaw- 58- ""Examining brain state variability wi...""",Examining brain state variability with fNIRS and fMRI,"The majority of the brain’s physiological and metabolic activity is concerned with intrinsic processes, not responses to external stimulation. Even robust sensory stimuli lead to relatively minor perturbations to the system, as the brain constantly adapts its processing to meet instantaneous and competing internal, environmental and behavioural demands. This observation rarely features in neuroimaging analyses, which erroneously assume a dissociation between stimulus responses and ongoing brain activity. The consequence of this is that the majority of the signal is considered to be noise and rejected, which could be a significant contributing factor to why functional neuroimaging of individual participants is not considered robust. Functional variability is not noise: a considerable proportion of it can be explained by the dynamics of ongoing brain activity, or ‘brain state’, and it is predictive of behaviour, pathology and development through the lifespan. This project will work with existing projects acquiring functional near infrared spectroscopy (fNIRS) and functional MRI (fMRI) data and examine signal variability, with a particular application to the relationship with ADHD and sleep traits. ","fNIRS, fMRI, variability, brain states, ADHD","fNIRS, fMRI",,Andrew Bagshaw- 58,"MSc Cognitive Neuroimaging & Data Science - COGNITIVE neuroscience,MSc Cognitive Neuroimaging & Data Science - COMPUTATIONAL neuroscience",,"https://pubmed.ncbi.nlm.nih.gov/20206576/
https://pubmed.ncbi.nlm.nih.gov/38989618/
https://pubmed.ncbi.nlm.nih.gov/33034533/
https://pubmed.ncbi.nlm.nih.gov/28454820/
https://pubmed.ncbi.nlm.nih.gov/28093359/","Fundamental Brain Imaging,Elecrophysiological approaches,Translational Cognitive Neuroscience",Representational Similarity Analyses,Data Science for Brain and Behaviour (Python/ Jupiter notebooks),Programming skills (eg python) and some exposure to functional neuroimaging data analysis would be helpful,Quantitative,Approved
"Project 58- Andrew Olson- 84- ""Digital health tools for cognitive a...""",Digital health tools for cognitive assessment,"We are developing digital tools for cognitive assessment of children with neurodegenerative disorders in order to track cognitive changes accurately without requiring families to attend frequent disruptive visits to clinic.  We will develop and/or test tools for assessment of gait, fine motor control, memory or language.  The exact target can be discussed early on.  Testing will be on controls (not children) to establish reliability and validity and to gauge useability for home testing.","cognitive assessment, gait, fine motor control, memory, language, childhood neurodegenerative disease",Reliability and validity testing of digital apps,,Andrew Olson- 84,"MSc Psychology,MSc Cognitive Neuroimaging & Data Science - COGNITIVE neuroscience,MSc Cognitive Neuroimaging & Data Science - COMPUTATIONAL neuroscience,MSc Developmental Science & Neurodiversity",,"Patterson, M. C., Lloyd-Price, L., Guldberg, C., Doll, H., Burbridge, C., Chladek, M., íDali, C., Mengel, E., & Symonds, T. (2021). Validation of the 5-domain Niemann-Pick type C Clinical Severity Scale. *Orphanet Journal of Rare Diseases*, *16*(1), 79. https://doi.org/10.1186/s13023-021-01719-2

Sansare, A., Zampieri, C., Alter, K., Stanley, C., Farhat, N., Keener, L. A., & Porter, F. (2018). Gait, Balance, and Coordination Impairments in Niemann Pick Disease, Type C1. *Journal of Child Neurology*, *33*(1), 114–124. https://doi.org/10.1177/0883073817741054

Stenum, J., Hsu, M. M., Pantelyat, A. Y., & Roemmich, R. T. (2024). Clinical gait analysis using video-based pose estimation: Multiple perspectives, clinical populations, and measuring change. *PLOS Digital Health*, *3*(3), e0000467. https://doi.org/10.1371/journal.pdig.0000467",,,,"Programming skills may provide some opportunities, but are not required",Quantitative,Approved
"Project 59- Andrew Olson- 84- ""Human sequence planning:  Common or ...""",Human sequence planning:  Common or specialized mechanisms?,"Planning and carrying out sequences is a common in many human domains:  Memory, language, music, movement.  Will will have participants perform sequences in several different domains and test whether underlying mechanisms for producing sequences are common or specialized.  We will look at memory sequences, word and/or sentence production and movement sequences (we may be able to customize the domains to some extent)","memory, language, motor control",Cognitive and/or motor testing and RT and/or error analysis,,Andrew Olson- 84,"MSc Psychology,MSc Cognitive Neuroimaging & Data Science - COGNITIVE neuroscience,MSc Cognitive Neuroimaging & Data Science - COMPUTATIONAL neuroscience,MSc Developmental Science & Neurodiversity",,"Goldberg, A. M., & Rapp, B. (2008). Is compound chaining the serial-order mechanism of spelling? A simple recurrent network investigation. *Cognitive Neuropsychology*, *25*(2), 218–255.

Olson, A., Galluzzi, C., Bureca, I., & Romani, C. (2025). Serial position effects in spoken word production are determined by previous context: Evidence from aphasia. *Journal of Memory and Language*, *144*, 104652. https://doi.org/10.1016/j.jml.2025.104652",,,,programming skills may be useful and provide additional opportunities but are not required,Quantitative,Will be submitted by 31 August
"Project 35- Andrew Quinn- 76- ""Do OPMs tell us more about brain act...""",Do OPMs tell us more about brain activity than EEG?,"Neuroimaging technologies are progressing quickly at the moment, Optically Pumped Magnetometers are an exciting new technology for Magnetoencephalography that promises to revolutionise our understanding of the brain. However, it is challenging to compare to existing methods like EEG and we often end up just making indirect comparisons or relying on assumptions that OPMs are better 'in theory'.

This project will work with a rare dataset that acquired simultaneous EEG-OPM from participants during a variety of tasks. This will allow us to track the information recorded by each modality from identical underlying brain sources. Analysis of this dataset allows us to compare what aspects of brain function are captured by each. We can use this to quantify the benefit of emerging OPM technologies for quantifying critical but challenging features such as bursting dynamics and waveform shape.

There is flexibility about the specific analysis and members of the group can collaborate on data processing but work towards personal goals, I'm happy to discuss specific ideas or pitches prior to the project - just get in touch.

This is a data-analysis focused project that will make use of existing open-access data though there may be opportunities to gain exposure to the EEG and OPM labs. This project will have proportionally more time for analysis and coding than projects involving data collection and there is an expectation that our analysis will be explored in considerable detail.

The project will suit people looking to strengthen their understanding of neuronal oscillations, data-science, statistics and Python coding. Some prior experience and interest in these topics will be required.","Neuronal Oscillations, Analysis Methods, Dynamics, Networks
","Neuronal oscillations, time series analysis, bursting dynamics, waveform shape",,Andrew Quinn- 76,"MSc Cognitive Neuroimaging & Data Science - COGNITIVE neuroscience,MSc Cognitive Neuroimaging & Data Science - COMPUTATIONAL neuroscience","Secondary data analysis, no data collection required but substantial time on programming and data analysis is expected.","Andrew J Quinn Jemma Pitt Oliver Kohl Chetan Gohil Mats WJ van Es Anna C Nobre Mark W Woolrich 2025 Robust and replicable effects of ageing on resting state brain electrophysiology measured with MEG eLife14:RP108829 https://doi.org/10.7554/eLife.108829.2

Quinn, A. J., Lopes-dos-Santos, V., Huang, N., Liang, W.-K., Juan, C.-H., Yeh, J.-R., Nobre, A. C., Dupret, D., & Woolrich, M. W. (2021). Within-cycle instantaneous frequency profiles report oscillatory waveform dynamics. Journal of Neurophysiology, 126(4), 1190–1208. https://doi.org/10.1152/jn.00201.2021

Quinn, A. J., van Ede, F., Brookes, M. J., Heideman, S. G., Nowak, M., Seedat, Z. A., Vidaurre, D., Zich, C., Nobre, A. C., & Woolrich, M. W. (2019). Unpacking Transient Event Dynamics in Electrophysiological Power Spectra. Brain Topography, 32(6), 1020–1034. https://doi.org/10.1007/s10548-019-00745-5

Quinn, A. J., Vidaurre, D., Abeysuriya, R., Becker, R., Nobre, A. C., & Woolrich, M. W. (2018). Task-Evoked Dynamic Network Analysis Through Hidden Markov Modeling. Frontiers in Neuroscience, 12. https://doi.org/10.3389/fnins.2018.00603

Dataset
Seedat, Z. A., Pier, K. St., Holmes, N., Rea, M., Al-Hilaly, L., Tierney, T. M., Embury, C. M., Pardington, R., Mullinger, K. J., Cross, J. H., Boto, E., & Brookes, M. J. (2024). Simultaneous whole-head electrophysiological recordings using EEG and OPM-MEG. Imaging Neuroscience, 2. https://doi.org/10.1162/imag_a_00179

General Concepts
Schaworonkow, N. (2023). Overcoming harmonic hurdles: Genuine beta-band rhythms vs. contributions of alpha-band waveform shape. Imaging Neuroscience, 1. https://doi.org/10.1162/imag_a_00018

Donoghue, T., Schaworonkow, N., & Voytek, B. (2022). Methodological considerations for studying neural oscillations. European Journal of Neuroscience, 55(11–12), 3502–3527. https://doi.org/10.1111/ejn.15361

van Ede, F., Quinn, A. J., Woolrich, M. W., & Nobre, A. C. (2018). Neural Oscillations: Sustained Rhythms or Transient Burst-Events? Trends in Neurosciences, 41(7), 415–417. https://doi.org/10.1016/j.tins.2018.04.004
",Elecrophysiological approaches,,Data Science for Brain and Behaviour (Python/ Jupiter notebooks),"Experience in scientific programming in python or a similar language is beneficial. Students who don't have experience can gain it on this project with some planning and enthusiasm.
",Quantitative,Approved
"Project 36- Andrew Quinn- 76- ""Evaluation of a new OPM lab...""",Evaluation of a new OPM lab,"The Centre for Human Brain Health is finalising the construction of a new OPM facility that will start to collect its first data in 2026/27. This project is an opportunity to assist with the initial validation of the lab setup. We will work with technical pilot data from the new OPM facility to establish critical information about how the system is running. We will characterise factors such as the level of background noise in the lab, the efficacy of the shielded room and the best operating modes for the sensors. We will explore both simulated artefacts and real potential sources magnetic noise alongside methods for removing them. We will create important resources such as maps of magnetic interference within the room and optimal operating conditions for testing.

There will be possibility to apply these technical analysis to some of the first human data to be acquired on the system. There will be some opportunities to gain some experience with the lab itself. This is a rare opportunity to contribute to a very exciting time at the CHBH and the work performed here can be important for establishing how we use the lab going forward.

Please get in touch with any questions, this is an unusual project!","OPM, Neuroimaging Methods, Programming ",OPM,,Andrew Quinn- 76,"MSc Cognitive Neuroimaging & Data Science - COGNITIVE neuroscience,MSc Cognitive Neuroimaging & Data Science - COMPUTATIONAL neuroscience","This project will be primarily analysis of that that has been collected, though there may be opportunities to assist some data collection for enthusiastic people.
","Alem O, Hughes KJ, Buard I, Cheung TP, Maydew T, Griesshammer A, Holloway K, Park A, Lechuga V, Coolidge C, Gerginov M, Quigg E, Seames A, Kronberg E, Teale P and Knappe S (2023) An integrated full-head OPM-MEG system based on 128 zero-field sensors. Front. Neurosci. 17:1190310. doi: 10.3389/fnins.2023.1190310",Elecrophysiological approaches,,Data Science for Brain and Behaviour (Python/ Jupiter notebooks),Experience in scientific programming in python or a similar language is beneficial. Students who don't have experience can gain it on this project with some planning and time.,Quantitative,Will be submitted by 31 August
"Project 60- Andrew Surtees- 88- ""Experiences of independence in neuro...""",Experiences of independence in neurodivergent adults.,"By conventional metrics, neurodivergent adults are often considered to be less independent than their neurotypical peers. Such metrics draw on neuronormative frameworks and criteria for success. More recently, stress has moved towards more neuro-affirmative approaches, aimed at helping neurodivergent adults to flourish, rather than correct areas of difficulty. Such approaches require a reappraisal of how neurodivergent people themselves conceptualises their strengths and needs, their priorities and fears. With respect to independence, we (Bhattacharya et al., 2026) have recently conducted qualititative work to understand how autistic adults make sense of their experience of adults. This project will extend that work to consider the experiences of other neurodivergent groups - such as those with ADHD or dyslexia.","Neurodivergence, ADHD, Independence",Qualitative,,Andrew Surtees- 88,MSc Psychology,,"Bhattacharya, P., Matthews, R. J., Field, R., Heath, H., Woodcock, K. A., & Surtees, A. D. (2025). Experiencing independence: Perspectives from autistic adults. Journal of Autism and Developmental Disorders, 1-16.

Bhattacharya, P., Banerjee, M., Ray, D., Rasool, T., Swaminathan, S., Heath, H., ... & Surtees, A. D. (2026). Experiencing Independence: A Qualitative Study with Autistic Adults in India. Autism in Adulthood, 25739581261457361.

",Clinical Psychology and Developmental Diversity,,,,Qualitative,Will be submitted by 31 August
"Project 61- Andrew Surtees- 88- ""Measuring Experiences of the Double ...""",Measuring Experiences of the Double Empathy Problem,"Empathy is the ability to understand and feel the emotions of other people. Autistic people are often characterised as having less empathy for others, and regularly score lower on traditional measures of empathy. Milton (2012) highlighted how a breakdown in mutual understanding (an empathy ""error"") occurs across a dyad (not within an individual), and that this is more likely in pairs of people with a greater disparity in their native communication and interaction dispositions. As such, empathy problems are not problems ""for"" autistic people, but rather for autistic and non-autistic dyads. One corrollary of this is that (as a neurominority), autistic people should not only have regular experiences of struggling to understand and feel the emotions of others, but also of feeling misunderstood or ""unfelt"" by others. Qualtative work suggests this is the case, however, there are few quantitative ways to measure this. This project will convert existing questionnaire measures of empathy to measuring the experience of empathy felt from others, examine their psychometric properties and correlates in autistic and non-autistic participants.","Empathy, Autism",Questionnaire,,Andrew Surtees- 88,MSc Developmental Science & Neurodiversity,,"Milton, D. E. (2012). On the ontological status of autism: The ‘double empathy problem’. Disability & society, 27(6), 883-887.

Milton, D., Gurbuz, E., & López, B. (2022). The ‘double empathy problem’: Ten years on. Autism, 26(8), 1901-1903.

Reniers, R. L., Corcoran, R., Drake, R., Shryane, N. M., & Völlm, B. A. (2011). The QCAE: A questionnaire of cognitive and affective empathy. Journal of personality assessment, 93(1), 84-95.",,,Modelling Change and Diversity: Introduction to Structural Equation Modelling (R),,Quantitative,Will be submitted by 31 August
"Project 46- Anke Buttner- 80- ""Developing resources for feedback li...""",Developing resources for feedback literacy in Higher Education,"Assessment and feedback are notoriously difficult aspects of students' Higher Education experiences, often associated with strong emotions. This project aims to draw on students insights into the assessment and feedback processes to start developing resources that might help students get the most out of their assessment and feedback opportunities.","
assessment and feedback in HE, learning, optimum functioning, student experience","May include: mixed methods - qualitative interviews and analysis, questionnaire/survey design, experimental testing of newly designed resources",,Anke Buttner- 80,"MSc Psychology,MSc Psychology CONVERSION,MSc Developmental Science & Neurodiversity",,"(these are examples of possibly relevant sources and depending on topic of interest not all are relevant to all possible projects)

Carless, D. (2020). Longitudinal perspectives on students’ experiences of feedback: A need for teacher–student partnerships. Higher Education Research & Development, 39(3), 425-438.

Carless, D., & Boud, D. (2018). The development of student feedback literacy: enabling uptake of feedback. Assessment & Evaluation in Higher Education, 43(8), 1315-1325.

Dawson, P., Carless, D., & Lee, P. P. W. (2021). Authentic feedback: supporting learners to engage in disciplinary feedback practices. Assessment & Evaluation in Higher Education, 46(2), 286-296.

Forsythe, A., & Johnson, S. (2017). Thanks, but no-thanks for the feedback. Assessment & Evaluation in Higher Education, 42(6), 850-859.

Molloy, E., Boud, D., & Henderson, M. (2019). Developing a learning-centred framework for feedback literacy. Assessment & Evaluation in Higher Education, https://doi.org/10.1080/02602938.2019.1667955

O’Donovan, B. M., den Outer, B., Price, M., & Lloyd, A. (2019). What makes good feedback good? Studies in Higher Education, https://doi.org/10.1080/03075079.2019.1630812

Yan, Z., & Carless, D. (2021). Self-assessment is about more than self: the enabling role of feedback literacy. Assessment & Evaluation in Higher Education, 1-13.",,,,,Qualitative or Quantitative,Approved
"Project 62- Anke Buttner- 80- ""What helps make for a good second ye...""",What helps make for a good second year at University?,"Much of the institutional efforts in supporting UK undergraduate students are focused on the first year of study with its transition to university (with retention an important metric) and on the final year of study in which students complete their individual projects and are getting ready for the next step in their careers (with employment statistics and the National Student Survey – NSS as measures of success for the institution). The second year of study, however, brings its own challenges: there is a step up in academic demands, grades start to count towards the final degree classification, and many students will be living in shared houses with their friends for the first time. There is documented evidence of ‘second year blues’ in the UK (e.g. Jacobs & Newstead, 2000), and of an equivalent ‘sophomore slump’ in the US (e.g. Pattengale & Schreiner, 2000). Yorke (2015) argues that looking after students in the middle of their programmes is important in enhancing student experience and success in a book about second year student experiences published by the Society for Research in Higher Education.

The aim of this project is to explore the experiences of second year students in Higher Education with a view to understanding the specific challenges faced by students in the ‘forgotten year’ and going forward to develop resources to support the transition to and experience of the second year on undergraduate programmes. There will be scope for each student to personalise their project. For example, you could on specific aspects of student experience (e.g. assessment and feedback) or take a more holistic approach. ",Student Experience; Student Wellbeing; Higher Education,This project could be a qualitative exploration (using Thematic Analysis or Interpretative Phenomenological Analysis or Discourse Analysis) or it could involve the design and/or use of questionnaires.,,Anke Buttner- 80,"MSc Psychology,MSc Psychology CONVERSION,""MSc Philosophy, Mental Health and Psychology"",MSc Developmental Science & Neurodiversity",,"Perez, M. (2020). An examination of university sophomore students’ thriving factors, second-year experiences, and student success outcomes. Research Issues in Contemporary Education, 5(1), 1-24. https://leraweb.net/ojs/index.php/RICE/article/view/3

Sterling, A. J. (2018). Student experiences in the second year: Advancing strategies for success beyond the first year of college. Strategic Enrollment Management Quarterly, 5(4), 136-149. https://doi.org/10.1002/sem3.20113

Wang, X., & Kennedy-Phillips, L. (2013). Focusing on the Sophomores: Characteristics Associated With the Academic and Social Involvement of Second-Year College Students. Journal of College Student Development 54(5), 541-548. https://dx.doi.org/10.1353/csd.2013.0072.",,,,,Qualitative or Quantitative,Approved
"Project 48- Anna Kowalczyk- 46- ""Improving Co-registration Methods fo...""",Improving Co-registration Methods for OPM-MEG Neuroimaging,"Co-registration is the process of aligning data from different sources into a single coordinate system. In MEG (magnetoencephalography), this involves aligning sensor positions with anatomical images from MRI scans to ensure that brain activity is accurately mapped to the participant’s brain surface. Optically Pumped Magnetometers (OPMs) offer a modern, flexible alternative to traditional MEG systems. Our OPM-MEG system uses an array of sensors embedded in a smart helmet, which adjusts to the participant's head shape and automatically tracks sensor positions.
Traditionally, co-registration relies on digitizing head shapes using tools like the Polhemus tracker and aligning sensor positions with MRI data through anatomical landmarks. However, new technologies, such as smart helmets and smartphone-based 3D scanning apps, provide alternative methods for co-registration.
Recently, we have developed a dedicated co-registration graphical user interface (GUI) that facilitates the use of 3D head scans for OPM-MEG co-registration. This project offers an opportunity to help shape the next stages of this development and explore future directions for improving co-registration workflows. Depending on your interests and skill set, possible project directions include testing and validating the GUI using existing OPM-MEG datasets, learning about source reconstruction methods, and comparing the performance of different co-registration approaches based on Polhemus digitization, smart helmet sensor localization, and 3D scan-derived head surfaces. There may also be opportunities to assist with pilot OPM-MEG data collections and apply these methods to newly acquired datasets. Alternatively, students with strong Python programming skills and experience working with GitHub-managed projects can contribute directly to the ongoing development of the GUI by implementing new features and improving its functionality. Through these activities, the project will contribute to advancing practical, accurate, and user-friendly co-registration solutions for OPM-MEG research.","OPM-MEG, MEG, co-registration, source reconstruction, neuroimaging","Analysis of existing OPM-MEG and MRI datasets, Comparison of co-registration methods",,Anna Kowalczyk- 46,MSc Cognitive Neuroimaging & Data Science - COMPUTATIONAL neuroscience,,"https://mne.tools/stable/documentation/index.html
https://iopscience.iop.org/article/10.1088/0031-9155/32/1/004/pdf
https://www.fieldtriptoolbox.org/tutorial/coregistration_opm/
our GUI reference is not public yet, please contact for details","Elecrophysiological approaches,Fundamental Brain Imaging",Standardized Tests,Data Science for Brain and Behaviour (Python/ Jupiter notebooks),"Depending on the chosen project direction, varying levels of Python programming experience may be beneficial, ranging from basic data analysis skills to advanced software development and Git/GitHub proficiency for GUI development.",Quantitative,Approved
"Project 50- Anna Kowalczyk- 46- ""Developing a Python Toolkit for Real...""",Developing a Python Toolkit for Realistic Simulation and Optimisation of OPM-MEG Sensor Arrays,"Optically Pumped Magnetometers (OPMs) enable flexible magnetoencephalography (MEG) sensor arrays that can be tailored to specific research questions and participant populations. Building on our previously developed simulation framework for evaluating OPM array performance (see ref [1]), this project will adapt the existing toolkit to Python and extend its capabilities to support modern OPM technologies and realistic measurement conditions. Possible developments include support for triaxial sensors, incorporation of realistic sensor sensitivity and sensing-volume models, and implementation of simulation approaches proposed in recent OPM-MEG modelling studies. The resulting software will enable researchers to investigate how factors such as sensor sensitivity, sensing volume, brain noise, and array geometry influence source localisation accuracy and reconstruction performance under realistic experimental conditions.

The project may also explore sensor array designs for different applications and populations, including custom research arrays, paediatric systems, and infant-focused configurations. Depending on progress and the student's interests, outcomes may include development of a user-friendly interface, benchmark simulations of existing array designs, and recommendations for future OPM-MEG hardware development.

This project combines computational neuroscience, scientific software development, and MEG modelling, providing opportunities to gain experience in Python programming, numerical simulations, source modelling, and collaborative software development using GitHub.","OPM-MEG, MEG simulations, Computational Neuroscience, Sensor Array Optimisation","Computational modelling, Python software development, Forward modelling, Git/GitHub collaborative development",,Anna Kowalczyk- 46,MSc Cognitive Neuroimaging & Data Science - COMPUTATIONAL neuroscience,,"[1] https://www.sciencedirect.com/science/article/pii/S1053811922008680?via%3Dihub
[2] https://iopscience.iop.org/article/10.1088/0953-2048/15/9/201
[3] https://www.sciencedirect.com/science/article/pii/S105381192300099X?via%3Dihub
[4] https://www.sciencedirect.com/science/article/pii/S1053811921003025","Fundamental Brain Imaging,Elecrophysiological approaches",,Data Science for Brain and Behaviour (Python/ Jupiter notebooks),"Strong Python programming skills together with sufficient mathematical ability to work with simulations are essential. Interest in computational neuroscience and, modelling, and quantitative analysis.",Quantitative,Approved
"Project 11- Arkady Konovalov- 57- ""Using eye-tracking to understand the...""",Using eye-tracking to understand the role of attention in decision-making,"The project aims to understand how attentional processes drive decision-making. The project will use the eye-tracking lab to collect data on participants performing a decision-making task (for instance, splitting a monetary amount with another person or playing a simple risk or strategic game). The project will use visual displays to manipulate attention and measure gaze patterns to understand how these manipulations affect choices. ","cognition, decision making, eye-tracking","Behavioral testing, computational modeling, eye tracking, data analysis",,Arkady Konovalov- 57,"MSc Cognitive Neuroimaging & Data Science - COGNITIVE neuroscience,MSc Cognitive Neuroimaging & Data Science - COMPUTATIONAL neuroscience",,"Konovalov, A., & Ruff, C.C. (2022). Enhancing Models of Social and Strategic Decision Making with Process Tracing and Neural Data. WIREs Cognitive Science, 13:e1559.
Konovalov, A., & Krajbich, I. (2016). Gaze Data Reveal Distinct Choice Processes Underlying Model-Based and Model-Free Reinforcement Learning. Nature Communications, 7.
Lugrin, C., Konovalov, A., & Ruff, C.C. (2025). Facilitating Cooperation by Manipulating Attention. Communications Psychology  3, 39. ",,Modelling decision making in Matlab,Introduction to Computational Methods (Matlab),"data analysis, programming",Quantitative,Approved
"Project 13- Artur Brzozowski- 59- ""SCOUT - Self-Control Over Time...""",SCOUT - Self-Control Over Time,"SCOUT is a longitudinal observational study examining how students' self-control changes across academic demands and recovery, and how those changes relate to stress, sleep, activity and other everyday experiences. Participants complete five monthly questionnaire sessions and, where available, provide weekly summary values from an eligible Apple Watch, Garmin or Fitbit during three brief researcher-assisted sessions. MSc students will develop a focused question within this wider programme and analyse repeated-measures data under close supervision. Possible topics include within-person links between stress and self-control; sleep or activity as predictors of month-to-month change; differences between stable individual characteristics and time-varying states; and the effect of missing wearable data on conclusions. The default MSc route uses a fixed, fully anonymised analysis dataset prepared by the supervisor. Each student will assist with prospective data collection. The project develops skills in longitudinal design, reproducible analysis, cautious interpretation and open-science reporting.",Self-control; stress; sleep; physical activity; wearable data; longitudinal research; repeated measures; student wellbeing; academic demands; multilevel modelling; reproducible research,"Quantitative longitudinal observational research. Students will analyse repeated self-report and weekly wearable-summary data ideally using R or another language. The core approach will use mixed-effects models to examine change over time and associations between stress, self-control, sleep and activity, while distinguishing within-person change from between-person differences. Students will document scale scoring, missingness, attrition and analytical decisions in a reproducible workflow.",,Artur Brzozowski- 59,"MSc Psychology,MSc Psychology CONVERSION,MSc Cognitive Neuroimaging & Data Science - COMPUTATIONAL neuroscience",,"Cohen, S., Kamarck, T., & Mermelstein, R. (1983). A global measure of perceived stress. Journal of Health and Social Behavior, 24(4), 385-396. https://doi.org/10.2307/2136404
Tangney, J. P., Baumeister, R. F., & Boone, A. L. (2004). High self-control predicts good adjustment, less pathology, better grades, and interpersonal success. Journal of Personality, 72(2), 271-324. https://doi.org/10.1111/j.0022-3506.2004.00263.x
Bolger, N., & Laurenceau, J.-P. (2013). Intensive longitudinal methods: An introduction to diary and experience sampling research. Guilford Press.",,,Modelling Change and Diversity: Introduction to Structural Equation Modelling (R),"Interest in quantitative psychology and longitudinal research. Students should be willing to use R or another language for data cleaning, visualisation and statistical analysis. Previous experience with regression and repeated measures is helpful; support will be provided for the core analysis route. Students must be comfortable working with a structured, supervisor-prepared anonymised dataset and following reproducible research practices. No wearable-device ownership is required.",Quantitative,Approved
"Project 64- Benjamin Crossey- 91- ""More or Less: Are the General Factor...""",More or Less: Are the General Factor of Personality and HEXACO Models Valid?,"A considerable body of research has been conducted into the Five Factor Model of personality (AKA the 'Big 5'), which consists of the traits, Openness, Conscientiousness, Extraversion, Agreeableness, and Neuroticism. Increasingly there is evidence for the validity of competing personality models such as the HEXACO personality model and the General Factor of Personality (GFP). Nonetheless, many personality researchers dispute the validity of the GFP, in particular, and argue that it is the erroneous product of socially desirable responding and an artifact of factor analysis. However, research has revealed that this personality factor remains readily detectable once socially desirable responding has been controlled for, and there is now good evidence of its criterion and predictive validity. I would be able to supervise thesis projects on the validity of the HEXACO personality model, or in which the validity of the GFP is tested while socially desirable responding is controlled for.","Differential Psychology, Individual Differences, Personality, General Factor of Personality, HEXACO","In order to complete this project you would need to be familiar with simple and partial correlation analysis as a minimum. Familiarity with regression analysis (simple, multiple and/or hierarchical) and factor analysis would also be an advantage. More advanced students may prefer to conduct mediation analysis, moderation analysis, and structural equation modelling. You will not be obliged to conduct any analysis that you are uncomfortable with and I will advise you on the best design and choice of analysis given your level of ability.",,Benjamin Crossey- 91,"MSc Psychology CONVERSION,MSc Psychology,MSc Cognitive Neuroimaging & Data Science - COMPUTATIONAL neuroscience,""MSc Philosophy, Mental Health and Psychology""",,"Below are a selection of seed articles (asterisked) and others that you might find useful if you would like to gain a good grasp of the topic quickly. A number of articles are also included that relate to the means by which the validity of personality models may be tested (e.g., self versus observer ratings, self-esteem and academic confidence etc).

*Ashton, M. C., & Lee, K. (2009). The HEXACO-60: A short measure of the major dimensions of personality. Journal of Personality Assessment, 91(4), 340–345. https://doi.org/10.1080/00223890902935878

*Ashton, M. C., Lee, K., & Son, C. (2000). Honesty as the sixth factor of personality: Correlations with Machiavellianism, primary psychopathy, and social adroitness. European Journal of Personality, 14(4), 359-368. https://doi.org/10.1002/1099-0984(200007/08)14:4<359::AID-PER382>3.0.CO;2-Y

*Bäckström, M., Björklund, F., & Larsson, M. R. (2009). Five-factor inventories have a major general factor related to social desirability which can be reduced by framing items neutrally. Journal of Research in Personality, 43(3), 335–344. https://doi.org/10.1016/j.jrp.2008.12.013

Burger, J. M. (2003). Personality (6th ed.). Wadsworth.

Cattell, R. B., & P. Cattell, H. E. (1995). Personality structure and the new fifth edition of the 16PF. Educational and Psychological Measurement, 55(6), 926-937. https://doi.org/10.1177/0013164495055006002

Chamorro-Premuzic, T., & Furnham, A. (2003). Personality predicts academic performance: Evidence from two longitudinal university samples. Journal of Research in Personality, 37(4), 319-338. https://doi.org/10.1016/S0092-6566(02)00578-0

Connolly, J. J., Kavanagh, E. J., & Viswesvaran, C. (2007). The convergent validity between self and observer ratings of personality: A meta‐analytic review. International Journal of Selection and Assessment, 15(1), 110-117.

*DeYoung, C. G., Peterson, J. B., & Higgins, D. M. (2002). Higher-order factors of the Big Five predict conformity: Are there neuroses of health? Personality and Individual Differences, 33(4), 533–552. https://doi.org/10.1016/S0191-8869(01)00171-4

*Digman, J. M. (1997). Higher-order factors of the Big Five. Journal of Personality and Social Psychology, 73(6), 1246–1256. https://doi.org/10.1037/0022-3514.73.6.1246

*Erdle, S., & Rushton, J. P. (2011). Does self-esteem or social desirability account for a general factor of personality (GFP) in the Big Five? Personality and Individual Differences, 50(7), 1152–1154. https://doi.org/10.1016/j.paid.2010.12.038

Esposito, C., Affuso, G., Miranda, M. C., & Bacchini, D. (2021). A new dimensional measure of antisocial behaviour evaluation (ASBE). European Journal of Developmental Psychology, 18(2), 257-270. https://doi.org/10.1080/17405629.2020.1785858

Eysenck, H. J. (1997). Personality and the biosocial model of anti-social and criminal behaviour. In Biosocial bases of violence (pp. 21-37). Springer, Boston, MA. https://doi.org/10.1007/978-1-4757-4648-8_2

Feher, A., & Vernon, P. A. (2021). Looking beyond the Big Five: A selective review of alternatives to the Big Five model of personality. Personality and Individual Differences, 169, 110002. https://doi.org/10.1016/j.paid.2020.110002

Grieve, R., Witteveen, K., Tolan, G. A., & Jacobson, B. (2014). Development and validation of a measure of cognitive and behavioural social self-efficacy. Personality and individual differences, 59, 71-76.

*Just, C. (2011). A review of literature on the general factor of personality. Personality and Individual Differences, 50(6), 765–771. https://doi.org/10.1016/j.paid.2011.01.008

Liu, D., & Campbell, W. K. (2017). The Big Five personality traits, Big Two metatraits and social media: A meta-analysis. Journal of Research in Personality, 70, 229–240. https://doi.org/10.1016/j.jrp.2017.08.004

Maltby, J., Day, L., & Macaskill, A. (2010). Personality, individual differences and intelligence. Pearson Education.

*McCrae, R. R., & Costa, P. T. (1986). Clinical assessment can benefit from recent advances in personality psychology. American Psychologist, 41(9), 1001. https://doi.org/10.1037/0003-066X.41.9.1001

*Musek, J. (2007). A general factor of personality: Evidence for the Big One in the five-factor model. Journal of Research in Personality, 41(6), 1213–1233. https://doi.org/10.1016/j.jrp.2007.02.003

Nguyen, N. T., Allen, L. C., & Fraccastoro, K. (2005). Personality predicts academic performance: Exploring the moderating role of gender. Journal of Higher Education Policy and Management, 27(1), 105-117. https://doi.org/10.1080/13600800500046313

Pelt, D. H. M., van der Linden, D., Dunkel, C. S., & Born, M. P. (2017). The general factor of personality and job performance: Revisiting previous meta‐analyses. International Journal of Selection and Assessment, 25(4), 333–346. https://doi.org/10.1111/ijsa.12188

Pelt, D. H. M., Van der Linden, D., Dunkel, C. S., & Born, M. P. (2020). The General Factor of Personality and daily social experiences: Evidence for the social effectiveness hypothesis. Personality and Individual Differences, 155. https://doi.org/10.1016/j.paid.2019.109738

Roberts, B. W., & Yoon, H. J. (2022). Personality psychology. Annual review of psychology, 73, 489-516. https://doi.org/10.1146/annurev-psych-020821-114927

Sander, P., & Sanders, L. (2006). Understanding academic confidence. Psychology Teaching Review, 12(1), 29-42.

Sanders, L., & Sander, P. (2007). Academic behavioural confidence: A comparison of medical and psychology students. Electronic Journal of Research in Educational Psychology, 5(3), 633-650. https://www.researchgate.net/profile/Lalage-

Sanders/publication/233747695_Academic_Behavioural_Confidence_A_comparison_of_medical_and_psychology_students/links/561e485308aec7945a25529b/Academic-Behavioural-Confidence-A-comparison-of-medical-and-psychology-students.pdf

*Soto, C. J., & John, O. P. (2017). The next Big Five Inventory (BFI-2): Developing and assessing a hierarchical model with 15 facets to enhance bandwidth, fidelity, and predictive power. Journal of Personality and Social Psychology, 113(1), 117–143. https://doi.org/10.1037/pspp0000096

Tafarodi, R. W., & Swann, W. B. Jr. (2001). Two-dimensional self-esteem: Theory and measurement. Personality and Individual Differences,31, 653–673.

*Van der Linden, D., Dunkel, C. S., & Wu, P. (2021). Is there a meaningful general factor of personality? The Spanish Journal of Psychology, 24, e9, 1-5. https://doi.org/10.1017/SJP.2021.2 ",,,,,Quantitative,Submitted and under review
"Project 34- Blessing Marandure- 75- ""Belonging in Higher Education: Explo...""",Belonging in Higher Education: Exploring Students' Experiences and Constructions Through an Intersectional Lens,"Sense of belonging has been consistently linked to a wide range of student outcomes such as engagement, mental health and wellbeing and academic achievement. However, belonging is not experienced equitably across student groups, and the literature predominantly treats belonging as static.  This qualitative project aims to understand how different groups of students make sense of belonging at university and how they experience belonging. As the project is guided by an intersectional lens, together with exploring the dynamic nature of sense of belonging, there is scope for each student to personalise the project by identifying a specific (intersectional) group to focus on guided by a wide range of demographic factors such as ethnicity, gender, neurodiversity, caring responsibilities, disabilities, level of study etc. Students can also choose the methods they will use including traditional (e.g. semi-structured interviews; focus groups etc), and creative qualitative approaches (e.g. storytelling).",Student Belonging; Intersectional Inequalities,Qualitative,,Blessing Marandure- 75,"MSc Psychology,MSc Psychology CONVERSION,MSc Developmental Science & Neurodiversity,""MSc Philosophy, Mental Health and Psychology""",,"Johnson, R.M. (2026). Reframing Belonging in Higher Education: an Intersectional Ecological Model for Research, Policy, and Practice. Educational Psychology  Review  38, 1 https://doi.org/10.1007/s10648-025-10104-5
Marandure, BN, Hall, J & Noreen, S (2024), '‘… They're talking to you as if they're kind of dumbing it down’: A thematic analysis of Black students' perceived reasons for the university awarding gap', British Educational Research Journal, vol. 50, no. 3, pp. 1172-1188. https://doi.org/10.1002/berj.3963
",,,,qualitative analyses,Qualitative,Will be submitted by 31 August
"Project 67- Cathy Manning- 93- ""Visual discomfort in autistic and no...""",Visual discomfort in autistic and non-autistic children and adults,"Autistic people commonly experience differences in sensory processing which can negatively affect quality of life and mental health. In particular, heightened reactivity to sensory information can result in discomfort, which can make certain spaces and activities (like attending medical settings) disabling. There is a widespread recognition that we need to make spaces and services more sensory-inclusive for autistic people, as reflected in policy and initiatives like quiet hours. However, there is very little information about how to adapt sensory information to make it more comfortable for autistic individuals, without adversely affecting others.

This project will begin to provide this necessary information. We will systematically find out the precise sensory parameters that lead to visual discomfort in autistic participants, and whether this differs from typically developing individuals. We focus on the visual system as heightened visual reactivity in autism is currently poorly characterised, yet there is a well-established literature characterising visual discomfort in non-autistic populations which we can draw upon. The project aims to uncover the general stimulus features underlying visual discomfort in autistic individuals, while taking account of individual differences. This will give a more precise characterisation of visual discomfort in autism, which will in turn allow us to uncover the underlying mechanisms.

We will work with a group of consultants with lived experience (e.g., autistic individuals and parents of autistic children) to guide the project. In the first part of the project, we will present autistic and typically developing children and adults with a range of visual stimuli (including striped patterns, flickering videos and natural images), either in-person or online, and participants will rate how uncomfortable they are. We will also see whether discomfort ratings relate to self-report and parent-report questionnaires, to make links with everyday life and to help begin to understand why discomfort ratings might vary from person-to-person. In the second part of the project, we will take the most and least comfortable stimuli for autistic children and use these to link discomfort to brain activation using EEG (a technique which measures electrical activity at the scalp) and measures of arousal including heart-rate and pupil size. These links will help us understand why autistic children experience more visual discomfort than typically developing children.

The project will precisely characterise heightened reactivity to visual information in autism and identify underlying mechanisms. The findings will inform how environments (e.g., patterns of carpets, building frontages) and visual materials (e.g., educational resources, websites) should be designed or adapted to minimise discomfort for autistic people. By minimising the uncomfortable stimuli that autistic individuals are exposed to, we have the potential to improve mental health and quality of life for autistic individuals. By additionally studying physiological mechanisms, we can link the sensory symptoms experienced by autistic people with underlying physiology, and may be able to develop nonverbal measures of discomfort which could ultimately be used with autistic individuals with few-to-no words.",autism; development; sensory; child; EEG; cognitive neuroscience; psychophysiology,"There are both in-person and online parts of this project, which students would be welcome to choose between, in discussion with the supervisor. In-person: we are seeing autistic and non-autistic children aged 6-14 years and finding out what they find comfortable or uncomfortable, and why. Children give visual discomfort ratings, and we will measure EEG and autonomic (ECG, pupillometry) responses. We are also seeing autistic and non-autistic adults, to compare which stimuli they find comfortable or uncomfortable to look at. Online: autistic and non-autistic adults and children judge whether a range of natural images are ""comfortable"" or ""uncomfortable"". We will then use image statistics (e.g., spatial frequency information, colour contrasts) to see if we can predict which images they find comfortable or not, and whether these predictions vary across autistic and non-autistic participants.",,Cathy Manning- 93,MSc Developmental Science & Neurodiversity,Enhanced DBS check required. The in-person testing component of the project is not suitable for those with migraine or photosensitive epilepsy - however there are options to work on remote testing which would be suitable. ,"Hibbard, P. B., Allen, P., Asher, J. M., Batey, K., Burke, B., Braithwaite, J. B., ... Manning, C., ... Wilkins, A. J. (2026). A cerebral basis for visual discomfort and visual stress. Vision, 10(2), 34. https://doi.org/10.3390/vision10020034.

Manning, C., Williams, G. & MacLennan, K. (2023). Sensory-inclusive spaces for autistic people: We need to build the evidence base. Autism, 27(6), 1511-1515. https://doi.org/10.1177/13623613231183541.","Elecrophysiological approaches,Clinical Psychology and Developmental Diversity",,,"Tasks are already programmed. Programming skills will be helpful to preprocess and analyse the data, and extract image statistics from stimuli, however support will be provided. If you are interested in collecting in-person data with children, we require previous experience working with children, ideally including those with developmental conditions (in line with our ethics approval). Collecting in-person data with children may not always be possible.",Quantitative,Approved
"Project 49- Charlotte Marshall- 83- ""Embodied gamma: Gamma oscillations a...""",Embodied gamma: Gamma oscillations and their relationship to non-neuronal physiological rhythms,"Gamma oscillations are a long-studied feature of brain activity and have been posited as a general-purpose mechanism for inter-regional communication. My work focuses on how features of these neuronal oscillations may reveal aspects of brain state, and therefore be useful as a biomarker for neurological disorders or mental health conditions. However, the brain does not exist in isolation; neurophysiology is inextricably coupled to other states of the body, for example arousal. Such states can be inferred by recording activity outside the brain, for example, the heartbeat as recorded with ECG, or the pupil diameter as recorded with an eyetracker. In this project, you will analyse existing MEG data recorded at CHBH to investigate the relationship between gamma oscillations, heart beat and pupil diameter. You will test whether such peripheral physiological indices exert an effect on the amplitude, frequency and/or waveform shape of gamma oscillations (the specifics of this can be determined between student and supervisor). This work will lay the foundations for a larger research grant proposal about gamma oscillations as a neuro-marker.","Gamma oscillations, MEG, waveform shape, heartbeats, pupillometry",MEG data analysis,,Charlotte Marshall- 83,"MSc Cognitive Neuroimaging & Data Science - COGNITIVE neuroscience,MSc Cognitive Neuroimaging & Data Science - COMPUTATIONAL neuroscience",Important - THIS PROJECT DOES NOT INVOLVE ANY DATA ACQUISITION. You will analyse data that is already acquired.,"https://pmc.ncbi.nlm.nih.gov/articles/PMC4605134/
https://pubmed.ncbi.nlm.nih.gov/28063662/
https://www.pnas.org/doi/10.1073/pnas.1915629117","Translational Cognitive Neuroscience,Elecrophysiological approaches,Fundamental Brain Imaging",Modelling decision making in Matlab,Data Science for Brain and Behaviour (Python/ Jupiter notebooks),"Essential - some python programming. Desirable but NOT ESSENTIAL - MNE python, general linear model, circular regression",Quantitative,Approved
"Project 30- Clare Anderson- 69- ""Characterizing the First Night Effec...""",Characterizing the First Night Effect in Human Sleep with Quantitative EEG (qEEG) Markers,"This project focuses on the first night effect, a well-recognized phenomenon in sleep research in which a person’s first night in a sleep laboratory differs from subsequent nights because of the unfamiliar environment, monitoring equipment, or anticipatory stress. These adaptation-related changes can affect both subjective sleep experience and objective sleep measures, potentially influencing the interpretation of laboratory sleep recordings.

The study will examine the first night effect using quantitative EEG (qEEG) markers, allowing a more detailed assessment of brain activity than standard sleep-stage scoring alone. By looking more closely at EEG dynamics, the project aims to identify subtle changes in cortical arousal, sleep stability, spectral power, and other neurophysiological features that may not be captured by conventional analyses.

The project will have the opportunity to explore these effects across the full sleep laboratory experience, including the pre-sleep period, during sleep, and post-sleep during the morning wake period. There is also potential to further explore individual differences in the first night effect including age, personality traits, chronotype or baseline sleep characteristics.","Sleep, EEG, first night effect, age","This is a pre-existing dataset.   The student will have access to data from healthy participants who have completed at least two overnight sleep laboratory recordings, enabling comparison between the initial laboratory night and a subsequent night. Polysomnographic data have been collected throughout the stay in addition to next day alertness and vigilance testing. Detailed quantitative EEG (qEEG) analyses will be used to assess changes in brain activity beyond standard sleep-stage scoring (which is already available). qEEG markers can be examined during the pre-sleep, intra-sleep, and post-sleep periods to capture anticipatory arousal, sleep microstructure, and any residual morning effects. This markers may include aperiodic signals, graph metrics, local sleep and other qEEG markers. Measures of individual differences, including trait anxiety, habitual sleep quality, and age, are available as predictors of response. ",,Clare Anderson- 69,MSc Cognitive Neuroimaging & Data Science - COGNITIVE neuroscience,"Due to the time intensive requirements of running a sleep study, students will be provided with an existing dataset (involving 1000s of laboratory data collection hours). To ensure exposure to research more generally (i.e.,  beyond data analysis), the student(s) will undergo training in the sleep laboratory environment before being exposed to elements of sleep research in current, comparable studies, including recruitment, screening, data collection and all elements good clinical practice. This will offer advanced clinical research skills as well as providing critical insight into the data to aid the project write-up.  ","FIRST NIGHT EFFECT
- Tamaki, M., Bang, J. W., Watanabe, T., & Sasaki, Y. (2016). First-night effect as a night-watch system during sleep in humans. Current Biology, 26(9), 1190-1194.
- Ding, L., Chen, B., Dai, Y., & Li, Y. (2022). A meta-analysis of the first-night effect in healthy individuals for the full age spectrum. Sleep Medicine, 89, 159-165.
- Milosavljevic, N., Laposky, A., & Hartmann, S. (2022). Examining first night effect on sleep parameters with hd-EEG in healthy individuals. Brain Sciences, 12(2), Article 233.
- Wick, A. Z., Combertaldi, S. L., & Rasch, B. (2024). The first-night effect of sleep occurs over nonconsecutive nights in unfamiliar and familiar environments. Sleep, 47(10), zsae179

The studies from which the EEG are available are as follows:
- (Young adults): McMahon, W. R., Ftouni, S., Drummond, S. P. A., Maruff, P., Lockley, S. W., Rajaratnam, S. M. W., & Anderson, C. (2018). The wake maintenance zone shows task dependent changes in cognitive function following one night without sleep. Sleep, 41(10), zsy148.
- (middle-aged adults): Diep, C., Ftouni, S., Manousakis, J. E., Nicholas, C. L., Drummond, S. P. A., & Anderson, C. (2020). Acoustic slow wave sleep enhancement via a novel, automated device improves executive function in middle-aged men. Sleep, 43(1), zsz197.
- (Older adults): Manousakis, J. E., Nicholas, C., Scovelle, A. J., Naismith, S. L., & Anderson, C. (2019). Associations between sleep and verbal memory in subjective cognitive decline: A role for semantic clustering. Neurobiology of Learning and Memory, 166, 107086",Elecrophysiological approaches,,,All training will be provided but strong coding/analytical skills are best suited,Quantitative,Approved
"Project 68- Clayton Hickey- 94- ""The Past Shapes Choice: Repetition, ...""","The Past Shapes Choice: Repetition, Attention, and Decision Making","Attention is an essential cognitive mechanism that has an important role in decision making – you will always choose the option you have paid attention to, and never one you haven’t attended. This project will seek to understand how repetition affects decision making via attention. Participants perform a simple visual search task. We will investigate how past experiences affect decision making via an attentional manipulation. ","attention, decision making, behavioural economics",behaviour,,Clayton Hickey- 94,"MSc Psychology CONVERSION,MSc Psychology",,"Maljkovic, V., & Nakayama, K. (1994). Priming of pop-out: I. Role of features. Memory & Cognition, 22, 657–672.
Shimojo, S., Simion, C., Shimojo, E., & Scheier, C. (2003). Gaze bias both reflects and influences preference. Nature Neuroscience, 6, 1317–1322.

https://2025.ccneuro.org/abstract_pdf/Duncan_2025_A_Multiple_Trace_Theory_Statistical_Learning.pdf",,Experimenting in OpenSesame,Data Science for Brain and Behaviour (Python/ Jupiter notebooks),data analytic skills,Quantitative,Approved
"Project 69- Clayton Hickey- 94- ""Expecting Distraction: How Expectati...""",Expecting Distraction: How Expectations Shape Visual Selection,This project will seek to understand how expectation changes how people deal with distractions during visual search tasks. Participants will perform a simple visual detection task where they will need to identify a unique shape in a shape array. Importantly they will be told that there is either a high or low chance of distractors appearing in this experiment block. We will use signal detection theory to observe how these expectations affect their ability to detect targets under these different expectations.,"attention, decision making, signal detection theory",behaviour,,Clayton Hickey- 94,"MSc Psychology,MSc Psychology CONVERSION",,"Wolfe, J. M., Horowitz, T. S., Van Wert, M. J., Kenner, N. M., Place, S. S., & Kibbi, N. (2007). Low target prevalence is a stubborn source of errors in visual search tasks. Journal of Experimental Psychology: General, 136, 623–638.
Verghese, P. (2001). Visual search and attention: A signal detection theory approach. Neuron, 31, 523–535.
Duncan, D. H., van Moorselaar, D., & Theeuwes, J. (2020). Statistical learning in the absence of explicit top-down attention. Cortex, 131, 54–65.",,Experimenting in OpenSesame,Data Science for Brain and Behaviour (Python/ Jupiter notebooks),data analysis,Quantitative,Approved
"Project 70- Clayton Hickey- 94- ""Unseen but Influential: How Invisibl...""",Unseen but Influential: How Invisible Primes Shape Visual Detection,This project will test a very simple hypothesis – that invisibly presenting stimuli will prime subjects to be better able to detect those stimuli. We will use a form of rapid invisible stimulus presentation to invisibly prime participants and observe how thee primes then affect behavior. We will do this first with a series of simple visual search and detection tasks.,"priming, consciousness, attention",behaviour,,Clayton Hickey- 94,"MSc Psychology,MSc Psychology CONVERSION,MSc Cognitive Neuroimaging & Data Science - COGNITIVE neuroscience",,"Duncan, D. H., van Moorselaar, D., & Theeuwes, J. (2023). Pinging the brain to reveal the hidden attentional priority map using encephalography. Nature Communications, 14, 4749.
Marcel, A. J. (1983). Conscious and unconscious perception: Experiments on visual masking and word recognition. Cognitive Psychology, 15, 197–237.
Klotz, W., & Neumann, O. (1999). Motor activation without conscious discrimination in metacontrast masking. Journal of Experimental Psychology: Human Perception and Performance, 25, 976–992.",,Experimenting in OpenSesame,Data Science for Brain and Behaviour (Python/ Jupiter notebooks),"data analysis, statistics",Quantitative,Approved
"Project 71- Clayton Hickey- 94- ""Watching neural competition unfold i...""",Watching neural competition unfold in the real world,"How does the brain decide what deserves attention in a cluttered world? Using an existing magnetoencephalographic dataset, we will track neural competition millisecond by millisecond as people attend to objects in natural scenes. Contemporary AI vision models will quantify each object’s representational geometry and strength, allowing us to test how AI-derived representational pressure drives attentional selection.",Attention; magnetoencephalography (MEG); artificial intelligence; visual search; representational geometry; representational similarity,MEG,,Clayton Hickey- 94,"MSc Cognitive Neuroimaging & Data Science - COGNITIVE neuroscience,MSc Cognitive Neuroimaging & Data Science - COMPUTATIONAL neuroscience",,"Hickey, C., Acunzo, D., & Dell, J. (2023). Suppressive Control of Incentive Salience in Real-World Human Vision. Journal of Neuroscience, 43, 6415–6429.
Battistoni, E., Kaiser, D., Hickey, C., & Peelen, M. V. (2020). The time course of spatial attention during naturalistic visual search. Cortex, 122, 225–234.
Hickey, C., Pollicino, D., Bertazzoli, G., & Barbaro, L. (2019). Ultrafast object detection in naturalistic vision relies on ultrafast distractor suppression. Journal of Cognitive Neuroscience, 31(10), 1563–1572.
Kriegeskorte, N., Mur, M., & Bandettini, P. A. (2008). Representational similarity analysis—connecting the branches of systems neuroscience. Frontiers in Systems Neuroscience, 2, 4.
Cichy, R. M., & Kaiser, D. (2019). Deep neural networks as scientific models. Trends in Cognitive Sciences, 23(4), 305–317.","Elecrophysiological approaches,Fundamental Brain Imaging","Representational Similarity Analyses,Modelling decision making in Matlab",Data Science for Brain and Behaviour (Python/ Jupiter notebooks),"programming skills, statistics",Quantitative,Approved
"Project 43- Daniel Perez- 74, Rory Devine- 49- ""How Social Media Use Affects Social ...""",How Social Media Use Affects Social Skills and Wellbeing in Young Adolescents,"Social media plays an increasingly important role in young people’s social, emotional, and psychological development. While social media can provide opportunities for communication, self-expression, and social connection, concerns remain regarding its potential impact on mental health, peer relationships, and the development of social skills during early adolescence. Understanding how different patterns of social media use relate to young people’s wellbeing and social functioning is particularly important, given that early adolescence represents a critical developmental period characterised by substantial social and emotional change.
The overarching aim of this project is to examine the associations between social media use, social skills, and mental health in young adolescents. Using a cross-sectional survey design, the study will collect data from 11-year-olds. More than 400 participants will complete self-report measures assessing social media use, online experiences, mental health and wellbeing, social competence, friendship quality, and peer relationships. The study will also gather information on relevant demographic and family characteristics to better understand factors associated with positive and negative outcomes.
This project will suit students interested in developmental psychology, social development, and the role of digital technologies in young people’s lives. Students will gain experience in survey design, psychological measurement, data management, and quantitative data analysis. Depending on the student’s interests and experience, analyses may include multiple regression, mediation, moderation, and structural equation modelling techniques. These analytical skills are highly valued by employers and provide an excellent foundation for students considering further postgraduate research, including PhD study.
This project is particularly suitable for students interested in understanding how digital environments shape young people’s development and wellbeing, and who wish to contribute to evidence that can inform educational, clinical, and policy initiatives aimed at promoting healthy digital engagement among adolescents.
","Social media use, social development, social skills","Quantitative Cross-sectional Study, Secondary Data Analysis",,"Daniel Perez- 74,Rory Devine- 49",MSc Developmental Science & Neurodiversity,Students interested in this module must complete LM Modelling Change and Diversity: An Introduction to Structural Equation Modelling in Semester 1. Analysis will require familiarity with structural equation modelling and data analysis in R.,"Maheux, A. J., Maes, C., Burnell, K., Bauer, D. J., Prinstein, M. J., & Telzer, E. H. (2025). Social media are many things: Addressing the components and patterns of adolescent social media use. Annals of the New York Academy of Sciences, 1547(1), 24-32.
McGrath, J. J., Al-Hamzawi, A., Alonso, J., Altwaijri, Y., Andrade, L. H., Bromet, E. J., et al. (2023). Age of onset and cumulative risk of mental disorders: A cross-national analysis of population surveys from 29 countries. The Lancet Psychiatry, 10(9), 668–681.5https://doi.org/10.1016/S2215-0366(23)00193-1
Nagata, J. M., Memon, Z., Talebloo, J., Li, K., Low, P., Shao, I. Y., ... & Baker, F. C. (2025). Prevalence and patterns of social media use in early adolescents. Academic pediatrics, 25(4), 102784.
Nesi, J., Choukas-Bradley, S., & Prinstein, M. J. (2018a). Transformation of adolescent peer relations in the social media context: Part 1—A theoretical framework and application to dyadic peer relationships. Clinical Child and Family Psychology Review, 21(3), 267–294. https://doi.org/10.1007/s10567-018-0261-x
Neuman, S. B. (1988). The displacement effect: Assessing the relation between television viewing and reading performance. Reading research quarterly, 414-440.
Norwood, S. F., Hussey, I., Grüning, D. J., Elson, M., & Przybylski, A. K. (2026). Digital behaviourism: A functional approach to behaviour in digital environments. Retrieved January, 28, 2026.
OECD (2026). Child, Adolescent and Youth Mental Health in the 21st Century. OECD Publishing.
Orben, A. (2020). Teenagers, screens and social media: a narrative review of reviews and key studies. Social psychiatry and psychiatric epidemiology, 55(4), 407-414.
Orben, A., Meier, A., Dalgleish, T., & Blakemore, S. J. (2024). Mechanisms linking social media use to adolescent mental health vulnerability. Nature Reviews Psychology, 3(6), 407-423.
Orben, A., & Przybylski, A. K. (2019). The association between adolescent well-being and digital technology use. Nature human behaviour, 3(2), 173-182.
Solmi, M., Radua, J., Olivola, M., Croce, E., Soardo, L., Salazar de Pablo, G., ... & Fusar-Poli, P. (2022). Age at onset of mental disorders worldwide: large-scale meta-analysis of 192 epidemiological studies. Molecular psychiatry, 27(1), 281-295. 6https://doi.org/10.1038/s41380-021-01161-7
Twenge, J. M., Haidt, J., Blake, A. B., McAllister, C., Lemon, H., & Le Roy, A. (2021). Worldwide increases in adolescent loneliness. Journal of adolescence, 93, 257-269.
",,Standardized Tests,Modelling Change and Diversity: Introduction to Structural Equation Modelling (R),Basic R programming skills,Quantitative,Submitted and under review
"Project 52- Dietmar Heinke- 86- ""Modelling human reaching using neuro...""",Modelling human reaching using neurobiologically inspired robotics model,"This projects aims at understanding how the processing of visual scenes is translated into reach movements towards behaviourally-relevant objects e.g., reaching for your cup of coffee on the breakfast table while ignoring the beer glass from last night. In cognitive neuroscience this constitutes a novel research question as typically movement control and visual processing are examined separately. However, Dietmar's novel approach is to examine both mechanisms in the same experimental set-up (e.g., choice reaching task). This empirical work also goes along with the development of control architectures for robot arms aiming to mimic human reaching (robotics models).","visual attention, reach movements","computational modelling, robotics",,Dietmar Heinke- 86,"MSc Psychology CONVERSION,MSc Cognitive Neuroimaging & Data Science - COMPUTATIONAL neuroscience",,"Makwana, M., Zhang, F., Heinke, D., & Song, J.-H. (2023). Continuous action with a neurobiologically inspired computational approach reveals the dynamics of selection history. PLOS Computational Biology, 19, 7, p. e1011283. https://doi.org/10.1371/journal.pcbi.1011283
",,Modelling decision making in Matlab,Introduction to Computational Methods (Matlab),Matlab,Quantitative,Approved
"Project 53- Dietmar Heinke- 86- ""Modelling autism and dyslexia with d...""",Modelling autism and dyslexia with diffusion models,"Recently a series of publications have examined the utility of diffusion models for understanding autism and dyslexia. However, the success of these models are mixed. A possible reason for these results is that these models oversimplify the processes involved in perceptual decision making. This project aims at testing this hypothesis by fitting a more detailed model to existing data. ","computational modelling, dyslexia, autism, decision making",Computational modelling,,Dietmar Heinke- 86,"MSc Psychology CONVERSION,MSc Cognitive Neuroimaging & Data Science - COMPUTATIONAL neuroscience",,"Manning, C., Hassall, C.D., Hunt, L.T. et al. Behavioural and neural indices of perceptual decision-making in autistic children during visual motion tasks. Sci Rep 12, 6072 (2022). https://doi.org/10.1038/s41598-022-09885-4

Deakin, J., Schofield, A., & Heinke, D. (2024). Support for the Time-Varying Drift Rate Model of Perceptual Discrimination in Dynamic and Static Noise Using Bayesian Model-Fitting Methodology. In Entropy (Vol. 26, Issue 8, p. 642). MDPI AG. https://doi.org/10.3390/e26080642",,Modelling decision making in Matlab,Introduction to Computational Methods (Matlab),Matlab,Quantitative,Approved
"Project 54- Dietmar Heinke- 86- ""Modelling of EEG data from a flanker...""","Modelling of EEG data from a flanker study
",This research project aims at advancing our understanding of how perceptual noise influences visual selective attention and to develop a link between EEG-signals and computational models of human behaviours. In Deakin and Heinke (2023) you find details on the background of the project and results from behavioral experiments.  Based on this work we recently collected EEG data from 50 participants. The MSc project aims at analyzing this data using standard EEG methodology and novel modelling methods following up Deakin and Heinke (2023).  ,Visual attention and EEG,"computational modelling, EEG",,Dietmar Heinke- 86,"MSc Psychology CONVERSION,MSc Cognitive Neuroimaging & Data Science - COMPUTATIONAL neuroscience",,"Deakin, J., & Heinke, D. (2023). Evidence for saliency-based and discrete attentional  selection from noisy Eriksen flanker tasks and Bayesian  model fitting. https://doi.org/10.31234/osf.io/4maqs""",,Modelling decision making in Matlab,Introduction to Computational Methods (Matlab),MatLab,Quantitative,Approved
"Project 55- Dietmar Heinke- 86- ""Deep neural networks in Psychology...""",Deep neural networks in Psychology,"Deep neural networks have become a novel tool in psychology and neuroscience. This project aims to test their abilities for a specific research question, e.g. can they explain human abilities in recognizing objects.",machine learning,machine learning,,Dietmar Heinke- 86,"MSc Psychology CONVERSION,MSc Cognitive Neuroimaging & Data Science - COMPUTATIONAL neuroscience",,"Heinke, D., Wachman, P., vanZoest, W., & Leek, E. C. (2021) A failure to learn object shape geometry: implications for convolutional neural networks as plausible models of biological vision. Vision Research , 189, 81-92. https://doi.org/10.1016/j.visres.2021.09.004

Leek, E. C., Leonardis, A., Heinke, D. (2022) Deep neural networks and image classification in biological vision. Vision Research, 197, 108058, https://doi.org/10.1016/j.visres.2022.108058. ",,Modelling decision making in Matlab,Introduction to Computational Methods (Matlab),Python / MatLab,Quantitative,Approved
"Project 56- Dietmar Heinke- 86- ""How can GenAI support the developmen...""",How can GenAI support the development of critical thinking skills in learners?,"The advent of Large Language Models (LLMs) presents significant challenges for education. Early evidence suggests that their use may have a detrimental impact on students' learning. However,  LLM's responses can be shaped through careful prompt engineering. This project aims to explore how prompts can be designed, so that they can support the development of students' critical thinking skills, rather than hinder them.","GenAI, Education, critical thinking","Questionnaires, Matlab & GenAI",,Dietmar Heinke- 86,"MSc Psychology CONVERSION,MSc Cognitive Neuroimaging & Data Science - COMPUTATIONAL neuroscience",,"Kosmyna, N., Hauptmann, E., Yuan, Y. T., Situ, J., Liao, X.-H., Beresnitzky, A. V., Braunstein, I., & Maes, P. (2025). Your Brain on ChatGPT: Accumulation of Cognitive Debt when Using an AI Assistant for Essay Writing Task (Version 1). arXiv. https://doi.org/10.48550/ARXIV.2506.08872",,"Modelling decision making in Matlab,Experimenting in OpenSesame",Introduction to Computational Methods (Matlab),"Even this project does not require strong technical skills, an intuitive understanding of ChatGPT or a lot of experience of working with ChatGPT is advantageous. ",Quantitative,Approved
"Project 2- Emma Preece- 47- ""Understanding health promoting behav...""","Understanding health promoting behaviour: Motivations, Engagement and Lived Experiences","This qualitative project aims to understand what motivates adults to engage in healthy behaviour and how perceived facilitators and barriers may influence engagement in, and experience of, health promoting behaviour. There will be substantial scope for each student to personalise their project. For example, you could focus on physical health, psychological health or take a more holistic approach to explore health more generally. You can also choose which behaviours you would like to focus on (e.g. team sports, individual exercise, sleep hygiene, healthy eating, self-care, help-seeking, meditation, mindfulness etc) and which methodologies (e.g. semi-structured interviews or focus groups ) and analyses (e.g. thematic analysis, IPA or discourse analysis) you will use.  ",Physical health; psychological health; mental health; wellbeing; disability; stigma; inequality; support networks; qualitative; lived experience; attitudes; ,Interviews or focus groups,,Emma Preece- 47,"MSc Psychology,""MSc Philosophy, Mental Health and Psychology""",,"Choi, Y. J., & Sung, Y. H. (2013). Psychological well-being, perceived health status, and health promoting behavior of clinical nurses. Journal of Korean Academy of Nursing Administration, 19(5), 589-598.

Musavian, A. S., Pasha, A., Rahebi, S. M., Atrkar Roushan, Z., & Ghanbari, A. (2014). Health promoting Behaviors Among Adolescents: A Cross-sectional Study. Nursing and midwifery studies, 3(1), e14560. https://doi.org/10.17795/nmsjournal14560.

Shaheen, A. , Nassar, O. , Amre, H. and Hamdan-Mansour, A. (2015) Factors Affecting Health-Promoting Behaviors of University Students in Jordan. Health, 7, 1-8. doi: 10.4236/health.2015.71001.

Sirois, F. M. , Kitner, R. & Hirsch, J. K. (2015). Self-Compassion, Affect, and Health-Promoting Behaviors. Health Psychology, 34 (6), 661-669. doi: 10.1037/hea0000158.

Tabrizi, J.S., Doshmangir, L., Khoshmaram, N. et al. (2024). Key factors affecting health promoting behaviors among adolescents: a scoping review. BMC Health Services Research. Advanced online publication: https://doi.org/10.1186/s12913-023-10510-x","Youth Mental Health,Clinical Psychology and Developmental Diversity",,Data Science for Brain and Behaviour (Python/ Jupiter notebooks),"Some experience, knowledge and interest in qualitative research would be helpful.",Qualitative,Approved
"Project 26- Heather Flowe- 67- ""Beyond the Mugshot: Improving How Wi...""",Beyond the Mugshot: Improving How Witnesses Identify Faces,"This project explores how artificial intelligence can be used to improve decisions about human faces in high-stakes settings such as eyewitness identification, identity verification and border security. You will investigate how factors such as viewing angle, lighting and disguise influence face recognition, and whether behavioural signals including eye movements, hesitation and patterns of visual exploration can help predict when an identification is likely to be accurate. Using experimental psychology, eye-tracking and computational methods, the project will examine how adaptive AI systems could personalise the way faces are presented and support more reliable human decision-making. The research sits at the cutting edge of psychology and AI, with clear potential to inform forensic practice, policing and the development of responsible technologies for person identification. You will join an international team of researchers collecting complementary data across sites, including collaborators at the Max Planck Institute, the University of Victoria and the University of Stirling, giving you the opportunity to work within a genuinely interdisciplinary and international research programme. ","episodic memory, eyewitness memory, criminal identification ","The project will use established eyewitness identification methods to examine how people recognise and identify faces under different conditions. Students will conduct controlled experiments using target-present and target-absent lineups, manipulating factors such as viewing angle, lighting and disguise, and measuring identification accuracy, confidence and decision time. Analyses will draw on signal detection and confidence–accuracy approaches to assess discriminability and the reliability of identification decisions.",,Heather Flowe- 67,"MSc Psychology,MSc Psychology CONVERSION",NA,"Meyer, M., Colloff, M. F., Bennett, T. C., Hirata, E., Kohl, A., Stevens, L. M., Smith, H., Saudigl, T., & Flowe, H. D. (2023). Enabling witnesses to actively explore faces increases discrimination accuracy. Proceedings of the National Academy of Sciences.
Flowe, H. D., Carline, A., & Karoğlu, N. (2018). Testing the Reflection Assumption: A comparison of eyewitness ecology in the laboratory and criminal cases. International Journal of Evidence and Proof.
Colloff, M. F., Seale-Carlisle, T. M., Karoğlu, N., Rockey, J. C., Smith, H. M. J., Smith, L., Maltby, J., Yaremenko, S., & Flowe, H. D. (2021). Perpetrator pose reinstatement during a lineup test increases discrimination accuracy. Scientific Reports, 11, 13830.
Smith, H. M. J., Andrews, S., Baguley, T. S., Colloff, M. F., Davis, J. P., White, D., Rockey, J. C., & Flowe, H. D. (2021). Performance of typical and superior face recognisers on a novel interactive face matching procedure. British Journal of Psychology, 112, 964–991.",,"Modelling decision making in Matlab,Experimenting in OpenSesame",,"Students should have an interest in eyewitness memory, face recognition and quantitative research, and be willing to develop their research and data-analysis skills during the project. Experience with statistics or programming may be helpful but is not essential, and training and support will be provided throughout.",Quantitative,Approved
"Project 27- Heather Flowe- 67- ""Memory Under Pressure: Can Digital E...""",Memory Under Pressure: Can Digital Evidence Distort Eyewitness Testimony?,"Eyewitnesses today can encounter a flood of information after an event, from social media and news reports to CCTV images and information shared by investigators. But can people still distinguish what they actually witnessed from what they learned afterwards? This project will investigate how post-event information affects memory and source monitoring, and whether interviewing techniques can help witnesses preserve the accuracy of their accounts. Students will contribute to a wider programme of research developing new approaches to protecting eyewitness memory in high-stakes investigations.","memory, investigative interviewing, eyewitness memory","The project will use controlled eyewitness-memory experiments in which participants experience an event and subsequently encounter accurate, neutral or misleading post-event information. Students may measure free recall, memory accuracy and source attribution, testing whether people can distinguish what they witnessed from information encountered later. Depending on the specific question, experiments may use immersive VR scenarios and different interviewing or source-monitoring techniques.",,Heather Flowe- 67,"MSc Psychology,MSc Psychology CONVERSION","Students will join the Applied Memory Lab and work alongside a larger team of researchers studying eyewitness memory, investigative interviewing and digital evidence. The wider project uses immersive VR, innovative interviewing techniques and partnerships with policing and international justice organisations, giving students exposure to research with clear real-world applications.","Office of the United Nations High Commissioner for Human Rights & Human Rights Center, University of California, Berkeley. (2022). Berkeley Protocol on Digital Open Source Investigations: A practical guide on the effective use of digital open source information in investigating violations of international criminal, human rights and humanitarian law. United Nations.

Kruisselbrink, E. D., Fitzgerald, R. J., & Bernstein, D. M. (2023). The impact of viewing social media images on eyewitness identification. Psychology, Public Policy, and Law, 29, 457.

Blank, H., & Launay, C. (2014). How to protect eyewitness memory against the misinformation effect: A meta-analysis of post-warning studies. Journal of Applied Research in Memory and Cognition, 3(2), 77–88.

Oeberst, A., & Blank, H. (2012). Undoing suggestive influence on memory: The reversibility of the eyewitness misinformation effect. Cognition, 125(2), 141–159.",,"Experimenting in OpenSesame,Modelling decision making in Matlab,Representational Similarity Analyses",Introduction to Computational Methods (Matlab),"The project would suit students interested in memory, forensic psychology, eyewitness testimony or human decision-making who are keen to develop their experimental and quantitative research skills. Previous experience with statistics or programming is welcome but not essential, and training and support will be provided.",Quantitative,Approved
"Project 7- Howard Bowman- 54- ""Predicting Recovery from Post-Stroke...""","Predicting Recovery from Post-Stroke MRI, using Deep Learning and Explainable AI","In this project, students will apply interpretable machine learning to MRI data acquired from stroke patients. This work will be with Professor Cathy Price (Wellcome Centre for Human Neuroimaging, University College London), whose (PLORAS) team has collected one of the largest data sets of stroke patients (greater than 1,200), including structural MRI scans, behaviour and demographics (https://www.ucl.ac.uk/ploras/). A key focus of Cathy Price’s work is to predict the recovery trajectory of stroke patients from their structural MRI scans, particularly patients with language deficits (i.e. that are aphasic). Progress has been made on this using traditional and now deep learning methods.

Critical to clinical uptake of machine learning in this area is the ability to interpret the predictions it provides in a fashion that can be communicated to clinicians, patients and carers. The project students will work on this topic using methods such as neuro-symbolic techniques. The students will work with Cathy Price’s team at Imaging Neurosciences, UCL.","Stroke, MRI, Deep Learning, Explainable-AI",This project will involve analysis of existing data sets. The analysis is probably most likely to be scripted in Python.,,Howard Bowman- 54,"MSc Cognitive Neuroimaging & Data Science - COGNITIVE neuroscience,MSc Cognitive Neuroimaging & Data Science - COMPUTATIONAL neuroscience",,"Saranti, M., Neville, D., White, A., Rotshtein, P., Hope, T. M., Price, C. J., & Bowman, H. (2025). Predicting language outcome after stroke using machine learning: in search of the big data benefit. NeuroImage: Clinical, 103858.

White, A., Saranti, M., Garcez, A. D. A., Hope, T. M., Price, C. J., & Bowman, H. (2024). Predicting recovery following stroke: deep learning, multimodal data and feature selection using explainable AI. NeuroImage: Clinical, 103638.

Roohani, Y. H., Sajid, N., Madhyastha, P., Price, C. J., & Hope, T. M. (2018). Predicting language recovery after stroke with convolutional networks on stitched mri. arXiv preprint arXiv:1811.10520.

Garcez, A. D. A., Bader, S., Bowman, H., Lamb, L. C., de Penning, L., Illuminoo, B. V., ... & Gerson Zaverucha, C. O. P. P. E. (2022). Neural-symbolic learning and reasoning: A survey and interpretation. Neuro-Symbolic Artificial Intelligence: The State of the Art, 342, 1.

Gajardo-Vidal, A., Lorca-Puls, D. L., Team, P., Warner, H., Pshdary, B., Crinion, J. T., ... & Price, C. J. (2021). Damage to Broca’s area does not contribute to long-term speech production outcome after stroke. Brain, 144(3), 817-832.

Hosseini, M., Powell, M., Collins, J., Callahan-Flintoft, C., Jones, W., Bowman, H., & Wyble, B. (2020). I tried a bunch of things: The dangers of unexpected overfitting in classification of brain data. Neuroscience & Biobehavioral Reviews, 119, 456-467.

Hope, T. M., Friston, K., Price, C. J., Leff, A. P., Rotshtein, P., & Bowman, H. (2019). Recovery after stroke: not so proportional after all? Brain.","Fundamental Brain Imaging,Translational Cognitive Neuroscience","Representational Similarity Analyses,Modelling decision making in Matlab",Data Science for Brain and Behaviour (Python/ Jupiter notebooks),"Programming, statistics",Quantitative,Approved
"Project 8- Howard Bowman- 54- ""Perception on the Fringe of Awarenes...""","Perception on the Fringe of Awareness, with Application to Forensics and Healthcare","We have been developing the Fringe-P3 Method for many years now. It involves rapid serial visual presentation (RSVP) of stimuli and detection of the P3 brain response. The method is based upon the finding that only salient stimuli presented in RSVP evoke a P3. In this way, the Fringe-P3 method can be used to determine what a participant finds salient, potentially if the individual being tested does or does not want this information to be known. This method has been proposed as a concealed knowledge test, as a means to perform police line-ups and as an objective visual acuity test.","Conscious Perception, electrophysiology, applied neuroscience","This project could involve analysis of some of our existing data sets, or design, collection and analysis of a new EEG data set",,Howard Bowman- 54,"MSc Cognitive Neuroimaging & Data Science - COGNITIVE neuroscience,MSc Cognitive Neuroimaging & Data Science - COMPUTATIONAL neuroscience",N/A,"Alsufyani, A., Hajilou, O., Zoumpoulaki, A., Filetti, M., Alsufyani, H., Solomon, C. J., ... & Bowman, H. (2019). Breakthrough percepts of famous faces. Psychophysiology, 56(1), e13279.

Bowman, H., Filetti, M., Janssen, D., Su, L., Alsufyani, A., & Wyble, B. (2013). Subliminal salience search illustrated: EEG identity and deception detection on the fringe of awareness. PLoS One, 8(1), e54258.

Bowman, H., Filetti, M., Alsufyani, A., Janssen, D., & Su, L. (2014). Countering countermeasures: detecting identity lies by detecting conscious breakthrough. PloS one, 9(3), e90595.","Elecrophysiological approaches,Translational Cognitive Neuroscience","Representational Similarity Analyses,Experimenting in OpenSesame,Modelling decision making in Matlab",Data Science for Brain and Behaviour (Python/ Jupiter notebooks),Programming skills.,Quantitative,Approved
"Project 40- Hyojin Park- 79- ""Decoding Speech, Meaning, and Narrat...""","Decoding Speech, Meaning, and Narrative from the Human Brain","Recent advances in neural decoding and large language models (LLMs) have opened new possibilities for understanding how speech, meaning, and higher-level linguistic information are represented in the brain. In this project, we aim to investigate neural language representations during both naturalistic movie viewing and internally generated, imagined speech. Using non-invasive neuroimaging techniques such as MEG and OPM-MEG, together with computational modelling and LLMs, we will examine how the brain tracks and integrates speech, semantic meaning, and broader narrative context, and whether these representations can be decoded from brain activity. By linking naturalistic language comprehension with internally generated speech, this work aims to advance our understanding of the neural mechanisms of language and to contribute to the development of non-invasive neural decoding approaches with potential applications in brain–computer interfaces.","Naturalistic Movie Viewing, Speech and Language Processing, Neural Decoding, Imagined Speech Decoding, Brain-Computer Interface (BCI), Large Language Models (LLMs), MEG/OPM-MEG",OPM-MEG,,Hyojin Park- 79,MSc Cognitive Neuroimaging & Data Science - COMPUTATIONAL neuroscience,Please contact the PI in advance to discuss the project.,"
Moses et al. (2021). Neuroprosthesis for Decoding Speech in a Paralyzed Person with Anarthria. N Engl J Med 2021;385:217-227.
Tang, J., LeBel, A., Jain, S., & Huth, A. G. (2023). Semantic reconstruction of continuous language from non-invasive brain recordings. Nature Neuroscience, 26, 858–866.
Ben-Yakov, A. & Henson, R. N. (2018). The Hippocampal Film Editor: Sensitivity and Specificity to Event Boundaries in Continuous Experience. Journal of Neuroscience, 38(47), 10057–10068.
Baldassano, C., Chen, J., Zadbood, A., Pillow, J. W., Hasson, U., & Norman, K. A. (2017). Discovering event structure in continuous narrative perception and memory. Neuron, 95, 709–721.e5.
Lee et al. (2025). Hippocampal systems for event encoding and sequencing during ongoing narrative comprehension. Communications Biology.
",Elecrophysiological approaches,"Representational Similarity Analyses,Modelling decision making in Matlab",Data Science for Brain and Behaviour (Python/ Jupiter notebooks),"Programming experience (e.g., in Python) is essential. ",Quantitative,Approved
"Project 41- Hyojin Park- 79- ""Neurobehavioural Responses to Music ...""",Neurobehavioural Responses to Music and Multimedia in Neurodivergent Children,"This project asks why sensory-based interventions using music and audiovisual (AV) materials yield mixed outcomes in Special Educational Needs and Disabilities (SEND) settings. Working with primary pupils aged 6–11 (with and without SEND, including ASD/ADHD), we will combine EEG, eye-tracking, and behavioral measures during structured tasks that manipulate melody, rhythm, harmony, and AV synchrony. By mapping how different learner profiles respond across perceptual, attentional, and control stages, we will distinguish when music/AV input supports engagement versus triggers sensory overload. The findings will inform inclusive pedagogy, guide the design of adaptive multimedia/assistive tools, and help create learning environments that respect sensory diversity.","Music perception, Rhythm, Harmony, Audiovisual integration, Neurodevelopment, Neurodiversity","EEG, Eyetracking, Behaviour",,Hyojin Park- 79,"MSc Cognitive Neuroimaging & Data Science - COGNITIVE neuroscience,MSc Cognitive Neuroimaging & Data Science - COMPUTATIONAL neuroscience,MSc Developmental Science & Neurodiversity",Please contact the PI in advance to discuss the project.,"Brandwein, A. B., Foxe, J. J., Russo, N. N., Altschuler, T. S., Gomes, H., & Molholm, S. (2011). The development of audiovisual multisensory integration across childhood and early adolescence: A high-density electrical mapping study. Cerebral Cortex, 21(5), 1042–1055. https://doi.org/10.1093/cercor/bhq170

Case-Smith, J., Weaver, L. L., & Fristad, M. A. (2015). A systematic review of sensory processing interventions for children with autism spectrum disorders. Autism, 19(2), 133–148. https://doi.org/10.1177/1362361313517762

de Witte, M., Spruit, A., van Hooren, S., Moonen, X., & Stams, G. J. J. M. (2021). Music interventions with children, adolescents and emerging adults in mental health settings: A scoping review. The Arts in Psychotherapy, 72, 101746. https://doi.org/10.1016/j.aip.2020.101746

Friston, K. (2005). A theory of cortical responses. Philosophical Transactions of the Royal Society B: Biological Sciences, 360(1456), 815–836. https://doi.org/10.1098/rstb.2005.1622

Happé, F., & Frith, U. (2006). The weak coherence account: Detail-focused cognitive style in autism spectrum disorders. Journal of Autism and Developmental Disorders, 36(1), 5–25. https://doi.org/10.1007/s10803-005-0039-0

Randell, E., Coad, J., Coad, N., et al. (2022). Sensory integration therapy for children with autism and sensory processing difficulties: The SenITA RCT. Health Technology Assessment, 26(29), 1–140. https://doi.org/10.3310/TQGE0020",Elecrophysiological approaches,"Representational Similarity Analyses,Modelling decision making in Matlab",Data Science for Brain and Behaviour (Python/ Jupiter notebooks),Programming experience is essential. ,Quantitative,Approved
"Project 5- Jonathan Lee- 50- ""Effortful reminder and memory recons...""",Effortful reminder and memory reconsolidation,"Reminder of previously-learned information can engage a process of memory destabilisation-reconsolidation. However, the rules around the nature of memory reminder that makes it effective at destabilising memory are not well understood. Across various studies, these ""boundary conditions"" on memory reconsolidation have been described and related to processes such as prediction error or mismatch between expectations and outcomes. Another interpretation is the level of effort engaged in the reminder, which intersects with the engagement of additional learning or memory updating. This project will aim to disambiguate retrieval effort from prediction error or mismatch. It can do this either in established learning paradigms (e.g. list of visual images), or integrate additional novelty by changing the learning material (e.g. list of facial images).","Memory, reminder, reconsolidation, effort",Behavioural testing (online),,Jonathan Lee- 50,"MSc Psychology,MSc Psychology CONVERSION,""MSc Philosophy, Mental Health and Psychology""",,"https://doi.org/10.1016/j.nlm.2023.107858
https://doi.org/10.1016/j.tins.2019.08.007",,,,No prerequisites,Quantitative,Approved
"Project 9- Joseph Galea- 55- ""Impact of reward predictability on m...""",Impact of reward predictability on motor learning/performance,"It is well established that reward can enhance motor performance: it can “break” the usual speed–accuracy trade-off, leading to movements that are both faster and more accurate. This has important implications for designing interventions to optimise motor function in both elite performers and individuals undergoing rehabilitation. Classic work by Skinner (1957) suggests that unpredictable (variable) reward schedules are particularly effective for improving behaviour and supporting memory consolidation. However, almost all recent human studies in both healthy and clinical populations have relied on predictable (continuous) reward schedules. This project asks: Does an unpredictable reward schedule amplify the beneficial effects of reward on motor performance? To address this, we will compare groups exposed to different reward schedules while they perform a reaching task in which both movement speed and accuracy are precisely measured.",Motor learning,Behavioural,,Joseph Galea- 55,"MSc Cognitive Neuroimaging & Data Science - COGNITIVE neuroscience,MSc Psychology,MSc Psychology CONVERSION",,"Codol, O., Holland, P. J., Manohar, S. G., & Galea, J. M. (2020). Reward-based improvements in motor control are driven by multiple error-reducing mechanisms. The Journal of Neuroscience, 40(18), 3604–3620.

Ferster, C. B., & Skinner, B. F. (1957). Schedules of reinforcement. Appleton-Century-Crofts.

Manohar, S. G., Chong, T. T., Apps, M. A., Batla, A., Stamelou, M., Jarman, P. R., ... & Husain, M. (2015). Reward pays the cost of noise reduction in motor and cognitive control. Current Biology, 25(13), 1707-

Nikooyan, A. A., & Ahmed, A. A. (2015). Reward feedback accelerates motor learning. Journal of Neurophysiology, 113(2), 633-64

Ryan & Voorhoeve (1966). A Parametric Investigation of Reinforcement Schedule and Sex of S as Related to Acquisition and Extinction of an Instrumental Response. JOURNAL OF EXPERIMENTAL CHILD PSYCHOLOGY 4, 189-197
",,,Introduction to Computational Methods (Matlab),Programming helpful but not essential,Quantitative,Approved
"Project 20- Katia Vione- 66- ""Thinking, Believing, and Deciding: C...""","Thinking, Believing, and Deciding: Cognitive and Personality Predictors of Misinformation Susceptibility","The proliferation of misinformation — false or misleading content presented as factual — has been identified as a significant public health and social concern, with documented consequences for vaccination uptake, political behaviour, and intergroup relations (Lewandowsky et al., 2017; Pennycook & Rand, 2021). Understanding who is susceptible to misinformation, and why, has therefore become a major priority for cognitive, social, and personality psychology. Despite a rapidly growing empirical literature, key theoretical questions remain unresolved. Does analytical thinking ability offer genuine protection against false belief, or does the motivation to think analytically matter just as much? Do personality traits predict misinformation susceptibility directly, or is their influence channelled through self-regulatory mechanisms such as metacognition and self-control? Remarkably, few studies have tested these questions within an integrative framework that considers cognitive ability, cognitive style, personality, and epistemic beliefs simultaneously. The overarching aim of this project is to examine the cognitive and personality predictors of susceptibility to misinformation, with particular attention to the mechanisms and boundary conditions through which these individual differences operate.

The project uses existing data from two large-scale online surveys collected in 2021 and 2022, with over 900 participants in each dataset prior to cleaning (approximately 500–600 usable responses per dataset following exclusions). Data were collected internationally, resulting in heterogeneous samples spanning multiple nationalities, educational backgrounds, and occupations. The datasets include validated measures of analytical thinking ability (Cognitive Reflection Test), cognitive motivation (Need for Cognition), critical thinking dispositions, metacognitive awareness, self-control, Big Five personality traits, conspiracist beliefs, and beliefs about the role of cognition in emotion regulation, as well as two measures of fake news belief and endorsement spanning health, social, political, and environmental misinformation topics. Demographic information is also available, including age, gender, educational level, occupation, nationality, and daily internet use.

This project will suit students who are interested in cognitive psychology, social psychology, and the psychology of belief. It is particularly relevant to those who wish to develop advanced quantitative data analysis skills, including moderation and mediation analysis using regression-based methods (e.g., Hayes' PROCESS macro). The ability to conduct and interpret these analyses is increasingly valued by employers and is especially important for those considering further academic research, including doctoral study. Students will receive guidance and support from the project supervisor as they develop these skills, and are expected to engage critically with the psychometric properties of the measures, the cross-sectional nature of the data, and the implications of a global convenience sample for the reliability and generalisability of their findings.
",misinformation  · cognitive reflection · dual-process theory · Big Five personality · conspiracist beliefs · critical thinking · individual differences · online misinformation ,Cross-sectional - Secondary data analysis,,Katia Vione- 66,MSc Psychology CONVERSION,NA,"Evans, J. S. B. T., & Stanovich, K. E. (2013). Dual-process theories of higher cognition: Advancing the debate. Perspectives on Psychological Science, 8(3), 223–241. https://doi.org/10.1177/1745691612460685
Frederick, S. (2005). Cognitive reflection and decision making. Journal of Economic Perspectives, 19(4), 25–42. https://doi.org/10.1257/089533005775196732
Lewandowsky, S., Ecker, U. K. H., & Cook, J. (2017). Beyond misinformation: Understanding and coping with the ""post-truth"" era. Journal of Applied Research in Memory and Cognition, 6(4), 353–369. https://doi.org/10.1016/j.jarmac.2017.07.008
Pennycook, G., & Rand, D. G. (2019). Lazy, not biased: Susceptibility to partisan fake news is better explained by lack of reasoning than by motivated reasoning. Cognition, 188, 39–50. https://doi.org/10.1016/j.cognition.2018.06.011
Toplak, M. E., West, R. F., & Stanovich, K. E. (2014). Assessing miserly information processing: An expansion of the Cognitive Reflection Test. Thinking & Reasoning, 20(2), 147–168. https://doi.org/10.1080/13546783.2013.844729
",,,,NA ,Quantitative,Approved
"Project 44- Katja Kornysheva- 81- ""Generalisation of movement sequence ...""","Generalisation of movement sequence planning across movement types
","Sequential movements such as handwriting and typing are prominently present in everyday life. These movements typically involve a set of separate movement elements that the brain needs to execute in quick succession. It remains unclear how the central nervous system can plan and perform such movement elements so seemingly effortlessly. To address this, there is a longstanding debate in neuromotor control on what the brain considers as a movement. Does the brain break down a movement into separate elements or does the brain essentially fuse these different elements into a single ‘holistic’ action? Fusing the different movement elements into a single holistic movement would require the brain to chunk the elements into a new neural representation.
Once sequential movements become overtrained (and can be retrieved from memory), the brain may start treating multiple movement elements as one. This is known as fusion and can happen at the behavioural and neural level. Whilst it is relatively well established that humans can fuse movement elements behaviourally, less is known about neural fusion. In fact, most research suggests that there is an absence of neural fusion. This is mostly backed up by primate literature. In a landmark study in 2021, Zimnik and Churchland showed that primates who had to perform single and double reaching movements, neuronal activity of the brain's motor areas is not different for both movements, suggesting that neural fusion does not happen. One criticism of this paper is that the two reaching movements were very similar, meaning that the absence of neural fusion could be the result of behavioural transfer. Instead, one should therefore pick two sequential movements in which this should not occur by essentially maximising the behavioural differences between the two movements.
The current MSc project will comprise the collection and analysis of electro-encephalographic (EEG) data. The analysis will particularly focus on how similar these two movements are prepared by the brain. This will involve analysing the EEG data using multivariate pattern analysis (e.g., competitive queueing [Kornysheva et al., 2019] and representational similarity analysis).","Motor control, motor learning, brain oscillations, multivariate pattern analysis
","MEG/ EEG, multivariate pattern analysis
",,Katja Kornysheva- 81,"MSc Cognitive Neuroimaging & Data Science - COGNITIVE neuroscience,MSc Cognitive Neuroimaging & Data Science - COMPUTATIONAL neuroscience",,"Kornysheva, K., Bush, D., Meyer, S. S., Sadnicka, A., Barnes, G., & Burgess, N. (2019). Neural competitive queuing of ordinal structure underlies skilled sequential action. Neuron, 101(6), 1166-1180. https://doi.org/10.1016/j.neuron.2019.01.018
Zimnik, A. J., & Churchland, M. M. (2021). Independent generation of sequence elements by motor cortex. Nature Neuroscience, 24(3), 412-424. DOI: https://doi.org/10.1038/s41593-021-00798-5","Translational Cognitive Neuroscience,Elecrophysiological approaches,Fundamental Brain Imaging",Representational Similarity Analyses,,experience with or willingness to obtain programming skills (Matlab or Python) and EEG/MEG experience before project start,Quantitative,Approved
"Project 45- Katja Kornysheva- 81- ""Multimodal imaging of neural represe...""","Multimodal imaging of neural representations in action planning
","How does motor and premotor cortex, striatum and hippocampus coordinate the neuronal code for motor sequence planning? Synchronized oscillations are fundamental to brain function and are altered in neurological patients. Several cortical areas are associated with motor sequence planning, and there is regional dissociation of functional roles (Yewbrey 2023). However, the computational contribution of oscillations in key cortical and subcortical areas to skilled action control remains debated.
This project will localise – both temporally and spatially – the cortical and subcortical oscillations during motor sequence planning. This will allow for the precise targeting of neuromodulation to modify and enhance the recall and execution of skilled movements. The project will involve the collection and analysis of multimodal data in order to answer questions about the neural control of skilled movements.","Motor control, motor learning, brain oscillations, multivariate pattern analysis","Statics analysis, EEG, fMRI
",,Katja Kornysheva- 81,"MSc Cognitive Neuroimaging & Data Science - COGNITIVE neuroscience,MSc Cognitive Neuroimaging & Data Science - COMPUTATIONAL neuroscience",,"
Yewbrey, R., Mantziara, M. and Kornysheva, K., 2023. Cortical patterns shift from sequence feature separation during planning to integration during motor execution. Journal of Neuroscience, 43(10), pp.1742-1756.","Translational Cognitive Neuroscience,Elecrophysiological approaches,Fundamental Brain Imaging",Representational Similarity Analyses,Introduction to Computational Methods (Matlab),"experience with or willingness to obtain programming skills (Matlab or Python) and EEG/MEG or fMRI analysis experience before project start
",Quantitative,Approved
"Project 63- Lei Zhang- 90- ""What Does AI Think of Me? How AI-Gen...""",What Does AI Think of Me? How AI-Generated Feedback Shapes Self-Beliefs,"From asking ChatGPT whether an email sounds rude, to seeking advice about restaurant recommendations and career choices, people are increasingly turning to artificial intelligence (AI) not just for information, but also for feedback about themselves. As AI becomes more personalised and conversational, an important question is whether its evaluations can actually shape how we see ourselves (i.e., Self belief).

Research in cognitive psychology has shown that people continuously form and revise beliefs about their own abilities based on feedback from others. However, this process is often biased: we may give more weight to feedback that confirms what we already believe, while discounting information that challenges our existing self-view. But what happens when that feedback comes from AI rather than another person? How about when the AI is more generic vs more personalised? Do we trust it less because “it is only an algorithm”, or more because AI can appear objective, knowledgeable, and unbiased?

In this project, the student will use an experimental task in which participants receive positive and negative evaluations of their abilities from either an AI system or a human evaluator. We will examine how these evaluations influence self-beliefs over time, and whether AI changes the way people respond to confirming versus conflicting feedback. Alongside behavioural analysis, the project can use computational modelling to estimate how strongly people learn from different types of feedback and whether these learning processes differ for AI and human sources. This project offers a timely way to study how AI may increasingly shape everyday self-perception and decision-making.",AI; large language models; self-beliefs; social evaluation; belief updating; metacognition; computational modelling; social cognition,"Experimental testing, questionnaire, behavioural analysis, computational modelling ",,Lei Zhang- 90,"MSc Psychology,MSc Psychology CONVERSION,MSc Cognitive Neuroimaging & Data Science - COGNITIVE neuroscience",,"Schröder, A., Czekalla, N., Mayer, A. V., Zhang, L., Stolz, D. S., Korn, C. W., ... & Krach, S. (2025). Initial expectations and confidence affect the formation of novel self-beliefs and their revision. Open Mind, 9, 1576-1596.

Sohail, A., Zhong, X., Konovalov, A., Lockwood, P. L., & Zhang, L. (2026). Assessing mentalization in humans and large language models. arXiv preprint arXiv:2608.26291.

Sohail, A., Magda, A., Said, M., Phillips, L., Lu, Y., Reynolds, G., ... & Sims, T. (2026). Transdiagnostic factors differentially shape choices and reaction times in social evaluative learning.",Translational Cognitive Neuroscience,Modelling decision making in Matlab,Introduction to Computational Methods (Matlab),"experimental design, statistical analysis (e.g., SPSS, JAMOVI, R, Python, etc)",Quantitative,Approved
"Project 28- Magda Chechlacz- 68- ""Exploring structural markers of brai...""","Exploring structural markers of brain and cognitive decline in association with modifiable lifestyle factors (e.g. sleep, education)","Numerous studies indicate large inter-individual differences in cognitive ageing, specifically in susceptibility to age-related cognitive decline (normal healthy ageing) and to disease-related pathology (dementia) or mental health problems. With an increasingly ageing world population, the key research challenges include understanding factors supporting maintenance of cognitive functioning in old age (good sleep, physical activity, education etc) and uncovering brain markers associated with high risk of cognitive decline and mental health problems in elderly population. The age-related cognitive decline is known to be associated with changes within neuronal networks, including altered structural connectivity, brain atrophy within various cortical and subcortical areas, cerebrovascular changes and functional networks dynamics. Increasing evidence suggests that lifetime cognitive stimulation compensates for age-related brain changes and accounts for differences in age-related cognitive decline. On the other hand, changes in sleep patterns/sleep loss (common complaint in older adults) contribute to age-related cognitive decline and affect mental health. The MSc project will offer opportunity to use advanced magnetic resonance imaging techniques (e.g., diffusion MRI based measures of connectivity, brain age estimation, cortical and subcortical parcellations, volumetric analysis) to explore brain ageing and to gain insights into potential factors underlying heterogeneity in cognitive ageing. The project will be based on secondary MRI data analysis BUT will offer opportunity to get involved in MRI data collection alongside ongoing projects. You will have a chance to propose and design your own project based on available datasets (e.g., CamCAN, ADNI).

For students with extensive prior computational skills, there will be also a potential to work on projects in collaboration with my colleagues from Mathematics (Enrico Amico) or Computer Science (Melanie Jouaiti). This will need to be discussed and agreed on one-to-one basis. If you are interested please email or arrange a meeting to discuss. ","Ageing, dementia risk, MRI, modifiable lifestyle factor","Structural MRI, big secondary data ",,Magda Chechlacz- 68,"MSc Cognitive Neuroimaging & Data Science - COGNITIVE neuroscience,MSc Cognitive Neuroimaging & Data Science - COMPUTATIONAL neuroscience",Students need to complete in semester 2 optional module Magnetic Resonance Imaging in Cognitive Neuroscience ,"https://doi.org/10.1016/j.neurobiolaging.2022.02.005
https://doi.org/10.1371/journal.pone.0350452",Fundamental Brain Imaging,Representational Similarity Analyses,Modelling Change and Diversity: Introduction to Structural Equation Modelling (R),"suggested data science module is SEM in R; however python programming skills will be also beneficial, thus choice of Data Science module is equally good",Quantitative,Approved
"Project 22- Massimiliano Di Luca- 61- ""How Much Error Can Virtual Hands Tol...""","How Much Error Can Virtual Hands Tolerate? Tracking Accuracy, Performance and Body Ownership in VR","Hand tracking enables natural interaction in virtual reality, but tracking errors may reduce performance, perceived control and ownership of the virtual hand. This project asks how much systematic spatial error users can tolerate before interaction deteriorates. Participants will complete object-selection and grasping tasks in VR while small, controlled offsets or jitter are introduced into hand position. Accuracy, completion time and movement corrections will be combined with ratings of agency, ownership and usability. The study contributes to ongoing VR Lab research on hand tracking, sensorimotor interaction and measurement methods. A focused core experiment will be suitable for Psychology Conversion students, while an optional kinematic or modelling extension can be undertaken by students with computational interests. Existing equipment, starter software and analysis templates will be provided. The project may contribute to a preregistered open dataset and a subsequent publication.",Virtual reality; hand tracking; body ownership; agency; sensorimotor interaction; psychophysics; human-computer interaction,"Quantitative within-participant VR experiment. One hand-tracking perturbation will be manipulated systematically across conditions. Primary outcomes will be task accuracy and/or completion time; secondary outcomes will include movement corrections and validated ratings of agency, ownership and usability. Sample size will be determined by an a priori power analysis. The analysis will use repeated-measures or mixed-effects models, with optional kinematic modelling for a computational extension. The study will be preregistered and practical data collection will be designed for completion by May.",,Massimiliano Di Luca- 61,"MSc Psychology CONVERSION,MSc Cognitive Neuroimaging & Data Science - COGNITIVE neuroscience,MSc Cognitive Neuroimaging & Data Science - COMPUTATIONAL neuroscience,MSc Psychology",The project is part of ongoing University of Birmingham VR Lab research. The core study is intentionally scoped as a supported single experiment; more technically experienced students may undertake an additional modelling analysis.,"Abdlkarim, D., Di Luca, M., et al. (2023). A methodological framework to assess the accuracy of virtual reality hand-tracking systems: A case study with the Meta Quest 2. Behavior Research Methods.
Lin, L., et al. (2019). The effect of hand size and interaction modality on the virtual hand illusion. IEEE Virtual Reality.
Canales, R., et al. (2019). Virtual grasping feedback and virtual hand ownership.",,,Data Science for Brain and Behaviour (Python/ Jupiter notebooks),"No previous VR programming experience is required. Basic quantitative-methods knowledge is desirable. Starter VR software and analysis templates will be provided. Programming or movement-analysis experience would support, but is not required for, the optional computational extension.",Quantitative,Approved
"Project 23- Massimiliano Di Luca- 61- ""Can a Virtual Musician Keep You in T...""",Can a Virtual Musician Keep You in Time? Synchronisation and Social Presence in Virtual Ensembles,"Remote and virtual music systems must support both accurate synchronisation and a convincing sense of performing with another person. This project will investigate how the timing behaviour of a virtual musician affects a participant's ability to maintain a shared rhythm and their experience of social presence. Participants will perform a simple tapping task with a virtual musical partner. The partner will respond adaptively to the participant, follow a fixed tempo, or exhibit controlled timing variability. The study will measure synchronisation error, variability, adaptation following timing changes, perceived responsiveness and social presence. Musical training will not be required. The project will build on existing VR Lab work, software and datasets concerning ensemble synchronisation, ARME and Virtuoso Strings. A supported behavioural-analysis route will be suitable for Psychology Conversion students, with optional time-series or computational modelling for students with relevant experience. The project may contribute to a preregistered dataset and a subsequent publication.",Music cognition; interpersonal synchronisation; virtual musicians; social presence; timing; computational modelling; virtual reality,"Quantitative within-participant behavioural experiment using a simple rhythmic tapping task with a virtual partner. Partner behaviour will vary across adaptive, fixed-tempo and controlled-variability conditions. Primary outcomes will be mean absolute asynchrony and/or synchronisation variability; secondary outcomes will include phase correction, perceived responsiveness and social presence. Sample size will be based on an a priori power analysis. Repeated-measures or mixed-effects analyses will test condition effects, with an optional time-series or Kalman-filter modelling extension. The task and recruitment plan will be designed so that data collection can be completed by May.",,Massimiliano Di Luca- 61,"MSc Psychology,MSc Psychology CONVERSION,MSc Cognitive Neuroimaging & Data Science - COGNITIVE neuroscience,MSc Cognitive Neuroimaging & Data Science - COMPUTATIONAL neuroscience","The project contributes to ongoing VR Lab research on ARME, Virtuoso Strings and virtual ensemble interaction. The core task is accessible to non-musicians and intentionally limited to one main experimental manipulation.","Tremonte de Carvalho, H., Li, M., Di Luca, M., & Wing, A. M. (2024). A Kalman Filter Model for Synchronisation in Musical Ensembles. Proceedings of ISMIR 2024.
Tomczak, M., Li, M. S., & Di Luca, M. (2023). Virtuoso Strings: A Dataset of String Ensemble Recordings and Onset Annotations for Timing Analysis. ISMIR 2023 Late-Breaking/Demo.",,,Data Science for Brain and Behaviour (Python/ Jupiter notebooks),"No formal musical training or previous VR programming is required. Basic quantitative-methods knowledge is desirable. Starter experimental materials and analysis templates will be provided. Programming, music-performance or time-series experience would be advantageous for the optional modelling extension.",Quantitative,Approved
"Project 24- Massimiliano Di Luca- 61- ""Seeing Is Not Enough: How Active Exp...""",Seeing Is Not Enough: How Active Exploration Shapes the Perception of Virtual Materials,"People normally judge material properties by actively moving, looking and touching. In virtual reality, however, material perception is frequently based on visual information alone. This project will test whether controlling one's own viewpoint or hand movement improves judgements of virtual material properties. Participants will compare virtual objects that differ in apparent softness, elasticity or weight. In an active condition, participants will explore each object through their own movements; in a passive condition, they will observe matched prerecorded movement. Accuracy, discrimination thresholds, confidence and exploration behaviour will be measured. The project requires standard VR Lab equipment but no specialist haptic device. It contributes directly to ongoing VR Lab and EXPLORA research on active perception of materials, objects and spaces. A supported psychophysical experiment will be suitable for Psychology Conversion students, with an optional movement-analysis extension for students with computational interests. The project may contribute to a preregistered open dataset and a subsequent publication.",Active perception; virtual materials; psychophysics; multisensory perception; visual-haptic interaction; virtual reality; movement,"Quantitative within-participant psychophysical VR experiment comparing active exploration with matched passive observation. Participants will make forced-choice judgements about one clearly defined virtual material property, such as compliance or elasticity. Primary outcomes will be discrimination accuracy and/or psychometric thresholds; secondary outcomes will include confidence, response time and exploration trajectories. Sample size will be determined by an a priori power analysis. Repeated-measures or mixed-effects models and psychometric-function fitting will test the effect of exploration condition. The core study will use existing equipment and be scoped for completion of practical work by May.",,Massimiliano Di Luca- 61,"MSc Psychology CONVERSION,MSc Cognitive Neuroimaging & Data Science - COGNITIVE neuroscience,MSc Psychology",The project contributes to ongoing University of Birmingham VR Lab and EXPLORA research. It uses standard VR equipment and does not require specialist haptic hardware. The core project will examine one material property in one focused experiment.,"Kuschel, M., Di Luca, M., Buss, M., & Klatzky, R. L. (2010). Combination and integration in the perception of visual-haptic compliance information. IEEE Transactions on Haptics.
Di Luca, M., Knörlein, B., Ernst, M. O., & Harders, M. (2011). Effects of visual-haptic asynchronies and loading-unloading movements on compliance perception. Brain Research Bulletin.
Kawazoe, A., Reardon, G., Woo, E., Di Luca, M., & Visell, Y. (2021). Tactile Echoes: Multisensory Augmented Reality for the Hand. IEEE Transactions on Haptics.",,,Data Science for Brain and Behaviour (Python/ Jupiter notebooks),No previous VR programming experience is required. Basic quantitative-methods knowledge is desirable. Training in VR experimentation and psychophysical analysis will be provided. Programming or movement-analysis experience would be advantageous only for the optional extension.,Quantitative,Approved
"Project 25- Massimiliano Di Luca- 61- ""From Papers to Evidence: Can AI Buil...""",From Papers to Evidence: Can AI Build a Reliable Research Vault?,"Research databases such as Locomotion Vault and the Text Entry for XR Trove demonstrate how structured collections of publications and techniques can reveal patterns that are difficult to identify through conventional narrative reviews. However, constructing these databases manually requires substantial expert time. This project will develop and evaluate an AI-assisted tool that identifies publications within a focused area of XR research, initially virtual-hand and embodied interaction, and converts them into a structured, traceable database. The tool will extract bibliographic information, study characteristics, participant numbers, interaction techniques, experimental conditions, outcome measures and numerical results. Every extracted value must be linked to supporting text or tables in the original publication. A manually coded subset will provide a gold-standard benchmark. The student will measure retrieval recall, extraction precision, accuracy, hallucination rate, processing cost and time saved. After validation, the resulting dataset will be used to test a preregistered research hypothesis, such as whether embodied hand input or multimodal feedback predicts improved performance, workload or user experience in XR. The central question is whether AI output is sufficiently accurate, reproducible and transparent to support valid scientific inference.",Artificial intelligence; data science; large language models; scientific information extraction; literature mining; evidence synthesis; research databases; extended reality; reproducible research,"Quantitative computational project. First, the student will define a focused XR domain, inclusion criteria and structured extraction schema. A reproducible pipeline will then discover publications, deduplicate records, screen them for eligibility and extract structured information with source-level provenance. A stratified subset will be manually coded and independently checked to form a gold-standard benchmark. AI outputs will be evaluated using retrieval recall, precision, F1 score, field-level accuracy, numerical error, unsupported-claim rate, processing cost and time. One substantive XR hypothesis will then be preregistered and tested using only fields that meet predetermined reliability thresholds. Sensitivity analyses will compare conclusions based on AI-extracted and human-verified data. The system will retain publication identifiers, supporting source passages, confidence values and processing logs.",,Massimiliano Di Luca- 61,"MSc Psychology CONVERSION,MSc Cognitive Neuroimaging & Data Science - COMPUTATIONAL neuroscience,MSc Psychology,MSc Cognitive Neuroimaging & Data Science - COGNITIVE neuroscience",This is primarily an AI and data-science project rather than a conventional experimental study. It contributes to the lab's ongoing work on open research infrastructure and data-driven evidence synthesis. The research domain will be deliberately restricted to enable rigorous development and evaluation within the MSc timetable. The project will process only publication content that can be accessed and used lawfully.,"Di Luca, M., Seifi, H., Egan, S., & Gonzalez-Franco, M. (2021). Locomotion Vault: The Extra Mile in Analyzing VR Locomotion Techniques. Proceedings of CHI 2021. https://doi.org/10.1145/3411764.3445319

Bhatia, A., Mughrabi, M. H., Abdlkarim, D., Di Luca, M., Gonzalez-Franco, M., Ahuja, K., & Seifi, H. (2025). Text Entry for XR Trove (TEXT): Collecting and Analyzing Techniques for Text Input in XR. Proceedings of CHI 2025. https://doi.org/10.1145/3706598.3713382

Xu, S., et al. (2025). A foundation model for human-AI collaboration in medical literature mining. Nature Communications.",Translational Cognitive Neuroscience,"Representational Similarity Analyses,Modelling decision making in Matlab",Data Science for Brain and Behaviour (Python/ Jupiter notebooks),"Basic Python programming and familiarity with tabular data are required. Experience with APIs, natural-language processing, large language models, Git or statistical modelling would be advantageous but is not essential. Starter code, an initial schema and example Vault datasets will be provided.",Quantitative,Will be submitted by 31 August
"Project 29- Massimiliano Di Luca- 61- ""Make Virtual Objects Feel Real: Can ...""",Make Virtual Objects Feel Real: Can Simple Vibrations Create Convincing Material Illusions?,"Virtual reality can create convincing visual worlds, but virtual objects often feel insubstantial because users receive little information through touch. This project will investigate whether simple vibrations can make virtual materials feel more realistic and easier to distinguish. Participants will interact with virtual objects representing contrasting material properties, such as softness, hardness or roughness. Contact with each object will produce carefully designed vibrations through a standard VR controller or another readily available haptic device. The experiment will compare feedback that is congruent with the displayed material, incongruent feedback and visual information without informative vibration. The project will test whether appropriately designed vibration improves material identification, perceived realism, confidence and interaction performance. It will also examine whether conflicting visual and tactile information changes which material participants believe they have encountered. This project connects fundamental research on multisensory perception with applications in immersive gaming, remote interaction, training and accessible technology. Existing equipment and starter software will be provided, and no previous VR programming experience is required. The study may contribute to a preregistered open dataset and a subsequent publication.",Haptic perception; virtual reality; vibrotactile feedback; multisensory integration; material perception; tactile illusions; psychophysics; immersive technology,"Quantitative within-participant VR experiment. Participants will compare virtual materials under congruent-vibration, incongruent-vibration and visual-only conditions. The core project will examine one material dimension and a small, controlled set of vibration patterns. Primary outcomes will be material-identification accuracy and perceived realism. Secondary outcomes may include confidence, response time, preference and task performance. Sample size will be determined by an a priori power analysis. Repeated-measures or mixed-effects models will test whether feedback condition affects perception and performance. An optional psychometric or computational-modelling extension will be available for students with appropriate experience. The study will be preregistered and scoped so practical work can be completed by May.",,Massimiliano Di Luca- 61,"MSc Psychology,MSc Psychology CONVERSION,MSc Cognitive Neuroimaging & Data Science - COGNITIVE neuroscience,MSc Cognitive Neuroimaging & Data Science - COMPUTATIONAL neuroscience","This project contributes to ongoing VR Lab research on haptics, multisensory perception and immersive interaction. It uses standard VR equipment and will be restricted to one material dimension and one focused experiment to ensure feasibility within the MSc timetable.","Kuschel, M., Di Luca, M., Buss, M., & Klatzky, R. L. (2010). Combination and integration in the perception of visual-haptic compliance information. IEEE Transactions on Haptics.
Di Luca, M., Knörlein, B., Ernst, M. O., & Harders, M. (2011). Effects of visual-haptic asynchronies and loading-unloading movements on compliance perception. Brain Research Bulletin.
Kawazoe, A., Reardon, G., Woo, E., Di Luca, M., & Visell, Y. (2021). Tactile Echoes: Multisensory Augmented Reality for the Hand. IEEE Transactions on Haptics.",,,Data Science for Brain and Behaviour (Python/ Jupiter notebooks),"No previous VR, haptics or programming experience is required. Basic knowledge of quantitative research methods is desirable. Existing VR equipment, starter software and analysis templates will be provided. Programming experience would be useful only for an optional technical extension.",Quantitative,Approved
"Project 15- Matthew Apps- 62- ""Understanding the dynamics of fatigu...""",Understanding the dynamics of fatigue in health and neurological disease. ,"Fatigue -a pervasive feeling of exhaustion - is a sensation we are all familiar with. However, in many neurological conditions such as Parkinson's Disease and Multiple Sclerosis, feelings of fatigue can become severe and pervasive, significantly impairing daily life. Yet, relative to many other symptoms in neurology, we know very little about what in the brain and body underlies the symptom of fatigue. Recently, research led by the supervisor has begun to characterise moment-to-moment how fatigue rises and falls during demanding tasks, developing experimental tools that can precisely measure for each individual how rapidly fatigue builds up, and how quickly it subsides through rest.

The aim of this project will be to develop a new experiment that measures how much exerting effort, or taking rests, impacts on sensations of fatigue, and the degree to which it modulates levels of motivation. We will then use computational modelling to unpack the brain mechanisms underlying changes in fatigue and motivation and to quantify variability between people to test its association with levels of fatigue in daily life in the healthy population. By developing this new approach, it will provide a platform for testing how fatigue fluctuates in neurological disorders. ","Fatigue, Effort, Motivation, Computation",Behavioural testing and computational modelling,,Matthew Apps- 62,"MSc Cognitive Neuroimaging & Data Science - COMPUTATIONAL neuroscience,MSc Psychology",,"Matthews, J., Pisauro, M. A., Jurgelis, M., Müller, T., Vassena, E., Chong, T. T. J., & Apps, M. A. (2023). Computational mechanisms underlying the dynamics of physical and cognitive fatigue. Cognition, 240, 105603.

Müller, T., Klein-Flügge, M. C., Manohar, S. G., Husain, M., & Apps, M. A. (2021). Neural and computational mechanisms of momentary fatigue and persistence in effort-based choice. Nature Communications, 12(1), 4593.",Translational Cognitive Neuroscience,Modelling decision making in Matlab,Introduction to Computational Methods (Matlab),"Some programming knowledge is required, but not a high level of expertise. ",Quantitative,Approved
"Project 18- Matthew Apps- 62- ""Understanding the computations under...""",Understanding the computations underlying competitive effort. ,"From beating your friends while gaming, to entering a writing competition, everyday we engage in social interactions where we compete with others. Research examining competition has often used economic games to understand the cognitive processes underlying how motivated people are when competing with others. In such experiments people are often competing on single trials to beat a single other opponent. Yet, while useful, such an approach misses many things that happens when we compete in the real world. For instance, when racing against others in a ParkRun, or several of our friends on Mario Kart or Gran Turismo, many other computations might impact on how motivated we are to engage in the competition. For instance, the competitions occurs over extended periods of time, rather than being a single-shot effort, during which motivation might fluctuate considerably. Moreover, If we are behind an opponent we might work harder to get in front, compared to if they are miles ahead of us, and we might be more motivated when competing with a smaller number of people than a large group. However, little research has been conducted that offers a an account of the computations that people engage in when motivating themselves during a competition that occurs over an extended period of time against multiple opponents. In this project the student will work with Prof. Apps and Dr. Hikaru Sugimoto, using an experimental task in which people have to make decisions about how much physical effort to exert when competing against other opponents in a race. Using computational modelling we will dissect the cognitive mechanisms that underlie competition and how they impact on the motivation to exert effort. This project will offer a unique perspective on the psychology of competition. ",Competition; Effort; Motivation; Computation,The project will involve behavioural experiments in-person and computational modelling. ,,Matthew Apps- 62,"MSc Psychology,MSc Cognitive Neuroimaging & Data Science - COMPUTATIONAL neuroscience",,"Pisauro, M. A., Pollicino, D., Fisher, L., & Apps, M. A. (2026). Neural and computational mechanisms of effort under the pressure of a deadline. Nature Communications.

Pisauro, M. A., Fouragnan, E. F., Arabadzhiyska, D. H., Apps, M. A. J., & Philiastides, M. G. (2022). Neural implementation of computational mechanisms underlying the continuous trade-off between cooperation and competition. Nature Communications, 13(1), 6873.

Sugimoto, H., Dolcos, F., & Tsukiura, T. (2021). Memory of my victory and your defeat: Contributions of reward-and memory-related regions to the encoding of winning events in competitions with others. Neuropsychologia, 152, 107733.",Translational Cognitive Neuroscience,Modelling decision making in Matlab,Introduction to Computational Methods (Matlab),Some familiarity with programming will be helpful but not essential. ,Quantitative,Approved
"Project 57- Melissa Colloff- 87- ""What Makes AI-Generated Faces Look R...""",What Makes AI-Generated Faces Look Real? Investigating the Role of Spatial Frequency in Human Perception,"AI-generated faces have become remarkably realistic. People now struggle to distinguish AI-generated faces from photographs of real people and, strikingly, AI-generated faces can sometimes be perceived as more real than genuine faces—a phenomenon known as AI hyper-realism. But what visual information leads us to perceive an AI-generated face as real?
This project will investigate one potential mechanism: spatial-frequency information. The human visual system processes images at different spatial frequencies, which capture different levels of visual detail. Face recognition relies particularly strongly on information within certain spatial-frequency ranges. Interestingly, AI-generated images can contain subtle abnormalities in the distribution of information across these frequencies. Machine-learning systems can exploit these frequency-domain signatures to distinguish real from AI-generated images, but it remains unclear whether they also influence human perceptions of facial realness.

The project will investigate whether spatial-frequency characteristics associated with AI-generated faces help explain why some artificial faces appear so convincing. First, the student will conduct image analyses comparing the spatial-frequency properties of real and AI-generated faces. These findings will then inform manipulations of real facial images, allowing us to experimentally alter their spatial-frequency properties to more closely resemble those found in AI-generated faces. In an online behavioural experiment, participants will judge whether faces are real or AI-generated, allowing us to test whether manipulating this visual information systematically changes perceptions of realness.

The student will join an established research project and team of researchers (including Kyra Scott (https://www.appliedmemorylab.co.uk/kyra-scott), Prof Howard Bowman, and external collaborators) and will work with an existing experimental paradigm; all programming required for the online experiment has already been completed. The project therefore provides an opportunity to develop skills in face perception, experimental psychology, image analysis, online behavioural research and quantitative data analysis, while addressing a timely question at the intersection of human perception and artificial intelligence. It is anticipated that this work will be published.
",Face Processing and Perception; Artificial Intelligence; Deepfake Detection; Decision-Making,Behavioural Experiments; Image Analysis; Online Research,,Melissa Colloff- 87,"MSc Psychology,MSc Cognitive Neuroimaging & Data Science - COGNITIVE neuroscience,MSc Cognitive Neuroimaging & Data Science - COMPUTATIONAL neuroscience",,"•	Nightingale, S. J., & Farid, H. (2022). AI-synthesized faces are indistinguishable from real faces and more trustworthy. Proceedings of the National Academy of Sciences, 119(8), e2120481119.
•	Miller, E. J., Steward, B. A., Witkower, Z., Sutherland, C. A., Krumhuber, E. G., & Dawel, A. (2023). AI hyperrealism: Why AI faces are perceived as more real than human ones. Psychological science, 34(12), 1390-1403.
•	Frank, J., Eisenhofer, T., Schönherr, L., Fischer, A., Kolossa, D., & Holz, T. (2020, November). Leveraging frequency analysis for deep fake image recognition. In International conference on machine learning (pp. 3247-3258). PMLR.
•	Sachs, M. B., Nachmias, J., & Robson, J. G. (1971). Spatial-frequency channels in human vision. Journal of the optical society of America, 61(9), 1176-1186.
•	Shapley, R., & Lennie, P. (1985). Spatial frequency analysis in the visual system. Annual review of neuroscience, 8(1), 547-581.
",,Modelling decision making in Matlab,Data Science for Brain and Behaviour (Python/ Jupiter notebooks),,Quantitative,Approved
"Project 39- Paul Muhle-Karbe- 78- ""Dissociating neural pathways for sel...""",Dissociating neural pathways for selective attention,"Selective attention enables us to focus on goal-relevant information in the environment, while discarding irrelevant distraction. It is thought to rely upon top-down signals that are generated in the prefrontal cortex and amplify processing of goal-relevant information in sensory cortex. While this general framework is widely appreciated, the mechanisms by which attention biases perception are poorly understood.

Recent neuroimaging studies suggest that different forms of attention may utilise distinct neural pathways that connect unique sub-regions of the prefrontal cortex and the visual system: spatial attention may rely upon top-down signals from the frontal eye-field (FEF) that the dorsal visual stream, whereas non-spatial attention may rely upon top-down signals from the inferior frontal junction (IFJ) that target the ventral visual stream. This project seeks to put this hypothesis to a rigorous causal test using transcranial magnetic stimulation (TMS) as a tool to transiently perturb these putative pathways.","selective attention, prefrontal cortex, brain stimulation, psychophysics","Participants perform computerised tasks requiring spatial and non-spatial forms of selective attention, while FEF, IFJ, and a control region are stimulated in different sessions using a theta-burst protocol that is known to transiently reduce neuronal excitability. Examining the disruptive effects of TMS as a function of task demand and targeted brain region will provide unprecedented insights into the functional neuroanatomy of selective attention.

Overall, the project’s findings will significantly enhance our understanding of attention and its impact on neuropsychiatric conditions. Additionally, it may generate compelling evidence that the classic distinction between dorsal and ventral visual streams extends into the human prefrontal cortex.

Working on the project will entail reading relevant literature, collecting behavioural data, delivering TMS (after receiving training), and contributing to the analysis, interpretation, and presentation of results.
",,Paul Muhle-Karbe- 78,MSc Cognitive Neuroimaging & Data Science - COGNITIVE neuroscience,,"Baldauf, D., & Desimone, R. (2014). Neural mechanisms of object-based attention. Science, 344(6182), 424-427.

Bedini, M., Olivetti, E., Avesani, P., & Baldauf, D. (2024). Surface-based probabilistic tractography uncovers segregated white matter pathways underlying spatial and non-spatial control. bioRxiv.

Duncan, J. (2010). The multiple-demand (MD) system of the primate brain: mental programs for intelligent behaviour. Trends in cognitive sciences, 14(4), 172-179.

Muhle-Karbe, P. S., Andres, M., & Brass, M. (2014). Transcranial magnetic stimulation dissociates prefrontal and parietal contributions to task preparation. The Journal of Neuroscience, 34(37), 12481-12489.

Zanto, T. P., Rubens, M. T., Thangavel, A., & Gazzaley, A. (2011). Causal role of the prefrontal cortex in top-down modulation of visual processing and working memory. Nature Neuroscience, 14(5), 656-661.",,,,"Some prior coding experience may be useful run the task, but this is not a requirement",Quantitative,Approved
"Project 42- Paul Muhle-Karbe- 78- ""A computational model of memory form...""",A computational model of memory formation and removal,"Working memory describes the ability to maintain information that is no longer present in the environment. It provides a flexible mental workspace that scaffolds most higher cognitive functions. For a long time, a central objective in neuroscience has been to understand brain mechanisms that underpin working memory. This research has made great progress in revealing how the brain retains information, but it has neglected a key aspect: how are memories removed when they are no longer relevant for guiding behaviour?

Understanding removal mechanisms is important. Working memory only has a very small capacity, so efficient removal is critical to make optimal use of this mental workspace. Conversely, several mental health conditions are characterised by difficulties with removal (e.g., rumination in depression or intrusive thoughts in OCD), so understanding mechanisms behind removal may also inform better treatment to advance mental health.

This project will leverage computational modelling to interrogate how the human brain dynamically forms and dissolves memories for adaptive behaviour in a rapidly changing world.","working memory, removal, ","This project will interrogate how the human brain adaptively removes memories. It will extend an existing computational model that provides an excellent fit to diverse brain recording data during memory maintenance (Manohar et al, 2019 – see seed references). We will equip the model with different removal mechanisms (implemented via spiking activity or synaptic plasticity), and examine its dynamics under different task demands. Careful simulations will be conducted to generate diagnostic experimental predictions to probe the contribution of each mechanism to memory removal in the human brain.

Working on the project will involve reading relevant literature, conducting simulations (under close supervision), and contributing to the interpretation of results. Depending on the student’s interest, the project may also involve testing some of the newly generated predictions via targeted behavioural experiments. The project will be carried out in close collaboration with Prof Sanjay Manohar at the University of Oxford.
",,Paul Muhle-Karbe- 78,MSc Cognitive Neuroimaging & Data Science - COMPUTATIONAL neuroscience,,"Bocincova, A., Buschman, T. J., Stokes, M. G., & Manohar, S. G. (2022). Neural signature of flexible coding in prefrontal cortex. Proceedings of the National Academy of Sciences, 119(40), e2200400119.

Joormann, J., Levens, S. M., & Gotlib, I. H. (2011). Sticky thoughts: Depression and rumination are associated with difficulties manipulating emotional material in working memory. Psychological science, 22(8), 979-983.

Lewis‐Peacock, J. A., Kessler, Y., & Oberauer, K. (2018). The removal of information from working memory. Annals of the New York Academy of Sciences, 1424(1), 33-44.

Manohar, S. G., Zokaei, N., Fallon, S. J., Vogels, T. P., & Husain, M. (2019). Neural mechanisms of attending to items in working memory. Neuroscience & Biobehavioral Reviews, 101, 1-12.

Muhle-Karbe, P. S., Myers, N. E., & Stokes, M. G. (2021). A hierarchy of functional states in working memory. The Journal of Neuroscience, 41(20), 4461-4475.",,,,Prior coding skills are important for this project,Quantitative,Approved
"Project 19- Paul Pope- 65- ""Digital Consumption and Well-Being: ...""",Digital Consumption and Well-Being: The Role of Self-Control and Happiness,"Generation Z is highly familiar with technology and social media, yet research indicates that increased time on digital devices is associated with lower levels of happiness. This may be because digital media displaces more fulfilling activities or directly undermines well-being by fostering negative social comparisons. Excessive smartphone use has also been shown to reduce face-to-face social interactions. While the relationship between internet use and happiness remains inconclusive, higher levels of social media use are consistently linked to lower attentional control. Given that self-control supports the regulation of attention, it may serve as a protective factor against excessive digital consumption. This raises a key question: to what extent do self-control and happiness predict patterns of social media use?","The relationship between self-control, happiness, and social media use among Generation Z","Questionnaire, Survey",,Paul Pope- 65,"MSc Psychology,""MSc Philosophy, Mental Health and Psychology"",MSc Psychology CONVERSION",,"Przybylski, A. K., & Weinstein, N. (2017). A Large-Scale Test of the Goldilocks Hypothesis: Quantifying the Relations Between Digital-Screen Use and the Mental Well-Being of Adolescents. Psychological Science, 28(2), 204–215.

Simsir-Gokalp, Z. & Akyurek, M. I. (2024). Self-control and Problematic Social Media Use: A Meta-Analysis. Journal of Education in Science, Environment and Health, 10(3), 199-215.

https://www.worldhappiness.report/ed/2019/the-sad-state-of-happiness-in-the-united-states-and-the-role-of-digital-media/",Youth Mental Health,Standardized Tests,,,Quantitative,Approved
"Project 21- Romy Froemer- 53- ""In the eye of the beholder's goal: n...""",In the eye of the beholder's goal: neural and computational mechanisms underpinning value-based choice,"From the choice of breakfast to the choice of romantic partner, value-based decisions permeate everyday life. Research has shown that these decisions are linked to people's attention: Options that are looked at more are more likely to be chosen. This robust empirical result has been taken as evidence that attention amplifies the value of options. However, more recent work suggests that the relationship is the other way around: The more people consider choosing an option, the more they will look at it, regardless of its value. Disrupting this choice-attention feedback loop reveals a separate, distinct effect of attention on choice that depends on people's expectations and how an options' value compares to them. In addition, research has show that people's choice behavior and gaze patterns are strongly influenced not by value per se, but by how values relate to the decision-maker's current goal. Taken together this work suggests that goals and attention jointly shape how people evaluate their options and ultimately choose. Here we will use attention and goal manipulations to test predictions of a model of this interaction and record EEG to shed new light on the underlying neural correlated of value-processing and decision-making.","value-based decision-making, goals, attention, EEG, eye-tracking","behavioral experiment, EEG, eye-tracking",,Romy Froemer- 53,"MSc Cognitive Neuroimaging & Data Science - COMPUTATIONAL neuroscience,MSc Cognitive Neuroimaging & Data Science - COGNITIVE neuroscience,MSc Psychology,MSc Psychology CONVERSION",,"Froemer, R., Ting, C.-C., Shenhav, A., & Gluth, S. (2026). Goals Shape Dynamics of Attention and Selection for Value-Based Decision-Making. Top Cogn Sci, n/a(n/a), e70076. doi:https://doi.org/10.1111/tops.70076

Frömer, R., Callaway, F., Griffiths, T. L., & Shenhav, A. (2025). Considering What We Know and What We Don’t Know: Expectations and Confidence Guide Value Integration in Value-Based Decision-Making. Open Mind, 9, 791-813. doi:10.1162/opmi.a.3

Froemer, R., Nassar, M. R., Ehinger, B. V., & Shenhav, A. (2024). Common neural choice signals can emerge artefactually amid multiple distinct value signals. Nature Human Behaviour, 8(11), 2194-2208. doi:10.1038/s41562-024-01971-z

Frömer, R., & Shenhav, A. (2022). Filling the gaps: Cognitive control as a critical lens for understanding mechanisms of value-based decision-making. Neuroscience & Biobehavioral Reviews, 134, 104483. doi:https://doi.org/10.1016/j.neubiorev.2021.12.006

Frömer, R., Dean Wolf, C. K., & Shenhav, A. (2019). Goal congruency dominates reward value in accounting for behavioral and neural correlates of value-based decision-making. Nature Communications, 10(1), 4926. doi:10.1038/s41467-019-12931-x",Elecrophysiological approaches,,Data Science for Brain and Behaviour (Python/ Jupiter notebooks),"This project can be tailored to different existing or desired skills (e.g., people who want to do computational modeling, can; people who want to focus on behavior, can; people who want to capitalize on neural data analyses, can) and all required skills will be taught as part of the project. Everyone will learn to collect behavioral and EEG data and contribute equally to the data collection.",Quantitative,Approved
"Project 3- Rory Devine- 49- ""Childhood neurodiversity, mental hea...""","Childhood neurodiversity, mental health, educational and social outcomes","Emerging evidence indicates that children’s mental health is linked with both educational and social outcomes (e.g., Morris et al., 2021). Understanding the role of children’s mental health and neurodiversity in later outcomes is important because cross-national studies indicate that approximately 1 in 15 (7.6%) 5- to 9-year-old children have a mental health or neurodevelopmental condition (WHO, 2022). Remarkably, few studies have investigated either the overlap between mental health and neurodiversity in primary school-aged children or the developmental impact of mental health and neurodiversity on children’s later educational and social outcomes. The over-arching aim of this project is to examine the developmental impact of childhood mental health and neurodiversity on later social and educational outcomes.

The project uses existing data from a large-scale longitudinal study of approximately 8000 children tracked across four time points between ages 9 to 20 years. The dataset includes measures of children’s mental health, neurodiversity, cognitive ability, academic performance, educational attainment, and friendship and peer relationships. The dataset also contains rich information on the socio-demographic characteristics of participants and their families.

This project will suit students who are interested in developmental science, mental health, and neurodiversity. The project is relevant to those who hope to develop their quantitative data analysis skills in structural equation modelling and longitudinal data analysis. Advanced quantitative data analysis skills are highly desired by employers and are particularly important for those hoping to pursue further academic research (e.g., Ph.D.). This project is not suitable for students taking the MSc Psychology (Conversion) or MSc Philosophy, Mental Health and Psychology.","Neurodiversity, Mental Health, Longitudinal",Quantitative Longitudinal Study: Secondary Data Analysis,,Rory Devine- 49,MSc Developmental Science & Neurodiversity,No,"Morris, T. T., Dorling, D., Davies, N. M., & Davey Smith, G. (2021). Associations between school enjoyment at age 6 and later educational achievement: Evidence from a UK cohort study. Npj Science of Learning, 6, 18. doi.org/10.1038/s41539-021-00092-w

Rahman, M.A., Todd, C., John, A., Tan, J., Kerr, M., Potter, R., Kennedy, J., Rice, F. & Brophy, S. (2018). School achievement as a predictor of depression and self-harm in adolescence: linked education and health record study. British Journal of Psychiatry, 212, 215 – 221.

Sellers, R., Warne, N., Pickles, A., Maughan, B., Thapar, A., Collishaw, S. (2019). Cross-cohort change in adolescent outcomes for children with mental health problems. Journal of Child Psychology and Psychiatry, 60, 813-821.

Wickersham, A., Sugg, H.V.R., Epstein, S., Stewart, R., Ford, T., & Downs, J. (2021). Systematic review and meta-analysis: The association between child and adolescent depression and later educational attainment. Journal of the American Academy of Child and Adolescent Psychiatry, 60, 105-118. ","Clinical Psychology and Developmental Diversity,Youth Mental Health",Standardized Tests,Modelling Change and Diversity: Introduction to Structural Equation Modelling (R),Students interested in this module must complete LM Modelling Change and Diversity: An Introduction to Structural Equation Modelling in Semester 1. Analysis will require familiarity with structural equation modelling and data analysis in R. ,Quantitative,Approved
"Project 31- Sanne van der Kleij- 70- ""Examining the factor structure and i...""",Examining the factor structure and internal validity of a feelings about literacy scale,"In our highly literate society, being good at reading is essential for thriving in education and employment. Key to developing these reading skills is regular leisure time reading (Pfost et al., 2018). However, reports on adult and young people’s reading show leisure time reading has declined over the years. According to theory on reading engagement, founded in principles of self-determination theory (SDT, Ryan & Deci, 2000), development of reading motivation hinges on intrinsic and extrinsic factors (e.g. Conradi et al., 2014). It is also argued it’s not only our actual reading ability that is associated with how much we engage in reading and writing in our own time, but how we feel about our own reading and writing skills (e.g. our perceived competence) also determines whether we actually engage with these activities.
The purpose of the project is to explore the relationship between feelings about reading and writing, and whether this is associated with the amount of recreational reading and writing that adults engage in. This project aims to validate the factor structure and internal validity of a feelings about literacy scale, developed by adapting several previously published scales (i.e. Reading amount, adapted from Schutte & Malouff, 2007, affect, adapted from MacArthur et al. 2015, and self-efficacy, adapted from Carroll & Fox 2017; and writing amount, adapted from Schutte & Malouff, 2007, affect, adapted from MacArthur et al. 2015, self-efficacy, adapted from MacArthur et al. 2015).
The existing data set includes data from ~600 undergraduate students and includes data about demographic factors (e.g., age, gender, student status) and reading and writing frequency and self-competence.
","Reading and writing self-competence, reading engagement","This secondary data project allows the student to formulate their own research question based on literature review and the available variables in the data set. This project is suitable for students interested in education, literacy and/or secondary data analysis. Preferably with knowledge of CFA/Structural Equation Modelling or willingness to learn these analysis techniques. ",,Sanne van der Kleij- 70,"MSc Developmental Science & Neurodiversity,MSc Psychology",,"Locher, F. M., Becker, S., Schiefer, I., & Pfost, M. (2021). Mechanisms mediating the relation between reading self-concept and reading comprehension: FM Locher et al. European Journal of Psychology of Education, 36(1), 1-20. https://doi.org/10.1007/s10212-020-00463-8

Lee, Y., Jang, B. G., & Conradi Smith, K. (2021). A systematic review of reading engagement research: What do we mean, what do we know, and where do we need to go?. Reading Psychology, 42(5), 540-576. https://doi.org/10.1080/02702711.2021.1888359

MacArthur, C. A., Philippakos, Z. A., & Graham, S. (2016). A multicomponent measure of writing motivation with basic college writers. Learning Disability Quarterly, 39(1), 31-43. https://doi.org/10.1177/0731948715583115",,Standardized Tests,Modelling Change and Diversity: Introduction to Structural Equation Modelling (R),It is expected that students opting for this project have completed 'Modelling Change and Diversity' or are familiar with structural equation modelling in R,Quantitative,Approved
"Project 32- Sanne van der Kleij- 70- ""Assessing reading motivation in youn...""",Assessing reading motivation in young people using experimental measures,"In our highly literate society, being good at reading is essential for thriving in education and employment. Yet, children and young people’s engagement with reading is in crisis: National Literacy Trust (NLT) annual UK literacy survey data shows the lowest levels of reading enjoyment since 2005 (when their annual surveys began). Young people’s motivation to read is often measured using questionnaires, with the clear limitation that they often find it difficult to accurately estimate their reading behaviours (e.g. Cremin & Scholes, 2024). Recent experimental work with adults has shown that task-based measures can provide more insight into the decision-making process of choosing to read for pleasure, allowing us to assess dynamic changes in enjoyment during reading (Bains et al., 2023).

The goal of this project is to adapt and test the efficacy of a willingness-to-wait paradigm among children to gain more insight into underlying mechanisms of choosing to read for pleasure in children and young people, providing more objective measurements of reading enjoyment, and providing insight into fluctuations in participant motivation to read.","Reading motivation, decision making in children","Experimental studies conducted with children and young people in schools. Note that you will likely need to assist with contacting schools and communicating with teachers, parents, and children. ",,Sanne van der Kleij- 70,"MSc Psychology,MSc Developmental Science & Neurodiversity,MSc Psychology CONVERSION",DBS check will be required for working with children in schools.,"Bains, A., Spaulding, C., Ricketts, J., & Krishnan, S. (2023). Using a willingness to wait design to assess how readers value text. npj Science of Learning, 8(1), 17. https://doi.org/10.1038/s41539-023-00160-3
Cremin, T., & Scholes, L. (2024). Reading for pleasure: scrutinising the evidence base–benefits, tensions and recommendations. Language and Education, 38(4), 537-559.
Schiefele, U., Schaffner, E., Möller, J., & Wigfield, A. (2012). Dimensions of reading motivation and their relation to reading behavior and competence. Reading Research Quarterly, 47(4), 427-463. https://doi.org/10.1002/RRQ.030
",,"Experimenting in OpenSesame,Standardized Tests",,Willingness to learn mixed effects modelling using Jamovi or R for data analysis. Materials to learn this analysis technique will be provided by the supervisor. Background knowledge of correlation/regression is essential. ,Quantitative,Submitted and under review
"Project 51- Sarah Beck- 85- ""Innovation, creativity, and problem ...""","Innovation, creativity, and problem solving","Imagine trying to rescue your keys that have fallen behind a radiator, perhaps you might use a ruler or a coat-hanger to try to reach them. This is one example where we encounter a problem that could be solved with creative use of a tool. Humans are often thought to be expert tool users with few non-human animals having the capacity to use tools innovatively. However, this is challenged by evidence that young children are remarkably poor at solving problems using tools, whereas some non-human animals (crows, cockatoos, great apes) show impressive performance  (e.g. Beck et al., 2011; Beck, 2016). Innovating a tool is a complex challenge that is likely to involve executive functions, creativity (such as divergent thinking), and imagination.
In this project we will look at adults' ability to flexibly innovate solutions to problems and the relationship between success on problem solving tasks and other cognitive and creativity measures. If students are interested it may be possible to explore the relation between these constructs and neurodiversity traits.
The project is a small group project where you will collaborate on data collection. Individual students will develop their own research questions and measures. ",problem solving; creativity; cognition,"behavioural studies in person with adults (recruited from student population), tested on campus.",,Sarah Beck- 85,"MSc Psychology,MSc Psychology CONVERSION,MSc Developmental Science & Neurodiversity,""MSc Philosophy, Mental Health and Psychology""","my suggestions for the practical and module are broadly related, but students do not have to take these options to do this project.","Cancer et al. (2023) Executive functioning and divergent thinking predict creative problem-solving in young adults and elderlies. Psychological Research
Auersperg et al. (2011) Flexibility in Problem Solving and Tool Use of Kea and New Caledonian Crows in a Multi Access Box Paradigm. PLOS One [a comparative study of birds with a similar task to ours]
Beck et al. (2011) Making tools isn't children's play. Cognition [a study of children's innovation]
Rawlings, B., S., Chetwynd-Talbot, D., Husband, E., Nuttall, A., Quinn, E., Taggart, R., & Roome, H. E. (2025). Divergent thinking is linked with convergent thinking; implications for models of creativity. Thinking & Reasoning, 31(4), 586–608. https://doi.org/10.1080/13546783.2025.2485059
",Different minds: Child and Animal Intelligence,Experimenting in OpenSesame,,,Quantitative,Approved
"Project 10- Sophie Sowden-Carvalho- 56- ""Testing the Double Empathy Framework...""",Testing the Double Empathy Framework: Autistic and non-autistic communication of emotional experiences.,"This study aims to investigate cross-neurotype emotional communication and empirically test the Double Empathy Framework. Using an online task, autistic and non-autistic adults will watch autistic and non-autistic narrators deliver emotional narratives and rate their emotions and first impressions of narrators. We would like to better understand predictors of communication and first impression success from these video stimuli and use this to inform an in-person, live interaction study. The live interaction study will be an opportunity for students to gain hands on experience in measuring subjective, behavioural and physiological synchrony between pairs of individuals of the same or different neurotypes.

The Double Empathy Framework suggests that autistic people experience social challenges due to a bi-directional breakdown in communication between two different minds (i.e. autistic and non-autistic). Empirical research into autistic people’s communication inspired by this framework has been mixed, with some studies finding an advantage for same-neurotype communication, while others suggest communication success does not neatly depend on dyad neurotype. This project will help us to better understand factors that play into communication success and first impression judgments for autistic and non-autistic adults, whilst contributing to new methodological approaches to evaluating live pair interactions.",Autism; social communication; Emotion,Cognitive experimental,,Sophie Sowden-Carvalho- 56,MSc Developmental Science & Neurodiversity,,"Crompton, C. J., Ropar, D., Evans-Williams, C. V., Flynn, E. G., & Fletcher-Watson, S. (2020). Autistic peer-to-peer information transfer is highly effective. Autism, 24(7), 1704–1712. https://doi.org/10.1177/1362361320919286

DeBrabander, K. M., Morrison, K. E., Jones, D. R., Faso, D. J., Chmielewski, M., & Sasson, N. J. (2019). Do first impressions of autistic adults differ between autistic and nonautistic observers? Autism in Adulthood, 1(4), 250–257. https://doi.org/10.1089/aut.2019.0018

Efthimiou, T. N., Wilks, C. E., Foster, S., Dodd, M., Sasson, N. J., Ropar, D., Lages, M., Fletcher-Watson, S., & Crompton, C. J. (2025). Social motor synchrony and interactive rapport in autistic, non-autistic, and mixed-neurotype dyads. Autism. https://doi.org/10.1177/13623613251319585

Milton, D. E. (2012). On the ontological status of autism: the ‘double empathy problem.’ Disability & Society, 27(6), 883–887. https://doi.org/10.1080/09687599.2012.710008

Sasson, N., Faso, D., Nugent, J. et al. Neurotypical Peers are Less Willing to Interact with Those with Autism based on Thin Slice Judgments. Sci Rep 7, 40700 (2017). https://doi.org/10.1038/srep40700 ",,,,Experience or knowledge of working with autistic individuals or similar,Quantitative,Approved
"Project 14- Stacey Bissell- 60- ""Reshaping behavioural Interventions ...""",Reshaping behavioural Interventions for Sleep in NeuroGenetic syndromes (RISING),"The prevalence of poor sleep is elevated in children with an intellectual disability compared to age-matched peers without neurodevelopmental conditions (Quine, 2001; Richdale, Francis, Gavidia-Payne, & Cotton, 2000). In children with an intellectual disability, estimates vary between 16-84%, with settling and waking problems being particularly common (Johnson, 1996; Quine, 1991; Wiggs & Stores, 1996). Co-occurring conditions that can exacerbate poor sleep, include: secondary health conditions resulting in pain (e.g. constipation, gastro-oesophageal reflux, respiratory tract infections, otitis media, dental caries), epilepsy (e.g. fragmented sleep architecture, abnormal EEG activity, the presence of nocturnal seizures, or the prescription of anti-epileptic medication), and co-occurring psychiatric diagnoses (e.g. anxiety, depression, sedatory side-effects of benzodiazepines). In addition, there are several neurogenetic syndrome groups where there are phenotypic physiological characteristics that are known to exacerbate poor sleep. For example, in Smith-Magenis syndrome loss of function or mutation to the retinoic acid-induced 1 gene (RAI1) affects circadian rhythms (DeLeersnyder et al., 2001; Potocki et al., 2000) resulting in an inverted melatonin release pattern and distinct sleep profile characterised by early morning waking and excessive daytime sleepiness. Physical facial features of Down syndrome confer risk for obstructive sleep apnoea (Lee et al.,2018; Trois et al., 2009), resulting in a distinct sleep profile of sleep disordered breathing.

First-line behavioural interventions focus on the promotion of good sleep hygiene practices (e.g. limited access to electronic devices before bed, a sleep-conducive environment and bedtime routine; Jan et al., 2008) and parent education to support a behavioural intervention approach, such as graduated extinction (Malow et al., 2012; Rigney et al., 2018). However, research into the efficacy of individualised targeted behavioural interventions (e.g. graduated extinction) for children with neurogenetic syndromes is virtually non-existent despite evident effectiveness in autism, ADHD and intellectual disability populations (Rigney et al., 2018). A move towards intervention is particularly important, given sleep problems in children with developmental delay predict the frequency and severity of daytime behaviours that challenge (e.g. aggression, overactivity; Adams, Matson, & Jang, 2014; Didden et al., 2002) and given the association between poor sleep and negative cognitive outcomes/executive functioning deficits in some neurogenetic syndrome groups (e.g. Joyce et al., 2020).

The main aim of the current study is to examine sleep and daytime outcomes in children with neurogenetic syndromes receiving tailored behavioural sleep interventions. Using subjective and objective measures of sleep (e.g. sleep questionnaires, sleep diaries, actigraphy) and daytime outcomes (e.g. behavioural questionnaires, executive functioning tasks), we will investigate changes in sleep following intervention and associations between sleep parameters and daytime outcomes. Parents/caregivers of children aged 4-15 years who meet eligibility criteria will be invited
to participate. Participants will complete baseline assessments prior to implementing a tailored sleep intervention. Following the intervention period, the same assessment battery will be re-administered to allow pre-post comparisons of child and main caregiver sleep, child daytime functioning outcomes and parent/caregiver wellbeing. In addition, qualitative interviews will be conducted with approximately 5-8 parents/caregivers following their involvement in the intervention, to explore perceptions of intervention acceptability and feasibility. ","sleep, intellectual disability, neurogenetic syndromes, intervention, behaviour, executive functioning, caregiver wellbeing","pre-post quantitative analysis, qualitative analysis, actigraphy",,Stacey Bissell- 60,MSc Developmental Science & Neurodiversity,,"https://cerebra.org.uk/wp-content/uploads/2025/10/sleep-guide-V4-oct-25-low-res.pdf
https://link.springer.com/article/10.1186/s11689-018-9226-0
https://academic.oup.com/jpepsy/article/50/7/633/8008673
https://link.springer.com/content/pdf/10.1186/s13229-021-00426-w.pdf
https://www.sciencedirect.com/science/article/pii/S0891422219302227?via%3Dihub",Clinical Psychology and Developmental Diversity,Standardized Tests,Modelling Change and Diversity: Introduction to Structural Equation Modelling (R),,Mixed Methods,Submitted and under review
"Project 6- Stephane De Brito- 52- ""Psychopathy and brain correlates of ...""",Psychopathy and brain correlates of mate poaching,"This project is a direct collaboration with colleagues at Kyoto University in Japan; regular contact with them will be necessary.

Purpose, background, and research questions

This research project explores how personality traits relate to behaviours around romantic attraction, specifically in situations where someone tries to attract a person who is already in a relationship — a behaviour known as ""mate-poaching"". While this behaviour is generally considered socially unacceptable, it happens fairly often in many cultures and may reflect different personal motivations.

The main part of the project will be a brain imaging (MRI) study with young adult men in the UK to investigate whether differences in brain activity — particularly in areas involved in decision-making and how we evaluate others — relate to people’s willingness to engage in mate-poaching. We are especially interested in whether brain responses explain the link between certain personality traits and this type of behaviour.

Hypotheses / research questions:

Which aspects of personality are most strongly linked to a tendency to pursue others who are already in relationships?

Are specific areas of brain activity or brain structures/network, especially in regions linked to evaluating others and making decisions, associated with interest in mate-poaching?

Can differences in brain responses or brain structure help explain why some men with higher levels of certain personality traits are more likely to engage in this behaviour?

Expected outcomes:

We expect to find that men who score higher on certain personality traits (e.g., impulsiveness, emotional coldness) report more frequent mate-poaching behaviour. We expect that men who show more interest in mate-poaching will also show stronger or more distinct brain activity in specific regions involved in decision-making. These brain patterns may help explain why some people are more likely to engage in this type of behaviour.","psychopathy, social relationships, neuroimaging", In person testing using psychometric and MRI.,,Stephane De Brito- 52,"MSc Cognitive Neuroimaging & Data Science - COGNITIVE neuroscience,MSc Cognitive Neuroimaging & Data Science - COMPUTATIONAL neuroscience","You will be fully embedded with the SCAN Lab and be working together with PhD students from the lab to recruit, test and scan participants for this project. So committment for in-person lab meetings and testing is important, particularly in semester 2. This project is not suitable for remote working. Finally, the project offers a unique opportunity for international collaboration (Dr Ryuhei Ueda) with a top university in Japan (Kyoto University).","De Brito, S. A., Forth, A. E., Baskin-Sommers, A. R., Brazil, I. A., Kimonis, E. R., Pardini, D., Frick, P. J., Blair, R. J. R., & Viding, E. (2021). Psychopathy. Nature Reviews Disease Primers, 7(1), 1-21. https://doi.org/10.1038/s41572-021-00282-1

Glenn, A. L., Kurzban, R., & Raine, A. (2011). Evolutionary theory and psychopathy. Aggression and Violent Behavior, 16(5), 371-380. doi:https://doi.org/10.1016/j.avb.2011.03.009

R . Ueda and N. Abe Neural Representations of the Committed Romantic Partner in the Nucleus Accumbens. Psychological Science 2021 Vol. 32 Issue 12 Pages 1884-1895

R. Ueda, H. Ashida, K. Yanagisawa and N. Abe. The neural basis of individual differences in mate poaching. Social Neuroscience 2017 Vol. 12 Issue 4 Pages 391-399 DOI: 10.1080/17470919.2016.1182065","Fundamental Brain Imaging,Translational Cognitive Neuroscience",Representational Similarity Analyses,Data Science for Brain and Behaviour (Python/ Jupiter notebooks),"We are looking for students with excellent interpersonal skills, highly motivated and organised and who are eager to learn how to pre-process and analyse functional and structural MRI data.",Quantitative,Approved
"Project 33- Steven Frisson- 72- ""Inner voice during silent reading...""",Inner voice during silent reading,"Most people experience some degree of inner voice during reading, i.e., they ""hear"" themselves while reading. However, whether this is just an epiphenomenon of how we learn to read (we start with reading aloud and then gradually internalise the sounds) or whether this is an essential component of skilled reading is unclear. We will test whether the degree one uses their inner voice impacts on reading fluency and comprehensions.",psycholinguistics,eye-tracking; individual skills tests,,Steven Frisson- 72,MSc Psychology,,"Leinenger, M. (2014). Phonological coding during reading. Psychological Bulletin, 140(6), 1534–1555. https://doi.org/10.1037/a0037830
Rayner, K., Schotter, E. R., Masson, M. E. J., Potter, M. C., & Treiman, R. (2016). So Much to Read, So Little Time: How Do We Read, and Can Speed Reading Help? How Do We Read, and Can Speed Reading Help? Psychological Science in the Public Interest, 17(1), 4-34.
Yao, B., Scheepers, C. (2015). Inner Voice Experiences During Processing of Direct and Indirect Speech. In: Frazier, L., Gibson, E. (eds) Explicit and Implicit Prosody in Sentence Processing. Studies in Theoretical Psycholinguistics, vol 46. Springer, Cham. https://doi.org/10.1007/978-3-319-12961-7_15",,Standardized Tests,,"quantitative analyses (t-tests, ANOVAs, correlations, regressions) and/or linear mixed effect modelling (R) ",Quantitative,Approved
"Project 4- Suzanne Higgs - 48- ""Effects of removing high fat high su...""",Effects of removing high fat high sugar foods on appetite and memory ,"The proposed study will investigate whether cutting out foods high in fat and sugar (HFS) can improve brain function and appetite control in young adults who regularly consume these foods. Previous research suggests that even a short exposure to HFS foods can negatively affect memory, particularly memory processes linked to the hippocampus, a brain region important for learning and appetite regulation. Poor memory can make it harder to remember what has been eaten, leading to overeating and reduced feelings of fullness. This may create a cycle where unhealthy eating harms memory, which in turn encourages further unhealthy eating and weight gain. While many dietary studies have focused on adding healthy foods to the diet, few have examined whether simply reducing HFS foods can improve brain health. This study addresses that gap by testing whether removing these foods from the diets of young, healthy, habitual consumers leads to measurable improvements in memory, appetite control, and other aspects of cognitive functioning. The findings could help identify a practical way to support both brain health and healthier eating habits early in life.","Appetite, food intake, cognition, nutrition ",Experimental human research; standardized appetite and cognition tests. You will work alongside a PhD student. ,,Suzanne Higgs - 48,MSc Psychology,,"Adan, R. A., van der Beek, E. M., Buitelaar, J. K., Cryan, J. F., Hebebrand, J., Higgs, S., ... & Dickson, S. L. (2019). Nutritional psychiatry: Towards improving mental health by what you eat. European neuropsychopharmacology, 29(12), 1321-1332.
Attuquayefio, T., Stevenson, R. J., Boakes, R. A., Oaten, M. J., Yeomans, M. R., Mahmut, M., & Francis, H. M. (2016). A high-fat high-sugar diet predicts poorer hippocampal-related memory and a reduced ability to suppress wanting under satiety. Journal of experimental psychology. Animal learning and cognition, 42(4), 415–428. https://doi.org/10.1037/xan0000118
Parent, M. B., Higgs, S., Cheke, L. G., & Kanoski, S. E. (2022). Memory and eating: A bidirectional relationship implicated in obesity. Neuroscience and Biobehavioral Reviews, 132, 110-129.",Translational Cognitive Neuroscience,Standardized Tests,Modelling Change and Diversity: Introduction to Structural Equation Modelling (R),,Quantitative,Will be submitted by 31 August
"Project 65- Tamara Swaab- 92- ""How does speaking two languages chan...""",How does speaking two languages change what we expect to hear next?,"This project will investigate how bilingual experience shapes the predictability of words in sentence context. Participants across the adult lifespan with a wide range of language backgrounds, including different first and second languages, will complete sentences with the first word that comes to mind. These responses will be used to estimate cloze probability; how strongly a sentence context leads people to expect a particular word. Rather than simply comparing “monolingual” and “bilingual” groups, the project will examine bilingual experience as a continuum, considering factors such as proficiency, age of acquisition, frequency of language use and language switching.  The study will also include measures of cognitive control to test whether differences in the ability to manage competing information are related to how strongly people use sentence context to generate predictions of upcoming words, and whether these relationships change with age. The student will contribute to an ongoing programme of research examining how language experience, cognitive control and ageing shape prediction across the adult lifespan.","Bilingualism, Ageing, Language Comprehension, Prediction","Online and/or in-person sentence-completion study using Qualtrics; language-experience questionnaires; bilingual experience measures, cognitive-control tasks; behavioural data collection; quantitative analysis in R using mixed-effects models.",,Tamara Swaab- 92,"MSc Psychology,MSc Developmental Science & Neurodiversity",,"Brothers, T., Swaab, T. Y., & Traxler, M. J. (2015). Effects of prediction and contextual support on lexical processing: Prediction takes precedence. Cognition, 136, 135-149.
Dave, S., Brothers, T., Hoversten, L. J., Traxler, M. J., & Swaab, T. Y. (2021). Cognitive control mediates age-related changes in flexible anticipatory processing during listening comprehension. Brain research, 1768, 147573.",,,,"Basic experience with R and familiarity with mixed-effects models and Qualtrics would be helpful. Students should be comfortable interacting with participants from diverse linguistic, cultural and age backgrounds, and should have good interpersonal and communication skills. They should also be willing to develop more advanced statistical and experimental skills during the project.",Quantitative,Submitted and under review
"Project 66- Tamara Swaab- 92- ""How do meaningful gestures support l...""",How do meaningful gestures support language comprehension?,"Successful communication requires us to rapidly select and interpret words from among the thousands of words represented in our brains. This is a remarkable computational challenge that may be affected by increasing experience with more than one language. One way the brain makes comprehension more efficient is by using context to anticipate upcoming information. In face-to-face communication, that context comes not only from speech, but also from what we see: a speaker's facial movements and gestures can help us understand what is being said and may even allow us to predict what is coming next. This project will examine what meanings people assign to gestures (e.g., strumming gesture), how meaningful gestures contribute to prediction of specific words when combined with speech, and how meaningful gestures affect the processing and comprehension of subsequent information. We will also ask whether these effects vary across the adult lifespan and as a function of bilingual experience. The student will contribute to an ongoing programme of research examining how visual information and speech input work together to support efficient communication.",Multimodal language comprehension; gesture; speech; language prediction; bilingualism; ageing; individual differences;,"Online and/or in person experiments using videos of a virtual human making gestures. Participants will be asked about gesture meanings, complete sentence fragments presented with and without gesture, and provide measures of bilingual experience and cognitive control. Data will be analysed in R using response probabilities, informativeness measures, and mixed-effects models where appropriate.",,Tamara Swaab- 92,"MSc Developmental Science & Neurodiversity,MSc Psychology",,"Holler, J., Kendrick, K. H., & Levinson, S. C. (2018). Processing language in face-to-face conversation: Questions with gestures get faster responses. Psychonomic bulletin & review, 25(5), 1900-1908.
Schubotz, L., Holler, J., Drijvers, L., & Özyürek, A. (2021). Aging and working memory modulate the ability to benefit from visible speech and iconic gestures during speech-in-noise comprehension. Psychological Research, 85(5), 1997-2011.",,,,"Basic experience with R and familiarity with mixed-effects modelling is helpful. Students should have good organisational and communication skills, be comfortable interacting with participants from diverse linguistic, cultural and age backgrounds, and be willing to develop skills in quantitative analysis and experimental design.",Quantitative,Submitted and under review
"Project 47- Wieske van Zoest- 82- ""Visual cues in attention...""",Visual cues in attention,"
Humans are remarkably sensitive to the spatial cues around them, from a simple arrow or the word “LEFT” to the subtle shift of someone’s gaze or the direction of a pointing hand. These visual cues act like silent guides, steering our attention and helping us react more quickly and accurately to what’s happening in our surroundings. But not everyone responds to these cues in the same way. Factors like gender, dominance, race, emotional state, neurodiversity, and cognitive load shape how we interpret and act on these signals.

Moreover, not all cues are created equal: while some, like gaze direction, tap into largely automatic processes, others such as symbolic arrows rely on learned associations and may engage different cognitive processes. Additionally, it turns out that these visual cues don’t operate in isolation. They often interact with sounds and other sensory input, creating complex, cross-modal effects that further influence perception.

This research project aims to uncover how and why people process visual cues differently, and what this reveals about the hidden biases shaping our perception. ","Visual attention, cognition, individual differences","Behavioural methods (like reaction time), questionnaires, possibly eye movements",,Wieske van Zoest- 82,"MSc Psychology,MSc Psychology CONVERSION,""MSc Philosophy, Mental Health and Psychology"",MSc Developmental Science & Neurodiversity",,"Van Zoest, W., & Higgins, A. (2026). Pointing over gaze: how saliency, proximity, and context shape spatial attention to embodied cues. Psychological Research, 90(1), 26.

Lu, Z., & van Zoest, W. (2023). Combining social cues in attention: Looking at gaze, head, and pointing cues. Attention, Perception, & Psychophysics, 85(4), 1021-1033.

Langton, S. R., Watt, R. J., & Bruce, V. (2000). Do the eyes have it? Cues to the direction of social attention. Trends in cognitive sciences, 4(2), 50-59.

Frischen, A., Bayliss, A. P., & Tipper, S. P. (2007). Gaze cueing of attention: visual attention, social cognition, and individual differences. Psychological bulletin, 133(4), 694.

Dalmaso, Mario, Luigi Castelli, and Giovanni Galfano. ""Social modulators of gaze-mediated orienting of attention: A review."" Psychonomic Bulletin & Review 27 (2020): 833-855.",,Experimenting in OpenSesame,Data Science for Brain and Behaviour (Python/ Jupiter notebooks),,Quantitative,Approved
