category_emoji,category_value,category_label,niche_emoji,niche_value,niche_label,product
🤖,ai-machine-learning,AI & Machine Learning,🧠,neural-network,Neural Network,Dense Layer NN
🤖,ai-machine-learning,AI & Machine Learning,🧠,neural-network,Neural Network,Conv Layer NN
🤖,ai-machine-learning,AI & Machine Learning,🧠,neural-network,Neural Network,Pooling Layer NN
🤖,ai-machine-learning,AI & Machine Learning,🧠,neural-network,Neural Network,Max Pool NN
🤖,ai-machine-learning,AI & Machine Learning,🧠,neural-network,Neural Network,Avg Pool NN
🤖,ai-machine-learning,AI & Machine Learning,🧠,neural-network,Neural Network,Flatten Layer NN
🤖,ai-machine-learning,AI & Machine Learning,🧠,neural-network,Neural Network,Activation Layer
🤖,ai-machine-learning,AI & Machine Learning,🧠,neural-network,Neural Network,ReLU Activation
🤖,ai-machine-learning,AI & Machine Learning,🧠,neural-network,Neural Network,Sigmoid Activate
🤖,ai-machine-learning,AI & Machine Learning,🧠,neural-network,Neural Network,Tanh Activation NN
🤖,ai-machine-learning,AI & Machine Learning,🧠,neural-network,Neural Network,Softmax Layer NN
🤖,ai-machine-learning,AI & Machine Learning,🧠,neural-network,Neural Network,Batch Norm Layer
🤖,ai-machine-learning,AI & Machine Learning,🧠,neural-network,Neural Network,Layer Norm NN
🤖,ai-machine-learning,AI & Machine Learning,🧠,neural-network,Neural Network,Dropout Layer NN
🤖,ai-machine-learning,AI & Machine Learning,🧠,neural-network,Neural Network,Loss Function NN
🤖,ai-machine-learning,AI & Machine Learning,🧠,neural-network,Neural Network,Cross Entropy Loss
🤖,ai-machine-learning,AI & Machine Learning,🧠,neural-network,Neural Network,MSE Loss NN
🤖,ai-machine-learning,AI & Machine Learning,🧠,neural-network,Neural Network,MAE Loss NN
🤖,ai-machine-learning,AI & Machine Learning,🧠,neural-network,Neural Network,Huber Loss NN
🤖,ai-machine-learning,AI & Machine Learning,🧠,neural-network,Neural Network,KL Divergence NN
🤖,ai-machine-learning,AI & Machine Learning,🧠,neural-network,Neural Network,Optimizer NN
🤖,ai-machine-learning,AI & Machine Learning,🧠,neural-network,Neural Network,SGD Optimizer NN
🤖,ai-machine-learning,AI & Machine Learning,🧠,neural-network,Neural Network,Adam Optimizer NN
🤖,ai-machine-learning,AI & Machine Learning,🧠,neural-network,Neural Network,RMSprop Optimizer
🤖,ai-machine-learning,AI & Machine Learning,🧠,neural-network,Neural Network,Adagrad NN
🤖,ai-machine-learning,AI & Machine Learning,🧠,neural-network,Neural Network,Gradient Clipping
🤖,ai-machine-learning,AI & Machine Learning,🧠,neural-network,Neural Network,Weight Init NN
🤖,ai-machine-learning,AI & Machine Learning,🧠,neural-network,Neural Network,Xavier Init NN
🤖,ai-machine-learning,AI & Machine Learning,🧠,neural-network,Neural Network,He Init NN
🤖,ai-machine-learning,AI & Machine Learning,🧠,neural-network,Neural Network,Glorot Init NN
🤖,ai-machine-learning,AI & Machine Learning,📷,computer-vision,Computer Vision,Image Classifier CV
🤖,ai-machine-learning,AI & Machine Learning,📷,computer-vision,Computer Vision,Object Detector CV
🤖,ai-machine-learning,AI & Machine Learning,📷,computer-vision,Computer Vision,YOLO Clone CV
🤖,ai-machine-learning,AI & Machine Learning,📷,computer-vision,Computer Vision,SSD Clone CV
🤖,ai-machine-learning,AI & Machine Learning,📷,computer-vision,Computer Vision,Faster R CNN CV
🤖,ai-machine-learning,AI & Machine Learning,📷,computer-vision,Computer Vision,Semantic Segment
🤖,ai-machine-learning,AI & Machine Learning,📷,computer-vision,Computer Vision,UNet Clone CV
🤖,ai-machine-learning,AI & Machine Learning,📷,computer-vision,Computer Vision,FCN Clone CV
🤖,ai-machine-learning,AI & Machine Learning,📷,computer-vision,Computer Vision,Instance Segment
🤖,ai-machine-learning,AI & Machine Learning,📷,computer-vision,Computer Vision,Mask R CNN Clone
🤖,ai-machine-learning,AI & Machine Learning,📷,computer-vision,Computer Vision,Keypoint Detect
🤖,ai-machine-learning,AI & Machine Learning,📷,computer-vision,Computer Vision,Pose Estimator CV
🤖,ai-machine-learning,AI & Machine Learning,📷,computer-vision,Computer Vision,Face Detector CV
🤖,ai-machine-learning,AI & Machine Learning,📷,computer-vision,Computer Vision,Face Recognizer CV
🤖,ai-machine-learning,AI & Machine Learning,📷,computer-vision,Computer Vision,Face Landmark CV
🤖,ai-machine-learning,AI & Machine Learning,📷,computer-vision,Computer Vision,Image Embedding
🤖,ai-machine-learning,AI & Machine Learning,📷,computer-vision,Computer Vision,Siamese Network CV
🤖,ai-machine-learning,AI & Machine Learning,📷,computer-vision,Computer Vision,Contrastive Learn
🤖,ai-machine-learning,AI & Machine Learning,📷,computer-vision,Computer Vision,Triplet Loss CV
🤖,ai-machine-learning,AI & Machine Learning,📷,computer-vision,Computer Vision,Feature Match CV
🤖,ai-machine-learning,AI & Machine Learning,📷,computer-vision,Computer Vision,Image Registration
🤖,ai-machine-learning,AI & Machine Learning,📷,computer-vision,Computer Vision,Optical Flow CV
🤖,ai-machine-learning,AI & Machine Learning,📷,computer-vision,Computer Vision,Stereo Matching CV
🤖,ai-machine-learning,AI & Machine Learning,📷,computer-vision,Computer Vision,Depth Estimator CV
🤖,ai-machine-learning,AI & Machine Learning,📷,computer-vision,Computer Vision,Point Cloud CV
🤖,ai-machine-learning,AI & Machine Learning,📷,computer-vision,Computer Vision,Voxel Grid CV
🤖,ai-machine-learning,AI & Machine Learning,📷,computer-vision,Computer Vision,Convolution CV Impl
🤖,ai-machine-learning,AI & Machine Learning,📷,computer-vision,Computer Vision,Im2Col CV Impl
🤖,ai-machine-learning,AI & Machine Learning,📷,computer-vision,Computer Vision,Separable Conv CV
🤖,ai-machine-learning,AI & Machine Learning,📷,computer-vision,Computer Vision,Dilated Conv CV
🤖,ai-machine-learning,AI & Machine Learning,🗣️,natural-language-processing,Natural Language Processing,Word Tokenizer NLP
🤖,ai-machine-learning,AI & Machine Learning,🗣️,natural-language-processing,Natural Language Processing,Sentence Tokenize
🤖,ai-machine-learning,AI & Machine Learning,🗣️,natural-language-processing,Natural Language Processing,Byte Pair Encoding
🤖,ai-machine-learning,AI & Machine Learning,🗣️,natural-language-processing,Natural Language Processing,WordPiece Token
🤖,ai-machine-learning,AI & Machine Learning,🗣️,natural-language-processing,Natural Language Processing,Unigram Token NLP
🤖,ai-machine-learning,AI & Machine Learning,🗣️,natural-language-processing,Natural Language Processing,SentencePiece NLP
🤖,ai-machine-learning,AI & Machine Learning,🗣️,natural-language-processing,Natural Language Processing,Stemmer NLP
🤖,ai-machine-learning,AI & Machine Learning,🗣️,natural-language-processing,Natural Language Processing,Porter Stemmer NLP
🤖,ai-machine-learning,AI & Machine Learning,🗣️,natural-language-processing,Natural Language Processing,Lancaster Stemmer
🤖,ai-machine-learning,AI & Machine Learning,🗣️,natural-language-processing,Natural Language Processing,Lemmatizer NLP
🤖,ai-machine-learning,AI & Machine Learning,🗣️,natural-language-processing,Natural Language Processing,Stop Word NLP
🤖,ai-machine-learning,AI & Machine Learning,🗣️,natural-language-processing,Natural Language Processing,POS Tagger NLP
🤖,ai-machine-learning,AI & Machine Learning,🗣️,natural-language-processing,Natural Language Processing,NER Tagger NLP
🤖,ai-machine-learning,AI & Machine Learning,🗣️,natural-language-processing,Natural Language Processing,Chunk Parser NLP
🤖,ai-machine-learning,AI & Machine Learning,🗣️,natural-language-processing,Natural Language Processing,Constituency Parse
🤖,ai-machine-learning,AI & Machine Learning,🗣️,natural-language-processing,Natural Language Processing,Dependency Parse
🤖,ai-machine-learning,AI & Machine Learning,🗣️,natural-language-processing,Natural Language Processing,Bag of Words NLP
🤖,ai-machine-learning,AI & Machine Learning,🗣️,natural-language-processing,Natural Language Processing,TF IDF Vectorizer
🤖,ai-machine-learning,AI & Machine Learning,🗣️,natural-language-processing,Natural Language Processing,Word2Vec Clone NLP
🤖,ai-machine-learning,AI & Machine Learning,🗣️,natural-language-processing,Natural Language Processing,GloVe Clone NLP
🤖,ai-machine-learning,AI & Machine Learning,🗣️,natural-language-processing,Natural Language Processing,FastText Clone NLP
🤖,ai-machine-learning,AI & Machine Learning,🗣️,natural-language-processing,Natural Language Processing,Embedding Layer NLP
🤖,ai-machine-learning,AI & Machine Learning,🗣️,natural-language-processing,Natural Language Processing,Attention Layer NLP
🤖,ai-machine-learning,AI & Machine Learning,🗣️,natural-language-processing,Natural Language Processing,Self Attention NLP
🤖,ai-machine-learning,AI & Machine Learning,🗣️,natural-language-processing,Natural Language Processing,Multi Head Attn
🤖,ai-machine-learning,AI & Machine Learning,🗣️,natural-language-processing,Natural Language Processing,Positional Encoding
🤖,ai-machine-learning,AI & Machine Learning,🗣️,natural-language-processing,Natural Language Processing,Transformer Encoder
🤖,ai-machine-learning,AI & Machine Learning,🗣️,natural-language-processing,Natural Language Processing,Transformer Decoder
🤖,ai-machine-learning,AI & Machine Learning,🗣️,natural-language-processing,Natural Language Processing,Seq2Seq Model NLP
🤖,ai-machine-learning,AI & Machine Learning,🗣️,natural-language-processing,Natural Language Processing,Beam Search NLP
🤖,ai-machine-learning,AI & Machine Learning,🧠,deep-learning-framework,Deep Learning Framework,Tensor Op Graph
🤖,ai-machine-learning,AI & Machine Learning,🧠,deep-learning-framework,Deep Learning Framework,Autograd Engine
🤖,ai-machine-learning,AI & Machine Learning,🧠,deep-learning-framework,Deep Learning Framework,Backward Pass DL
🤖,ai-machine-learning,AI & Machine Learning,🧠,deep-learning-framework,Deep Learning Framework,Gradient Tape DL
🤖,ai-machine-learning,AI & Machine Learning,🧠,deep-learning-framework,Deep Learning Framework,Tensor DLF
🤖,ai-machine-learning,AI & Machine Learning,🧠,deep-learning-framework,Deep Learning Framework,Variable DLF
🤖,ai-machine-learning,AI & Machine Learning,🧠,deep-learning-framework,Deep Learning Framework,Parameter DLF
🤖,ai-machine-learning,AI & Machine Learning,🧠,deep-learning-framework,Deep Learning Framework,Module DLF
🤖,ai-machine-learning,AI & Machine Learning,🧠,deep-learning-framework,Deep Learning Framework,Sequential DLF
🤖,ai-machine-learning,AI & Machine Learning,🧠,deep-learning-framework,Deep Learning Framework,DataLoader DLF
🤖,ai-machine-learning,AI & Machine Learning,🧠,deep-learning-framework,Deep Learning Framework,Dataset DLF
🤖,ai-machine-learning,AI & Machine Learning,🧠,deep-learning-framework,Deep Learning Framework,Sampler DLF
🤖,ai-machine-learning,AI & Machine Learning,🧠,deep-learning-framework,Deep Learning Framework,Batch Sampler DLF
🤖,ai-machine-learning,AI & Machine Learning,🧠,deep-learning-framework,Deep Learning Framework,Transform DLF
🤖,ai-machine-learning,AI & Machine Learning,🧠,deep-learning-framework,Deep Learning Framework,Compose Transform
🤖,ai-machine-learning,AI & Machine Learning,🧠,deep-learning-framework,Deep Learning Framework,Normalize Tensor
🤖,ai-machine-learning,AI & Machine Learning,🧠,deep-learning-framework,Deep Learning Framework,One Hot Encode DL
🤖,ai-machine-learning,AI & Machine Learning,🧠,deep-learning-framework,Deep Learning Framework,Pad Sequence DLF
🤖,ai-machine-learning,AI & Machine Learning,🧠,deep-learning-framework,Deep Learning Framework,Collate DLF
🤖,ai-machine-learning,AI & Machine Learning,🧠,deep-learning-framework,Deep Learning Framework,Train Loop DLF
🤖,ai-machine-learning,AI & Machine Learning,🧠,deep-learning-framework,Deep Learning Framework,Validation Loop DLF
🤖,ai-machine-learning,AI & Machine Learning,🧠,deep-learning-framework,Deep Learning Framework,Checkpoint DLF
🤖,ai-machine-learning,AI & Machine Learning,🧠,deep-learning-framework,Deep Learning Framework,Model Save DLF
🤖,ai-machine-learning,AI & Machine Learning,🧠,deep-learning-framework,Deep Learning Framework,Model Load DLF
🤖,ai-machine-learning,AI & Machine Learning,🧠,deep-learning-framework,Deep Learning Framework,Summary DLF
🤖,ai-machine-learning,AI & Machine Learning,🧠,deep-learning-framework,Deep Learning Framework,Graph Vis DLF
🤖,ai-machine-learning,AI & Machine Learning,🧠,deep-learning-framework,Deep Learning Framework,Profiler DLF
🤖,ai-machine-learning,AI & Machine Learning,🧠,deep-learning-framework,Deep Learning Framework,Mixed Precision DL
🤖,ai-machine-learning,AI & Machine Learning,🧠,deep-learning-framework,Deep Learning Framework,Gradient Accumulate
🤖,ai-machine-learning,AI & Machine Learning,🧠,deep-learning-framework,Deep Learning Framework,Distributed DLF
🤖,ai-machine-learning,AI & Machine Learning,📖,language-model,Language Model,N Gram LM
🤖,ai-machine-learning,AI & Machine Learning,📖,language-model,Language Model,Smoothing LM
🤖,ai-machine-learning,AI & Machine Learning,📖,language-model,Language Model,Add K Smooth LM
🤖,ai-machine-learning,AI & Machine Learning,📖,language-model,Language Model,Kneser Ney Smooth
🤖,ai-machine-learning,AI & Machine Learning,📖,language-model,Language Model,Witten Bell Smooth
🤖,ai-machine-learning,AI & Machine Learning,📖,language-model,Language Model,Good Turing Smooth
🤖,ai-machine-learning,AI & Machine Learning,📖,language-model,Language Model,RNN LM
🤖,ai-machine-learning,AI & Machine Learning,📖,language-model,Language Model,LSTM LM
🤖,ai-machine-learning,AI & Machine Learning,📖,language-model,Language Model,GRU LM
🤖,ai-machine-learning,AI & Machine Learning,📖,language-model,Language Model,Bidirectional RNN
🤖,ai-machine-learning,AI & Machine Learning,📖,language-model,Language Model,Transformer LM
🤖,ai-machine-learning,AI & Machine Learning,📖,language-model,Language Model,GPT Clone LM
🤖,ai-machine-learning,AI & Machine Learning,📖,language-model,Language Model,BERT Clone LM
🤖,ai-machine-learning,AI & Machine Learning,📖,language-model,Language Model,RoBERTa Clone LM
🤖,ai-machine-learning,AI & Machine Learning,📖,language-model,Language Model,ALBERT Clone LM
🤖,ai-machine-learning,AI & Machine Learning,📖,language-model,Language Model,DistilBERT Clone LM
🤖,ai-machine-learning,AI & Machine Learning,📖,language-model,Language Model,T5 Clone LM
🤖,ai-machine-learning,AI & Machine Learning,📖,language-model,Language Model,BART Clone LM
🤖,ai-machine-learning,AI & Machine Learning,📖,language-model,Language Model,XLNet Clone LM
🤖,ai-machine-learning,AI & Machine Learning,📖,language-model,Language Model,Electra Clone LM
🤖,ai-machine-learning,AI & Machine Learning,📖,language-model,Language Model,LLaMA Clone LM
🤖,ai-machine-learning,AI & Machine Learning,📖,language-model,Language Model,Mistral Clone LM
🤖,ai-machine-learning,AI & Machine Learning,📖,language-model,Language Model,Falcon Clone LM
🤖,ai-machine-learning,AI & Machine Learning,📖,language-model,Language Model,Gemma Clone LM
🤖,ai-machine-learning,AI & Machine Learning,📖,language-model,Language Model,Prompt LM
🤖,ai-machine-learning,AI & Machine Learning,📖,language-model,Language Model,Completion LM
🤖,ai-machine-learning,AI & Machine Learning,📖,language-model,Language Model,Logits Processor
🤖,ai-machine-learning,AI & Machine Learning,📖,language-model,Language Model,Temperature Sample
🤖,ai-machine-learning,AI & Machine Learning,📖,language-model,Language Model,Top K Sampling LM
🤖,ai-machine-learning,AI & Machine Learning,📖,language-model,Language Model,Top P Nucleus LM
🤖,ai-machine-learning,AI & Machine Learning,🎤,speech-recognition,Speech Recognition,MFCC Feature SR
🤖,ai-machine-learning,AI & Machine Learning,🎤,speech-recognition,Speech Recognition,Mel Spectrogram
🤖,ai-machine-learning,AI & Machine Learning,🎤,speech-recognition,Speech Recognition,Filter Bank SR
🤖,ai-machine-learning,AI & Machine Learning,🎤,speech-recognition,Speech Recognition,Frame Signal SR
🤖,ai-machine-learning,AI & Machine Learning,🎤,speech-recognition,Speech Recognition,Window Signal SR
🤖,ai-machine-learning,AI & Machine Learning,🎤,speech-recognition,Speech Recognition,Hamming Window SR
🤖,ai-machine-learning,AI & Machine Learning,🎤,speech-recognition,Speech Recognition,Hanning Window SR
🤖,ai-machine-learning,AI & Machine Learning,🎤,speech-recognition,Speech Recognition,STFT SR
🤖,ai-machine-learning,AI & Machine Learning,🎤,speech-recognition,Speech Recognition,VAD SR
🤖,ai-machine-learning,AI & Machine Learning,🎤,speech-recognition,Speech Recognition,Energy VAD SR
🤖,ai-machine-learning,AI & Machine Learning,🎤,speech-recognition,Speech Recognition,Zero Crossing VAD
🤖,ai-machine-learning,AI & Machine Learning,🎤,speech-recognition,Speech Recognition,DeepSpeech Clone
🤖,ai-machine-learning,AI & Machine Learning,🎤,speech-recognition,Speech Recognition,Listen Attend Spell
🤖,ai-machine-learning,AI & Machine Learning,🎤,speech-recognition,Speech Recognition,CTC Decoder SR
🤖,ai-machine-learning,AI & Machine Learning,🎤,speech-recognition,Speech Recognition,Greedy Decode CTC
🤖,ai-machine-learning,AI & Machine Learning,🎤,speech-recognition,Speech Recognition,Beam Search CTC
🤖,ai-machine-learning,AI & Machine Learning,🎤,speech-recognition,Speech Recognition,RNN T SR
🤖,ai-machine-learning,AI & Machine Learning,🎤,speech-recognition,Speech Recognition,LAS SR Model
🤖,ai-machine-learning,AI & Machine Learning,🎤,speech-recognition,Speech Recognition,Wav2Vec Clone SR
🤖,ai-machine-learning,AI & Machine Learning,🎤,speech-recognition,Speech Recognition,HuBERT Clone SR
🤖,ai-machine-learning,AI & Machine Learning,🎤,speech-recognition,Speech Recognition,Whisper Clone SR
🤖,ai-machine-learning,AI & Machine Learning,🎤,speech-recognition,Speech Recognition,Phoneme Recognizer
🤖,ai-machine-learning,AI & Machine Learning,🎤,speech-recognition,Speech Recognition,Language ID SR
🤖,ai-machine-learning,AI & Machine Learning,🎤,speech-recognition,Speech Recognition,Speaker Diarization
🤖,ai-machine-learning,AI & Machine Learning,🎤,speech-recognition,Speech Recognition,Speaker Embedding
🤖,ai-machine-learning,AI & Machine Learning,🎤,speech-recognition,Speech Recognition,i Vector SR
🤖,ai-machine-learning,AI & Machine Learning,🎤,speech-recognition,Speech Recognition,x Vector SR
🤖,ai-machine-learning,AI & Machine Learning,🎤,speech-recognition,Speech Recognition,d Vector SR
🤖,ai-machine-learning,AI & Machine Learning,🎤,speech-recognition,Speech Recognition,Endpointer SR
🤖,ai-machine-learning,AI & Machine Learning,🎤,speech-recognition,Speech Recognition,Keyword Spotting
🤖,ai-machine-learning,AI & Machine Learning,📊,data-preprocessing,Data Preprocessing,Data Loader DP
🤖,ai-machine-learning,AI & Machine Learning,📊,data-preprocessing,Data Preprocessing,CSV Reader DP
🤖,ai-machine-learning,AI & Machine Learning,📊,data-preprocessing,Data Preprocessing,JSON Reader DP
🤖,ai-machine-learning,AI & Machine Learning,📊,data-preprocessing,Data Preprocessing,Parquet Reader DP
🤖,ai-machine-learning,AI & Machine Learning,📊,data-preprocessing,Data Preprocessing,Feature Scaler DP
🤖,ai-machine-learning,AI & Machine Learning,📊,data-preprocessing,Data Preprocessing,Standard Scaler DP
🤖,ai-machine-learning,AI & Machine Learning,📊,data-preprocessing,Data Preprocessing,MinMax Scaler DP
🤖,ai-machine-learning,AI & Machine Learning,📊,data-preprocessing,Data Preprocessing,Robust Scaler DP
🤖,ai-machine-learning,AI & Machine Learning,📊,data-preprocessing,Data Preprocessing,Normalizer DP
🤖,ai-machine-learning,AI & Machine Learning,📊,data-preprocessing,Data Preprocessing,Label Encoder DP
🤖,ai-machine-learning,AI & Machine Learning,📊,data-preprocessing,Data Preprocessing,One Hot Encoder DP
🤖,ai-machine-learning,AI & Machine Learning,📊,data-preprocessing,Data Preprocessing,Ordinal Encoder DP
🤖,ai-machine-learning,AI & Machine Learning,📊,data-preprocessing,Data Preprocessing,Binary Encoder DP
🤖,ai-machine-learning,AI & Machine Learning,📊,data-preprocessing,Data Preprocessing,Target Encoder DP
🤖,ai-machine-learning,AI & Machine Learning,📊,data-preprocessing,Data Preprocessing,Frequency Encoder DP
🤖,ai-machine-learning,AI & Machine Learning,📊,data-preprocessing,Data Preprocessing,Imputer DP
🤖,ai-machine-learning,AI & Machine Learning,📊,data-preprocessing,Data Preprocessing,Mean Imputer DP
🤖,ai-machine-learning,AI & Machine Learning,📊,data-preprocessing,Data Preprocessing,Median Imputer DP
🤖,ai-machine-learning,AI & Machine Learning,📊,data-preprocessing,Data Preprocessing,Mode Imputer DP
🤖,ai-machine-learning,AI & Machine Learning,📊,data-preprocessing,Data Preprocessing,KNN Imputer DP
🤖,ai-machine-learning,AI & Machine Learning,📊,data-preprocessing,Data Preprocessing,Outlier Detector DP
🤖,ai-machine-learning,AI & Machine Learning,📊,data-preprocessing,Data Preprocessing,Z Score Outlier DP
🤖,ai-machine-learning,AI & Machine Learning,📊,data-preprocessing,Data Preprocessing,IQR Outlier DP
🤖,ai-machine-learning,AI & Machine Learning,📊,data-preprocessing,Data Preprocessing,Isolation Forest DP
🤖,ai-machine-learning,AI & Machine Learning,📊,data-preprocessing,Data Preprocessing,Feature Select DP
🤖,ai-machine-learning,AI & Machine Learning,📊,data-preprocessing,Data Preprocessing,Variance Threshold
🤖,ai-machine-learning,AI & Machine Learning,📊,data-preprocessing,Data Preprocessing,Chi Squared Select
🤖,ai-machine-learning,AI & Machine Learning,📊,data-preprocessing,Data Preprocessing,Mutual Info Select
🤖,ai-machine-learning,AI & Machine Learning,📊,data-preprocessing,Data Preprocessing,PCA DP
🤖,ai-machine-learning,AI & Machine Learning,📊,data-preprocessing,Data Preprocessing,t SNE DP
🤖,ai-machine-learning,AI & Machine Learning,📈,model-evaluation,Model Evaluation,Accuracy Metric ME
🤖,ai-machine-learning,AI & Machine Learning,📈,model-evaluation,Model Evaluation,Precision Metric
🤖,ai-machine-learning,AI & Machine Learning,📈,model-evaluation,Model Evaluation,Recall Metric ME
🤖,ai-machine-learning,AI & Machine Learning,📈,model-evaluation,Model Evaluation,F1 Score Metric
🤖,ai-machine-learning,AI & Machine Learning,📈,model-evaluation,Model Evaluation,ROC AUC Metric
🤖,ai-machine-learning,AI & Machine Learning,📈,model-evaluation,Model Evaluation,PR AUC Metric ME
🤖,ai-machine-learning,AI & Machine Learning,📈,model-evaluation,Model Evaluation,Confusion Matrix
🤖,ai-machine-learning,AI & Machine Learning,📈,model-evaluation,Model Evaluation,Classification Rep
🤖,ai-machine-learning,AI & Machine Learning,📈,model-evaluation,Model Evaluation,Regression Metric
🤖,ai-machine-learning,AI & Machine Learning,📈,model-evaluation,Model Evaluation,R2 Score Metric
🤖,ai-machine-learning,AI & Machine Learning,📈,model-evaluation,Model Evaluation,MAE Metric ME
🤖,ai-machine-learning,AI & Machine Learning,📈,model-evaluation,Model Evaluation,MSE Metric ME
🤖,ai-machine-learning,AI & Machine Learning,📈,model-evaluation,Model Evaluation,RMSE Metric ME
🤖,ai-machine-learning,AI & Machine Learning,📈,model-evaluation,Model Evaluation,MAPE Metric ME
🤖,ai-machine-learning,AI & Machine Learning,📈,model-evaluation,Model Evaluation,Log Loss Metric
🤖,ai-machine-learning,AI & Machine Learning,📈,model-evaluation,Model Evaluation,Cross Validation ME
🤖,ai-machine-learning,AI & Machine Learning,📈,model-evaluation,Model Evaluation,KFold CV
🤖,ai-machine-learning,AI & Machine Learning,📈,model-evaluation,Model Evaluation,Stratified KFold
🤖,ai-machine-learning,AI & Machine Learning,📈,model-evaluation,Model Evaluation,Leave One Out CV
🤖,ai-machine-learning,AI & Machine Learning,📈,model-evaluation,Model Evaluation,Shuffle Split CV
🤖,ai-machine-learning,AI & Machine Learning,📈,model-evaluation,Model Evaluation,Group KFold CV
🤖,ai-machine-learning,AI & Machine Learning,📈,model-evaluation,Model Evaluation,Hyperparameter Tune
🤖,ai-machine-learning,AI & Machine Learning,📈,model-evaluation,Model Evaluation,Grid Search CV
🤖,ai-machine-learning,AI & Machine Learning,📈,model-evaluation,Model Evaluation,Random Search CV
🤖,ai-machine-learning,AI & Machine Learning,📈,model-evaluation,Model Evaluation,Bayesian Opt CV
🤖,ai-machine-learning,AI & Machine Learning,📈,model-evaluation,Model Evaluation,Halving Grid CV
🤖,ai-machine-learning,AI & Machine Learning,📈,model-evaluation,Model Evaluation,Halving Random CV
🤖,ai-machine-learning,AI & Machine Learning,📈,model-evaluation,Model Evaluation,Learning Curve ME
🤖,ai-machine-learning,AI & Machine Learning,📈,model-evaluation,Model Evaluation,Validation Curve
🤖,ai-machine-learning,AI & Machine Learning,📈,model-evaluation,Model Evaluation,Feature Importance
🤖,ai-machine-learning,AI & Machine Learning,🧪,experiment-tracking,Experiment Tracking,Experiment ET
🤖,ai-machine-learning,AI & Machine Learning,🧪,experiment-tracking,Experiment Tracking,Run Manager ET
🤖,ai-machine-learning,AI & Machine Learning,🧪,experiment-tracking,Experiment Tracking,Param Logger ET
🤖,ai-machine-learning,AI & Machine Learning,🧪,experiment-tracking,Experiment Tracking,Metric Logger ET
🤖,ai-machine-learning,AI & Machine Learning,🧪,experiment-tracking,Experiment Tracking,Artifact Logger ET
🤖,ai-machine-learning,AI & Machine Learning,🧪,experiment-tracking,Experiment Tracking,Model Registry ET
🤖,ai-machine-learning,AI & Machine Learning,🧪,experiment-tracking,Experiment Tracking,Model Version ET
🤖,ai-machine-learning,AI & Machine Learning,🧪,experiment-tracking,Experiment Tracking,Stage ET
🤖,ai-machine-learning,AI & Machine Learning,🧪,experiment-tracking,Experiment Tracking,Staging ET
🤖,ai-machine-learning,AI & Machine Learning,🧪,experiment-tracking,Experiment Tracking,Production ET ET
🤖,ai-machine-learning,AI & Machine Learning,🧪,experiment-tracking,Experiment Tracking,Dashboard ET
🤖,ai-machine-learning,AI & Machine Learning,🧪,experiment-tracking,Experiment Tracking,Compare Runs ET
🤖,ai-machine-learning,AI & Machine Learning,🧪,experiment-tracking,Experiment Tracking,Parallel Compare
🤖,ai-machine-learning,AI & Machine Learning,🧪,experiment-tracking,Experiment Tracking,Table Compare ET
🤖,ai-machine-learning,AI & Machine Learning,🧪,experiment-tracking,Experiment Tracking,Param Search ET
🤖,ai-machine-learning,AI & Machine Learning,🧪,experiment-tracking,Experiment Tracking,Best Run ET
🤖,ai-machine-learning,AI & Machine Learning,🧪,experiment-tracking,Experiment Tracking,Tag Run ET
🤖,ai-machine-learning,AI & Machine Learning,🧪,experiment-tracking,Experiment Tracking,Note Run ET
🤖,ai-machine-learning,AI & Machine Learning,🧪,experiment-tracking,Experiment Tracking,Description ET
🤖,ai-machine-learning,AI & Machine Learning,🧪,experiment-tracking,Experiment Tracking,Source Code ET
🤖,ai-machine-learning,AI & Machine Learning,🧪,experiment-tracking,Experiment Tracking,Git Commit ET
🤖,ai-machine-learning,AI & Machine Learning,🧪,experiment-tracking,Experiment Tracking,Diff ET
🤖,ai-machine-learning,AI & Machine Learning,🧪,experiment-tracking,Experiment Tracking,Environment ET
🤖,ai-machine-learning,AI & Machine Learning,🧪,experiment-tracking,Experiment Tracking,Dependencies ET
🤖,ai-machine-learning,AI & Machine Learning,🧪,experiment-tracking,Experiment Tracking,Dataset ET
🤖,ai-machine-learning,AI & Machine Learning,🧪,experiment-tracking,Experiment Tracking,Seed ET
🤖,ai-machine-learning,AI & Machine Learning,🧪,experiment-tracking,Experiment Tracking,Reproducible ET
🤖,ai-machine-learning,AI & Machine Learning,🧪,experiment-tracking,Experiment Tracking,Download Artifact
🤖,ai-machine-learning,AI & Machine Learning,🧪,experiment-tracking,Experiment Tracking,Upload Artifact ET
🤖,ai-machine-learning,AI & Machine Learning,🧪,experiment-tracking,Experiment Tracking,API ET
🤖,ai-machine-learning,AI & Machine Learning,📚,recommendation-system,Recommendation System,Collaborative Filter
🤖,ai-machine-learning,AI & Machine Learning,📚,recommendation-system,Recommendation System,User Based CF
🤖,ai-machine-learning,AI & Machine Learning,📚,recommendation-system,Recommendation System,Item Based CF
🤖,ai-machine-learning,AI & Machine Learning,📚,recommendation-system,Recommendation System,Matrix Factorization RS
🤖,ai-machine-learning,AI & Machine Learning,📚,recommendation-system,Recommendation System,SVD RS Clone
🤖,ai-machine-learning,AI & Machine Learning,📚,recommendation-system,Recommendation System,SVDpp RS Clone
🤖,ai-machine-learning,AI & Machine Learning,📚,recommendation-system,Recommendation System,NMF RS Clone
🤖,ai-machine-learning,AI & Machine Learning,📚,recommendation-system,Recommendation System,Content Based RS
🤖,ai-machine-learning,AI & Machine Learning,📚,recommendation-system,Recommendation System,Feature Ext RS
🤖,ai-machine-learning,AI & Machine Learning,📚,recommendation-system,Recommendation System,TF IDF Content RS
🤖,ai-machine-learning,AI & Machine Learning,📚,recommendation-system,Recommendation System,Word2Vec Content
🤖,ai-machine-learning,AI & Machine Learning,📚,recommendation-system,Recommendation System,Hybrid RS
🤖,ai-machine-learning,AI & Machine Learning,📚,recommendation-system,Recommendation System,Weighted Hybrid RS
🤖,ai-machine-learning,AI & Machine Learning,📚,recommendation-system,Recommendation System,Cascade Hybrid RS
🤖,ai-machine-learning,AI & Machine Learning,📚,recommendation-system,Recommendation System,Feature Aug Hybrid
🤖,ai-machine-learning,AI & Machine Learning,📚,recommendation-system,Recommendation System,Popularity RS
🤖,ai-machine-learning,AI & Machine Learning,📚,recommendation-system,Recommendation System,Top N RS
🤖,ai-machine-learning,AI & Machine Learning,📚,recommendation-system,Recommendation System,Cold Start RS
🤖,ai-machine-learning,AI & Machine Learning,📚,recommendation-system,Recommendation System,Popularity Cold
🤖,ai-machine-learning,AI & Machine Learning,📚,recommendation-system,Recommendation System,Content Cold RS
🤖,ai-machine-learning,AI & Machine Learning,📚,recommendation-system,Recommendation System,Session Based RS
🤖,ai-machine-learning,AI & Machine Learning,📚,recommendation-system,Recommendation System,GRU4Rec RS Clone
🤖,ai-machine-learning,AI & Machine Learning,📚,recommendation-system,Recommendation System,SR GNN RS Clone
🤖,ai-machine-learning,AI & Machine Learning,📚,recommendation-system,Recommendation System,Sequential RS
🤖,ai-machine-learning,AI & Machine Learning,📚,recommendation-system,Recommendation System,Diversity RS
🤖,ai-machine-learning,AI & Machine Learning,📚,recommendation-system,Recommendation System,Serendipity RS
🤖,ai-machine-learning,AI & Machine Learning,📚,recommendation-system,Recommendation System,Novelty RS
🤖,ai-machine-learning,AI & Machine Learning,📚,recommendation-system,Recommendation System,Coverage RS
🤖,ai-machine-learning,AI & Machine Learning,📚,recommendation-system,Recommendation System,NDCG RS
🤖,ai-machine-learning,AI & Machine Learning,📚,recommendation-system,Recommendation System,MAP RS
🤖,ai-machine-learning,AI & Machine Learning,🎮,reinforcement-learning,Reinforcement Learning,Environment RL
🤖,ai-machine-learning,AI & Machine Learning,🎮,reinforcement-learning,Reinforcement Learning,Agent RL
🤖,ai-machine-learning,AI & Machine Learning,🎮,reinforcement-learning,Reinforcement Learning,Policy RL
🤖,ai-machine-learning,AI & Machine Learning,🎮,reinforcement-learning,Reinforcement Learning,Value Function RL
🤖,ai-machine-learning,AI & Machine Learning,🎮,reinforcement-learning,Reinforcement Learning,Q Learning RL
🤖,ai-machine-learning,AI & Machine Learning,🎮,reinforcement-learning,Reinforcement Learning,Deep Q Network RL
🤖,ai-machine-learning,AI & Machine Learning,🎮,reinforcement-learning,Reinforcement Learning,Double DQN RL
🤖,ai-machine-learning,AI & Machine Learning,🎮,reinforcement-learning,Reinforcement Learning,Dueling DQN RL
🤖,ai-machine-learning,AI & Machine Learning,🎮,reinforcement-learning,Reinforcement Learning,SARSA RL
🤖,ai-machine-learning,AI & Machine Learning,🎮,reinforcement-learning,Reinforcement Learning,Policy Gradient RL
🤖,ai-machine-learning,AI & Machine Learning,🎮,reinforcement-learning,Reinforcement Learning,REINFORCE RL
🤖,ai-machine-learning,AI & Machine Learning,🎮,reinforcement-learning,Reinforcement Learning,Actor Critic RL
🤖,ai-machine-learning,AI & Machine Learning,🎮,reinforcement-learning,Reinforcement Learning,A2C RL
🤖,ai-machine-learning,AI & Machine Learning,🎮,reinforcement-learning,Reinforcement Learning,A3C RL
🤖,ai-machine-learning,AI & Machine Learning,🎮,reinforcement-learning,Reinforcement Learning,PPO RL
🤖,ai-machine-learning,AI & Machine Learning,🎮,reinforcement-learning,Reinforcement Learning,TRPO RL
🤖,ai-machine-learning,AI & Machine Learning,🎮,reinforcement-learning,Reinforcement Learning,SAC RL
🤖,ai-machine-learning,AI & Machine Learning,🎮,reinforcement-learning,Reinforcement Learning,TD3 RL
🤖,ai-machine-learning,AI & Machine Learning,🎮,reinforcement-learning,Reinforcement Learning,DDPG RL
🤖,ai-machine-learning,AI & Machine Learning,🎮,reinforcement-learning,Reinforcement Learning,PPG RL
🤖,ai-machine-learning,AI & Machine Learning,🎮,reinforcement-learning,Reinforcement Learning,Reward Shaping RL
🤖,ai-machine-learning,AI & Machine Learning,🎮,reinforcement-learning,Reinforcement Learning,Discount Factor RL
🤖,ai-machine-learning,AI & Machine Learning,🎮,reinforcement-learning,Reinforcement Learning,Exploration Epsilon
🤖,ai-machine-learning,AI & Machine Learning,🎮,reinforcement-learning,Reinforcement Learning,Ornstein Uhlenbeck
🤖,ai-machine-learning,AI & Machine Learning,🎮,reinforcement-learning,Reinforcement Learning,Replay Buffer RL
🤖,ai-machine-learning,AI & Machine Learning,🎮,reinforcement-learning,Reinforcement Learning,Prioritized Replay
🤖,ai-machine-learning,AI & Machine Learning,🎮,reinforcement-learning,Reinforcement Learning,N Step Return RL
🤖,ai-machine-learning,AI & Machine Learning,🎮,reinforcement-learning,Reinforcement Learning,GAE RL
🤖,ai-machine-learning,AI & Machine Learning,🎮,reinforcement-learning,Reinforcement Learning,Model Based RL
🤖,ai-machine-learning,AI & Machine Learning,🎮,reinforcement-learning,Reinforcement Learning,Dyna RL
🤖,ai-machine-learning,AI & Machine Learning,🧬,genetic-algorithm,Genetic Algorithm,Chromosome GA
🤖,ai-machine-learning,AI & Machine Learning,🧬,genetic-algorithm,Genetic Algorithm,Population GA
🤖,ai-machine-learning,AI & Machine Learning,🧬,genetic-algorithm,Genetic Algorithm,Fitness Function
🤖,ai-machine-learning,AI & Machine Learning,🧬,genetic-algorithm,Genetic Algorithm,Selection GA
🤖,ai-machine-learning,AI & Machine Learning,🧬,genetic-algorithm,Genetic Algorithm,Roulette Wheel
🤖,ai-machine-learning,AI & Machine Learning,🧬,genetic-algorithm,Genetic Algorithm,Tournament Selection
🤖,ai-machine-learning,AI & Machine Learning,🧬,genetic-algorithm,Genetic Algorithm,Rank Selection GA
🤖,ai-machine-learning,AI & Machine Learning,🧬,genetic-algorithm,Genetic Algorithm,Elitism GA
🤖,ai-machine-learning,AI & Machine Learning,🧬,genetic-algorithm,Genetic Algorithm,Crossover GA
🤖,ai-machine-learning,AI & Machine Learning,🧬,genetic-algorithm,Genetic Algorithm,Single Point Cross
🤖,ai-machine-learning,AI & Machine Learning,🧬,genetic-algorithm,Genetic Algorithm,Two Point Cross GA
🤖,ai-machine-learning,AI & Machine Learning,🧬,genetic-algorithm,Genetic Algorithm,Uniform Cross GA
🤖,ai-machine-learning,AI & Machine Learning,🧬,genetic-algorithm,Genetic Algorithm,Arithmetic Cross
🤖,ai-machine-learning,AI & Machine Learning,🧬,genetic-algorithm,Genetic Algorithm,Mutation GA
🤖,ai-machine-learning,AI & Machine Learning,🧬,genetic-algorithm,Genetic Algorithm,Bit Flip Mut GA
🤖,ai-machine-learning,AI & Machine Learning,🧬,genetic-algorithm,Genetic Algorithm,Swap Mut GA
🤖,ai-machine-learning,AI & Machine Learning,🧬,genetic-algorithm,Genetic Algorithm,Scramble Mut GA
🤖,ai-machine-learning,AI & Machine Learning,🧬,genetic-algorithm,Genetic Algorithm,Inversion Mut GA
🤖,ai-machine-learning,AI & Machine Learning,🧬,genetic-algorithm,Genetic Algorithm,Gaussian Mut GA
🤖,ai-machine-learning,AI & Machine Learning,🧬,genetic-algorithm,Genetic Algorithm,Reinsertion GA
🤖,ai-machine-learning,AI & Machine Learning,🧬,genetic-algorithm,Genetic Algorithm,Generational GA
🤖,ai-machine-learning,AI & Machine Learning,🧬,genetic-algorithm,Genetic Algorithm,Steady State GA
🤖,ai-machine-learning,AI & Machine Learning,🧬,genetic-algorithm,Genetic Algorithm,NSGA II GA
🤖,ai-machine-learning,AI & Machine Learning,🧬,genetic-algorithm,Genetic Algorithm,MOGA GA
🤖,ai-machine-learning,AI & Machine Learning,🧬,genetic-algorithm,Genetic Algorithm,Gene Expression GA
🤖,ai-machine-learning,AI & Machine Learning,🧬,genetic-algorithm,Genetic Algorithm,GP GA
🤖,ai-machine-learning,AI & Machine Learning,🧬,genetic-algorithm,Genetic Algorithm,Island Model GA
🤖,ai-machine-learning,AI & Machine Learning,🧬,genetic-algorithm,Genetic Algorithm,Adaptive GA
🤖,ai-machine-learning,AI & Machine Learning,🧬,genetic-algorithm,Genetic Algorithm,Self Adaptive GA
🤖,ai-machine-learning,AI & Machine Learning,🧬,genetic-algorithm,Genetic Algorithm,Convergence GA
🤖,ai-machine-learning,AI & Machine Learning,📉,time-series-forecast,Time Series Forecast,AR Model TSF
🤖,ai-machine-learning,AI & Machine Learning,📉,time-series-forecast,Time Series Forecast,MA Model TSF
🤖,ai-machine-learning,AI & Machine Learning,📉,time-series-forecast,Time Series Forecast,ARMA Model TSF
🤖,ai-machine-learning,AI & Machine Learning,📉,time-series-forecast,Time Series Forecast,ARIMA Model TSF
🤖,ai-machine-learning,AI & Machine Learning,📉,time-series-forecast,Time Series Forecast,SARIMA Model TSF
🤖,ai-machine-learning,AI & Machine Learning,📉,time-series-forecast,Time Series Forecast,ARCH Model TSF
🤖,ai-machine-learning,AI & Machine Learning,📉,time-series-forecast,Time Series Forecast,GARCH Model TSF
🤖,ai-machine-learning,AI & Machine Learning,📉,time-series-forecast,Time Series Forecast,Exponential Smooth
🤖,ai-machine-learning,AI & Machine Learning,📉,time-series-forecast,Time Series Forecast,Simple Smooth TSF
🤖,ai-machine-learning,AI & Machine Learning,📉,time-series-forecast,Time Series Forecast,Holt Smooth TSF
🤖,ai-machine-learning,AI & Machine Learning,📉,time-series-forecast,Time Series Forecast,Holt Winters TSF
🤖,ai-machine-learning,AI & Machine Learning,📉,time-series-forecast,Time Series Forecast,Prophet Clone TSF
🤖,ai-machine-learning,AI & Machine Learning,📉,time-series-forecast,Time Series Forecast,LSTM TSF
🤖,ai-machine-learning,AI & Machine Learning,📉,time-series-forecast,Time Series Forecast,GRU TSF
🤖,ai-machine-learning,AI & Machine Learning,📉,time-series-forecast,Time Series Forecast,TCN TSF
🤖,ai-machine-learning,AI & Machine Learning,📉,time-series-forecast,Time Series Forecast,N Beats TSF
🤖,ai-machine-learning,AI & Machine Learning,📉,time-series-forecast,Time Series Forecast,DeepAR TSF
🤖,ai-machine-learning,AI & Machine Learning,📉,time-series-forecast,Time Series Forecast,Transformer TSF
🤖,ai-machine-learning,AI & Machine Learning,📉,time-series-forecast,Time Series Forecast,Informer TSF
🤖,ai-machine-learning,AI & Machine Learning,📉,time-series-forecast,Time Series Forecast,Autoformer TSF
🤖,ai-machine-learning,AI & Machine Learning,📉,time-series-forecast,Time Series Forecast,FEDformer TSF
🤖,ai-machine-learning,AI & Machine Learning,📉,time-series-forecast,Time Series Forecast,Patch TST TSF
🤖,ai-machine-learning,AI & Machine Learning,📉,time-series-forecast,Time Series Forecast,Detrend TSF
🤖,ai-machine-learning,AI & Machine Learning,📉,time-series-forecast,Time Series Forecast,Seasonal Decomp
🤖,ai-machine-learning,AI & Machine Learning,📉,time-series-forecast,Time Series Forecast,STL Decomp TSF
🤖,ai-machine-learning,AI & Machine Learning,📉,time-series-forecast,Time Series Forecast,ACF TSF
🤖,ai-machine-learning,AI & Machine Learning,📉,time-series-forecast,Time Series Forecast,PACF TSF
🤖,ai-machine-learning,AI & Machine Learning,📉,time-series-forecast,Time Series Forecast,Stationarity TSF
🤖,ai-machine-learning,AI & Machine Learning,📉,time-series-forecast,Time Series Forecast,ADF Test TSF
🤖,ai-machine-learning,AI & Machine Learning,📉,time-series-forecast,Time Series Forecast,KPSS Test TSF
🤖,ai-machine-learning,AI & Machine Learning,🖼️,generative-model,Generative Model,GAN GM
🤖,ai-machine-learning,AI & Machine Learning,🖼️,generative-model,Generative Model,DCGAN GM Clone
🤖,ai-machine-learning,AI & Machine Learning,🖼️,generative-model,Generative Model,Conditional GAN
🤖,ai-machine-learning,AI & Machine Learning,🖼️,generative-model,Generative Model,Pix2Pix GAN
🤖,ai-machine-learning,AI & Machine Learning,🖼️,generative-model,Generative Model,CycleGAN GM Clone
🤖,ai-machine-learning,AI & Machine Learning,🖼️,generative-model,Generative Model,StyleGAN GM Clone
🤖,ai-machine-learning,AI & Machine Learning,🖼️,generative-model,Generative Model,VAE GM
🤖,ai-machine-learning,AI & Machine Learning,🖼️,generative-model,Generative Model,Beta VAE GM
🤖,ai-machine-learning,AI & Machine Learning,🖼️,generative-model,Generative Model,VQ VAE GM
🤖,ai-machine-learning,AI & Machine Learning,🖼️,generative-model,Generative Model,Diffusion GM
🤖,ai-machine-learning,AI & Machine Learning,🖼️,generative-model,Generative Model,DDPM GM
🤖,ai-machine-learning,AI & Machine Learning,🖼️,generative-model,Generative Model,DDIM GM Clone
🤖,ai-machine-learning,AI & Machine Learning,🖼️,generative-model,Generative Model,Stable Diff Clone
🤖,ai-machine-learning,AI & Machine Learning,🖼️,generative-model,Generative Model,Score Matching GM
🤖,ai-machine-learning,AI & Machine Learning,🖼️,generative-model,Generative Model,Flow Matching GM
🤖,ai-machine-learning,AI & Machine Learning,🖼️,generative-model,Generative Model,Normalizing Flow GM
🤖,ai-machine-learning,AI & Machine Learning,🖼️,generative-model,Generative Model,Real NVP GM Clone
🤖,ai-machine-learning,AI & Machine Learning,🖼️,generative-model,Generative Model,Glow GM Clone
🤖,ai-machine-learning,AI & Machine Learning,🖼️,generative-model,Generative Model,Autoregressive GM
🤖,ai-machine-learning,AI & Machine Learning,🖼️,generative-model,Generative Model,PixelCNN GM Clone
🤖,ai-machine-learning,AI & Machine Learning,🖼️,generative-model,Generative Model,WaveNet GM Clone
🤖,ai-machine-learning,AI & Machine Learning,🖼️,generative-model,Generative Model,PixelRNN GM Clone
🤖,ai-machine-learning,AI & Machine Learning,🖼️,generative-model,Generative Model,Energy Based GM
🤖,ai-machine-learning,AI & Machine Learning,🖼️,generative-model,Generative Model,EBM GM Clone
🤖,ai-machine-learning,AI & Machine Learning,🖼️,generative-model,Generative Model,Score SDE GM
🤖,ai-machine-learning,AI & Machine Learning,🖼️,generative-model,Generative Model,Probability Flow
🤖,ai-machine-learning,AI & Machine Learning,🖼️,generative-model,Generative Model,Conditional Diff
🤖,ai-machine-learning,AI & Machine Learning,🖼️,generative-model,Generative Model,Guidance GM
🤖,ai-machine-learning,AI & Machine Learning,🖼️,generative-model,Generative Model,Classifier Free GM
🤖,ai-machine-learning,AI & Machine Learning,🖼️,generative-model,Generative Model,Consistency Model
🤖,ai-machine-learning,AI & Machine Learning,📊,feature-store,Feature Store,Feature Registry FS
🤖,ai-machine-learning,AI & Machine Learning,📊,feature-store,Feature Store,Feature Group FS
🤖,ai-machine-learning,AI & Machine Learning,📊,feature-store,Feature Store,Feature Version FS
🤖,ai-machine-learning,AI & Machine Learning,📊,feature-store,Feature Store,Feature Source FS
🤖,ai-machine-learning,AI & Machine Learning,📊,feature-store,Feature Store,Feature Transform FS
🤖,ai-machine-learning,AI & Machine Learning,📊,feature-store,Feature Store,Batch FS
🤖,ai-machine-learning,AI & Machine Learning,📊,feature-store,Feature Store,Streaming FS
🤖,ai-machine-learning,AI & Machine Learning,📊,feature-store,Feature Store,Online FS
🤖,ai-machine-learning,AI & Machine Learning,📊,feature-store,Feature Store,Offline FS FS
🤖,ai-machine-learning,AI & Machine Learning,📊,feature-store,Feature Store,Feature Serving FS
🤖,ai-machine-learning,AI & Machine Learning,📊,feature-store,Feature Store,Point In Time Join
🤖,ai-machine-learning,AI & Machine Learning,📊,feature-store,Feature Store,Feature Lookup FS
🤖,ai-machine-learning,AI & Machine Learning,📊,feature-store,Feature Store,Feature Vector FS
🤖,ai-machine-learning,AI & Machine Learning,📊,feature-store,Feature Store,Feature Statistics
🤖,ai-machine-learning,AI & Machine Learning,📊,feature-store,Feature Store,Feature Histogram
🤖,ai-machine-learning,AI & Machine Learning,📊,feature-store,Feature Store,Feature Drift FS
🤖,ai-machine-learning,AI & Machine Learning,📊,feature-store,Feature Store,Feature Importance
🤖,ai-machine-learning,AI & Machine Learning,📊,feature-store,Feature Store,Feature Correlation
🤖,ai-machine-learning,AI & Machine Learning,📊,feature-store,Feature Store,Feature Validation
🤖,ai-machine-learning,AI & Machine Learning,📊,feature-store,Feature Store,Feature Schema FS
🤖,ai-machine-learning,AI & Machine Learning,📊,feature-store,Feature Store,Feature Metadata FS
🤖,ai-machine-learning,AI & Machine Learning,📊,feature-store,Feature Store,Feature Lineage FS
🤖,ai-machine-learning,AI & Machine Learning,📊,feature-store,Feature Store,Feature Catalog FS
🤖,ai-machine-learning,AI & Machine Learning,📊,feature-store,Feature Store,Feature Tags FS
🤖,ai-machine-learning,AI & Machine Learning,📊,feature-store,Feature Store,Feature Owner FS
🤖,ai-machine-learning,AI & Machine Learning,📊,feature-store,Feature Store,Feature Access FS
🤖,ai-machine-learning,AI & Machine Learning,📊,feature-store,Feature Store,Feature Audit FS
🤖,ai-machine-learning,AI & Machine Learning,📊,feature-store,Feature Store,Feature Purge FS
🤖,ai-machine-learning,AI & Machine Learning,📊,feature-store,Feature Store,Feature Backup FS
🤖,ai-machine-learning,AI & Machine Learning,📊,feature-store,Feature Store,Feature Restore FS
🤖,ai-machine-learning,AI & Machine Learning,📦,ml-pipeline,ML Pipeline,Pipeline Orchi ML
🤖,ai-machine-learning,AI & Machine Learning,📦,ml-pipeline,ML Pipeline,Step MLP
🤖,ai-machine-learning,AI & Machine Learning,📦,ml-pipeline,ML Pipeline,Data Ingestion MLP
🤖,ai-machine-learning,AI & Machine Learning,📦,ml-pipeline,ML Pipeline,Data Validation MLP
🤖,ai-machine-learning,AI & Machine Learning,📦,ml-pipeline,ML Pipeline,Data Transform MLP
🤖,ai-machine-learning,AI & Machine Learning,📦,ml-pipeline,ML Pipeline,Data Split MLP
🤖,ai-machine-learning,AI & Machine Learning,📦,ml-pipeline,ML Pipeline,Train Test Split
🤖,ai-machine-learning,AI & Machine Learning,📦,ml-pipeline,ML Pipeline,Train Val Split MLP
🤖,ai-machine-learning,AI & Machine Learning,📦,ml-pipeline,ML Pipeline,Cross Val Split
🤖,ai-machine-learning,AI & Machine Learning,📦,ml-pipeline,ML Pipeline,Model Train MLP
🤖,ai-machine-learning,AI & Machine Learning,📦,ml-pipeline,ML Pipeline,HP Tune MLP
🤖,ai-machine-learning,AI & Machine Learning,📦,ml-pipeline,ML Pipeline,Model Eval MLP
🤖,ai-machine-learning,AI & Machine Learning,📦,ml-pipeline,ML Pipeline,Model Validate MLP
🤖,ai-machine-learning,AI & Machine Learning,📦,ml-pipeline,ML Pipeline,Model Deploy MLP
🤖,ai-machine-learning,AI & Machine Learning,📦,ml-pipeline,ML Pipeline,Model Predict MLP
🤖,ai-machine-learning,AI & Machine Learning,📦,ml-pipeline,ML Pipeline,Batch Predict MLP
🤖,ai-machine-learning,AI & Machine Learning,📦,ml-pipeline,ML Pipeline,Online Predict MLP
🤖,ai-machine-learning,AI & Machine Learning,📦,ml-pipeline,ML Pipeline,Model Monitor MLP
🤖,ai-machine-learning,AI & Machine Learning,📦,ml-pipeline,ML Pipeline,Model Retrain MLP
🤖,ai-machine-learning,AI & Machine Learning,📦,ml-pipeline,ML Pipeline,Drift Detect MLP
🤖,ai-machine-learning,AI & Machine Learning,📦,ml-pipeline,ML Pipeline,Data Drift MLP
🤖,ai-machine-learning,AI & Machine Learning,📦,ml-pipeline,ML Pipeline,Model Drift MLP
🤖,ai-machine-learning,AI & Machine Learning,📦,ml-pipeline,ML Pipeline,Concept Drift MLP
🤖,ai-machine-learning,AI & Machine Learning,📦,ml-pipeline,ML Pipeline,Alert MLP
🤖,ai-machine-learning,AI & Machine Learning,📦,ml-pipeline,ML Pipeline,Dashboard MLP
🤖,ai-machine-learning,AI & Machine Learning,📦,ml-pipeline,ML Pipeline,Artifact Store MLP
🤖,ai-machine-learning,AI & Machine Learning,📦,ml-pipeline,ML Pipeline,Cache Step MLP
🤖,ai-machine-learning,AI & Machine Learning,📦,ml-pipeline,ML Pipeline,Conditional Step MLP
🤖,ai-machine-learning,AI & Machine Learning,📦,ml-pipeline,ML Pipeline,Parallel Step MLP
🤖,ai-machine-learning,AI & Machine Learning,📦,ml-pipeline,ML Pipeline,MLP Version
🤖,ai-machine-learning,AI & Machine Learning,🤖,chatbot-framework,Chatbot Framework,Intent Classifier CB
🤖,ai-machine-learning,AI & Machine Learning,🤖,chatbot-framework,Chatbot Framework,Entity Extractor CB
🤖,ai-machine-learning,AI & Machine Learning,🤖,chatbot-framework,Chatbot Framework,Slot Filler CB
🤖,ai-machine-learning,AI & Machine Learning,🤖,chatbot-framework,Chatbot Framework,Dialogue Manager CB
🤖,ai-machine-learning,AI & Machine Learning,🤖,chatbot-framework,Chatbot Framework,State Tracker CB
🤖,ai-machine-learning,AI & Machine Learning,🤖,chatbot-framework,Chatbot Framework,Policy CB
🤖,ai-machine-learning,AI & Machine Learning,🤖,chatbot-framework,Chatbot Framework,Rule Policy CB
🤖,ai-machine-learning,AI & Machine Learning,🤖,chatbot-framework,Chatbot Framework,ML Policy CB
🤖,ai-machine-learning,AI & Machine Learning,🤖,chatbot-framework,Chatbot Framework,NLG CB
🤖,ai-machine-learning,AI & Machine Learning,🤖,chatbot-framework,Chatbot Framework,Response Template
🤖,ai-machine-learning,AI & Machine Learning,🤖,chatbot-framework,Chatbot Framework,Response Select CB
🤖,ai-machine-learning,AI & Machine Learning,🤖,chatbot-framework,Chatbot Framework,Fallback CB
🤖,ai-machine-learning,AI & Machine Learning,🤖,chatbot-framework,Chatbot Framework,Chitchat CB
🤖,ai-machine-learning,AI & Machine Learning,🤖,chatbot-framework,Chatbot Framework,FAQ CB
🤖,ai-machine-learning,AI & Machine Learning,🤖,chatbot-framework,Chatbot Framework,Context Manager CB
🤖,ai-machine-learning,AI & Machine Learning,🤖,chatbot-framework,Chatbot Framework,Session Manager CB
🤖,ai-machine-learning,AI & Machine Learning,🤖,chatbot-framework,Chatbot Framework,User Memory CB
🤖,ai-machine-learning,AI & Machine Learning,🤖,chatbot-framework,Chatbot Framework,KB QA CB
🤖,ai-machine-learning,AI & Machine Learning,🤖,chatbot-framework,Chatbot Framework,Action Server CB
🤖,ai-machine-learning,AI & Machine Learning,🤖,chatbot-framework,Chatbot Framework,Custom Action CB
🤖,ai-machine-learning,AI & Machine Learning,🤖,chatbot-framework,Chatbot Framework,Form Filler CB
🤖,ai-machine-learning,AI & Machine Learning,🤖,chatbot-framework,Chatbot Framework,Slot Validation CB
🤖,ai-machine-learning,AI & Machine Learning,🤖,chatbot-framework,Chatbot Framework,Confirm CB
🤖,ai-machine-learning,AI & Machine Learning,🤖,chatbot-framework,Chatbot Framework,Disambiguate CB
🤖,ai-machine-learning,AI & Machine Learning,🤖,chatbot-framework,Chatbot Framework,Handoff CB
🤖,ai-machine-learning,AI & Machine Learning,🤖,chatbot-framework,Chatbot Framework,Human Handoff CB
🤖,ai-machine-learning,AI & Machine Learning,🤖,chatbot-framework,Chatbot Framework,Analytics CB
🤖,ai-machine-learning,AI & Machine Learning,🤖,chatbot-framework,Chatbot Framework,Feedback CB
🤖,ai-machine-learning,AI & Machine Learning,🤖,chatbot-framework,Chatbot Framework,Tester CB
🤖,ai-machine-learning,AI & Machine Learning,🤖,chatbot-framework,Chatbot Framework,Deploy CB
🤖,ai-machine-learning,AI & Machine Learning,🔍,anomaly-detection,Anomaly Detection,Z Score AD
🤖,ai-machine-learning,AI & Machine Learning,🔍,anomaly-detection,Anomaly Detection,Modified Z Score AD
🤖,ai-machine-learning,AI & Machine Learning,🔍,anomaly-detection,Anomaly Detection,IQR AD
🤖,ai-machine-learning,AI & Machine Learning,🔍,anomaly-detection,Anomaly Detection,MAD AD
🤖,ai-machine-learning,AI & Machine Learning,🔍,anomaly-detection,Anomaly Detection,DBScan AD
🤖,ai-machine-learning,AI & Machine Learning,🔍,anomaly-detection,Anomaly Detection,LOF AD
🤖,ai-machine-learning,AI & Machine Learning,🔍,anomaly-detection,Anomaly Detection,Isolation Forest AD
🤖,ai-machine-learning,AI & Machine Learning,🔍,anomaly-detection,Anomaly Detection,One Class SVM AD
🤖,ai-machine-learning,AI & Machine Learning,🔍,anomaly-detection,Anomaly Detection,Autoencoder AD
🤖,ai-machine-learning,AI & Machine Learning,🔍,anomaly-detection,Anomaly Detection,VAE AD
🤖,ai-machine-learning,AI & Machine Learning,🔍,anomaly-detection,Anomaly Detection,LSTM AD
🤖,ai-machine-learning,AI & Machine Learning,🔍,anomaly-detection,Anomaly Detection,LSTM Autoenc AD
🤖,ai-machine-learning,AI & Machine Learning,🔍,anomaly-detection,Anomaly Detection,Gaussian Mixture AD
🤖,ai-machine-learning,AI & Machine Learning,🔍,anomaly-detection,Anomaly Detection,KDE AD
🤖,ai-machine-learning,AI & Machine Learning,🔍,anomaly-detection,Anomaly Detection,Mahalanobis AD
🤖,ai-machine-learning,AI & Machine Learning,🔍,anomaly-detection,Anomaly Detection,Hotelling T2 AD
🤖,ai-machine-learning,AI & Machine Learning,🔍,anomaly-detection,Anomaly Detection,SPE Q Stat AD
🤖,ai-machine-learning,AI & Machine Learning,🔍,anomaly-detection,Anomaly Detection,CUSUM AD
🤖,ai-machine-learning,AI & Machine Learning,🔍,anomaly-detection,Anomaly Detection,EWMA AD
🤖,ai-machine-learning,AI & Machine Learning,🔍,anomaly-detection,Anomaly Detection,Shewhart AD
🤖,ai-machine-learning,AI & Machine Learning,🔍,anomaly-detection,Anomaly Detection,Page Hinkley AD
🤖,ai-machine-learning,AI & Machine Learning,🔍,anomaly-detection,Anomaly Detection,STL AD
🤖,ai-machine-learning,AI & Machine Learning,🔍,anomaly-detection,Anomaly Detection,Twitter AD Clone
🤖,ai-machine-learning,AI & Machine Learning,🔍,anomaly-detection,Anomaly Detection,Spectral Residual AD
🤖,ai-machine-learning,AI & Machine Learning,🔍,anomaly-detection,Anomaly Detection,SR CNN AD
🤖,ai-machine-learning,AI & Machine Learning,🔍,anomaly-detection,Anomaly Detection,Contextual AD
🤖,ai-machine-learning,AI & Machine Learning,🔍,anomaly-detection,Anomaly Detection,Collective AD
🤖,ai-machine-learning,AI & Machine Learning,🔍,anomaly-detection,Anomaly Detection,Point AD
🤖,ai-machine-learning,AI & Machine Learning,🔍,anomaly-detection,Anomaly Detection,Multivariate AD
🤖,ai-machine-learning,AI & Machine Learning,🔍,anomaly-detection,Anomaly Detection,AD Evaluation
🤖,ai-machine-learning,AI & Machine Learning,📈,ml-monitoring,ML Monitoring,Model Metric MLM
🤖,ai-machine-learning,AI & Machine Learning,📈,ml-monitoring,ML Monitoring,Latency MLM
🤖,ai-machine-learning,AI & Machine Learning,📈,ml-monitoring,ML Monitoring,Throughput MLM
🤖,ai-machine-learning,AI & Machine Learning,📈,ml-monitoring,ML Monitoring,Error Rate MLM
🤖,ai-machine-learning,AI & Machine Learning,📈,ml-monitoring,ML Monitoring,Prediction Dist MLM
🤖,ai-machine-learning,AI & Machine Learning,📈,ml-monitoring,ML Monitoring,Feature Dist MLM
🤖,ai-machine-learning,AI & Machine Learning,📈,ml-monitoring,ML Monitoring,Data Drift MLM
🤖,ai-machine-learning,AI & Machine Learning,📈,ml-monitoring,ML Monitoring,PSI Drift MLM
🤖,ai-machine-learning,AI & Machine Learning,📈,ml-monitoring,ML Monitoring,KL Divergence MLM
🤖,ai-machine-learning,AI & Machine Learning,📈,ml-monitoring,ML Monitoring,KS Test MLM
🤖,ai-machine-learning,AI & Machine Learning,📈,ml-monitoring,ML Monitoring,Chi Squared MLM
🤖,ai-machine-learning,AI & Machine Learning,📈,ml-monitoring,ML Monitoring,Jensen Shannon MLM
🤖,ai-machine-learning,AI & Machine Learning,📈,ml-monitoring,ML Monitoring,Model Drift MLM
🤖,ai-machine-learning,AI & Machine Learning,📈,ml-monitoring,ML Monitoring,Accuracy Drift MLM
🤖,ai-machine-learning,AI & Machine Learning,📈,ml-monitoring,ML Monitoring,Confusion Drift MLM
🤖,ai-machine-learning,AI & Machine Learning,📈,ml-monitoring,ML Monitoring,Concept Drift MLM
🤖,ai-machine-learning,AI & Machine Learning,📈,ml-monitoring,ML Monitoring,DDM MLM
🤖,ai-machine-learning,AI & Machine Learning,📈,ml-monitoring,ML Monitoring,ADWIN MLM
🤖,ai-machine-learning,AI & Machine Learning,📈,ml-monitoring,ML Monitoring,Page Hinkley MLM
🤖,ai-machine-learning,AI & Machine Learning,📈,ml-monitoring,ML Monitoring,EWMA Chart MLM
🤖,ai-machine-learning,AI & Machine Learning,📈,ml-monitoring,ML Monitoring,Alert MLM
🤖,ai-machine-learning,AI & Machine Learning,📈,ml-monitoring,ML Monitoring,Email Alert MLM
🤖,ai-machine-learning,AI & Machine Learning,📈,ml-monitoring,ML Monitoring,Slack Alert MLM
🤖,ai-machine-learning,AI & Machine Learning,📈,ml-monitoring,ML Monitoring,Pager Alert MLM
🤖,ai-machine-learning,AI & Machine Learning,📈,ml-monitoring,ML Monitoring,Dashboard MLM
🤖,ai-machine-learning,AI & Machine Learning,📈,ml-monitoring,ML Monitoring,Report MLM
🤖,ai-machine-learning,AI & Machine Learning,📈,ml-monitoring,ML Monitoring,Drift Report MLM
🤖,ai-machine-learning,AI & Machine Learning,📈,ml-monitoring,ML Monitoring,Slice Eval MLM
🤖,ai-machine-learning,AI & Machine Learning,📈,ml-monitoring,ML Monitoring,Segmented MLM
🤖,ai-machine-learning,AI & Machine Learning,📈,ml-monitoring,ML Monitoring,Bias Detect MLM
🤖,ai-machine-learning,AI & Machine Learning,📋,data-labeling,Data Labeling,Label Studio Clone
🤖,ai-machine-learning,AI & Machine Learning,📋,data-labeling,Data Labeling,Image Annotator DL
🤖,ai-machine-learning,AI & Machine Learning,📋,data-labeling,Data Labeling,Bounding Box DL
🤖,ai-machine-learning,AI & Machine Learning,📋,data-labeling,Data Labeling,Polygon Annot DL
🤖,ai-machine-learning,AI & Machine Learning,📋,data-labeling,Data Labeling,Keypoint Annot DL
🤖,ai-machine-learning,AI & Machine Learning,📋,data-labeling,Data Labeling,Segmentation DL
🤖,ai-machine-learning,AI & Machine Learning,📋,data-labeling,Data Labeling,Image Class DL
🤖,ai-machine-learning,AI & Machine Learning,📋,data-labeling,Data Labeling,Text Class DL
🤖,ai-machine-learning,AI & Machine Learning,📋,data-labeling,Data Labeling,Span Label DL
🤖,ai-machine-learning,AI & Machine Learning,📋,data-labeling,Data Labeling,Relation Label DL
🤖,ai-machine-learning,AI & Machine Learning,📋,data-labeling,Data Labeling,NER Label DL
🤖,ai-machine-learning,AI & Machine Learning,📋,data-labeling,Data Labeling,Sentiment Label DL
🤖,ai-machine-learning,AI & Machine Learning,📋,data-labeling,Data Labeling,Audio Label DL
🤖,ai-machine-learning,AI & Machine Learning,📋,data-labeling,Data Labeling,Transcript Label
🤖,ai-machine-learning,AI & Machine Learning,📋,data-labeling,Data Labeling,Speaker Label DL
🤖,ai-machine-learning,AI & Machine Learning,📋,data-labeling,Data Labeling,Video Label DL
🤖,ai-machine-learning,AI & Machine Learning,📋,data-labeling,Data Labeling,Frame Label DL
🤖,ai-machine-learning,AI & Machine Learning,📋,data-labeling,Data Labeling,Track Label DL
🤖,ai-machine-learning,AI & Machine Learning,📋,data-labeling,Data Labeling,Object Track DL
🤖,ai-machine-learning,AI & Machine Learning,📋,data-labeling,Data Labeling,Queue Manager DL
🤖,ai-machine-learning,AI & Machine Learning,📋,data-labeling,Data Labeling,Assign Label DL
🤖,ai-machine-learning,AI & Machine Learning,📋,data-labeling,Data Labeling,Review Label DL
🤖,ai-machine-learning,AI & Machine Learning,📋,data-labeling,Data Labeling,Consensus Label DL
🤖,ai-machine-learning,AI & Machine Learning,📋,data-labeling,Data Labeling,Majority Vote DL
🤖,ai-machine-learning,AI & Machine Learning,📋,data-labeling,Data Labeling,Adjudication DL
🤖,ai-machine-learning,AI & Machine Learning,📋,data-labeling,Data Labeling,Export Format DL
🤖,ai-machine-learning,AI & Machine Learning,📋,data-labeling,Data Labeling,COCO Export DL
🤖,ai-machine-learning,AI & Machine Learning,📋,data-labeling,Data Labeling,Pascal VOC Export
🤖,ai-machine-learning,AI & Machine Learning,📋,data-labeling,Data Labeling,YOLO Export DL
🤖,ai-machine-learning,AI & Machine Learning,📋,data-labeling,Data Labeling,Custom Format DL
🤖,ai-machine-learning,AI & Machine Learning,🧪,ab-testing-framework,AB Testing Framework,Experiment AB
🤖,ai-machine-learning,AI & Machine Learning,🧪,ab-testing-framework,AB Testing Framework,Variant AB
🤖,ai-machine-learning,AI & Machine Learning,🧪,ab-testing-framework,AB Testing Framework,Control AB
🤖,ai-machine-learning,AI & Machine Learning,🧪,ab-testing-framework,AB Testing Framework,Treatment AB AB
🤖,ai-machine-learning,AI & Machine Learning,🧪,ab-testing-framework,AB Testing Framework,Random Assign AB
🤖,ai-machine-learning,AI & Machine Learning,🧪,ab-testing-framework,AB Testing Framework,Stratified Assign
🤖,ai-machine-learning,AI & Machine Learning,🧪,ab-testing-framework,AB Testing Framework,Bucketing AB
🤖,ai-machine-learning,AI & Machine Learning,🧪,ab-testing-framework,AB Testing Framework,Consistent Hash AB
🤖,ai-machine-learning,AI & Machine Learning,🧪,ab-testing-framework,AB Testing Framework,Sample Ratio AB
🤖,ai-machine-learning,AI & Machine Learning,🧪,ab-testing-framework,AB Testing Framework,SRM Check AB
🤖,ai-machine-learning,AI & Machine Learning,🧪,ab-testing-framework,AB Testing Framework,Metric AB
🤖,ai-machine-learning,AI & Machine Learning,🧪,ab-testing-framework,AB Testing Framework,Primary Metric AB
🤖,ai-machine-learning,AI & Machine Learning,🧪,ab-testing-framework,AB Testing Framework,Secondary Metric
🤖,ai-machine-learning,AI & Machine Learning,🧪,ab-testing-framework,AB Testing Framework,Guardrail Metric
🤖,ai-machine-learning,AI & Machine Learning,🧪,ab-testing-framework,AB Testing Framework,Statistical Test
🤖,ai-machine-learning,AI & Machine Learning,🧪,ab-testing-framework,AB Testing Framework,T Test AB
🤖,ai-machine-learning,AI & Machine Learning,🧪,ab-testing-framework,AB Testing Framework,Z Test AB
🤖,ai-machine-learning,AI & Machine Learning,🧪,ab-testing-framework,AB Testing Framework,Chi Square AB
🤖,ai-machine-learning,AI & Machine Learning,🧪,ab-testing-framework,AB Testing Framework,Fisher Exact AB
🤖,ai-machine-learning,AI & Machine Learning,🧪,ab-testing-framework,AB Testing Framework,Mann Whitney AB
🤖,ai-machine-learning,AI & Machine Learning,🧪,ab-testing-framework,AB Testing Framework,Sequential Test AB
🤖,ai-machine-learning,AI & Machine Learning,🧪,ab-testing-framework,AB Testing Framework,MSPRT AB
🤖,ai-machine-learning,AI & Machine Learning,🧪,ab-testing-framework,AB Testing Framework,Bayesian AB
🤖,ai-machine-learning,AI & Machine Learning,🧪,ab-testing-framework,AB Testing Framework,Beta Bernoulli AB
🤖,ai-machine-learning,AI & Machine Learning,🧪,ab-testing-framework,AB Testing Framework,Thompson Sample
🤖,ai-machine-learning,AI & Machine Learning,🧪,ab-testing-framework,AB Testing Framework,Power Calc AB
🤖,ai-machine-learning,AI & Machine Learning,🧪,ab-testing-framework,AB Testing Framework,Sample Size AB
🤖,ai-machine-learning,AI & Machine Learning,🧪,ab-testing-framework,AB Testing Framework,Duration Calc AB
🤖,ai-machine-learning,AI & Machine Learning,🧪,ab-testing-framework,AB Testing Framework,Peeking AB
🤖,ai-machine-learning,AI & Machine Learning,🧪,ab-testing-framework,AB Testing Framework,Dashboard AB
🤖,ai-machine-learning,AI & Machine Learning,🧠,edge-ai,Edge AI,TFLite Converter
🤖,ai-machine-learning,AI & Machine Learning,🧠,edge-ai,Edge AI,TFLite Interpreter
🤖,ai-machine-learning,AI & Machine Learning,🧠,edge-ai,Edge AI,ONNX Runtime EAI
🤖,ai-machine-learning,AI & Machine Learning,🧠,edge-ai,Edge AI,Quantization EAI
🤖,ai-machine-learning,AI & Machine Learning,🧠,edge-ai,Edge AI,PTQ EAI
🤖,ai-machine-learning,AI & Machine Learning,🧠,edge-ai,Edge AI,QAT EAI
🤖,ai-machine-learning,AI & Machine Learning,🧠,edge-ai,Edge AI,Int8 Quant EAI
🤖,ai-machine-learning,AI & Machine Learning,🧠,edge-ai,Edge AI,Float16 Quant EAI
🤖,ai-machine-learning,AI & Machine Learning,🧠,edge-ai,Edge AI,Pruning EAI
🤖,ai-machine-learning,AI & Machine Learning,🧠,edge-ai,Edge AI,Structured Prune
🤖,ai-machine-learning,AI & Machine Learning,🧠,edge-ai,Edge AI,Unstructured Prune
🤖,ai-machine-learning,AI & Machine Learning,🧠,edge-ai,Edge AI,Weight Clust EAI
🤖,ai-machine-learning,AI & Machine Learning,🧠,edge-ai,Edge AI,Knowledge Distill
🤖,ai-machine-learning,AI & Machine Learning,🧠,edge-ai,Edge AI,Student Teacher EAI
🤖,ai-machine-learning,AI & Machine Learning,🧠,edge-ai,Edge AI,Model Compress EAI
🤖,ai-machine-learning,AI & Machine Learning,🧠,edge-ai,Edge AI,Model Optimize EAI
🤖,ai-machine-learning,AI & Machine Learning,🧠,edge-ai,Edge AI,NNAPI Delegate
🤖,ai-machine-learning,AI & Machine Learning,🧠,edge-ai,Edge AI,GPU Delegate EAI
🤖,ai-machine-learning,AI & Machine Learning,🧠,edge-ai,Edge AI,XNNPACK Delegate
🤖,ai-machine-learning,AI & Machine Learning,🧠,edge-ai,Edge AI,CoreML Delegate
🤖,ai-machine-learning,AI & Machine Learning,🧠,edge-ai,Edge AI,ANE Delegate EAI
🤖,ai-machine-learning,AI & Machine Learning,🧠,edge-ai,Edge AI,OpenVINO EAI
🤖,ai-machine-learning,AI & Machine Learning,🧠,edge-ai,Edge AI,ARM NN Delegate
🤖,ai-machine-learning,AI & Machine Learning,🧠,edge-ai,Edge AI,Hexagon Delegate
🤖,ai-machine-learning,AI & Machine Learning,🧠,edge-ai,Edge AI,DSP EAI
🤖,ai-machine-learning,AI & Machine Learning,🧠,edge-ai,Edge AI,NPU EAI EAI
🤖,ai-machine-learning,AI & Machine Learning,🧠,edge-ai,Edge AI,Model Format EAI
🤖,ai-machine-learning,AI & Machine Learning,🧠,edge-ai,Edge AI,Model Converter
🤖,ai-machine-learning,AI & Machine Learning,🧠,edge-ai,Edge AI,Model Transform EAI
🤖,ai-machine-learning,AI & Machine Learning,🧠,edge-ai,Edge AI,Model Archive EAI
🤖,ai-machine-learning,AI & Machine Learning,🔍,embedding-store,Embedding Store,Embedding Index ES
🤖,ai-machine-learning,AI & Machine Learning,🔍,embedding-store,Embedding Store,Approx Nearest ES
🤖,ai-machine-learning,AI & Machine Learning,🔍,embedding-store,Embedding Store,Brute Force ES
🤖,ai-machine-learning,AI & Machine Learning,🔍,embedding-store,Embedding Store,IVF ES
🤖,ai-machine-learning,AI & Machine Learning,🔍,embedding-store,Embedding Store,HNSW ES ES
🤖,ai-machine-learning,AI & Machine Learning,🔍,embedding-store,Embedding Store,DiskANN ES Clone
🤖,ai-machine-learning,AI & Machine Learning,🔍,embedding-store,Embedding Store,Product Quant ES
🤖,ai-machine-learning,AI & Machine Learning,🔍,embedding-store,Embedding Store,Scalar Quant ES
🤖,ai-machine-learning,AI & Machine Learning,🔍,embedding-store,Embedding Store,Cosine Sim ES
🤖,ai-machine-learning,AI & Machine Learning,🔍,embedding-store,Embedding Store,Euclidean Dist ES
🤖,ai-machine-learning,AI & Machine Learning,🔍,embedding-store,Embedding Store,Dot Product ES
🤖,ai-machine-learning,AI & Machine Learning,🔍,embedding-store,Embedding Store,L2 Norm ES
🤖,ai-machine-learning,AI & Machine Learning,🔍,embedding-store,Embedding Store,Metadata Filter ES
🤖,ai-machine-learning,AI & Machine Learning,🔍,embedding-store,Embedding Store,Hybrid Search ES
🤖,ai-machine-learning,AI & Machine Learning,🔍,embedding-store,Embedding Store,Batch Insert ES
🤖,ai-machine-learning,AI & Machine Learning,🔍,embedding-store,Embedding Store,Delete Embedding
🤖,ai-machine-learning,AI & Machine Learning,🔍,embedding-store,Embedding Store,Update Embedding
🤖,ai-machine-learning,AI & Machine Learning,🔍,embedding-store,Embedding Store,Vector ID ES
🤖,ai-machine-learning,AI & Machine Learning,🔍,embedding-store,Embedding Store,Vector Dimension
🤖,ai-machine-learning,AI & Machine Learning,🔍,embedding-store,Embedding Store,Persistence ES
🤖,ai-machine-learning,AI & Machine Learning,🔍,embedding-store,Embedding Store,Save Index ES
🤖,ai-machine-learning,AI & Machine Learning,🔍,embedding-store,Embedding Store,Load Index ES
🤖,ai-machine-learning,AI & Machine Learning,🔍,embedding-store,Embedding Store,Snapshot ES
🤖,ai-machine-learning,AI & Machine Learning,🔍,embedding-store,Embedding Store,Merge Index ES
🤖,ai-machine-learning,AI & Machine Learning,🔍,embedding-store,Embedding Store,Optimize ES
🤖,ai-machine-learning,AI & Machine Learning,🔍,embedding-store,Embedding Store,Search Config ES
🤖,ai-machine-learning,AI & Machine Learning,🔍,embedding-store,Embedding Store,Ef Config ES
🤖,ai-machine-learning,AI & Machine Learning,🔍,embedding-store,Embedding Store,M Config ES
🤖,ai-machine-learning,AI & Machine Learning,🔍,embedding-store,Embedding Store,M L Config ES
🤖,ai-machine-learning,AI & Machine Learning,🔍,embedding-store,Embedding Store,ES Distance
🤖,ai-machine-learning,AI & Machine Learning,🧮,linear-algebra-lib,Linear Algebra Lib,Vector Ops LAL
🤖,ai-machine-learning,AI & Machine Learning,🧮,linear-algebra-lib,Linear Algebra Lib,Vector Add LAL
🤖,ai-machine-learning,AI & Machine Learning,🧮,linear-algebra-lib,Linear Algebra Lib,Vector Sub LAL
🤖,ai-machine-learning,AI & Machine Learning,🧮,linear-algebra-lib,Linear Algebra Lib,Vector Mul LAL
🤖,ai-machine-learning,AI & Machine Learning,🧮,linear-algebra-lib,Linear Algebra Lib,Vector Div LAL
🤖,ai-machine-learning,AI & Machine Learning,🧮,linear-algebra-lib,Linear Algebra Lib,Vector Dot LAL
🤖,ai-machine-learning,AI & Machine Learning,🧮,linear-algebra-lib,Linear Algebra Lib,Vector Cross LAL
🤖,ai-machine-learning,AI & Machine Learning,🧮,linear-algebra-lib,Linear Algebra Lib,Vector Norm LAL
🤖,ai-machine-learning,AI & Machine Learning,🧮,linear-algebra-lib,Linear Algebra Lib,L1 Norm LAL
🤖,ai-machine-learning,AI & Machine Learning,🧮,linear-algebra-lib,Linear Algebra Lib,L2 Norm LAL
🤖,ai-machine-learning,AI & Machine Learning,🧮,linear-algebra-lib,Linear Algebra Lib,Max Norm LAL
🤖,ai-machine-learning,AI & Machine Learning,🧮,linear-algebra-lib,Linear Algebra Lib,Matrix Ops LAL
🤖,ai-machine-learning,AI & Machine Learning,🧮,linear-algebra-lib,Linear Algebra Lib,Matrix Add LAL
🤖,ai-machine-learning,AI & Machine Learning,🧮,linear-algebra-lib,Linear Algebra Lib,Matrix Sub LAL
🤖,ai-machine-learning,AI & Machine Learning,🧮,linear-algebra-lib,Linear Algebra Lib,Matrix Mul LAL
🤖,ai-machine-learning,AI & Machine Learning,🧮,linear-algebra-lib,Linear Algebra Lib,Matrix Transpose
🤖,ai-machine-learning,AI & Machine Learning,🧮,linear-algebra-lib,Linear Algebra Lib,Matrix Inverse LAL
🤖,ai-machine-learning,AI & Machine Learning,🧮,linear-algebra-lib,Linear Algebra Lib,Matrix Determinant
🤖,ai-machine-learning,AI & Machine Learning,🧮,linear-algebra-lib,Linear Algebra Lib,Matrix Trace LAL
🤖,ai-machine-learning,AI & Machine Learning,🧮,linear-algebra-lib,Linear Algebra Lib,Matrix Rank LAL
🤖,ai-machine-learning,AI & Machine Learning,🧮,linear-algebra-lib,Linear Algebra Lib,Matrix Norm LAL
🤖,ai-machine-learning,AI & Machine Learning,🧮,linear-algebra-lib,Linear Algebra Lib,Frobenius Norm
🤖,ai-machine-learning,AI & Machine Learning,🧮,linear-algebra-lib,Linear Algebra Lib,LU Decomposition
🤖,ai-machine-learning,AI & Machine Learning,🧮,linear-algebra-lib,Linear Algebra Lib,Cholesky Decomp
🤖,ai-machine-learning,AI & Machine Learning,🧮,linear-algebra-lib,Linear Algebra Lib,QR Decomposition
🤖,ai-machine-learning,AI & Machine Learning,🧮,linear-algebra-lib,Linear Algebra Lib,SVD Decomposition
🤖,ai-machine-learning,AI & Machine Learning,🧮,linear-algebra-lib,Linear Algebra Lib,Eigenvalue LAL
🤖,ai-machine-learning,AI & Machine Learning,🧮,linear-algebra-lib,Linear Algebra Lib,Eigenvector LAL
🤖,ai-machine-learning,AI & Machine Learning,🧮,linear-algebra-lib,Linear Algebra Lib,Sparse Matrix LAL
🤖,ai-machine-learning,AI & Machine Learning,🧮,linear-algebra-lib,Linear Algebra Lib,COO CSR LAL
🤖,ai-machine-learning,AI & Machine Learning,🧬,bioinformatics-ml,Bioinformatics ML,DNA Sequence BML
🤖,ai-machine-learning,AI & Machine Learning,🧬,bioinformatics-ml,Bioinformatics ML,RNA Sequence BML
🤖,ai-machine-learning,AI & Machine Learning,🧬,bioinformatics-ml,Bioinformatics ML,Protein Seq BML
🤖,ai-machine-learning,AI & Machine Learning,🧬,bioinformatics-ml,Bioinformatics ML,Genome Class BML
🤖,ai-machine-learning,AI & Machine Learning,🧬,bioinformatics-ml,Bioinformatics ML,Variant Effect BML
🤖,ai-machine-learning,AI & Machine Learning,🧬,bioinformatics-ml,Bioinformatics ML,Mutation Impact
🤖,ai-machine-learning,AI & Machine Learning,🧬,bioinformatics-ml,Bioinformatics ML,Gene Expression BML
🤖,ai-machine-learning,AI & Machine Learning,🧬,bioinformatics-ml,Bioinformatics ML,Single Cell RNA BML
🤖,ai-machine-learning,AI & Machine Learning,🧬,bioinformatics-ml,Bioinformatics ML,scRNA Seq Pipe
🤖,ai-machine-learning,AI & Machine Learning,🧬,bioinformatics-ml,Bioinformatics ML,Bulk RNA Seq BML
🤖,ai-machine-learning,AI & Machine Learning,🧬,bioinformatics-ml,Bioinformatics ML,Protein Struct BML
🤖,ai-machine-learning,AI & Machine Learning,🧬,bioinformatics-ml,Bioinformatics ML,AlphaFold Clone
🤖,ai-machine-learning,AI & Machine Learning,🧬,bioinformatics-ml,Bioinformatics ML,ESMFold Clone
🤖,ai-machine-learning,AI & Machine Learning,🧬,bioinformatics-ml,Bioinformatics ML,Protein Embed BML
🤖,ai-machine-learning,AI & Machine Learning,🧬,bioinformatics-ml,Bioinformatics ML,Drug Target BML
🤖,ai-machine-learning,AI & Machine Learning,🧬,bioinformatics-ml,Bioinformatics ML,Molecular Graph BML
🤖,ai-machine-learning,AI & Machine Learning,🧬,bioinformatics-ml,Bioinformatics ML,GNN Molecule BML
🤖,ai-machine-learning,AI & Machine Learning,🧬,bioinformatics-ml,Bioinformatics ML,Molecule Prop BML
🤖,ai-machine-learning,AI & Machine Learning,🧬,bioinformatics-ml,Bioinformatics ML,Docking Score BML
🤖,ai-machine-learning,AI & Machine Learning,🧬,bioinformatics-ml,Bioinformatics ML,Binding Affinity
🤖,ai-machine-learning,AI & Machine Learning,🧬,bioinformatics-ml,Bioinformatics ML,Clinical NLP BML
🤖,ai-machine-learning,AI & Machine Learning,🧬,bioinformatics-ml,Bioinformatics ML,ICD Code BML
🤖,ai-machine-learning,AI & Machine Learning,🧬,bioinformatics-ml,Bioinformatics ML,Med Entity BML
🤖,ai-machine-learning,AI & Machine Learning,🧬,bioinformatics-ml,Bioinformatics ML,Relation Extract
🤖,ai-machine-learning,AI & Machine Learning,🧬,bioinformatics-ml,Bioinformatics ML,Medical Image BML
🤖,ai-machine-learning,AI & Machine Learning,🧬,bioinformatics-ml,Bioinformatics ML,X Ray Class BML
🤖,ai-machine-learning,AI & Machine Learning,🧬,bioinformatics-ml,Bioinformatics ML,MRI Segment BML
🤖,ai-machine-learning,AI & Machine Learning,🧬,bioinformatics-ml,Bioinformatics ML,Cell Segment BML
🤖,ai-machine-learning,AI & Machine Learning,🧬,bioinformatics-ml,Bioinformatics ML,Pathology BML
🤖,ai-machine-learning,AI & Machine Learning,🧬,bioinformatics-ml,Bioinformatics ML,Survival Model
🤖,ai-machine-learning,AI & Machine Learning,📊,optimization-library,Optimization Library,Gradient Descent OL
🤖,ai-machine-learning,AI & Machine Learning,📊,optimization-library,Optimization Library,Stochastic GD OL
🤖,ai-machine-learning,AI & Machine Learning,📊,optimization-library,Optimization Library,Mini Batch GD OL
🤖,ai-machine-learning,AI & Machine Learning,📊,optimization-library,Optimization Library,Momentum GD OL
🤖,ai-machine-learning,AI & Machine Learning,📊,optimization-library,Optimization Library,Nesterov Momentum
🤖,ai-machine-learning,AI & Machine Learning,📊,optimization-library,Optimization Library,Adagrad OL
🤖,ai-machine-learning,AI & Machine Learning,📊,optimization-library,Optimization Library,RMSprop OL OL
🤖,ai-machine-learning,AI & Machine Learning,📊,optimization-library,Optimization Library,Adam OL
🤖,ai-machine-learning,AI & Machine Learning,📊,optimization-library,Optimization Library,AdamW OL
🤖,ai-machine-learning,AI & Machine Learning,📊,optimization-library,Optimization Library,Nadam OL
🤖,ai-machine-learning,AI & Machine Learning,📊,optimization-library,Optimization Library,RAdam OL
🤖,ai-machine-learning,AI & Machine Learning,📊,optimization-library,Optimization Library,LBFGS OL
🤖,ai-machine-learning,AI & Machine Learning,📊,optimization-library,Optimization Library,Conjugate Grad OL
🤖,ai-machine-learning,AI & Machine Learning,📊,optimization-library,Optimization Library,Nelder Mead OL
🤖,ai-machine-learning,AI & Machine Learning,📊,optimization-library,Optimization Library,Powell OL
🤖,ai-machine-learning,AI & Machine Learning,📊,optimization-library,Optimization Library,CG OL
🤖,ai-machine-learning,AI & Machine Learning,📊,optimization-library,Optimization Library,BFGS OL
🤖,ai-machine-learning,AI & Machine Learning,📊,optimization-library,Optimization Library,COBYLA OL
🤖,ai-machine-learning,AI & Machine Learning,📊,optimization-library,Optimization Library,SLSQP OL
🤖,ai-machine-learning,AI & Machine Learning,📊,optimization-library,Optimization Library,Trust Region OL
🤖,ai-machine-learning,AI & Machine Learning,📊,optimization-library,Optimization Library,Dogleg OL
🤖,ai-machine-learning,AI & Machine Learning,📊,optimization-library,Optimization Library,Levenberg Marq OL
🤖,ai-machine-learning,AI & Machine Learning,📊,optimization-library,Optimization Library,Simplex OL
🤖,ai-machine-learning,AI & Machine Learning,📊,optimization-library,Optimization Library,Particle Swarm OL
🤖,ai-machine-learning,AI & Machine Learning,📊,optimization-library,Optimization Library,Differential Evol
🤖,ai-machine-learning,AI & Machine Learning,📊,optimization-library,Optimization Library,CMA ES OL
🤖,ai-machine-learning,AI & Machine Learning,📊,optimization-library,Optimization Library,Simulated Anneal
🤖,ai-machine-learning,AI & Machine Learning,📊,optimization-library,Optimization Library,Bayesian Opt OL
🤖,ai-machine-learning,AI & Machine Learning,📊,optimization-library,Optimization Library,Tree Parzen Est
🤖,ai-machine-learning,AI & Machine Learning,📊,optimization-library,Optimization Library,Hyperband OL
🤖,ai-machine-learning,AI & Machine Learning,🧪,responsible-ai,Responsible AI,Bias Detect RAI
🤖,ai-machine-learning,AI & Machine Learning,🧪,responsible-ai,Responsible AI,Fairness Metric RAI
🤖,ai-machine-learning,AI & Machine Learning,🧪,responsible-ai,Responsible AI,Demographic Parity
🤖,ai-machine-learning,AI & Machine Learning,🧪,responsible-ai,Responsible AI,Equal Opportunity
🤖,ai-machine-learning,AI & Machine Learning,🧪,responsible-ai,Responsible AI,Equalized Odds
🤖,ai-machine-learning,AI & Machine Learning,🧪,responsible-ai,Responsible AI,Disparate Impact
🤖,ai-machine-learning,AI & Machine Learning,🧪,responsible-ai,Responsible AI,Shapley Value RAI
🤖,ai-machine-learning,AI & Machine Learning,🧪,responsible-ai,Responsible AI,SHAP RAI Clone
🤖,ai-machine-learning,AI & Machine Learning,🧪,responsible-ai,Responsible AI,LIME RAI Clone
🤖,ai-machine-learning,AI & Machine Learning,🧪,responsible-ai,Responsible AI,Partial Dep RAI
🤖,ai-machine-learning,AI & Machine Learning,🧪,responsible-ai,Responsible AI,Permutation Imp RAI
🤖,ai-machine-learning,AI & Machine Learning,🧪,responsible-ai,Responsible AI,PDP RAI
🤖,ai-machine-learning,AI & Machine Learning,🧪,responsible-ai,Responsible AI,ICE RAI
🤖,ai-machine-learning,AI & Machine Learning,🧪,responsible-ai,Responsible AI,Anchors RAI
🤖,ai-machine-learning,AI & Machine Learning,🧪,responsible-ai,Responsible AI,Counterfactual RAI
🤖,ai-machine-learning,AI & Machine Learning,🧪,responsible-ai,Responsible AI,CEM RAI
🤖,ai-machine-learning,AI & Machine Learning,🧪,responsible-ai,Responsible AI,ProtoDash RAI
🤖,ai-machine-learning,AI & Machine Learning,🧪,responsible-ai,Responsible AI,Adversarial Robust
🤖,ai-machine-learning,AI & Machine Learning,🧪,responsible-ai,Responsible AI,FGSM Attack RAI
🤖,ai-machine-learning,AI & Machine Learning,🧪,responsible-ai,Responsible AI,PGD Attack RAI
🤖,ai-machine-learning,AI & Machine Learning,🧪,responsible-ai,Responsible AI,DeepFool RAI
🤖,ai-machine-learning,AI & Machine Learning,🧪,responsible-ai,Responsible AI,C W Attack RAI
🤖,ai-machine-learning,AI & Machine Learning,🧪,responsible-ai,Responsible AI,Robustness Metric
🤖,ai-machine-learning,AI & Machine Learning,🧪,responsible-ai,Responsible AI,Certified Robust
🤖,ai-machine-learning,AI & Machine Learning,🧪,responsible-ai,Responsible AI,Privacy RAI
🤖,ai-machine-learning,AI & Machine Learning,🧪,responsible-ai,Responsible AI,DP SGD RAI
🤖,ai-machine-learning,AI & Machine Learning,🧪,responsible-ai,Responsible AI,DP Adam RAI
🤖,ai-machine-learning,AI & Machine Learning,🧪,responsible-ai,Responsible AI,GDPR Check RAI
🤖,ai-machine-learning,AI & Machine Learning,🧪,responsible-ai,Responsible AI,Model Card RAI
🤖,ai-machine-learning,AI & Machine Learning,🧪,responsible-ai,Responsible AI,Dataset Card RAI
🤖,ai-machine-learning,AI & Machine Learning,🤖,conversational-ai,Conversational AI,Voice Assistant CAI
🤖,ai-machine-learning,AI & Machine Learning,🤖,conversational-ai,Conversational AI,Wake Word CAI
🤖,ai-machine-learning,AI & Machine Learning,🤖,conversational-ai,Conversational AI,Speech To Intent
🤖,ai-machine-learning,AI & Machine Learning,🤖,conversational-ai,Conversational AI,Multi Turn CAI
🤖,ai-machine-learning,AI & Machine Learning,🤖,conversational-ai,Conversational AI,Context CAI
🤖,ai-machine-learning,AI & Machine Learning,🤖,conversational-ai,Conversational AI,Memory CAI
🤖,ai-machine-learning,AI & Machine Learning,🤖,conversational-ai,Conversational AI,Persona CAI
🤖,ai-machine-learning,AI & Machine Learning,🤖,conversational-ai,Conversational AI,Empathy CAI
🤖,ai-machine-learning,AI & Machine Learning,🤖,conversational-ai,Conversational AI,Emotion Detect CAI
🤖,ai-machine-learning,AI & Machine Learning,🤖,conversational-ai,Conversational AI,Sentiment CAI
🤖,ai-machine-learning,AI & Machine Learning,🤖,conversational-ai,Conversational AI,Proactive CAI
🤖,ai-machine-learning,AI & Machine Learning,🤖,conversational-ai,Conversational AI,Suggestion CAI
🤖,ai-machine-learning,AI & Machine Learning,🤖,conversational-ai,Conversational AI,Quick Reply CAI
🤖,ai-machine-learning,AI & Machine Learning,🤖,conversational-ai,Conversational AI,Button Reply CAI
🤖,ai-machine-learning,AI & Machine Learning,🤖,conversational-ai,Conversational AI,Carousel CAI
🤖,ai-machine-learning,AI & Machine Learning,🤖,conversational-ai,Conversational AI,Image Reply CAI
🤖,ai-machine-learning,AI & Machine Learning,🤖,conversational-ai,Conversational AI,Video Reply CAI
🤖,ai-machine-learning,AI & Machine Learning,🤖,conversational-ai,Conversational AI,Audio Reply CAI
🤖,ai-machine-learning,AI & Machine Learning,🤖,conversational-ai,Conversational AI,Location Reply CAI
🤖,ai-machine-learning,AI & Machine Learning,🤖,conversational-ai,Conversational AI,Payment CAI
🤖,ai-machine-learning,AI & Machine Learning,🤖,conversational-ai,Conversational AI,Auth CAI
🤖,ai-machine-learning,AI & Machine Learning,🤖,conversational-ai,Conversational AI,OAuth CAI
🤖,ai-machine-learning,AI & Machine Learning,🤖,conversational-ai,Conversational AI,Webview CAI
🤖,ai-machine-learning,AI & Machine Learning,🤖,conversational-ai,Conversational AI,Account Link CAI
🤖,ai-machine-learning,AI & Machine Learning,🤖,conversational-ai,Conversational AI,Persistent Menu
🤖,ai-machine-learning,AI & Machine Learning,🤖,conversational-ai,Conversational AI,Greeting CAI
🤖,ai-machine-learning,AI & Machine Learning,🤖,conversational-ai,Conversational AI,Seamless CAI
🤖,ai-machine-learning,AI & Machine Learning,🤖,conversational-ai,Conversational AI,Handoff Live CAI
🤖,ai-machine-learning,AI & Machine Learning,🤖,conversational-ai,Conversational AI,Analytics CAI
🤖,ai-machine-learning,AI & Machine Learning,🤖,conversational-ai,Conversational AI,Feedback CAI
🤖,ai-machine-learning,AI & Machine Learning,🤖,automated-ml,Automated ML,Auto Preprocess AML
🤖,ai-machine-learning,AI & Machine Learning,🤖,automated-ml,Automated ML,Feature Auto Gen
🤖,ai-machine-learning,AI & Machine Learning,🤖,automated-ml,Automated ML,Model Auto Select
🤖,ai-machine-learning,AI & Machine Learning,🤖,automated-ml,Automated ML,HP Auto Tune AML
🤖,ai-machine-learning,AI & Machine Learning,🤖,automated-ml,Automated ML,NAS AML
🤖,ai-machine-learning,AI & Machine Learning,🤖,automated-ml,Automated ML,ENAS AML
🤖,ai-machine-learning,AI & Machine Learning,🤖,automated-ml,Automated ML,DARTS AML
🤖,ai-machine-learning,AI & Machine Learning,🤖,automated-ml,Automated ML,Bayes Opt Auto
🤖,ai-machine-learning,AI & Machine Learning,🤖,automated-ml,Automated ML,Grid Search Auto
🤖,ai-machine-learning,AI & Machine Learning,🤖,automated-ml,Automated ML,Random Search Auto
🤖,ai-machine-learning,AI & Machine Learning,🤖,automated-ml,Automated ML,Evolutionary Auto
🤖,ai-machine-learning,AI & Machine Learning,🤖,automated-ml,Automated ML,Meta Learning AML
🤖,ai-machine-learning,AI & Machine Learning,🤖,automated-ml,Automated ML,Few Shot Auto AML
🤖,ai-machine-learning,AI & Machine Learning,🤖,automated-ml,Automated ML,Zero Shot Auto AML
🤖,ai-machine-learning,AI & Machine Learning,🤖,automated-ml,Automated ML,Transfer Auto AML
🤖,ai-machine-learning,AI & Machine Learning,🤖,automated-ml,Automated ML,Ensemble Auto AML
🤖,ai-machine-learning,AI & Machine Learning,🤖,automated-ml,Automated ML,Stacking Auto AML
🤖,ai-machine-learning,AI & Machine Learning,🤖,automated-ml,Automated ML,Blending Auto AML
🤖,ai-machine-learning,AI & Machine Learning,🤖,automated-ml,Automated ML,Voting Auto AML
🤖,ai-machine-learning,AI & Machine Learning,🤖,automated-ml,Automated ML,Pipeline Auto AML
🤖,ai-machine-learning,AI & Machine Learning,🤖,automated-ml,Automated ML,Optimize Auto AML
🤖,ai-machine-learning,AI & Machine Learning,🤖,automated-ml,Automated ML,Model Compress Auto
🤖,ai-machine-learning,AI & Machine Learning,🤖,automated-ml,Automated ML,Quantize Auto AML
🤖,ai-machine-learning,AI & Machine Learning,🤖,automated-ml,Automated ML,Prune Auto AML
🤖,ai-machine-learning,AI & Machine Learning,🤖,automated-ml,Automated ML,Deploy Auto AML
🤖,ai-machine-learning,AI & Machine Learning,🤖,automated-ml,Automated ML,Monitor Auto AML
🤖,ai-machine-learning,AI & Machine Learning,🤖,automated-ml,Automated ML,Retrain Auto AML
🤖,ai-machine-learning,AI & Machine Learning,🤖,automated-ml,Automated ML,AutoML Benchmark
🤖,ai-machine-learning,AI & Machine Learning,🤖,automated-ml,Automated ML,AutoML Dashboard
🤖,ai-machine-learning,AI & Machine Learning,🤖,automated-ml,Automated ML,AutoML Report
🤖,ai-machine-learning,AI & Machine Learning,📊,model-serving,Model Serving,REST API Server MS
🤖,ai-machine-learning,AI & Machine Learning,📊,model-serving,Model Serving,gRPC Server MS
🤖,ai-machine-learning,AI & Machine Learning,📊,model-serving,Model Serving,Batch Predict MS
🤖,ai-machine-learning,AI & Machine Learning,📊,model-serving,Model Serving,Online Predict MS
🤖,ai-machine-learning,AI & Machine Learning,📊,model-serving,Model Serving,Model Loader MS
🤖,ai-machine-learning,AI & Machine Learning,📊,model-serving,Model Serving,Model Version MS
🤖,ai-machine-learning,AI & Machine Learning,📊,model-serving,Model Serving,Model Warmup MS
🤖,ai-machine-learning,AI & Machine Learning,📊,model-serving,Model Serving,Model Cache MS
🤖,ai-machine-learning,AI & Machine Learning,📊,model-serving,Model Serving,Ensemble Server MS
🤖,ai-machine-learning,AI & Machine Learning,📊,model-serving,Model Serving,Preprocess Pipe MS
🤖,ai-machine-learning,AI & Machine Learning,📊,model-serving,Model Serving,Postprocess Pipe MS
🤖,ai-machine-learning,AI & Machine Learning,📊,model-serving,Model Serving,Request Router MS
🤖,ai-machine-learning,AI & Machine Learning,📊,model-serving,Model Serving,Load Balance MS
🤖,ai-machine-learning,AI & Machine Learning,📊,model-serving,Model Serving,Auto Scale MS
🤖,ai-machine-learning,AI & Machine Learning,📊,model-serving,Model Serving,Rolling Update MS
🤖,ai-machine-learning,AI & Machine Learning,📊,model-serving,Model Serving,Canary Deploy MS
🤖,ai-machine-learning,AI & Machine Learning,📊,model-serving,Model Serving,Shadow Deploy MS
🤖,ai-machine-learning,AI & Machine Learning,📊,model-serving,Model Serving,A B Test MS
🤖,ai-machine-learning,AI & Machine Learning,📊,model-serving,Model Serving,Multi Model MS
🤖,ai-machine-learning,AI & Machine Learning,📊,model-serving,Model Serving,Multi Framework MS
🤖,ai-machine-learning,AI & Machine Learning,📊,model-serving,Model Serving,Triton Clone MS
🤖,ai-machine-learning,AI & Machine Learning,📊,model-serving,Model Serving,TorchServe Clone
🤖,ai-machine-learning,AI & Machine Learning,📊,model-serving,Model Serving,TF Serving Clone
🤖,ai-machine-learning,AI & Machine Learning,📊,model-serving,Model Serving,ONNX Runtime MS
🤖,ai-machine-learning,AI & Machine Learning,📊,model-serving,Model Serving,Seldon Core Clone
🤖,ai-machine-learning,AI & Machine Learning,📊,model-serving,Model Serving,KServe Clone MS
🤖,ai-machine-learning,AI & Machine Learning,📊,model-serving,Model Serving,BentoML Clone MS
🤖,ai-machine-learning,AI & Machine Learning,📊,model-serving,Model Serving,MLflow Serve MS
🤖,ai-machine-learning,AI & Machine Learning,📊,model-serving,Model Serving,Model Monitor MS
🤖,ai-machine-learning,AI & Machine Learning,📊,model-serving,Model Serving,Predict Log MS
🗄️,databases-storage,Databases & Storage,📀,sql-database,SQL Database,B Tree Engine
🗄️,databases-storage,Databases & Storage,📀,sql-database,SQL Database,SQL Parser
🗄️,databases-storage,Databases & Storage,📀,sql-database,SQL Database,Query Planner
🗄️,databases-storage,Databases & Storage,📀,sql-database,SQL Database,Query Optimizer
🗄️,databases-storage,Databases & Storage,📀,sql-database,SQL Database,Execution Engine
🗄️,databases-storage,Databases & Storage,📀,sql-database,SQL Database,Join Algorithm
🗄️,databases-storage,Databases & Storage,📀,sql-database,SQL Database,Nested Loop Join
🗄️,databases-storage,Databases & Storage,📀,sql-database,SQL Database,Hash Join
🗄️,databases-storage,Databases & Storage,📀,sql-database,SQL Database,Merge Join
🗄️,databases-storage,Databases & Storage,📀,sql-database,SQL Database,Index Scan
🗄️,databases-storage,Databases & Storage,📀,sql-database,SQL Database,Full Table Scan
🗄️,databases-storage,Databases & Storage,📀,sql-database,SQL Database,Transaction Manager
🗄️,databases-storage,Databases & Storage,📀,sql-database,SQL Database,MVCC Engine
🗄️,databases-storage,Databases & Storage,📀,sql-database,SQL Database,Lock Manager
🗄️,databases-storage,Databases & Storage,📀,sql-database,SQL Database,Deadlock Detector
🗄️,databases-storage,Databases & Storage,📀,sql-database,SQL Database,Write Ahead Log
🗄️,databases-storage,Databases & Storage,📀,sql-database,SQL Database,Checkpointer
🗄️,databases-storage,Databases & Storage,📀,sql-database,SQL Database,Buffer Pool Manager
🗄️,databases-storage,Databases & Storage,📀,sql-database,SQL Database,Page Manager
🗄️,databases-storage,Databases & Storage,📀,sql-database,SQL Database,Row Store
🗄️,databases-storage,Databases & Storage,📀,sql-database,SQL Database,Column Store
🗄️,databases-storage,Databases & Storage,📀,sql-database,SQL Database,Heap File Org
🗄️,databases-storage,Databases & Storage,📀,sql-database,SQL Database,Sorted File Org
🗄️,databases-storage,Databases & Storage,📀,sql-database,SQL Database,Hash Index
🗄️,databases-storage,Databases & Storage,📀,sql-database,SQL Database,B+ Tree Index
🗄️,databases-storage,Databases & Storage,📀,sql-database,SQL Database,LSM Tree Store
🗄️,databases-storage,Databases & Storage,📀,sql-database,SQL Database,Bitmap Index
🗄️,databases-storage,Databases & Storage,📀,sql-database,SQL Database,Statistics Collector
🗄️,databases-storage,Databases & Storage,📀,sql-database,SQL Database,Cost Model
🗄️,databases-storage,Databases & Storage,📀,sql-database,SQL Database,Type System DB
🗄️,databases-storage,Databases & Storage,🗝️,key-value-store,Key Value Store,HashMap Store
🗄️,databases-storage,Databases & Storage,🗝️,key-value-store,Key Value Store,B Tree KV
🗄️,databases-storage,Databases & Storage,🗝️,key-value-store,Key Value Store,LSM Tree KV
🗄️,databases-storage,Databases & Storage,🗝️,key-value-store,Key Value Store,Bitcask Clone
🗄️,databases-storage,Databases & Storage,🗝️,key-value-store,Key Value Store,RocksDB Clone
🗄️,databases-storage,Databases & Storage,🗝️,key-value-store,Key Value Store,LevelDB Clone
🗄️,databases-storage,Databases & Storage,🗝️,key-value-store,Key Value Store,Redis Clone
🗄️,databases-storage,Databases & Storage,🗝️,key-value-store,Key Value Store,Memcached Clone
🗄️,databases-storage,Databases & Storage,🗝️,key-value-store,Key Value Store,Eternal Cache
🗄️,databases-storage,Databases & Storage,🗝️,key-value-store,Key Value Store,Cache with TTL
🗄️,databases-storage,Databases & Storage,🗝️,key-value-store,Key Value Store,LRU Cache
🗄️,databases-storage,Databases & Storage,🗝️,key-value-store,Key Value Store,LFU Cache
🗄️,databases-storage,Databases & Storage,🗝️,key-value-store,Key Value Store,ARC Cache
🗄️,databases-storage,Databases & Storage,🗝️,key-value-store,Key Value Store,Hash Table KV
🗄️,databases-storage,Databases & Storage,🗝️,key-value-store,Key Value Store,Skip List KV
🗄️,databases-storage,Databases & Storage,🗝️,key-value-store,Key Value Store,Radix Tree KV
🗄️,databases-storage,Databases & Storage,🗝️,key-value-store,Key Value Store,Trie Store
🗄️,databases-storage,Databases & Storage,🗝️,key-value-store,Key Value Store,Persistent KV
🗄️,databases-storage,Databases & Storage,🗝️,key-value-store,Key Value Store,Append Only Log
🗄️,databases-storage,Databases & Storage,🗝️,key-value-store,Key Value Store,Compaction Engine
🗄️,databases-storage,Databases & Storage,🗝️,key-value-store,Key Value Store,Bloom Filter KV
🗄️,databases-storage,Databases & Storage,🗝️,key-value-store,Key Value Store,MemTable Store
🗄️,databases-storage,Databases & Storage,🗝️,key-value-store,Key Value Store,SSTable Store
🗄️,databases-storage,Databases & Storage,🗝️,key-value-store,Key Value Store,WAL Storage
🗄️,databases-storage,Databases & Storage,🗝️,key-value-store,Key Value Store,Snapshot Engine
🗄️,databases-storage,Databases & Storage,🗝️,key-value-store,Key Value Store,Merge Operator
🗄️,databases-storage,Databases & Storage,🗝️,key-value-store,Key Value Store,Range Query KV
🗄️,databases-storage,Databases & Storage,🗝️,key-value-store,Key Value Store,Prefix Scan KV
🗄️,databases-storage,Databases & Storage,🗝️,key-value-store,Key Value Store,Batch Writer
🗄️,databases-storage,Databases & Storage,🗝️,key-value-store,Key Value Store,Atomic Write
🗄️,databases-storage,Databases & Storage,🔍,search-engine,Search Engine,Inverted Index
🗄️,databases-storage,Databases & Storage,🔍,search-engine,Search Engine,Token Analyzer
🗄️,databases-storage,Databases & Storage,🔍,search-engine,Search Engine,Stemmer Engine
🗄️,databases-storage,Databases & Storage,🔍,search-engine,Search Engine,Stop Word Filter
🗄️,databases-storage,Databases & Storage,🔍,search-engine,Search Engine,TF IDF Calculator
🗄️,databases-storage,Databases & Storage,🔍,search-engine,Search Engine,BM25 Scorer
🗄️,databases-storage,Databases & Storage,🔍,search-engine,Search Engine,Vector Space Model
🗄️,databases-storage,Databases & Storage,🔍,search-engine,Search Engine,Phrase Query
🗄️,databases-storage,Databases & Storage,🔍,search-engine,Search Engine,Boolean Query
🗄️,databases-storage,Databases & Storage,🔍,search-engine,Search Engine,Fuzzy Search
🗄️,databases-storage,Databases & Storage,🔍,search-engine,Search Engine,Wildcard Search
🗄️,databases-storage,Databases & Storage,🔍,search-engine,Search Engine,Prefix Search
🗄️,databases-storage,Databases & Storage,🔍,search-engine,Search Engine,Range Search
🗄️,databases-storage,Databases & Storage,🔍,search-engine,Search Engine,Faceted Search
🗄️,databases-storage,Databases & Storage,🔍,search-engine,Search Engine,Filter Engine
🗄️,databases-storage,Databases & Storage,🔍,search-engine,Search Engine,Sort Engine
🗄️,databases-storage,Databases & Storage,🔍,search-engine,Search Engine,Ranking Algorithm
🗄️,databases-storage,Databases & Storage,🔍,search-engine,Search Engine,Score Booster
🗄️,databases-storage,Databases & Storage,🔍,search-engine,Search Engine,Document Store
🗄️,databases-storage,Databases & Storage,🔍,search-engine,Search Engine,Index Writer
🗄️,databases-storage,Databases & Storage,🔍,search-engine,Search Engine,Index Reader
🗄️,databases-storage,Databases & Storage,🔍,search-engine,Search Engine,Segment Manager
🗄️,databases-storage,Databases & Storage,🔍,search-engine,Search Engine,Merge Policy
🗄️,databases-storage,Databases & Storage,🔍,search-engine,Search Engine,Near Real Time
🗄️,databases-storage,Databases & Storage,🔍,search-engine,Search Engine,Index Snapshot
🗄️,databases-storage,Databases & Storage,🔍,search-engine,Search Engine,Commit Log Search
🗄️,databases-storage,Databases & Storage,🔍,search-engine,Search Engine,Query Parser Search
🗄️,databases-storage,Databases & Storage,🔍,search-engine,Search Engine,Query Rewriter
🗄️,databases-storage,Databases & Storage,🔍,search-engine,Search Engine,Spell Checker Search
🗄️,databases-storage,Databases & Storage,🔍,search-engine,Search Engine,Auto Suggest Search
🗄️,databases-storage,Databases & Storage,🧮,time-series-db,Time Series DB,Metric Store
🗄️,databases-storage,Databases & Storage,🧮,time-series-db,Time Series DB,Data Point Writer
🗄️,databases-storage,Databases & Storage,🧮,time-series-db,Time Series DB,Time Bucket Agg
🗄️,databases-storage,Databases & Storage,🧮,time-series-db,Time Series DB,Downsample Engine
🗄️,databases-storage,Databases & Storage,🧮,time-series-db,Time Series DB,Retention Policy
🗄️,databases-storage,Databases & Storage,🧮,time-series-db,Time Series DB,Continuous Query
🗄️,databases-storage,Databases & Storage,🧮,time-series-db,Time Series DB,Rollup Manager
🗄️,databases-storage,Databases & Storage,🧮,time-series-db,Time Series DB,Tag Index
🗄️,databases-storage,Databases & Storage,🧮,time-series-db,Time Series DB,Series Store
🗄️,databases-storage,Databases & Storage,🧮,time-series-db,Time Series DB,TSM Engine
🗄️,databases-storage,Databases & Storage,🧮,time-series-db,Time Series DB,Compression TS
🗄️,databases-storage,Databases & Storage,🧮,time-series-db,Time Series DB,Gorilla Compress
🗄️,databases-storage,Databases & Storage,🧮,time-series-db,Time Series DB,Delta Delta Comp
🗄️,databases-storage,Databases & Storage,🧮,time-series-db,Time Series DB,Simple8b Encoding
🗄️,databases-storage,Databases & Storage,🧮,time-series-db,Time Series DB,Zigzag Encoding
🗄️,databases-storage,Databases & Storage,🧮,time-series-db,Time Series DB,Bit Packing
🗄️,databases-storage,Databases & Storage,🧮,time-series-db,Time Series DB,Chunk Manager
🗄️,databases-storage,Databases & Storage,🧮,time-series-db,Time Series DB,Segment Writer
🗄️,databases-storage,Databases & Storage,🧮,time-series-db,Time Series DB,WAL Time Series
🗄️,databases-storage,Databases & Storage,🧮,time-series-db,Time Series DB,Snapshot Time
🗄️,databases-storage,Databases & Storage,🧮,time-series-db,Time Series DB,Query Engine TS
🗄️,databases-storage,Databases & Storage,🧮,time-series-db,Time Series DB,Range Query TS
🗄️,databases-storage,Databases & Storage,🧮,time-series-db,Time Series DB,Aggregation Query
🗄️,databases-storage,Databases & Storage,🧮,time-series-db,Time Series DB,Rate Calculation
🗄️,databases-storage,Databases & Storage,🧮,time-series-db,Time Series DB,Derivative Calc
🗄️,databases-storage,Databases & Storage,🧮,time-series-db,Time Series DB,Counter Reset Detect
🗄️,databases-storage,Databases & Storage,🧮,time-series-db,Time Series DB,Downsample Query
🗄️,databases-storage,Databases & Storage,🧮,time-series-db,Time Series DB,Upsample Interpolate
🗄️,databases-storage,Databases & Storage,🧮,time-series-db,Time Series DB,Alert Manager TS
🗄️,databases-storage,Databases & Storage,🧮,time-series-db,Time Series DB,Anomaly Detect TS
🗄️,databases-storage,Databases & Storage,🔗,graph-database,Graph Database,Adjacency List
🗄️,databases-storage,Databases & Storage,🔗,graph-database,Graph Database,Property Graph
🗄️,databases-storage,Databases & Storage,🔗,graph-database,Graph Database,RDF Store
🗄️,databases-storage,Databases & Storage,🔗,graph-database,Graph Database,Node Store
🗄️,databases-storage,Databases & Storage,🔗,graph-database,Graph Database,Edge Store
🗄️,databases-storage,Databases & Storage,🔗,graph-database,Graph Database,Property Index
🗄️,databases-storage,Databases & Storage,🔗,graph-database,Graph Database,Graph Traversal
🗄️,databases-storage,Databases & Storage,🔗,graph-database,Graph Database,BFS Graph Engine
🗄️,databases-storage,Databases & Storage,🔗,graph-database,Graph Database,DFS Graph Engine
🗄️,databases-storage,Databases & Storage,🔗,graph-database,Graph Database,Shortest Path Alg
🗄️,databases-storage,Databases & Storage,🔗,graph-database,Graph Database,All Paths Find
🗄️,databases-storage,Databases & Storage,🔗,graph-database,Graph Database,Page Rank Impl
🗄️,databases-storage,Databases & Storage,🔗,graph-database,Graph Database,Community Detect
🗄️,databases-storage,Databases & Storage,🔗,graph-database,Graph Database,Triangle Count
🗄️,databases-storage,Databases & Storage,🔗,graph-database,Graph Database,Clustering Coeff
🗄️,databases-storage,Databases & Storage,🔗,graph-database,Graph Database,Graph Query Lang
🗄️,databases-storage,Databases & Storage,🔗,graph-database,Graph Database,Cypher Clone
🗄️,databases-storage,Databases & Storage,🔗,graph-database,Graph Database,SPARQL Engine
🗄️,databases-storage,Databases & Storage,🔗,graph-database,Graph Database,Gremlin Clone
🗄️,databases-storage,Databases & Storage,🔗,graph-database,Graph Database,Pattern Match Graph
🗄️,databases-storage,Databases & Storage,🔗,graph-database,Graph Database,Graph Mutate
🗄️,databases-storage,Databases & Storage,🔗,graph-database,Graph Database,Label Propagation
🗄️,databases-storage,Databases & Storage,🔗,graph-database,Graph Database,Node Embedding
🗄️,databases-storage,Databases & Storage,🔗,graph-database,Graph Database,Edge Weight Calc
🗄️,databases-storage,Databases & Storage,🔗,graph-database,Graph Database,Graph Export
🗄️,databases-storage,Databases & Storage,🔗,graph-database,Graph Database,Graph Import
🗄️,databases-storage,Databases & Storage,🔗,graph-database,Graph Database,Transaction Graph
🗄️,databases-storage,Databases & Storage,🔗,graph-database,Graph Database,Index Free Adjacency
🗄️,databases-storage,Databases & Storage,🔗,graph-database,Graph Database,Graph Cache
🗄️,databases-storage,Databases & Storage,🔗,graph-database,Graph Database,Graph Visualizer
🗄️,databases-storage,Databases & Storage,📄,document-store,Document Store,MongoDB Clone
🗄️,databases-storage,Databases & Storage,📄,document-store,Document Store,JSON Document Store
🗄️,databases-storage,Databases & Storage,📄,document-store,Document Store,BSON Parser
🗄️,databases-storage,Databases & Storage,📄,document-store,Document Store,Dynamic Schema
🗄️,databases-storage,Databases & Storage,📄,document-store,Document Store,Collection Manager
🗄️,databases-storage,Databases & Storage,📄,document-store,Document Store,Document Query
🗄️,databases-storage,Databases & Storage,📄,document-store,Document Store,Projection Engine
🗄️,databases-storage,Databases & Storage,📄,document-store,Document Store,Sort Document
🗄️,databases-storage,Databases & Storage,📄,document-store,Document Store,Index Document
🗄️,databases-storage,Databases & Storage,📄,document-store,Document Store,Compound Index
🗄️,databases-storage,Databases & Storage,📄,document-store,Document Store,Text Index
🗄️,databases-storage,Databases & Storage,📄,document-store,Document Store,Geo Index
🗄️,databases-storage,Databases & Storage,📄,document-store,Document Store,Aggregation Pipe
🗄️,databases-storage,Databases & Storage,📄,document-store,Document Store,Match Stage
🗄️,databases-storage,Databases & Storage,📄,document-store,Document Store,Group Stage
🗄️,databases-storage,Databases & Storage,📄,document-store,Document Store,Sort Stage
🗄️,databases-storage,Databases & Storage,📄,document-store,Document Store,Project Stage
🗄️,databases-storage,Databases & Storage,📄,document-store,Document Store,Unwind Stage
🗄️,databases-storage,Databases & Storage,📄,document-store,Document Store,Lookup Stage
🗄️,databases-storage,Databases & Storage,📄,document-store,Document Store,Facet Stage
🗄️,databases-storage,Databases & Storage,📄,document-store,Document Store,Bucket Stage
🗄️,databases-storage,Databases & Storage,📄,document-store,Document Store,Replace Root Stage
🗄️,databases-storage,Databases & Storage,📄,document-store,Document Store,Document Update
🗄️,databases-storage,Databases & Storage,📄,document-store,Document Store,Upsert Operation
🗄️,databases-storage,Databases & Storage,📄,document-store,Document Store,Bulk Write
🗄️,databases-storage,Databases & Storage,📄,document-store,Document Store,Atomic Document
🗄️,databases-storage,Databases & Storage,📄,document-store,Document Store,Document Validation
🗄️,databases-storage,Databases & Storage,📄,document-store,Document Store,Schema Validator
🗄️,databases-storage,Databases & Storage,📄,document-store,Document Store,TTL Index
🗄️,databases-storage,Databases & Storage,📄,document-store,Document Store,Document Versioning
🗄️,databases-storage,Databases & Storage,📮,message-queue,Message Queue,Kafka Clone
🗄️,databases-storage,Databases & Storage,📮,message-queue,Message Queue,RabbitMQ Clone
🗄️,databases-storage,Databases & Storage,📮,message-queue,Message Queue,NATS Clone
🗄️,databases-storage,Databases & Storage,📮,message-queue,Message Queue,Publish Subscribe
🗄️,databases-storage,Databases & Storage,📮,message-queue,Message Queue,Topic Manager
🗄️,databases-storage,Databases & Storage,📮,message-queue,Message Queue,Partition Manager
🗄️,databases-storage,Databases & Storage,📮,message-queue,Message Queue,Consumer Group
🗄️,databases-storage,Databases & Storage,📮,message-queue,Message Queue,Offset Tracker
🗄️,databases-storage,Databases & Storage,📮,message-queue,Message Queue,Commit Log Queue
🗄️,databases-storage,Databases & Storage,📮,message-queue,Message Queue,Retention Queue
🗄️,databases-storage,Databases & Storage,📮,message-queue,Message Queue,Dead Letter Queue
🗄️,databases-storage,Databases & Storage,📮,message-queue,Message Queue,Retry Queue
🗄️,databases-storage,Databases & Storage,📮,message-queue,Message Queue,Delay Queue
🗄️,databases-storage,Databases & Storage,📮,message-queue,Message Queue,Priority Queue
🗄️,databases-storage,Databases & Storage,📮,message-queue,Message Queue,FIFO Queue
🗄️,databases-storage,Databases & Storage,📮,message-queue,Message Queue,Exactly Once
🗄️,databases-storage,Databases & Storage,📮,message-queue,Message Queue,At Least Once
🗄️,databases-storage,Databases & Storage,📮,message-queue,Message Queue,At Most Once
🗄️,databases-storage,Databases & Storage,📮,message-queue,Message Queue,Batch Consumer
🗄️,databases-storage,Databases & Storage,📮,message-queue,Message Queue,Stream Processor
🗄️,databases-storage,Databases & Storage,📮,message-queue,Message Queue,Replay Queue
🗄️,databases-storage,Databases & Storage,📮,message-queue,Message Queue,Snapshot Queue
🗄️,databases-storage,Databases & Storage,📮,message-queue,Message Queue,Consumer Lag
🗄️,databases-storage,Databases & Storage,📮,message-queue,Message Queue,Rebalance Protocol
🗄️,databases-storage,Databases & Storage,📮,message-queue,Message Queue,Leader Election
🗄️,databases-storage,Databases & Storage,📮,message-queue,Message Queue,Replication Factor
🗄️,databases-storage,Databases & Storage,📮,message-queue,Message Queue,Ack Manager
🗄️,databases-storage,Databases & Storage,📮,message-queue,Message Queue,Back Pressure
🗄️,databases-storage,Databases & Storage,📮,message-queue,Message Queue,Throttle Queue
🗄️,databases-storage,Databases & Storage,📮,message-queue,Message Queue,Queue Dashboard
🗄️,databases-storage,Databases & Storage,💾,file-system,File System,Inode Manager
🗄️,databases-storage,Databases & Storage,💾,file-system,File System,Block Allocator
🗄️,databases-storage,Databases & Storage,💾,file-system,File System,Bitmap Block
🗄️,databases-storage,Databases & Storage,💾,file-system,File System,Extent Manager
🗄️,databases-storage,Databases & Storage,💾,file-system,File System,Directory Entry
🗄️,databases-storage,Databases & Storage,💾,file-system,File System,Path Resolver
🗄️,databases-storage,Databases & Storage,💾,file-system,File System,Link Traverser
🗄️,databases-storage,Databases & Storage,💾,file-system,File System,Hard Link Sys
🗄️,databases-storage,Databases & Storage,💾,file-system,File System,Soft Link Sys
🗄️,databases-storage,Databases & Storage,💾,file-system,File System,Permission Checker
🗄️,databases-storage,Databases & Storage,💾,file-system,File System,ACL Manager
🗄️,databases-storage,Databases & Storage,💾,file-system,File System,Disk Scheduler
🗄️,databases-storage,Databases & Storage,💾,file-system,File System,Buffer Cache FS
🗄️,databases-storage,Databases & Storage,💾,file-system,File System,Page Cache FS
🗄️,databases-storage,Databases & Storage,💾,file-system,File System,Journaling Layer
🗄️,databases-storage,Databases & Storage,💾,file-system,File System,Journal Commit
🗄️,databases-storage,Databases & Storage,💾,file-system,File System,Journal Replay
🗄️,databases-storage,Databases & Storage,💾,file-system,File System,Superblock Manager
🗄️,databases-storage,Databases & Storage,💾,file-system,File System,Group Descriptor
🗄️,databases-storage,Databases & Storage,💾,file-system,File System,Block Group Ext
🗄️,databases-storage,Databases & Storage,💾,file-system,File System,FAT File System
🗄️,databases-storage,Databases & Storage,💾,file-system,File System,NTFS Clone
🗄️,databases-storage,Databases & Storage,💾,file-system,File System,Ext2 Clone
🗄️,databases-storage,Databases & Storage,💾,file-system,File System,Ext4 Clone
🗄️,databases-storage,Databases & Storage,💾,file-system,File System,ZFS Clone
🗄️,databases-storage,Databases & Storage,💾,file-system,File System,Btrfs Clone
🗄️,databases-storage,Databases & Storage,💾,file-system,File System,Virtual File System
🗄️,databases-storage,Databases & Storage,💾,file-system,File System,File Descriptor
🗄️,databases-storage,Databases & Storage,💾,file-system,File System,Seek Manager
🗄️,databases-storage,Databases & Storage,💾,file-system,File System,Read Ahead FS
🗄️,databases-storage,Databases & Storage,☁️,distributed-storage,Distributed Storage,GFS Clone
🗄️,databases-storage,Databases & Storage,☁️,distributed-storage,Distributed Storage,HDFS Clone
🗄️,databases-storage,Databases & Storage,☁️,distributed-storage,Distributed Storage,Ceph Clone
🗄️,databases-storage,Databases & Storage,☁️,distributed-storage,Distributed Storage,Chunk Server
🗄️,databases-storage,Databases & Storage,☁️,distributed-storage,Distributed Storage,Master Node
🗄️,databases-storage,Databases & Storage,☁️,distributed-storage,Distributed Storage,Replication Manager
🗄️,databases-storage,Databases & Storage,☁️,distributed-storage,Distributed Storage,Erasure Coding
🗄️,databases-storage,Databases & Storage,☁️,distributed-storage,Distributed Storage,Consistent Hash Ring
🗄️,databases-storage,Databases & Storage,☁️,distributed-storage,Distributed Storage,Rack Awareness
🗄️,databases-storage,Databases & Storage,☁️,distributed-storage,Distributed Storage,Data Node
🗄️,databases-storage,Databases & Storage,☁️,distributed-storage,Distributed Storage,Name Node
🗄️,databases-storage,Databases & Storage,☁️,distributed-storage,Distributed Storage,Block Report
🗄️,databases-storage,Databases & Storage,☁️,distributed-storage,Distributed Storage,Heartbeat Manager
🗄️,databases-storage,Databases & Storage,☁️,distributed-storage,Distributed Storage,Rebalancer Tool
🗄️,databases-storage,Databases & Storage,☁️,distributed-storage,Distributed Storage,Decommission Tool
🗄️,databases-storage,Databases & Storage,☁️,distributed-storage,Distributed Storage,Snapshot Dist
🗄️,databases-storage,Databases & Storage,☁️,distributed-storage,Distributed Storage,Quota Manager
🗄️,databases-storage,Databases & Storage,☁️,distributed-storage,Distributed Storage,FS Shell Tool
🗄️,databases-storage,Databases & Storage,☁️,distributed-storage,Distributed Storage,Data Pipeline
🗄️,databases-storage,Databases & Storage,☁️,distributed-storage,Distributed Storage,Checksum Verify
🗄️,databases-storage,Databases & Storage,☁️,distributed-storage,Distributed Storage,Scrubber Tool
🗄️,databases-storage,Databases & Storage,☁️,distributed-storage,Distributed Storage,Balancer Tool
🗄️,databases-storage,Databases & Storage,☁️,distributed-storage,Distributed Storage,High Availability
🗄️,databases-storage,Databases & Storage,☁️,distributed-storage,Distributed Storage,Failover Manager
🗄️,databases-storage,Databases & Storage,☁️,distributed-storage,Distributed Storage,Witness Server
🗄️,databases-storage,Databases & Storage,☁️,distributed-storage,Distributed Storage,Split Brain Avoid
🗄️,databases-storage,Databases & Storage,☁️,distributed-storage,Distributed Storage,Metadata Backup
🗄️,databases-storage,Databases & Storage,☁️,distributed-storage,Distributed Storage,Fsck Dist
🗄️,databases-storage,Databases & Storage,☁️,distributed-storage,Distributed Storage,Replica Stale
🗄️,databases-storage,Databases & Storage,☁️,distributed-storage,Distributed Storage,Corruption Detect
🗄️,databases-storage,Databases & Storage,🧊,data-lake,Data Lake,Parquet Writer
🗄️,databases-storage,Databases & Storage,🧊,data-lake,Data Lake,Parquet Reader
🗄️,databases-storage,Databases & Storage,🧊,data-lake,Data Lake,ORC Writer
🗄️,databases-storage,Databases & Storage,🧊,data-lake,Data Lake,ORC Reader
🗄️,databases-storage,Databases & Storage,🧊,data-lake,Data Lake,Avro Serializer
🗄️,databases-storage,Databases & Storage,🧊,data-lake,Data Lake,Columnar Format
🗄️,databases-storage,Databases & Storage,🧊,data-lake,Data Lake,Predicate Pushdown
🗄️,databases-storage,Databases & Storage,🧊,data-lake,Data Lake,Statistics Block
🗄️,databases-storage,Databases & Storage,🧊,data-lake,Data Lake,Min Max Index
🗄️,databases-storage,Databases & Storage,🧊,data-lake,Data Lake,Bloom Index
🗄️,databases-storage,Databases & Storage,🧊,data-lake,Data Lake,Partition Pruning
🗄️,databases-storage,Databases & Storage,🧊,data-lake,Data Lake,Bucket Pruning
🗄️,databases-storage,Databases & Storage,🧊,data-lake,Data Lake,Schema Evolution
🗄️,databases-storage,Databases & Storage,🧊,data-lake,Data Lake,File Lister
🗄️,databases-storage,Databases & Storage,🧊,data-lake,Data Lake,External Table
🗄️,databases-storage,Databases & Storage,🧊,data-lake,Data Lake,Metastore Clone
🗄️,databases-storage,Databases & Storage,🧊,data-lake,Data Lake,Hive Metastore
🗄️,databases-storage,Databases & Storage,🧊,data-lake,Data Lake,Iceberg Table
🗄️,databases-storage,Databases & Storage,🧊,data-lake,Data Lake,Delta Lake Clone
🗄️,databases-storage,Databases & Storage,🧊,data-lake,Data Lake,ACID Lake
🗄️,databases-storage,Databases & Storage,🧊,data-lake,Data Lake,Snapshot Isolation
🗄️,databases-storage,Databases & Storage,🧊,data-lake,Data Lake,Time Travel Query
🗄️,databases-storage,Databases & Storage,🧊,data-lake,Data Lake,Partition Evolve
🗄️,databases-storage,Databases & Storage,🧊,data-lake,Data Lake,File Compaction
🗄️,databases-storage,Databases & Storage,🧊,data-lake,Data Lake,Z Order Curve
🗄️,databases-storage,Databases & Storage,🧊,data-lake,Data Lake,Data Skip
🗄️,databases-storage,Databases & Storage,🧊,data-lake,Data Lake,Vectorized Read
🗄️,databases-storage,Databases & Storage,🧊,data-lake,Data Lake,Late Arriving Data
🗄️,databases-storage,Databases & Storage,🧊,data-lake,Data Lake,Schema on Read
🗄️,databases-storage,Databases & Storage,🧊,data-lake,Data Lake,Schema on Write
🗄️,databases-storage,Databases & Storage,🔄,replication-engine,Replication Engine,Master Slave Rep
🗄️,databases-storage,Databases & Storage,🔄,replication-engine,Replication Engine,Multi Master Rep
🗄️,databases-storage,Databases & Storage,🔄,replication-engine,Replication Engine,Leaderless Rep
🗄️,databases-storage,Databases & Storage,🔄,replication-engine,Replication Engine,Single Leader Rep
🗄️,databases-storage,Databases & Storage,🔄,replication-engine,Replication Engine,Statement Based
🗄️,databases-storage,Databases & Storage,🔄,replication-engine,Replication Engine,Row Based
🗄️,databases-storage,Databases & Storage,🔄,replication-engine,Replication Engine,Mixed Based
🗄️,databases-storage,Databases & Storage,🔄,replication-engine,Replication Engine,Async Replication
🗄️,databases-storage,Databases & Storage,🔄,replication-engine,Replication Engine,Sync Replication
🗄️,databases-storage,Databases & Storage,🔄,replication-engine,Replication Engine,Semi Sync Rep
🗄️,databases-storage,Databases & Storage,🔄,replication-engine,Replication Engine,Quorum Rep
🗄️,databases-storage,Databases & Storage,🔄,replication-engine,Replication Engine,Gossip Protocol
🗄️,databases-storage,Databases & Storage,🔄,replication-engine,Replication Engine,Conflict Resolution
🗄️,databases-storage,Databases & Storage,🔄,replication-engine,Replication Engine,Last Write Wins
🗄️,databases-storage,Databases & Storage,🔄,replication-engine,Replication Engine,CRDT Engine
🗄️,databases-storage,Databases & Storage,🔄,replication-engine,Replication Engine,Vector Clock
🗄️,databases-storage,Databases & Storage,🔄,replication-engine,Replication Engine,Version Vector
🗄️,databases-storage,Databases & Storage,🔄,replication-engine,Replication Engine,Dotted Version
🗄️,databases-storage,Databases & Storage,🔄,replication-engine,Replication Engine,Replication Log
🗄️,databases-storage,Databases & Storage,🔄,replication-engine,Replication Engine,Change Data Capture
🗄️,databases-storage,Databases & Storage,🔄,replication-engine,Replication Engine,Snapshot Replica
🗄️,databases-storage,Databases & Storage,🔄,replication-engine,Replication Engine,Incremental Rep
🗄️,databases-storage,Databases & Storage,🔄,replication-engine,Replication Engine,Log Shipping
🗄️,databases-storage,Databases & Storage,🔄,replication-engine,Replication Engine,Stream Replica
🗄️,databases-storage,Databases & Storage,🔄,replication-engine,Replication Engine,Read Replica
🗄️,databases-storage,Databases & Storage,🔄,replication-engine,Replication Engine,Cascade Replica
🗄️,databases-storage,Databases & Storage,🔄,replication-engine,Replication Engine,Failover Replica
🗄️,databases-storage,Databases & Storage,🔄,replication-engine,Replication Engine,Switchover Rep
🗄️,databases-storage,Databases & Storage,🔄,replication-engine,Replication Engine,Lag Monitor Rep
🗄️,databases-storage,Databases & Storage,🔄,replication-engine,Replication Engine,Consistency Check Rep
🗄️,databases-storage,Databases & Storage,📊,olap-engine,OLAP Engine,Star Schema
🗄️,databases-storage,Databases & Storage,📊,olap-engine,OLAP Engine,Snowflake Schema
🗄️,databases-storage,Databases & Storage,📊,olap-engine,OLAP Engine,Fact Table
🗄️,databases-storage,Databases & Storage,📊,olap-engine,OLAP Engine,Dimension Table
🗄️,databases-storage,Databases & Storage,📊,olap-engine,OLAP Engine,Cube Aggregation
🗄️,databases-storage,Databases & Storage,📊,olap-engine,OLAP Engine,MDX Engine
🗄️,databases-storage,Databases & Storage,📊,olap-engine,OLAP Engine,Rollup Cube
🗄️,databases-storage,Databases & Storage,📊,olap-engine,OLAP Engine,Slice Dice Op
🗄️,databases-storage,Databases & Storage,📊,olap-engine,OLAP Engine,Drilldown Query
🗄️,databases-storage,Databases & Storage,📊,olap-engine,OLAP Engine,Materialized View
🗄️,databases-storage,Databases & Storage,📊,olap-engine,OLAP Engine,Bitmap Index OLAP
🗄️,databases-storage,Databases & Storage,📊,olap-engine,OLAP Engine,Columnar Storage
🗄️,databases-storage,Databases & Storage,📊,olap-engine,OLAP Engine,Vectorized Exec
🗄️,databases-storage,Databases & Storage,📊,olap-engine,OLAP Engine,SIMD Query
🗄️,databases-storage,Databases & Storage,📊,olap-engine,OLAP Engine,Batch Processing
🗄️,databases-storage,Databases & Storage,📊,olap-engine,OLAP Engine,Partition Prune
🗄️,databases-storage,Databases & Storage,📊,olap-engine,OLAP Engine,Query Pipeline
🗄️,databases-storage,Databases & Storage,📊,olap-engine,OLAP Engine,Exchange Operator
🗄️,databases-storage,Databases & Storage,📊,olap-engine,OLAP Engine,Hash Aggregator
🗄️,databases-storage,Databases & Storage,📊,olap-engine,OLAP Engine,Sort Aggregator
🗄️,databases-storage,Databases & Storage,📊,olap-engine,OLAP Engine,Top N Sort
🗄️,databases-storage,Databases & Storage,📊,olap-engine,OLAP Engine,Window Function
🗄️,databases-storage,Databases & Storage,📊,olap-engine,OLAP Engine,Rank Function
🗄️,databases-storage,Databases & Storage,📊,olap-engine,OLAP Engine,Lag Lead Func
🗄️,databases-storage,Databases & Storage,📊,olap-engine,OLAP Engine,First Last Func
🗄️,databases-storage,Databases & Storage,📊,olap-engine,OLAP Engine,Cume Dist Func
🗄️,databases-storage,Databases & Storage,📊,olap-engine,OLAP Engine,Ntile Function
🗄️,databases-storage,Databases & Storage,📊,olap-engine,OLAP Engine,Running Total
🗄️,databases-storage,Databases & Storage,📊,olap-engine,OLAP Engine,Moving Average
🗄️,databases-storage,Databases & Storage,📊,olap-engine,OLAP Engine,Year Over Year
🗄️,databases-storage,Databases & Storage,🔢,vector-database,Vector Database,Embedding Store
🗄️,databases-storage,Databases & Storage,🔢,vector-database,Vector Database,Vector Index
🗄️,databases-storage,Databases & Storage,🔢,vector-database,Vector Database,Brute Force Search
🗄️,databases-storage,Databases & Storage,🔢,vector-database,Vector Database,IVF Index
🗄️,databases-storage,Databases & Storage,🔢,vector-database,Vector Database,HNSW Index
🗄️,databases-storage,Databases & Storage,🔢,vector-database,Vector Database,Product Quantization
🗄️,databases-storage,Databases & Storage,🔢,vector-database,Vector Database,Scalar Quantization
🗄️,databases-storage,Databases & Storage,🔢,vector-database,Vector Database,Binary Quantization
🗄️,databases-storage,Databases & Storage,🔢,vector-database,Vector Database,Cosine Similarity
🗄️,databases-storage,Databases & Storage,🔢,vector-database,Vector Database,Euclidean Distance
🗄️,databases-storage,Databases & Storage,🔢,vector-database,Vector Database,Dot Product Calc
🗄️,databases-storage,Databases & Storage,🔢,vector-database,Vector Database,L2 Normalization
🗄️,databases-storage,Databases & Storage,🔢,vector-database,Vector Database,Metadata Filter
🗄️,databases-storage,Databases & Storage,🔢,vector-database,Vector Database,Hybrid Search Vec
🗄️,databases-storage,Databases & Storage,🔢,vector-database,Vector Database,Vector Deletion
🗄️,databases-storage,Databases & Storage,🔢,vector-database,Vector Database,Batch Insert Vec
🗄️,databases-storage,Databases & Storage,🔢,vector-database,Vector Database,Vector Dimension
🗄️,databases-storage,Databases & Storage,🔢,vector-database,Vector Database,DiskANN Clone
🗄️,databases-storage,Databases & Storage,🔢,vector-database,Vector Database,HNSW Builder
🗄️,databases-storage,Databases & Storage,🔢,vector-database,Vector Database,Centroid Select
🗄️,databases-storage,Databases & Storage,🔢,vector-database,Vector Database,Cluster Assign
🗄️,databases-storage,Databases & Storage,🔢,vector-database,Vector Database,Probe Count Tune
🗄️,databases-storage,Databases & Storage,🔢,vector-database,Vector Database,Ef Construction
🗄️,databases-storage,Databases & Storage,🔢,vector-database,Vector Database,Ef Search Tune
🗄️,databases-storage,Databases & Storage,🔢,vector-database,Vector Database,M Parameter Tune
🗄️,databases-storage,Databases & Storage,🔢,vector-database,Vector Database,Distance Metric
🗄️,databases-storage,Databases & Storage,🔢,vector-database,Vector Database,Float Vector
🗄️,databases-storage,Databases & Storage,🔢,vector-database,Vector Database,Binary Vector
🗄️,databases-storage,Databases & Storage,🔢,vector-database,Vector Database,Sparse Vector
🗄️,databases-storage,Databases & Storage,🔢,vector-database,Vector Database,Vector Persistence
🗄️,databases-storage,Databases & Storage,📈,data-warehouse,Data Warehouse,Dimension Modeling
🗄️,databases-storage,Databases & Storage,📈,data-warehouse,Data Warehouse,ETL Pipeline DW
🗄️,databases-storage,Databases & Storage,📈,data-warehouse,Data Warehouse,ELT Pipeline DW
🗄️,databases-storage,Databases & Storage,📈,data-warehouse,Data Warehouse,Data Staging
🗄️,databases-storage,Databases & Storage,📈,data-warehouse,Data Warehouse,ODS Layer
🗄️,databases-storage,Databases & Storage,📈,data-warehouse,Data Warehouse,DWD Layer
🗄️,databases-storage,Databases & Storage,📈,data-warehouse,Data Warehouse,DWS Layer
🗄️,databases-storage,Databases & Storage,📈,data-warehouse,Data Warehouse,ADS Layer
🗄️,databases-storage,Databases & Storage,📈,data-warehouse,Data Warehouse,Type 1 SCD
🗄️,databases-storage,Databases & Storage,📈,data-warehouse,Data Warehouse,Type 2 SCD
🗄️,databases-storage,Databases & Storage,📈,data-warehouse,Data Warehouse,Type 3 SCD
🗄️,databases-storage,Databases & Storage,📈,data-warehouse,Data Warehouse,Surrogate Key Gen
🗄️,databases-storage,Databases & Storage,📈,data-warehouse,Data Warehouse,Natural Key Find
🗄️,databases-storage,Databases & Storage,📈,data-warehouse,Data Warehouse,Slowly Changing Dim
🗄️,databases-storage,Databases & Storage,📈,data-warehouse,Data Warehouse,Conformed Dim
🗄️,databases-storage,Databases & Storage,📈,data-warehouse,Data Warehouse,Junk Dimension
🗄️,databases-storage,Databases & Storage,📈,data-warehouse,Data Warehouse,Degenerate Dim
🗄️,databases-storage,Databases & Storage,📈,data-warehouse,Data Warehouse,Role Playing Dim
🗄️,databases-storage,Databases & Storage,📈,data-warehouse,Data Warehouse,Bridge Table
🗄️,databases-storage,Databases & Storage,📈,data-warehouse,Data Warehouse,Fact Constellation
🗄️,databases-storage,Databases & Storage,📈,data-warehouse,Data Warehouse,Accumulating Snapshot
🗄️,databases-storage,Databases & Storage,📈,data-warehouse,Data Warehouse,Periodic Snapshot
🗄️,databases-storage,Databases & Storage,📈,data-warehouse,Data Warehouse,Factless Fact
🗄️,databases-storage,Databases & Storage,📈,data-warehouse,Data Warehouse,Additive Fact
🗄️,databases-storage,Databases & Storage,📈,data-warehouse,Data Warehouse,Semi Additive Fact
🗄️,databases-storage,Databases & Storage,📈,data-warehouse,Data Warehouse,Non Additive Fact
🗄️,databases-storage,Databases & Storage,📈,data-warehouse,Data Warehouse,Grain Statement
🗄️,databases-storage,Databases & Storage,📈,data-warehouse,Data Warehouse,Source Mapping
🗄️,databases-storage,Databases & Storage,📈,data-warehouse,Data Warehouse,Data Quality DW
🗄️,databases-storage,Databases & Storage,📈,data-warehouse,Data Warehouse,Data Profiler
🗄️,databases-storage,Databases & Storage,🗃️,local-storage-engine,Local Storage Engine,Page Oriented Store
🗄️,databases-storage,Databases & Storage,🗃️,local-storage-engine,Local Storage Engine,Slotted Page
🗄️,databases-storage,Databases & Storage,🗃️,local-storage-engine,Local Storage Engine,Record ID Gen
🗄️,databases-storage,Databases & Storage,🗃️,local-storage-engine,Local Storage Engine,Table Heap
🗄️,databases-storage,Databases & Storage,🗃️,local-storage-engine,Local Storage Engine,Primary Index
🗄️,databases-storage,Databases & Storage,🗃️,local-storage-engine,Local Storage Engine,Secondary Index
🗄️,databases-storage,Databases & Storage,🗃️,local-storage-engine,Local Storage Engine,Unique Constraint
🗄️,databases-storage,Databases & Storage,🗃️,local-storage-engine,Local Storage Engine,Foreign Key Check
🗄️,databases-storage,Databases & Storage,🗃️,local-storage-engine,Local Storage Engine,Check Constraint
🗄️,databases-storage,Databases & Storage,🗃️,local-storage-engine,Local Storage Engine,Default Value Gen
🗄️,databases-storage,Databases & Storage,🗃️,local-storage-engine,Local Storage Engine,Null Bitmap Mgmt
🗄️,databases-storage,Databases & Storage,🗃️,local-storage-engine,Local Storage Engine,Variable Length Rec
🗄️,databases-storage,Databases & Storage,🗃️,local-storage-engine,Local Storage Engine,Overflow Page
🗄️,databases-storage,Databases & Storage,🗃️,local-storage-engine,Local Storage Engine,B Tree Node Split
🗄️,databases-storage,Databases & Storage,🗃️,local-storage-engine,Local Storage Engine,Buffer Frame
🗄️,databases-storage,Databases & Storage,🗃️,local-storage-engine,Local Storage Engine,Pin Unpin Page
🗄️,databases-storage,Databases & Storage,🗃️,local-storage-engine,Local Storage Engine,Dirty Page Track
🗄️,databases-storage,Databases & Storage,🗃️,local-storage-engine,Local Storage Engine,Flush List
🗄️,databases-storage,Databases & Storage,🗃️,local-storage-engine,Local Storage Engine,Eviction Policy
🗄️,databases-storage,Databases & Storage,🗃️,local-storage-engine,Local Storage Engine,Clock Sweep Evict
🗄️,databases-storage,Databases & Storage,🗃️,local-storage-engine,Local Storage Engine,LRU Eviction
🗄️,databases-storage,Databases & Storage,🗃️,local-storage-engine,Local Storage Engine,Prefetch Engine
🗄️,databases-storage,Databases & Storage,🗃️,local-storage-engine,Local Storage Engine,Double Write Buff
🗄️,databases-storage,Databases & Storage,🗃️,local-storage-engine,Local Storage Engine,Checksum Page
🗄️,databases-storage,Databases & Storage,🗃️,local-storage-engine,Local Storage Engine,Recovery Manager
🗄️,databases-storage,Databases & Storage,🗃️,local-storage-engine,Local Storage Engine,Redo Log Engine
🗄️,databases-storage,Databases & Storage,🗃️,local-storage-engine,Local Storage Engine,Undo Log Engine
🗄️,databases-storage,Databases & Storage,🗃️,local-storage-engine,Local Storage Engine,ARIES Algorithm
🗄️,databases-storage,Databases & Storage,🗃️,local-storage-engine,Local Storage Engine,Log Sequence Num
🗄️,databases-storage,Databases & Storage,🗃️,local-storage-engine,Local Storage Engine,Savepoint Manager
🗄️,databases-storage,Databases & Storage,🔍,full-text-search,Full Text Search,Token Inverted Index
🗄️,databases-storage,Databases & Storage,🔍,full-text-search,Full Text Search,Character Filter
🗄️,databases-storage,Databases & Storage,🔍,full-text-search,Full Text Search,Tokenizer FTS
🗄️,databases-storage,Databases & Storage,🔍,full-text-search,Full Text Search,Normalizer FTS
🗄️,databases-storage,Databases & Storage,🔍,full-text-search,Full Text Search,Synonym Filter
🗄️,databases-storage,Databases & Storage,🔍,full-text-search,Full Text Search,Stemming FTS
🗄️,databases-storage,Databases & Storage,🔍,full-text-search,Full Text Search,Porter Stemmer
🗄️,databases-storage,Databases & Storage,🔍,full-text-search,Full Text Search,Snowball Stemmer
🗄️,databases-storage,Databases & Storage,🔍,full-text-search,Full Text Search,Ngram Tokenizer
🗄️,databases-storage,Databases & Storage,🔍,full-text-search,Full Text Search,Edge Ngram
🗄️,databases-storage,Databases & Storage,🔍,full-text-search,Full Text Search,Shingle Filter
🗄️,databases-storage,Databases & Storage,🔍,full-text-search,Full Text Search,Stop Words Filter
🗄️,databases-storage,Databases & Storage,🔍,full-text-search,Full Text Search,Length Filter
🗄️,databases-storage,Databases & Storage,🔍,full-text-search,Full Text Search,Reverse Token
🗄️,databases-storage,Databases & Storage,🔍,full-text-search,Full Text Search,Truncate Token
🗄️,databases-storage,Databases & Storage,🔍,full-text-search,Full Text Search,Fuzzy Query FTS
🗄️,databases-storage,Databases & Storage,🔍,full-text-search,Full Text Search,Phrase Query FTS
🗄️,databases-storage,Databases & Storage,🔍,full-text-search,Full Text Search,Proximity Query
🗄️,databases-storage,Databases & Storage,🔍,full-text-search,Full Text Search,Prefix Query FTS
🗄️,databases-storage,Databases & Storage,🔍,full-text-search,Full Text Search,Wildcard Query
🗄️,databases-storage,Databases & Storage,🔍,full-text-search,Full Text Search,Regex Query FTS
🗄️,databases-storage,Databases & Storage,🔍,full-text-search,Full Text Search,Scoring BM25
🗄️,databases-storage,Databases & Storage,🔍,full-text-search,Full Text Search,Scoring TF IDF
🗄️,databases-storage,Databases & Storage,🔍,full-text-search,Full Text Search,Constant Score
🗄️,databases-storage,Databases & Storage,🔍,full-text-search,Full Text Search,Boolean Score
🗄️,databases-storage,Databases & Storage,🔍,full-text-search,Full Text Search,Function Score
🗄️,databases-storage,Databases & Storage,🔍,full-text-search,Full Text Search,Rescore Engine
🗄️,databases-storage,Databases & Storage,🔍,full-text-search,Full Text Search,Suggest FTS
🗄️,databases-storage,Databases & Storage,🔍,full-text-search,Full Text Search,Completion Suggester
🗄️,databases-storage,Databases & Storage,🔍,full-text-search,Full Text Search,Phrase Suggester
🗄️,databases-storage,Databases & Storage,🔄,change-data-capture,Change Data Capture,WAL Parser
🗄️,databases-storage,Databases & Storage,🔄,change-data-capture,Change Data Capture,Transaction Log Tail
🗄️,databases-storage,Databases & Storage,🔄,change-data-capture,Change Data Capture,Row Image Capture
🗄️,databases-storage,Databases & Storage,🔄,change-data-capture,Change Data Capture,Before Image
🗄️,databases-storage,Databases & Storage,🔄,change-data-capture,Change Data Capture,After Image
🗄️,databases-storage,Databases & Storage,🔄,change-data-capture,Change Data Capture,Write Event Emit
🗄️,databases-storage,Databases & Storage,🔄,change-data-capture,Change Data Capture,Delete Event Emit
🗄️,databases-storage,Databases & Storage,🔄,change-data-capture,Change Data Capture,Update Event Emit
🗄️,databases-storage,Databases & Storage,🔄,change-data-capture,Change Data Capture,Schema Change Emit
🗄️,databases-storage,Databases & Storage,🔄,change-data-capture,Change Data Capture,DDL Capture
🗄️,databases-storage,Databases & Storage,🔄,change-data-capture,Change Data Capture,Snapshot CDC
🗄️,databases-storage,Databases & Storage,🔄,change-data-capture,Change Data Capture,Incremental CDC
🗄️,databases-storage,Databases & Storage,🔄,change-data-capture,Change Data Capture,Stream Producer CDC
🗄️,databases-storage,Databases & Storage,🔄,change-data-capture,Change Data Capture,Offset Tracker CDC
🗄️,databases-storage,Databases & Storage,🔄,change-data-capture,Change Data Capture,At Least Once CDC
🗄️,databases-storage,Databases & Storage,🔄,change-data-capture,Change Data Capture,Exactly Once CDC
🗄️,databases-storage,Databases & Storage,🔄,change-data-capture,Change Data Capture,Batch Processor CDC
🗄️,databases-storage,Databases & Storage,🔄,change-data-capture,Change Data Capture,Event Serializer
🗄️,databases-storage,Databases & Storage,🔄,change-data-capture,Change Data Capture,Avro Serializer CDC
🗄️,databases-storage,Databases & Storage,🔄,change-data-capture,Change Data Capture,JSON Serializer CDC
🗄️,databases-storage,Databases & Storage,🔄,change-data-capture,Change Data Capture,Debezium Clone
🗄️,databases-storage,Databases & Storage,🔄,change-data-capture,Change Data Capture,Table Filter
🗄️,databases-storage,Databases & Storage,🔄,change-data-capture,Change Data Capture,Column Filter
🗄️,databases-storage,Databases & Storage,🔄,change-data-capture,Change Data Capture,Row Filter
🗄️,databases-storage,Databases & Storage,🔄,change-data-capture,Change Data Capture,Transform CDC
🗄️,databases-storage,Databases & Storage,🔄,change-data-capture,Change Data Capture,Router CDC
🗄️,databases-storage,Databases & Storage,🔄,change-data-capture,Change Data Capture,Dead Letter CDC
🗄️,databases-storage,Databases & Storage,🔄,change-data-capture,Change Data Capture,Replicate CDC
🗄️,databases-storage,Databases & Storage,🔄,change-data-capture,Change Data Capture,Sink Connector
🗄️,databases-storage,Databases & Storage,🔄,change-data-capture,Change Data Capture,Source Connector
🗄️,databases-storage,Databases & Storage,🧬,etl-pipeline,ETL Pipeline,Extract Connector
🗄️,databases-storage,Databases & Storage,🧬,etl-pipeline,ETL Pipeline,Load Connector
🗄️,databases-storage,Databases & Storage,🧬,etl-pipeline,ETL Pipeline,Transform Engine
🗄️,databases-storage,Databases & Storage,🧬,etl-pipeline,ETL Pipeline,Row Transform
🗄️,databases-storage,Databases & Storage,🧬,etl-pipeline,ETL Pipeline,Column Transform
🗄️,databases-storage,Databases & Storage,🧬,etl-pipeline,ETL Pipeline,Filter Transform
🗄️,databases-storage,Databases & Storage,🧬,etl-pipeline,ETL Pipeline,Aggregate Transform
🗄️,databases-storage,Databases & Storage,🧬,etl-pipeline,ETL Pipeline,Join Transform
🗄️,databases-storage,Databases & Storage,🧬,etl-pipeline,ETL Pipeline,Lookup Transform
🗄️,databases-storage,Databases & Storage,🧬,etl-pipeline,ETL Pipeline,Split Transform
🗄️,databases-storage,Databases & Storage,🧬,etl-pipeline,ETL Pipeline,Merge Transform
🗄️,databases-storage,Databases & Storage,🧬,etl-pipeline,ETL Pipeline,Schema Map
🗄️,databases-storage,Databases & Storage,🧬,etl-pipeline,ETL Pipeline,Data Type Conv
🗄️,databases-storage,Databases & Storage,🧬,etl-pipeline,ETL Pipeline,Null Handler
🗄️,databases-storage,Databases & Storage,🧬,etl-pipeline,ETL Pipeline,Default Value ETL
🗄️,databases-storage,Databases & Storage,🧬,etl-pipeline,ETL Pipeline,Error Record Handler
🗄️,databases-storage,Databases & Storage,🧬,etl-pipeline,ETL Pipeline,Skip Bad Record
🗄️,databases-storage,Databases & Storage,🧬,etl-pipeline,ETL Pipeline,Dead Letter Q ETL
🗄️,databases-storage,Databases & Storage,🧬,etl-pipeline,ETL Pipeline,Batch Scheduler
🗄️,databases-storage,Databases & Storage,🧬,etl-pipeline,ETL Pipeline,Incremental Load
🗄️,databases-storage,Databases & Storage,🧬,etl-pipeline,ETL Pipeline,Full Load
🗄️,databases-storage,Databases & Storage,🧬,etl-pipeline,ETL Pipeline,Upsert Engine
🗄️,databases-storage,Databases & Storage,🧬,etl-pipeline,ETL Pipeline,Truncate Load
🗄️,databases-storage,Databases & Storage,🧬,etl-pipeline,ETL Pipeline,Append Load
🗄️,databases-storage,Databases & Storage,🧬,etl-pipeline,ETL Pipeline,Merge Load
🗄️,databases-storage,Databases & Storage,🧬,etl-pipeline,ETL Pipeline,Slowly Changing Dim
🗄️,databases-storage,Databases & Storage,🧬,etl-pipeline,ETL Pipeline,Source CDC ETL
🗄️,databases-storage,Databases & Storage,🧬,etl-pipeline,ETL Pipeline,Watermark ETL
🗄️,databases-storage,Databases & Storage,🧬,etl-pipeline,ETL Pipeline,Retry Logic ETL
🗄️,databases-storage,Databases & Storage,🧬,etl-pipeline,ETL Pipeline,Alert ETL
🗄️,databases-storage,Databases & Storage,🧮,oltp-engine,OLTP Engine,Row Based Engine
🗄️,databases-storage,Databases & Storage,🧮,oltp-engine,OLTP Engine,Heap Storage OLTP
🗄️,databases-storage,Databases & Storage,🧮,oltp-engine,OLTP Engine,B Tree OLTP
🗄️,databases-storage,Databases & Storage,🧮,oltp-engine,OLTP Engine,Hash Table OLTP
🗄️,databases-storage,Databases & Storage,🧮,oltp-engine,OLTP Engine,Tuple Manager
🗄️,databases-storage,Databases & Storage,🧮,oltp-engine,OLTP Engine,Lock Table OLTP
🗄️,databases-storage,Databases & Storage,🧮,oltp-engine,OLTP Engine,Row Level Lock
🗄️,databases-storage,Databases & Storage,🧮,oltp-engine,OLTP Engine,Page Level Lock
🗄️,databases-storage,Databases & Storage,🧮,oltp-engine,OLTP Engine,Table Level Lock
🗄️,databases-storage,Databases & Storage,🧮,oltp-engine,OLTP Engine,Intent Lock Proto
🗄️,databases-storage,Databases & Storage,🧮,oltp-engine,OLTP Engine,Shared Lock
🗄️,databases-storage,Databases & Storage,🧮,oltp-engine,OLTP Engine,Exclusive Lock
🗄️,databases-storage,Databases & Storage,🧮,oltp-engine,OLTP Engine,Update Lock
🗄️,databases-storage,Databases & Storage,🧮,oltp-engine,OLTP Engine,Schema Lock
🗄️,databases-storage,Databases & Storage,🧮,oltp-engine,OLTP Engine,Deadlock Detect OLTP
🗄️,databases-storage,Databases & Storage,🧮,oltp-engine,OLTP Engine,Wait Die Policy
🗄️,databases-storage,Databases & Storage,🧮,oltp-engine,OLTP Engine,Wound Wait Policy
🗄️,databases-storage,Databases & Storage,🧮,oltp-engine,OLTP Engine,No Wait Policy
🗄️,databases-storage,Databases & Storage,🧮,oltp-engine,OLTP Engine,Time Out Policy
🗄️,databases-storage,Databases & Storage,🧮,oltp-engine,OLTP Engine,Two Phase Lock
🗄️,databases-storage,Databases & Storage,🧮,oltp-engine,OLTP Engine,Strict 2PL
🗄️,databases-storage,Databases & Storage,🧮,oltp-engine,OLTP Engine,Rigorous 2PL
🗄️,databases-storage,Databases & Storage,🧮,oltp-engine,OLTP Engine,Commit Protocol
🗄️,databases-storage,Databases & Storage,🧮,oltp-engine,OLTP Engine,Abort Protocol
🗄️,databases-storage,Databases & Storage,🧮,oltp-engine,OLTP Engine,Rollback Segment
🗄️,databases-storage,Databases & Storage,🧮,oltp-engine,OLTP Engine,Savepoint OLTP
🗄️,databases-storage,Databases & Storage,🧮,oltp-engine,OLTP Engine,Recovery OLTP
🗄️,databases-storage,Databases & Storage,🧮,oltp-engine,OLTP Engine,Crash Recovery
🗄️,databases-storage,Databases & Storage,🧮,oltp-engine,OLTP Engine,Media Recovery
🗄️,databases-storage,Databases & Storage,🧮,oltp-engine,OLTP Engine,Point In Time Rec
🗄️,databases-storage,Databases & Storage,🗄️,columnar-database,Columnar Database,Column Group Store
🗄️,databases-storage,Databases & Storage,🗄️,columnar-database,Columnar Database,Column Family
🗄️,databases-storage,Databases & Storage,🗄️,columnar-database,Columnar Database,Row Key Order
🗄️,databases-storage,Databases & Storage,🗄️,columnar-database,Columnar Database,Column Qualifier
🗄️,databases-storage,Databases & Storage,🗄️,columnar-database,Columnar Database,Timestamp Version
🗄️,databases-storage,Databases & Storage,🗄️,columnar-database,Columnar Database,Cell Value Store
🗄️,databases-storage,Databases & Storage,🗄️,columnar-database,Columnar Database,Mutations Column
🗄️,databases-storage,Databases & Storage,🗄️,columnar-database,Columnar Database,Get Scanner
🗄️,databases-storage,Databases & Storage,🗄️,columnar-database,Columnar Database,Filter Column
🗄️,databases-storage,Databases & Storage,🗄️,columnar-database,Columnar Database,Page Filter
🗄️,databases-storage,Databases & Storage,🗄️,columnar-database,Columnar Database,Column Bloom Filter
🗄️,databases-storage,Databases & Storage,🗄️,columnar-database,Columnar Database,Column Index
🗄️,databases-storage,Databases & Storage,🗄️,columnar-database,Columnar Database,Column Compression
🗄️,databases-storage,Databases & Storage,🗄️,columnar-database,Columnar Database,RLE Encoding
🗄️,databases-storage,Databases & Storage,🗄️,columnar-database,Columnar Database,Delta Encoding
🗄️,databases-storage,Databases & Storage,🗄️,columnar-database,Columnar Database,Dictionary Encoding
🗄️,databases-storage,Databases & Storage,🗄️,columnar-database,Columnar Database,Bit Vector Encoding
🗄️,databases-storage,Databases & Storage,🗄️,columnar-database,Columnar Database,Run Length Column
🗄️,databases-storage,Databases & Storage,🗄️,columnar-database,Columnar Database,Zone Map Column
🗄️,databases-storage,Databases & Storage,🗄️,columnar-database,Columnar Database,Min Max Index Col
🗄️,databases-storage,Databases & Storage,🗄️,columnar-database,Columnar Database,Sparse Index Col
🗄️,databases-storage,Databases & Storage,🗄️,columnar-database,Columnar Database,Projection Column
🗄️,databases-storage,Databases & Storage,🗄️,columnar-database,Columnar Database,Late Materialization
🗄️,databases-storage,Databases & Storage,🗄️,columnar-database,Columnar Database,Vectorized Column
🗄️,databases-storage,Databases & Storage,🗄️,columnar-database,Columnar Database,Predicate Eval Col
🗄️,databases-storage,Databases & Storage,🗄️,columnar-database,Columnar Database,Tuple Reconstruction
🗄️,databases-storage,Databases & Storage,🗄️,columnar-database,Columnar Database,Column Pruning
🗄️,databases-storage,Databases & Storage,🗄️,columnar-database,Columnar Database,Lazy Decode Col
🗄️,databases-storage,Databases & Storage,🗄️,columnar-database,Columnar Database,Shared Scan Col
🗄️,databases-storage,Databases & Storage,🗄️,columnar-database,Columnar Database,Column Stats
🗄️,databases-storage,Databases & Storage,🔄,event-store,Event Store,Event Sourcing
🗄️,databases-storage,Databases & Storage,🔄,event-store,Event Store,Event Stream Writer
🗄️,databases-storage,Databases & Storage,🔄,event-store,Event Store,Event Stream Read
🗄️,databases-storage,Databases & Storage,🔄,event-store,Event Store,Event Type Registry
🗄️,databases-storage,Databases & Storage,🔄,event-store,Event Store,Event Versioning
🗄️,databases-storage,Databases & Storage,🔄,event-store,Event Store,Aggregate Root
🗄️,databases-storage,Databases & Storage,🔄,event-store,Event Store,Projection Engine
🗄️,databases-storage,Databases & Storage,🔄,event-store,Event Store,Snapshot Event
🗄️,databases-storage,Databases & Storage,🔄,event-store,Event Store,Event Upcaster
🗄️,databases-storage,Databases & Storage,🔄,event-store,Event Store,Event Migrator
🗄️,databases-storage,Databases & Storage,🔄,event-store,Event Store,Category Stream
🗄️,databases-storage,Databases & Storage,🔄,event-store,Event Store,Tenant Stream
🗄️,databases-storage,Databases & Storage,🔄,event-store,Event Store,Metadata Stream
🗄️,databases-storage,Databases & Storage,🔄,event-store,Event Store,Link To Event
🗄️,databases-storage,Databases & Storage,🔄,event-store,Event Store,Expected Version
🗄️,databases-storage,Databases & Storage,🔄,event-store,Event Store,Idempotent Writer
🗄️,databases-storage,Databases & Storage,🔄,event-store,Event Store,Catch Up Subscribe
🗄️,databases-storage,Databases & Storage,🔄,event-store,Event Store,Volatile Subscribe
🗄️,databases-storage,Databases & Storage,🔄,event-store,Event Store,Persistent Subscribe
🗄️,databases-storage,Databases & Storage,🔄,event-store,Event Store,Stream Position
🗄️,databases-storage,Databases & Storage,🔄,event-store,Event Store,Global Position
🗄️,databases-storage,Databases & Storage,🔄,event-store,Event Store,Max Count Policy
🗄️,databases-storage,Databases & Storage,🔄,event-store,Event Store,Max Age Policy
🗄️,databases-storage,Databases & Storage,🔄,event-store,Event Store,Truncate Before
🗄️,databases-storage,Databases & Storage,🔄,event-store,Event Store,Stream Metadata
🗄️,databases-storage,Databases & Storage,🔄,event-store,Event Store,Event Serializer Ev
🗄️,databases-storage,Databases & Storage,🔄,event-store,Event Store,JSON Event Serial
🗄️,databases-storage,Databases & Storage,🔄,event-store,Event Store,Binary Event Serial
🗄️,databases-storage,Databases & Storage,🔄,event-store,Event Store,Index Event Store
🗄️,databases-storage,Databases & Storage,🔄,event-store,Event Store,Read Model Build
🗄️,databases-storage,Databases & Storage,🔗,consensus-algorithm,Consensus Algorithm,Paxos Impl
🗄️,databases-storage,Databases & Storage,🔗,consensus-algorithm,Consensus Algorithm,Multi Paxos
🗄️,databases-storage,Databases & Storage,🔗,consensus-algorithm,Consensus Algorithm,Raft Consensus
🗄️,databases-storage,Databases & Storage,🔗,consensus-algorithm,Consensus Algorithm,Leader Election Raft
🗄️,databases-storage,Databases & Storage,🔗,consensus-algorithm,Consensus Algorithm,Log Replication
🗄️,databases-storage,Databases & Storage,🔗,consensus-algorithm,Consensus Algorithm,Safety Raft
🗄️,databases-storage,Databases & Storage,🔗,consensus-algorithm,Consensus Algorithm,Member Change
🗄️,databases-storage,Databases & Storage,🔗,consensus-algorithm,Consensus Algorithm,Snapshot Install
🗄️,databases-storage,Databases & Storage,🔗,consensus-algorithm,Consensus Algorithm,Log Compaction
🗄️,databases-storage,Databases & Storage,🔗,consensus-algorithm,Consensus Algorithm,Quorum Read
🗄️,databases-storage,Databases & Storage,🔗,consensus-algorithm,Consensus Algorithm,Linearizable Read
🗄️,databases-storage,Databases & Storage,🔗,consensus-algorithm,Consensus Algorithm,Read Index
🗄️,databases-storage,Databases & Storage,🔗,consensus-algorithm,Consensus Algorithm,Lease Read
🗄️,databases-storage,Databases & Storage,🔗,consensus-algorithm,Consensus Algorithm,Pre Vote Raft
🗄️,databases-storage,Databases & Storage,🔗,consensus-algorithm,Consensus Algorithm,Check Quorum
🗄️,databases-storage,Databases & Storage,🔗,consensus-algorithm,Consensus Algorithm,Joint Consensus
🗄️,databases-storage,Databases & Storage,🔗,consensus-algorithm,Consensus Algorithm,Single Server Change
🗄️,databases-storage,Databases & Storage,🔗,consensus-algorithm,Consensus Algorithm,Transfer Leader
🗄️,databases-storage,Databases & Storage,🔗,consensus-algorithm,Consensus Algorithm,Cluster Bootstrap
🗄️,databases-storage,Databases & Storage,🔗,consensus-algorithm,Consensus Algorithm,Persistent State
🗄️,databases-storage,Databases & Storage,🔗,consensus-algorithm,Consensus Algorithm,Volatile State
🗄️,databases-storage,Databases & Storage,🔗,consensus-algorithm,Consensus Algorithm,Request Vote
🗄️,databases-storage,Databases & Storage,🔗,consensus-algorithm,Consensus Algorithm,Append Entry
🗄️,databases-storage,Databases & Storage,🔗,consensus-algorithm,Consensus Algorithm,Install Snapshot
🗄️,databases-storage,Databases & Storage,🔗,consensus-algorithm,Consensus Algorithm,Follower Cand State
🗄️,databases-storage,Databases & Storage,🔗,consensus-algorithm,Consensus Algorithm,Candidate State
🗄️,databases-storage,Databases & Storage,🔗,consensus-algorithm,Consensus Algorithm,Leader State
🗄️,databases-storage,Databases & Storage,🔗,consensus-algorithm,Consensus Algorithm,Split Vote Avoid
🗄️,databases-storage,Databases & Storage,🔗,consensus-algorithm,Consensus Algorithm,Election Timeout
🗄️,databases-storage,Databases & Storage,🔗,consensus-algorithm,Consensus Algorithm,Heartbeat Raft
🗄️,databases-storage,Databases & Storage,🛡️,backup-recovery,Backup & Recovery,Full Backup
🗄️,databases-storage,Databases & Storage,🛡️,backup-recovery,Backup & Recovery,Incremental Backup
🗄️,databases-storage,Databases & Storage,🛡️,backup-recovery,Backup & Recovery,Differential Backup
🗄️,databases-storage,Databases & Storage,🛡️,backup-recovery,Backup & Recovery,Log Backup
🗄️,databases-storage,Databases & Storage,🛡️,backup-recovery,Backup & Recovery,Snapshot Backup
🗄️,databases-storage,Databases & Storage,🛡️,backup-recovery,Backup & Recovery,Physical Backup
🗄️,databases-storage,Databases & Storage,🛡️,backup-recovery,Backup & Recovery,Logical Backup
🗄️,databases-storage,Databases & Storage,🛡️,backup-recovery,Backup & Recovery,Hot Backup
🗄️,databases-storage,Databases & Storage,🛡️,backup-recovery,Backup & Recovery,Cold Backup
🗄️,databases-storage,Databases & Storage,🛡️,backup-recovery,Backup & Recovery,Parallel Backup
🗄️,databases-storage,Databases & Storage,🛡️,backup-recovery,Backup & Recovery,Compressed Backup
🗄️,databases-storage,Databases & Storage,🛡️,backup-recovery,Backup & Recovery,Encrypted Backup
🗄️,databases-storage,Databases & Storage,🛡️,backup-recovery,Backup & Recovery,Dedup Engine Backup
🗄️,databases-storage,Databases & Storage,🛡️,backup-recovery,Backup & Recovery,Catalog Backup
🗄️,databases-storage,Databases & Storage,🛡️,backup-recovery,Backup & Recovery,Retention Backup
🗄️,databases-storage,Databases & Storage,🛡️,backup-recovery,Backup & Recovery,Point In Time Rec
🗄️,databases-storage,Databases & Storage,🛡️,backup-recovery,Backup & Recovery,Restore Preview
🗄️,databases-storage,Databases & Storage,🛡️,backup-recovery,Backup & Recovery,Table Restore
🗄️,databases-storage,Databases & Storage,🛡️,backup-recovery,Backup & Recovery,Database Restore
🗄️,databases-storage,Databases & Storage,🛡️,backup-recovery,Backup & Recovery,Partial Restore
🗄️,databases-storage,Databases & Storage,🛡️,backup-recovery,Backup & Recovery,Redirect Restore
🗄️,databases-storage,Databases & Storage,🛡️,backup-recovery,Backup & Recovery,Validation Restore
🗄️,databases-storage,Databases & Storage,🛡️,backup-recovery,Backup & Recovery,Consistency Check
🗄️,databases-storage,Databases & Storage,🛡️,backup-recovery,Backup & Recovery,Backup Scheduler
🗄️,databases-storage,Databases & Storage,🛡️,backup-recovery,Backup & Recovery,Backup Monitor
🗄️,databases-storage,Databases & Storage,🛡️,backup-recovery,Backup & Recovery,Backup Alert
🗄️,databases-storage,Databases & Storage,🛡️,backup-recovery,Backup & Recovery,Backup Report
🗄️,databases-storage,Databases & Storage,🛡️,backup-recovery,Backup & Recovery,Drill Test
🗄️,databases-storage,Databases & Storage,🛡️,backup-recovery,Backup & Recovery,Recovery Simulator
🗄️,databases-storage,Databases & Storage,🛡️,backup-recovery,Backup & Recovery,Backup Metadata
🗄️,databases-storage,Databases & Storage,🔎,data-catalog,Data Catalog,Metadata Store Cat
🗄️,databases-storage,Databases & Storage,🔎,data-catalog,Data Catalog,Schema Registry
🗄️,databases-storage,Databases & Storage,🔎,data-catalog,Data Catalog,Table Catalog
🗄️,databases-storage,Databases & Storage,🔎,data-catalog,Data Catalog,View Catalog
🗄️,databases-storage,Databases & Storage,🔎,data-catalog,Data Catalog,Function Catalog
🗄️,databases-storage,Databases & Storage,🔎,data-catalog,Data Catalog,Procedure Catalog
🗄️,databases-storage,Databases & Storage,🔎,data-catalog,Data Catalog,Column Lineage
🗄️,databases-storage,Databases & Storage,🔎,data-catalog,Data Catalog,Table Lineage
🗄️,databases-storage,Databases & Storage,🔎,data-catalog,Data Catalog,Job Lineage
🗄️,databases-storage,Databases & Storage,🔎,data-catalog,Data Catalog,Data Dictionary
🗄️,databases-storage,Databases & Storage,🔎,data-catalog,Data Catalog,Business Glossary
🗄️,databases-storage,Databases & Storage,🔎,data-catalog,Data Catalog,Tag Manager Cat
🗄️,databases-storage,Databases & Storage,🔎,data-catalog,Data Catalog,Classification Cat
🗄️,databases-storage,Databases & Storage,🔎,data-catalog,Data Catalog,Sensitivity Label
🗄️,databases-storage,Databases & Storage,🔎,data-catalog,Data Catalog,Data Domain Cat
🗄️,databases-storage,Databases & Storage,🔎,data-catalog,Data Catalog,Data Owner Cat
🗄️,databases-storage,Databases & Storage,🔎,data-catalog,Data Catalog,Data Steward
🗄️,databases-storage,Databases & Storage,🔎,data-catalog,Data Catalog,Certification Cat
🗄️,databases-storage,Databases & Storage,🔎,data-catalog,Data Catalog,Deprecation Cat
🗄️,databases-storage,Databases & Storage,🔎,data-catalog,Data Catalog,Catalog Search
🗄️,databases-storage,Databases & Storage,🔎,data-catalog,Data Catalog,Catalog API
🗄️,databases-storage,Databases & Storage,🔎,data-catalog,Data Catalog,Bulk Import Cat
🗄️,databases-storage,Databases & Storage,🔎,data-catalog,Data Catalog,Bulk Export Cat
🗄️,databases-storage,Databases & Storage,🔎,data-catalog,Data Catalog,Version History
🗄️,databases-storage,Databases & Storage,🔎,data-catalog,Data Catalog,Change Log Cat
🗄️,databases-storage,Databases & Storage,🔎,data-catalog,Data Catalog,Impact Analysis
🗄️,databases-storage,Databases & Storage,🔎,data-catalog,Data Catalog,Source System
🗄️,databases-storage,Databases & Storage,🔎,data-catalog,Data Catalog,Target System
🗄️,databases-storage,Databases & Storage,🔎,data-catalog,Data Catalog,Sync Catalog
🗄️,databases-storage,Databases & Storage,🔎,data-catalog,Data Catalog,Open Metadata
🗄️,databases-storage,Databases & Storage,📏,data-quality-tool,Data Quality Tool,Completeness Check
🗄️,databases-storage,Databases & Storage,📏,data-quality-tool,Data Quality Tool,Uniqueness Check
🗄️,databases-storage,Databases & Storage,📏,data-quality-tool,Data Quality Tool,Timeliness Check
🗄️,databases-storage,Databases & Storage,📏,data-quality-tool,Data Quality Tool,Validity Check
🗄️,databases-storage,Databases & Storage,📏,data-quality-tool,Data Quality Tool,Accuracy Check
🗄️,databases-storage,Databases & Storage,📏,data-quality-tool,Data Quality Tool,Consistency Check
🗄️,databases-storage,Databases & Storage,📏,data-quality-tool,Data Quality Tool,Integrity Check
🗄️,databases-storage,Databases & Storage,📏,data-quality-tool,Data Quality Tool,Null Ratio Calc
🗄️,databases-storage,Databases & Storage,📏,data-quality-tool,Data Quality Tool,Duplicate Detect
🗄️,databases-storage,Databases & Storage,📏,data-quality-tool,Data Quality Tool,Outlier Detect
🗄️,databases-storage,Databases & Storage,📏,data-quality-tool,Data Quality Tool,Pattern Match Check
🗄️,databases-storage,Databases & Storage,📏,data-quality-tool,Data Quality Tool,Regex Validate DQ
🗄️,databases-storage,Databases & Storage,📏,data-quality-tool,Data Quality Tool,Range Check DQ
🗄️,databases-storage,Databases & Storage,📏,data-quality-tool,Data Quality Tool,Enum Check DQ
🗄️,databases-storage,Databases & Storage,📏,data-quality-tool,Data Quality Tool,Cross Field Check
🗄️,databases-storage,Databases & Storage,📏,data-quality-tool,Data Quality Tool,Referential Check
🗄️,databases-storage,Databases & Storage,📏,data-quality-tool,Data Quality Tool,Freshness Check
🗄️,databases-storage,Databases & Storage,📏,data-quality-tool,Data Quality Tool,Volume Monitor
🗄️,databases-storage,Databases & Storage,📏,data-quality-tool,Data Quality Tool,Distribution Check
🗄️,databases-storage,Databases & Storage,📏,data-quality-tool,Data Quality Tool,Drift Detection
🗄️,databases-storage,Databases & Storage,📏,data-quality-tool,Data Quality Tool,Anomaly Detect DQ
🗄️,databases-storage,Databases & Storage,📏,data-quality-tool,Data Quality Tool,Rule Engine DQ
🗄️,databases-storage,Databases & Storage,📏,data-quality-tool,Data Quality Tool,Threshold Config
🗄️,databases-storage,Databases & Storage,📏,data-quality-tool,Data Quality Tool,Action On Fail
🗄️,databases-storage,Databases & Storage,📏,data-quality-tool,Data Quality Tool,DQ Scorecard
🗄️,databases-storage,Databases & Storage,📏,data-quality-tool,Data Quality Tool,DQ Dashboard
🗄️,databases-storage,Databases & Storage,📏,data-quality-tool,Data Quality Tool,DQ Alert
🗄️,databases-storage,Databases & Storage,📏,data-quality-tool,Data Quality Tool,DQ Report
🗄️,databases-storage,Databases & Storage,📏,data-quality-tool,Data Quality Tool,Profiling DQ
🗄️,databases-storage,Databases & Storage,📏,data-quality-tool,Data Quality Tool,Sampling DQ
🗄️,databases-storage,Databases & Storage,🧪,database-test-tool,Database Test Tool,SQL Fuzzer
🗄️,databases-storage,Databases & Storage,🧪,database-test-tool,Database Test Tool,Mutation Test DB
🗄️,databases-storage,Databases & Storage,🧪,database-test-tool,Database Test Tool,Plan Diff Tool
🗄️,databases-storage,Databases & Storage,🧪,database-test-tool,Database Test Tool,Index Advisor
🗄️,databases-storage,Databases & Storage,🧪,database-test-tool,Database Test Tool,Query Analyzer DB
🗄️,databases-storage,Databases & Storage,🧪,database-test-tool,Database Test Tool,Explain Visualizer
🗄️,databases-storage,Databases & Storage,🧪,database-test-tool,Database Test Tool,Slow Query Log
🗄️,databases-storage,Databases & Storage,🧪,database-test-tool,Database Test Tool,Lock Waits Graph
🗄️,databases-storage,Databases & Storage,🧪,database-test-tool,Database Test Tool,Deadlock Graph
🗄️,databases-storage,Databases & Storage,🧪,database-test-tool,Database Test Tool,Replication Lag Check
🗄️,databases-storage,Databases & Storage,🧪,database-test-tool,Database Test Tool,Connection Pooler
🗄️,databases-storage,Databases & Storage,🧪,database-test-tool,Database Test Tool,Query Router DB
🗄️,databases-storage,Databases & Storage,🧪,database-test-tool,Database Test Tool,Load Generator DB
🗄️,databases-storage,Databases & Storage,🧪,database-test-tool,Database Test Tool,TPC C Benchmark
🗄️,databases-storage,Databases & Storage,🧪,database-test-tool,Database Test Tool,TPC H Benchmark
🗄️,databases-storage,Databases & Storage,🧪,database-test-tool,Database Test Tool,YCSB Benchmark
🗄️,databases-storage,Databases & Storage,🧪,database-test-tool,Database Test Tool,Sysbench Clone
🗄️,databases-storage,Databases & Storage,🧪,database-test-tool,Database Test Tool,DB Hammer
🗄️,databases-storage,Databases & Storage,🧪,database-test-tool,Database Test Tool,pgbench Clone
🗄️,databases-storage,Databases & Storage,🧪,database-test-tool,Database Test Tool,Benchmark Runner
🗄️,databases-storage,Databases & Storage,🧪,database-test-tool,Database Test Tool,Result Collector
🗄️,databases-storage,Databases & Storage,🧪,database-test-tool,Database Test Tool,Latency Histogram
🗄️,databases-storage,Databases & Storage,🧪,database-test-tool,Database Test Tool,Throughput Chart
🗄️,databases-storage,Databases & Storage,🧪,database-test-tool,Database Test Tool,Concurrency Test
🗄️,databases-storage,Databases & Storage,🧪,database-test-tool,Database Test Tool,Isolation Test
🗄️,databases-storage,Databases & Storage,🧪,database-test-tool,Database Test Tool,Recovery Test DB
🗄️,databases-storage,Databases & Storage,🧪,database-test-tool,Database Test Tool,Failover Test
🗄️,databases-storage,Databases & Storage,🧪,database-test-tool,Database Test Tool,Backup Restore Test
🗄️,databases-storage,Databases & Storage,🧪,database-test-tool,Database Test Tool,Data Corruption
🗄️,databases-storage,Databases & Storage,🧪,database-test-tool,Database Test Tool,Consistency Test
🗄️,databases-storage,Databases & Storage,🔄,data-synchronization,Data Synchronization,Bi Directional Sync
🗄️,databases-storage,Databases & Storage,🔄,data-synchronization,Data Synchronization,Conflict Detector
🗄️,databases-storage,Databases & Storage,🔄,data-synchronization,Data Synchronization,Merge Engine Data
🗄️,databases-storage,Databases & Storage,🔄,data-synchronization,Data Synchronization,Sync Scheduler
🗄️,databases-storage,Databases & Storage,🔄,data-synchronization,Data Synchronization,Change Tracker
🗄️,databases-storage,Databases & Storage,🔄,data-synchronization,Data Synchronization,Snapshot Sync
🗄️,databases-storage,Databases & Storage,🔄,data-synchronization,Data Synchronization,Continuous Sync
🗄️,databases-storage,Databases & Storage,🔄,data-synchronization,Data Synchronization,Batch Sync
🗄️,databases-storage,Databases & Storage,🔄,data-synchronization,Data Synchronization,Real Time Sync
🗄️,databases-storage,Databases & Storage,🔄,data-synchronization,Data Synchronization,Delta Sync
🗄️,databases-storage,Databases & Storage,🔄,data-synchronization,Data Synchronization,Full Sync
🗄️,databases-storage,Databases & Storage,🔄,data-synchronization,Data Synchronization,Selective Sync
🗄️,databases-storage,Databases & Storage,🔄,data-synchronization,Data Synchronization,Filter Sync
🗄️,databases-storage,Databases & Storage,🔄,data-synchronization,Data Synchronization,Transform Sync
🗄️,databases-storage,Databases & Storage,🔄,data-synchronization,Data Synchronization,Mapping Sync
🗄️,databases-storage,Databases & Storage,🔄,data-synchronization,Data Synchronization,Routing Sync
🗄️,databases-storage,Databases & Storage,🔄,data-synchronization,Data Synchronization,Hub Spoke Sync
🗄️,databases-storage,Databases & Storage,🔄,data-synchronization,Data Synchronization,Peer to Peer Sync
🗄️,databases-storage,Databases & Storage,🔄,data-synchronization,Data Synchronization,Topology Config
🗄️,databases-storage,Databases & Storage,🔄,data-synchronization,Data Synchronization,Bandwidth Throttle
🗄️,databases-storage,Databases & Storage,🔄,data-synchronization,Data Synchronization,Compression Sync
🗄️,databases-storage,Databases & Storage,🔄,data-synchronization,Data Synchronization,Encryption Sync
🗄️,databases-storage,Databases & Storage,🔄,data-synchronization,Data Synchronization,Integrity Sync
🗄️,databases-storage,Databases & Storage,🔄,data-synchronization,Data Synchronization,Checksum Verify
🗄️,databases-storage,Databases & Storage,🔄,data-synchronization,Data Synchronization,Resume Interrupted
🗄️,databases-storage,Databases & Storage,🔄,data-synchronization,Data Synchronization,Retry Sync
🗄️,databases-storage,Databases & Storage,🔄,data-synchronization,Data Synchronization,Alert Sync
🗄️,databases-storage,Databases & Storage,🔄,data-synchronization,Data Synchronization,Dashboard Sync
🗄️,databases-storage,Databases & Storage,🔄,data-synchronization,Data Synchronization,Sync History
🗄️,databases-storage,Databases & Storage,🔄,data-synchronization,Data Synchronization,Rollback Sync
🗄️,databases-storage,Databases & Storage,🧬,object-store,Object Store,S3 Compatible Store
🗄️,databases-storage,Databases & Storage,🧬,object-store,Object Store,Bucket Manager
🗄️,databases-storage,Databases & Storage,🧬,object-store,Object Store,Object Writer
🗄️,databases-storage,Databases & Storage,🧬,object-store,Object Store,Object Reader
🗄️,databases-storage,Databases & Storage,🧬,object-store,Object Store,Object Deleter
🗄️,databases-storage,Databases & Storage,🧬,object-store,Object Store,Multi Part Upload
🗄️,databases-storage,Databases & Storage,🧬,object-store,Object Store,Presigned URL
🗄️,databases-storage,Databases & Storage,🧬,object-store,Object Store,Object Metadata
🗄️,databases-storage,Databases & Storage,🧬,object-store,Object Store,Tagging Object
🗄️,databases-storage,Databases & Storage,🧬,object-store,Object Store,Versioning Object
🗄️,databases-storage,Databases & Storage,🧬,object-store,Object Store,Lifecycle Policy
🗄️,databases-storage,Databases & Storage,🧬,object-store,Object Store,Transition Rule
🗄️,databases-storage,Databases & Storage,🧬,object-store,Object Store,Expiration Rule
🗄️,databases-storage,Databases & Storage,🧬,object-store,Object Store,Replication Object
🗄️,databases-storage,Databases & Storage,🧬,object-store,Object Store,CRR Replication
🗄️,databases-storage,Databases & Storage,🧬,object-store,Object Store,SRR Replication
🗄️,databases-storage,Databases & Storage,🧬,object-store,Object Store,Encryption Object
🗄️,databases-storage,Databases & Storage,🧬,object-store,Object Store,SSE S3
🗄️,databases-storage,Databases & Storage,🧬,object-store,Object Store,SSE KMS
🗄️,databases-storage,Databases & Storage,🧬,object-store,Object Store,SSE C
🗄️,databases-storage,Databases & Storage,🧬,object-store,Object Store,ACL Object
🗄️,databases-storage,Databases & Storage,🧬,object-store,Object Store,Bucket Policy
🗄️,databases-storage,Databases & Storage,🧬,object-store,Object Store,IAM Policy Obj
🗄️,databases-storage,Databases & Storage,🧬,object-store,Object Store,Quota Object
🗄️,databases-storage,Databases & Storage,🧬,object-store,Object Store,Request Router
🗄️,databases-storage,Databases & Storage,🧬,object-store,Object Store,Location Constraint
🗄️,databases-storage,Databases & Storage,🧬,object-store,Object Store,Storage Class Obj
🗄️,databases-storage,Databases & Storage,🧬,object-store,Object Store,Glacier Clone
🗄️,databases-storage,Databases & Storage,🧬,object-store,Object Store,Intelligent Tier
🗄️,databases-storage,Databases & Storage,🧬,object-store,Object Store,Object Lock
🗄️,databases-storage,Databases & Storage,🧮,cache-engine,Cache Engine,In Memory Store
🗄️,databases-storage,Databases & Storage,🧮,cache-engine,Cache Engine,Distributed Cache
🗄️,databases-storage,Databases & Storage,🧮,cache-engine,Cache Engine,LRU Cache Impl
🗄️,databases-storage,Databases & Storage,🧮,cache-engine,Cache Engine,LFU Cache Impl
🗄️,databases-storage,Databases & Storage,🧮,cache-engine,Cache Engine,FIFO Cache
🗄️,databases-storage,Databases & Storage,🧮,cache-engine,Cache Engine,TTL Cache
🗄️,databases-storage,Databases & Storage,🧮,cache-engine,Cache Engine,Write Through Cache
🗄️,databases-storage,Databases & Storage,🧮,cache-engine,Cache Engine,Write Behind Cache
🗄️,databases-storage,Databases & Storage,🧮,cache-engine,Cache Engine,Cache Aside Pattern
🗄️,databases-storage,Databases & Storage,🧮,cache-engine,Cache Engine,Read Through Cache
🗄️,databases-storage,Databases & Storage,🧮,cache-engine,Cache Engine,Refresh Ahead
🗄️,databases-storage,Databases & Storage,🧮,cache-engine,Cache Engine,Cache Stampede Prevention
🗄️,databases-storage,Databases & Storage,🧮,cache-engine,Cache Engine,Probabilistic Early
🗄️,databases-storage,Databases & Storage,🧮,cache-engine,Cache Engine,Multi Level Cache
🗄️,databases-storage,Databases & Storage,🧮,cache-engine,Cache Engine,Local Cache
🗄️,databases-storage,Databases & Storage,🧮,cache-engine,Cache Engine,Remote Cache
🗄️,databases-storage,Databases & Storage,🧮,cache-engine,Cache Engine,Shard Cache
🗄️,databases-storage,Databases & Storage,🧮,cache-engine,Cache Engine,Consistent Hash Cache
🗄️,databases-storage,Databases & Storage,🧮,cache-engine,Cache Engine,Replication Cache
🗄️,databases-storage,Databases & Storage,🧮,cache-engine,Cache Engine,Cache Topology
🗄️,databases-storage,Databases & Storage,🧮,cache-engine,Cache Engine,Invalidation Queue
🗄️,databases-storage,Databases & Storage,🧮,cache-engine,Cache Engine,Cache Warmer
🗄️,databases-storage,Databases & Storage,🧮,cache-engine,Cache Engine,Serialization Cache
🗄️,databases-storage,Databases & Storage,🧮,cache-engine,Cache Engine,Compression Cache
🗄️,databases-storage,Databases & Storage,🧮,cache-engine,Cache Engine,Cache Monitor
🗄️,databases-storage,Databases & Storage,🧮,cache-engine,Cache Engine,Hit Rate Calc
🗄️,databases-storage,Databases & Storage,🧮,cache-engine,Cache Engine,Miss Rate Calc
🗄️,databases-storage,Databases & Storage,🧮,cache-engine,Cache Engine,Eviction Count
🗄️,databases-storage,Databases & Storage,🧮,cache-engine,Cache Engine,Memory Usage Cache
🗄️,databases-storage,Databases & Storage,🧮,cache-engine,Cache Engine,Cache Admin API
🗄️,databases-storage,Databases & Storage,🧮,data-pipeline,Data Pipeline,Stream Pipe DP
🗄️,databases-storage,Databases & Storage,🧮,data-pipeline,Data Pipeline,Batch Pipe DP
🗄️,databases-storage,Databases & Storage,🧮,data-pipeline,Data Pipeline,Source DP
🗄️,databases-storage,Databases & Storage,🧮,data-pipeline,Data Pipeline,Sink DP DP
🗄️,databases-storage,Databases & Storage,🧮,data-pipeline,Data Pipeline,Transform DP
🗄️,databases-storage,Databases & Storage,🧮,data-pipeline,Data Pipeline,Filter DP DP
🗄️,databases-storage,Databases & Storage,🧮,data-pipeline,Data Pipeline,Enrich DP
🗄️,databases-storage,Databases & Storage,🧮,data-pipeline,Data Pipeline,Aggregate DP
🗄️,databases-storage,Databases & Storage,🧮,data-pipeline,Data Pipeline,Join Pipe DP
🗄️,databases-storage,Databases & Storage,🧮,data-pipeline,Data Pipeline,Split Pipe DP
🗄️,databases-storage,Databases & Storage,🧮,data-pipeline,Data Pipeline,Merge Pipe DP
🗄️,databases-storage,Databases & Storage,🧮,data-pipeline,Data Pipeline,Route Pipe DP
🗄️,databases-storage,Databases & Storage,🧮,data-pipeline,Data Pipeline,Fan Out DP
🗄️,databases-storage,Databases & Storage,🧮,data-pipeline,Data Pipeline,Fan In DP
🗄️,databases-storage,Databases & Storage,🧮,data-pipeline,Data Pipeline,Backpressure DP
🗄️,databases-storage,Databases & Storage,🧮,data-pipeline,Data Pipeline,Buffer DP DP
🗄️,databases-storage,Databases & Storage,🧮,data-pipeline,Data Pipeline,Retry DP DP
🗄️,databases-storage,Databases & Storage,🧮,data-pipeline,Data Pipeline,Dead Letter DP
🗄️,databases-storage,Databases & Storage,🧮,data-pipeline,Data Pipeline,Checkpoint DP
🗄️,databases-storage,Databases & Storage,🧮,data-pipeline,Data Pipeline,Watermark DP
🗄️,databases-storage,Databases & Storage,🧮,data-pipeline,Data Pipeline,Latency DP DP
🗄️,databases-storage,Databases & Storage,🧮,data-pipeline,Data Pipeline,Throughput DP
🗄️,databases-storage,Databases & Storage,🧮,data-pipeline,Data Pipeline,Partition DP
🗄️,databases-storage,Databases & Storage,🧮,data-pipeline,Data Pipeline,Ordering DP
🗄️,databases-storage,Databases & Storage,🧮,data-pipeline,Data Pipeline,Dedupe DP DP
🗄️,databases-storage,Databases & Storage,🧮,data-pipeline,Data Pipeline,Serialize DP
🗄️,databases-storage,Databases & Storage,🧮,data-pipeline,Data Pipeline,Deserialize DP
🗄️,databases-storage,Databases & Storage,🧮,data-pipeline,Data Pipeline,Schema Registry DP
🗄️,databases-storage,Databases & Storage,🧮,data-pipeline,Data Pipeline,Pipeline Monitor
🗄️,databases-storage,Databases & Storage,🧮,data-pipeline,Data Pipeline,Pipeline Admin
🛠️,dev-tools,Dev Tools,📝,text-editor,Text Editor,Buffer Manager TE
🛠️,dev-tools,Dev Tools,📝,text-editor,Text Editor,Cursor Movement TE
🛠️,dev-tools,Dev Tools,📝,text-editor,Text Editor,Selection TE
🛠️,dev-tools,Dev Tools,📝,text-editor,Text Editor,Syntax Highlight
🛠️,dev-tools,Dev Tools,📝,text-editor,Text Editor,Line Numbers TE
🛠️,dev-tools,Dev Tools,📝,text-editor,Text Editor,Scroll TE
🛠️,dev-tools,Dev Tools,📝,text-editor,Text Editor,Search TE
🛠️,dev-tools,Dev Tools,📝,text-editor,Text Editor,Replace TE
🛠️,dev-tools,Dev Tools,📝,text-editor,Text Editor,Regex Search TE
🛠️,dev-tools,Dev Tools,📝,text-editor,Text Editor,Multi Cursor TE
🛠️,dev-tools,Dev Tools,📝,text-editor,Text Editor,Auto Indent TE
🛠️,dev-tools,Dev Tools,📝,text-editor,Text Editor,Bracket Match TE
🛠️,dev-tools,Dev Tools,📝,text-editor,Text Editor,Code Folding TE
🛠️,dev-tools,Dev Tools,📝,text-editor,Text Editor,Minimap TE
🛠️,dev-tools,Dev Tools,📝,text-editor,Text Editor,Word Wrap TE
🛠️,dev-tools,Dev Tools,📝,text-editor,Text Editor,Undo Redo TE
🛠️,dev-tools,Dev Tools,📝,text-editor,Text Editor,Clipboard TE
🛠️,dev-tools,Dev Tools,📝,text-editor,Text Editor,Drag Drop Text
🛠️,dev-tools,Dev Tools,📝,text-editor,Text Editor,Unicode TE
🛠️,dev-tools,Dev Tools,📝,text-editor,Text Editor,Large File TE
🛠️,dev-tools,Dev Tools,📝,text-editor,Text Editor,Tab Manager TE
🛠️,dev-tools,Dev Tools,📝,text-editor,Text Editor,Split View TE
🛠️,dev-tools,Dev Tools,📝,text-editor,Text Editor,File Tree TE
🛠️,dev-tools,Dev Tools,📝,text-editor,Text Editor,Find In Files
🛠️,dev-tools,Dev Tools,📝,text-editor,Text Editor,Project Search
🛠️,dev-tools,Dev Tools,📝,text-editor,Text Editor,Macro Recorder TE
🛠️,dev-tools,Dev Tools,📝,text-editor,Text Editor,Command Palette
🛠️,dev-tools,Dev Tools,📝,text-editor,Text Editor,Key Binding TE
🛠️,dev-tools,Dev Tools,📝,text-editor,Text Editor,Plugin TE
🛠️,dev-tools,Dev Tools,📝,text-editor,Text Editor,Theme TE
🛠️,dev-tools,Dev Tools,📦,package-manager,Package Manager,Dependency Resolver
🛠️,dev-tools,Dev Tools,📦,package-manager,Package Manager,Version Compare PM
🛠️,dev-tools,Dev Tools,📦,package-manager,Package Manager,SemVer Parser PM
🛠️,dev-tools,Dev Tools,📦,package-manager,Package Manager,Package Metadata
🛠️,dev-tools,Dev Tools,📦,package-manager,Package Manager,Registry Client PM
🛠️,dev-tools,Dev Tools,📦,package-manager,Package Manager,Package Download
🛠️,dev-tools,Dev Tools,📦,package-manager,Package Manager,Cache Manager PM
🛠️,dev-tools,Dev Tools,📦,package-manager,Package Manager,Lock File PM
🛠️,dev-tools,Dev Tools,📦,package-manager,Package Manager,Manifest File PM
🛠️,dev-tools,Dev Tools,📦,package-manager,Package Manager,Package Install
🛠️,dev-tools,Dev Tools,📦,package-manager,Package Manager,Package Uninstall
🛠️,dev-tools,Dev Tools,📦,package-manager,Package Manager,Package Update PM
🛠️,dev-tools,Dev Tools,📦,package-manager,Package Manager,Dependency Tree
🛠️,dev-tools,Dev Tools,📦,package-manager,Package Manager,Transitive Dep PM
🛠️,dev-tools,Dev Tools,📦,package-manager,Package Manager,Conflict Resolver
🛠️,dev-tools,Dev Tools,📦,package-manager,Package Manager,Overrides PM
🛠️,dev-tools,Dev Tools,📦,package-manager,Package Manager,Workspaces PM
🛠️,dev-tools,Dev Tools,📦,package-manager,Package Manager,Monorepo Support
🛠️,dev-tools,Dev Tools,📦,package-manager,Package Manager,Publish Package PM
🛠️,dev-tools,Dev Tools,📦,package-manager,Package Manager,Package Build PM
🛠️,dev-tools,Dev Tools,📦,package-manager,Package Manager,Package Sign PM
🛠️,dev-tools,Dev Tools,📦,package-manager,Package Manager,Package Verify PM
🛠️,dev-tools,Dev Tools,📦,package-manager,Package Manager,Mirror Support PM
🛠️,dev-tools,Dev Tools,📦,package-manager,Package Manager,Offline Support
🛠️,dev-tools,Dev Tools,📦,package-manager,Package Manager,Proxy Support PM
🛠️,dev-tools,Dev Tools,📦,package-manager,Package Manager,Integrity Check PM
🛠️,dev-tools,Dev Tools,📦,package-manager,Package Manager,Shasum Verify PM
🛠️,dev-tools,Dev Tools,📦,package-manager,Package Manager,Size Calc PM
🛠️,dev-tools,Dev Tools,📦,package-manager,Package Manager,Audit PM
🛠️,dev-tools,Dev Tools,📦,package-manager,Package Manager,License Check PM
🛠️,dev-tools,Dev Tools,🔧,build-system,Build System,Task Runner BS
🛠️,dev-tools,Dev Tools,🔧,build-system,Build System,File Watcher BS
🛠️,dev-tools,Dev Tools,🔧,build-system,Build System,Incremental Build
🛠️,dev-tools,Dev Tools,🔧,build-system,Build System,Dependency Graph BS
🛠️,dev-tools,Dev Tools,🔧,build-system,Build System,Topological Sort
🛠️,dev-tools,Dev Tools,🔧,build-system,Build System,Parallel Exec BS
🛠️,dev-tools,Dev Tools,🔧,build-system,Build System,Shell Exec BS
🛠️,dev-tools,Dev Tools,🔧,build-system,Build System,Command Runner BS
🛠️,dev-tools,Dev Tools,🔧,build-system,Build System,Makefile Clone
🛠️,dev-tools,Dev Tools,🔧,build-system,Build System,CMake Clone BS
🛠️,dev-tools,Dev Tools,🔧,build-system,Build System,Meson Clone BS
🛠️,dev-tools,Dev Tools,🔧,build-system,Build System,Ninja Clone BS
🛠️,dev-tools,Dev Tools,🔧,build-system,Build System,Bazel Clone BS
🛠️,dev-tools,Dev Tools,🔧,build-system,Build System,Buck Clone BS
🛠️,dev-tools,Dev Tools,🔧,build-system,Build System,Pants Clone BS
🛠️,dev-tools,Dev Tools,🔧,build-system,Build System,Please Build BS
🛠️,dev-tools,Dev Tools,🔧,build-system,Build System,Rule Engine BS
🛠️,dev-tools,Dev Tools,🔧,build-system,Build System,Action Graph BS
🛠️,dev-tools,Dev Tools,🔧,build-system,Build System,Sandbox Exec BS
🛠️,dev-tools,Dev Tools,🔧,build-system,Build System,Remote Exec BS
🛠️,dev-tools,Dev Tools,🔧,build-system,Build System,Cache Remote BS
🛠️,dev-tools,Dev Tools,🔧,build-system,Build System,Output Hash BS
🛠️,dev-tools,Dev Tools,🔧,build-system,Build System,Input Hash BS
🛠️,dev-tools,Dev Tools,🔧,build-system,Build System,Hermetic Build
🛠️,dev-tools,Dev Tools,🔧,build-system,Build System,Reproducible BS
🛠️,dev-tools,Dev Tools,🔧,build-system,Build System,Toolchain BS
🛠️,dev-tools,Dev Tools,🔧,build-system,Build System,Cross Compile BS
🛠️,dev-tools,Dev Tools,🔧,build-system,Build System,Platform Config BS
🛠️,dev-tools,Dev Tools,🔧,build-system,Build System,Build Config BS
🛠️,dev-tools,Dev Tools,🔧,build-system,Build System,Build Report BS
🛠️,dev-tools,Dev Tools,📊,ci-cd-pipeline,CI/CD Pipeline,Pipeline Orchi CI
🛠️,dev-tools,Dev Tools,📊,ci-cd-pipeline,CI/CD Pipeline,Stage Manager CI
🛠️,dev-tools,Dev Tools,📊,ci-cd-pipeline,CI/CD Pipeline,Job Runner CI
🛠️,dev-tools,Dev Tools,📊,ci-cd-pipeline,CI/CD Pipeline,Step Exec CI
🛠️,dev-tools,Dev Tools,📊,ci-cd-pipeline,CI/CD Pipeline,Trigger CI
🛠️,dev-tools,Dev Tools,📊,ci-cd-pipeline,CI/CD Pipeline,Scheduled CI
🛠️,dev-tools,Dev Tools,📊,ci-cd-pipeline,CI/CD Pipeline,Webhook CI
🛠️,dev-tools,Dev Tools,📊,ci-cd-pipeline,CI/CD Pipeline,Artifact CI
🛠️,dev-tools,Dev Tools,📊,ci-cd-pipeline,CI/CD Pipeline,Cache CI
🛠️,dev-tools,Dev Tools,📊,ci-cd-pipeline,CI/CD Pipeline,Parallel Stage CI
🛠️,dev-tools,Dev Tools,📊,ci-cd-pipeline,CI/CD Pipeline,Matrix Build CI
🛠️,dev-tools,Dev Tools,📊,ci-cd-pipeline,CI/CD Pipeline,Environment CI
🛠️,dev-tools,Dev Tools,📊,ci-cd-pipeline,CI/CD Pipeline,Secret Manager CI
🛠️,dev-tools,Dev Tools,📊,ci-cd-pipeline,CI/CD Pipeline,Variable CI
🛠️,dev-tools,Dev Tools,📊,ci-cd-pipeline,CI/CD Pipeline,Conditional Stage
🛠️,dev-tools,Dev Tools,📊,ci-cd-pipeline,CI/CD Pipeline,Approval Gate CI
🛠️,dev-tools,Dev Tools,📊,ci-cd-pipeline,CI/CD Pipeline,Rollback CI
🛠️,dev-tools,Dev Tools,📊,ci-cd-pipeline,CI/CD Pipeline,Deploy Stage CI
🛠️,dev-tools,Dev Tools,📊,ci-cd-pipeline,CI/CD Pipeline,Canary Deploy CI
🛠️,dev-tools,Dev Tools,📊,ci-cd-pipeline,CI/CD Pipeline,Blue Green CI
🛠️,dev-tools,Dev Tools,📊,ci-cd-pipeline,CI/CD Pipeline,A B Test CI
🛠️,dev-tools,Dev Tools,📊,ci-cd-pipeline,CI/CD Pipeline,Notify CI
🛠️,dev-tools,Dev Tools,📊,ci-cd-pipeline,CI/CD Pipeline,Slack Notify CI
🛠️,dev-tools,Dev Tools,📊,ci-cd-pipeline,CI/CD Pipeline,Email Notify CI
🛠️,dev-tools,Dev Tools,📊,ci-cd-pipeline,CI/CD Pipeline,Status Badge CI
🛠️,dev-tools,Dev Tools,📊,ci-cd-pipeline,CI/CD Pipeline,Log Stream CI
🛠️,dev-tools,Dev Tools,📊,ci-cd-pipeline,CI/CD Pipeline,Metric Collect CI
🛠️,dev-tools,Dev Tools,📊,ci-cd-pipeline,CI/CD Pipeline,Dashboard CI
🛠️,dev-tools,Dev Tools,📊,ci-cd-pipeline,CI/CD Pipeline,Self Hosted CI
🛠️,dev-tools,Dev Tools,📊,ci-cd-pipeline,CI/CD Pipeline,Runner Agent CI
🛠️,dev-tools,Dev Tools,🧪,test-framework,Test Framework,Test Runner TF
🛠️,dev-tools,Dev Tools,🧪,test-framework,Test Framework,Assert Library TF
🛠️,dev-tools,Dev Tools,🧪,test-framework,Test Framework,Expect Matcher TF
🛠️,dev-tools,Dev Tools,🧪,test-framework,Test Framework,Describe Block TF
🛠️,dev-tools,Dev Tools,🧪,test-framework,Test Framework,It Block TF
🛠️,dev-tools,Dev Tools,🧪,test-framework,Test Framework,Before Each TF
🛠️,dev-tools,Dev Tools,🧪,test-framework,Test Framework,After Each TF
🛠️,dev-tools,Dev Tools,🧪,test-framework,Test Framework,Before All TF
🛠️,dev-tools,Dev Tools,🧪,test-framework,Test Framework,After All TF
🛠️,dev-tools,Dev Tools,🧪,test-framework,Test Framework,Setup Teardown TF
🛠️,dev-tools,Dev Tools,🧪,test-framework,Test Framework,Mock Function TF
🛠️,dev-tools,Dev Tools,🧪,test-framework,Test Framework,Stub Function TF
🛠️,dev-tools,Dev Tools,🧪,test-framework,Test Framework,Spy Function TF
🛠️,dev-tools,Dev Tools,🧪,test-framework,Test Framework,Fake Timer TF
🛠️,dev-tools,Dev Tools,🧪,test-framework,Test Framework,Fake XHR TF
🛠️,dev-tools,Dev Tools,🧪,test-framework,Test Framework,Snapshot Test TF
🛠️,dev-tools,Dev Tools,🧪,test-framework,Test Framework,Coverage TF
🛠️,dev-tools,Dev Tools,🧪,test-framework,Test Framework,Istanbul Clone TF
🛠️,dev-tools,Dev Tools,🧪,test-framework,Test Framework,C8 Clone TF
🛠️,dev-tools,Dev Tools,🧪,test-framework,Test Framework,Watch Mode TF
🛠️,dev-tools,Dev Tools,🧪,test-framework,Test Framework,Filter Tests TF
🛠️,dev-tools,Dev Tools,🧪,test-framework,Test Framework,Skip Test TF
🛠️,dev-tools,Dev Tools,🧪,test-framework,Test Framework,Only Test TF
🛠️,dev-tools,Dev Tools,🧪,test-framework,Test Framework,Retry Test TF
🛠️,dev-tools,Dev Tools,🧪,test-framework,Test Framework,Timeout Test TF
🛠️,dev-tools,Dev Tools,🧪,test-framework,Test Framework,Parameterized TF
🛠️,dev-tools,Dev Tools,🧪,test-framework,Test Framework,Data Driven TF
🛠️,dev-tools,Dev Tools,🧪,test-framework,Test Framework,Report TF
🛠️,dev-tools,Dev Tools,🧪,test-framework,Test Framework,JUnit Report TF
🛠️,dev-tools,Dev Tools,🧪,test-framework,Test Framework,HTML Report TF
🛠️,dev-tools,Dev Tools,🥅,linter,Linter,AST Parser Lint
🛠️,dev-tools,Dev Tools,🥅,linter,Linter,Rule Engine Lint
🛠️,dev-tools,Dev Tools,🥅,linter,Linter,No Unused Vars
🛠️,dev-tools,Dev Tools,🥅,linter,Linter,No Undef Lint
🛠️,dev-tools,Dev Tools,🥅,linter,Linter,No Console Lint
🛠️,dev-tools,Dev Tools,🥅,linter,Linter,Eqeqeq Lint Lint
🛠️,dev-tools,Dev Tools,🥅,linter,Linter,Semicolon Lint
🛠️,dev-tools,Dev Tools,🥅,linter,Linter,Quotes Lint Lint
🛠️,dev-tools,Dev Tools,🥅,linter,Linter,Indent Lint
🛠️,dev-tools,Dev Tools,🥅,linter,Linter,Max Len Lint
🛠️,dev-tools,Dev Tools,🥅,linter,Linter,Max Params Lint
🛠️,dev-tools,Dev Tools,🥅,linter,Linter,Max Lines Lint
🛠️,dev-tools,Dev Tools,🥅,linter,Linter,Camelcase Lint
🛠️,dev-tools,Dev Tools,🥅,linter,Linter,New Cap Lint
🛠️,dev-tools,Dev Tools,🥅,linter,Linter,No Shadow Lint
🛠️,dev-tools,Dev Tools,🥅,linter,Linter,No Redeclare Lint
🛠️,dev-tools,Dev Tools,🥅,linter,Linter,No Fallthrough
🛠️,dev-tools,Dev Tools,🥅,linter,Linter,Complexity Lint
🛠️,dev-tools,Dev Tools,🥅,linter,Linter,Nested If Depth
🛠️,dev-tools,Dev Tools,🥅,linter,Linter,File Header Lint
🛠️,dev-tools,Dev Tools,🥅,linter,Linter,Import Order Lint
🛠️,dev-tools,Dev Tools,🥅,linter,Linter,No Cycle Imports
🛠️,dev-tools,Dev Tools,🥅,linter,Linter,No Barrels Lint
🛠️,dev-tools,Dev Tools,🥅,linter,Linter,Fix Lint Auto
🛠️,dev-tools,Dev Tools,🥅,linter,Linter,Fix Lint Safe
🛠️,dev-tools,Dev Tools,🥅,linter,Linter,Fix Lint Unsafe
🛠️,dev-tools,Dev Tools,🥅,linter,Linter,Config Lint File
🛠️,dev-tools,Dev Tools,🥅,linter,Linter,Inline Disable
🛠️,dev-tools,Dev Tools,🥅,linter,Linter,Plugin Lint
🛠️,dev-tools,Dev Tools,🥅,linter,Linter,Formatter Lint
🛠️,dev-tools,Dev Tools,🎨,code-formatter,Code Formatter,Token Stream CF
🛠️,dev-tools,Dev Tools,🎨,code-formatter,Code Formatter,AST Printer CF
🛠️,dev-tools,Dev Tools,🎨,code-formatter,Code Formatter,Indent Calc CF
🛠️,dev-tools,Dev Tools,🎨,code-formatter,Code Formatter,Line Break CF
🛠️,dev-tools,Dev Tools,🎨,code-formatter,Code Formatter,Wrap Line CF
🛠️,dev-tools,Dev Tools,🎨,code-formatter,Code Formatter,Semicolons CF
🛠️,dev-tools,Dev Tools,🎨,code-formatter,Code Formatter,Trailing Comma CF
🛠️,dev-tools,Dev Tools,🎨,code-formatter,Code Formatter,Quote Style CF
🛠️,dev-tools,Dev Tools,🎨,code-formatter,Code Formatter,Brace Style CF
🛠️,dev-tools,Dev Tools,🎨,code-formatter,Code Formatter,Brace On Own Line
🛠️,dev-tools,Dev Tools,🎨,code-formatter,Code Formatter,Brace Same Line
🛠️,dev-tools,Dev Tools,🎨,code-formatter,Code Formatter,Space Paren CF
🛠️,dev-tools,Dev Tools,🎨,code-formatter,Code Formatter,Space Brackets CF
🛠️,dev-tools,Dev Tools,🎨,code-formatter,Code Formatter,Newline EOF CF
🛠️,dev-tools,Dev Tools,🎨,code-formatter,Code Formatter,Max Attrs Line
🛠️,dev-tools,Dev Tools,🎨,code-formatter,Code Formatter,Object Format CF
🛠️,dev-tools,Dev Tools,🎨,code-formatter,Code Formatter,Array Format CF
🛠️,dev-tools,Dev Tools,🎨,code-formatter,Code Formatter,Import Sort CF
🛠️,dev-tools,Dev Tools,🎨,code-formatter,Code Formatter,Property Sort CF
🛠️,dev-tools,Dev Tools,🎨,code-formatter,Code Formatter,Method Chain CF
🛠️,dev-tools,Dev Tools,🎨,code-formatter,Code Formatter,Ternary Format CF
🛠️,dev-tools,Dev Tools,🎨,code-formatter,Code Formatter,Comment Format CF
🛠️,dev-tools,Dev Tools,🎨,code-formatter,Code Formatter,Template Literal CF
🛠️,dev-tools,Dev Tools,🎨,code-formatter,Code Formatter,Arrow Paren CF
🛠️,dev-tools,Dev Tools,🎨,code-formatter,Code Formatter,Function Space CF
🛠️,dev-tools,Dev Tools,🎨,code-formatter,Code Formatter,Operator Space CF
🛠️,dev-tools,Dev Tools,🎨,code-formatter,Code Formatter,Comma Spacing CF
🛠️,dev-tools,Dev Tools,🎨,code-formatter,Code Formatter,Semicolon Spacing
🛠️,dev-tools,Dev Tools,🎨,code-formatter,Code Formatter,Config CF
🛠️,dev-tools,Dev Tools,🎨,code-formatter,Code Formatter,Ignore CF
🛠️,dev-tools,Dev Tools,📚,documentation-tool,Documentation Tool,Markdown Parser DT
🛠️,dev-tools,Dev Tools,📚,documentation-tool,Documentation Tool,Markdown Render
🛠️,dev-tools,Dev Tools,📚,documentation-tool,Documentation Tool,Code Block High
🛠️,dev-tools,Dev Tools,📚,documentation-tool,Documentation Tool,API Doc Gen DT
🛠️,dev-tools,Dev Tools,📚,documentation-tool,Documentation Tool,JSDoc Parser DT
🛠️,dev-tools,Dev Tools,📚,documentation-tool,Documentation Tool,TSDoc Parser DT
🛠️,dev-tools,Dev Tools,📚,documentation-tool,Documentation Tool,Javadoc Parser
🛠️,dev-tools,Dev Tools,📚,documentation-tool,Documentation Tool,Doxygen Clone DT
🛠️,dev-tools,Dev Tools,📚,documentation-tool,Documentation Tool,Sphinx Clone DT
🛠️,dev-tools,Dev Tools,📚,documentation-tool,Documentation Tool,Wiki Parser DT
🛠️,dev-tools,Dev Tools,📚,documentation-tool,Documentation Tool,Doc Search DT
🛠️,dev-tools,Dev Tools,📚,documentation-tool,Documentation Tool,Full Text Search
🛠️,dev-tools,Dev Tools,📚,documentation-tool,Documentation Tool,Sidebar Gen DT
🛠️,dev-tools,Dev Tools,📚,documentation-tool,Documentation Tool,Nav Gen DT
🛠️,dev-tools,Dev Tools,📚,documentation-tool,Documentation Tool,Breadcrumb DT
🛠️,dev-tools,Dev Tools,📚,documentation-tool,Documentation Tool,Table Of Contents
🛠️,dev-tools,Dev Tools,📚,documentation-tool,Documentation Tool,Cross Ref DT
🛠️,dev-tools,Dev Tools,📚,documentation-tool,Documentation Tool,Version Select DT
🛠️,dev-tools,Dev Tools,📚,documentation-tool,Documentation Tool,Theme DT
🛠️,dev-tools,Dev Tools,📚,documentation-tool,Documentation Tool,Custom CSS DT
🛠️,dev-tools,Dev Tools,📚,documentation-tool,Documentation Tool,Search Index DT
🛠️,dev-tools,Dev Tools,📚,documentation-tool,Documentation Tool,Static Site Gen
🛠️,dev-tools,Dev Tools,📚,documentation-tool,Documentation Tool,Watch Build DT
🛠️,dev-tools,Dev Tools,📚,documentation-tool,Documentation Tool,Hot Reload DT
🛠️,dev-tools,Dev Tools,📚,documentation-tool,Documentation Tool,Deploy Doc DT
🛠️,dev-tools,Dev Tools,📚,documentation-tool,Documentation Tool,PDF Export DT
🛠️,dev-tools,Dev Tools,📚,documentation-tool,Documentation Tool,Link Check DT
🛠️,dev-tools,Dev Tools,📚,documentation-tool,Documentation Tool,Spell Check Doc
🛠️,dev-tools,Dev Tools,📚,documentation-tool,Documentation Tool,Example Embed DT
🛠️,dev-tools,Dev Tools,📚,documentation-tool,Documentation Tool,Playground DT
🛠️,dev-tools,Dev Tools,🔍,code-search,Code Search,Token Index CS
🛠️,dev-tools,Dev Tools,🔍,code-search,Code Search,Inverted Index CS
🛠️,dev-tools,Dev Tools,🔍,code-search,Code Search,Trigram Index CS
🛠️,dev-tools,Dev Tools,🔍,code-search,Code Search,Substring Index CS
🛠️,dev-tools,Dev Tools,🔍,code-search,Code Search,Regex Engine CS
🛠️,dev-tools,Dev Tools,🔍,code-search,Code Search,Glob Pattern CS
🛠️,dev-tools,Dev Tools,🔍,code-search,Code Search,File Type Filter
🛠️,dev-tools,Dev Tools,🔍,code-search,Code Search,Repo Index CS
🛠️,dev-tools,Dev Tools,🔍,code-search,Code Search,Git Blame CS
🛠️,dev-tools,Dev Tools,🔍,code-search,Code Search,Code Lens CS
🛠️,dev-tools,Dev Tools,🔍,code-search,Code Search,Reference Find CS
🛠️,dev-tools,Dev Tools,🔍,code-search,Code Search,Definition Find
🛠️,dev-tools,Dev Tools,🔍,code-search,Code Search,Symbol Search CS
🛠️,dev-tools,Dev Tools,🔍,code-search,Code Search,Class Search CS
🛠️,dev-tools,Dev Tools,🔍,code-search,Code Search,Function Search CS
🛠️,dev-tools,Dev Tools,🔍,code-search,Code Search,Variable Search CS
🛠️,dev-tools,Dev Tools,🔍,code-search,Code Search,Field Search CS
🛠️,dev-tools,Dev Tools,🔍,code-search,Code Search,Interface Search
🛠️,dev-tools,Dev Tools,🔍,code-search,Code Search,Enum Search CS
🛠️,dev-tools,Dev Tools,🔍,code-search,Code Search,Module Search CS
🛠️,dev-tools,Dev Tools,🔍,code-search,Code Search,Import Search CS
🛠️,dev-tools,Dev Tools,🔍,code-search,Code Search,Export Search CS
🛠️,dev-tools,Dev Tools,🔍,code-search,Code Search,Call Hierarchy
🛠️,dev-tools,Dev Tools,🔍,code-search,Code Search,Type Hierarchy CS
🛠️,dev-tools,Dev Tools,🔍,code-search,Code Search,File Structure CS
🛠️,dev-tools,Dev Tools,🔍,code-search,Code Search,Outline CS
🛠️,dev-tools,Dev Tools,🔍,code-search,Code Search,Breadcrumb CS
🛠️,dev-tools,Dev Tools,🔍,code-search,Code Search,Quick Open CS
🛠️,dev-tools,Dev Tools,🔍,code-search,Code Search,Fuzzy Search CS
🛠️,dev-tools,Dev Tools,🔍,code-search,Code Search,Ranked Results CS
🛠️,dev-tools,Dev Tools,🐛,debugger-ui,Debugger UI,Variable View DU
🛠️,dev-tools,Dev Tools,🐛,debugger-ui,Debugger UI,Watch Expression
🛠️,dev-tools,Dev Tools,🐛,debugger-ui,Debugger UI,Call Stack DU
🛠️,dev-tools,Dev Tools,🐛,debugger-ui,Debugger UI,Breakpoint View
🛠️,dev-tools,Dev Tools,🐛,debugger-ui,Debugger UI,Breakpoint Add DU
🛠️,dev-tools,Dev Tools,🐛,debugger-ui,Debugger UI,Breakpoint Remove
🛠️,dev-tools,Dev Tools,🐛,debugger-ui,Debugger UI,Breakpoint Enable
🛠️,dev-tools,Dev Tools,🐛,debugger-ui,Debugger UI,Breakpoint Disable
🛠️,dev-tools,Dev Tools,🐛,debugger-ui,Debugger UI,Breakpoint Cond
🛠️,dev-tools,Dev Tools,🐛,debugger-ui,Debugger UI,Logpoint DU
🛠️,dev-tools,Dev Tools,🐛,debugger-ui,Debugger UI,Hit Count Break
🛠️,dev-tools,Dev Tools,🐛,debugger-ui,Debugger UI,Exception Break
🛠️,dev-tools,Dev Tools,🐛,debugger-ui,Debugger UI,Caught Exception
🛠️,dev-tools,Dev Tools,🐛,debugger-ui,Debugger UI,Uncaught Exception
🛠️,dev-tools,Dev Tools,🐛,debugger-ui,Debugger UI,Step Over DU
🛠️,dev-tools,Dev Tools,🐛,debugger-ui,Debugger UI,Step Into DU
🛠️,dev-tools,Dev Tools,🐛,debugger-ui,Debugger UI,Step Out DU
🛠️,dev-tools,Dev Tools,🐛,debugger-ui,Debugger UI,Continue DU
🛠️,dev-tools,Dev Tools,🐛,debugger-ui,Debugger UI,Restart Debug DU
🛠️,dev-tools,Dev Tools,🐛,debugger-ui,Debugger UI,Stop Debug DU
🛠️,dev-tools,Dev Tools,🐛,debugger-ui,Debugger UI,Evaluate Exp DU
🛠️,dev-tools,Dev Tools,🐛,debugger-ui,Debugger UI,Hover Eval DU
🛠️,dev-tools,Dev Tools,🐛,debugger-ui,Debugger UI,Inline Value DU
🛠️,dev-tools,Dev Tools,🐛,debugger-ui,Debugger UI,Thread View DU
🛠️,dev-tools,Dev Tools,🐛,debugger-ui,Debugger UI,Process Select DU
🛠️,dev-tools,Dev Tools,🐛,debugger-ui,Debugger UI,Attach Debug DU
🛠️,dev-tools,Dev Tools,🐛,debugger-ui,Debugger UI,Launch Config DU
🛠️,dev-tools,Dev Tools,🐛,debugger-ui,Debugger UI,Remote Debug DU
🛠️,dev-tools,Dev Tools,🐛,debugger-ui,Debugger UI,Source Map DU
🛠️,dev-tools,Dev Tools,🐛,debugger-ui,Debugger UI,Disassembly DU
🛠️,dev-tools,Dev Tools,🧹,refactoring-tool,Refactoring Tool,Rename Symbol RT
🛠️,dev-tools,Dev Tools,🧹,refactoring-tool,Refactoring Tool,Extract Function
🛠️,dev-tools,Dev Tools,🧹,refactoring-tool,Refactoring Tool,Inline Function
🛠️,dev-tools,Dev Tools,🧹,refactoring-tool,Refactoring Tool,Extract Variable
🛠️,dev-tools,Dev Tools,🧹,refactoring-tool,Refactoring Tool,Inline Variable
🛠️,dev-tools,Dev Tools,🧹,refactoring-tool,Refactoring Tool,Move File RT
🛠️,dev-tools,Dev Tools,🧹,refactoring-tool,Refactoring Tool,Move Symbol RT
🛠️,dev-tools,Dev Tools,🧹,refactoring-tool,Refactoring Tool,Extract Class RT
🛠️,dev-tools,Dev Tools,🧹,refactoring-tool,Refactoring Tool,Extract Interface
🛠️,dev-tools,Dev Tools,🧹,refactoring-tool,Refactoring Tool,Pull Up Member
🛠️,dev-tools,Dev Tools,🧹,refactoring-tool,Refactoring Tool,Push Down Member
🛠️,dev-tools,Dev Tools,🧹,refactoring-tool,Refactoring Tool,Encapsulate Field
🛠️,dev-tools,Dev Tools,🧹,refactoring-tool,Refactoring Tool,Parameter Object
🛠️,dev-tools,Dev Tools,🧹,refactoring-tool,Refactoring Tool,Replace Conditional
🛠️,dev-tools,Dev Tools,🧹,refactoring-tool,Refactoring Tool,Strategy Pattern RT
🛠️,dev-tools,Dev Tools,🧹,refactoring-tool,Refactoring Tool,Template Method RT
🛠️,dev-tools,Dev Tools,🧹,refactoring-tool,Refactoring Tool,Visitor Pattern RT
🛠️,dev-tools,Dev Tools,🧹,refactoring-tool,Refactoring Tool,Delegate RT
🛠️,dev-tools,Dev Tools,🧹,refactoring-tool,Refactoring Tool,Remove Middleman
🛠️,dev-tools,Dev Tools,🧹,refactoring-tool,Refactoring Tool,Introduce Parameter
🛠️,dev-tools,Dev Tools,🧹,refactoring-tool,Refactoring Tool,Remove Parameter
🛠️,dev-tools,Dev Tools,🧹,refactoring-tool,Refactoring Tool,Reorder Parameter
🛠️,dev-tools,Dev Tools,🧹,refactoring-tool,Refactoring Tool,Change Signature
🛠️,dev-tools,Dev Tools,🧹,refactoring-tool,Refactoring Tool,Convert Function
🛠️,dev-tools,Dev Tools,🧹,refactoring-tool,Refactoring Tool,Convert Class RT
🛠️,dev-tools,Dev Tools,🧹,refactoring-tool,Refactoring Tool,Namespace Move RT
🛠️,dev-tools,Dev Tools,🧹,refactoring-tool,Refactoring Tool,Type Migration RT
🛠️,dev-tools,Dev Tools,🧹,refactoring-tool,Refactoring Tool,Safe Delete RT
🛠️,dev-tools,Dev Tools,🧹,refactoring-tool,Refactoring Tool,Convert To Async
🛠️,dev-tools,Dev Tools,🧹,refactoring-tool,Refactoring Tool,Extract Module RT
🛠️,dev-tools,Dev Tools,📦,bundle-tool,Bundle Tool,Entry Point BT
🛠️,dev-tools,Dev Tools,📦,bundle-tool,Bundle Tool,Module Resolver BT
🛠️,dev-tools,Dev Tools,📦,bundle-tool,Bundle Tool,Dependency Graph
🛠️,dev-tools,Dev Tools,📦,bundle-tool,Bundle Tool,Tree Shaking BT
🛠️,dev-tools,Dev Tools,📦,bundle-tool,Bundle Tool,Dead Code Elim
🛠️,dev-tools,Dev Tools,📦,bundle-tool,Bundle Tool,Scope Hoisting BT
🛠️,dev-tools,Dev Tools,📦,bundle-tool,Bundle Tool,Code Splitting BT
🛠️,dev-tools,Dev Tools,📦,bundle-tool,Bundle Tool,Dynamic Import BT
🛠️,dev-tools,Dev Tools,📦,bundle-tool,Bundle Tool,Lazy Load BT
🛠️,dev-tools,Dev Tools,📦,bundle-tool,Bundle Tool,Chunk Manager BT
🛠️,dev-tools,Dev Tools,📦,bundle-tool,Bundle Tool,Chunk Naming BT
🛠️,dev-tools,Dev Tools,📦,bundle-tool,Bundle Tool,Asset Manager BT
🛠️,dev-tools,Dev Tools,📦,bundle-tool,Bundle Tool,CSS Bundle BT
🛠️,dev-tools,Dev Tools,📦,bundle-tool,Bundle Tool,Image Bundle BT
🛠️,dev-tools,Dev Tools,📦,bundle-tool,Bundle Tool,Font Bundle BT
🛠️,dev-tools,Dev Tools,📦,bundle-tool,Bundle Tool,Source Map Gen BT
🛠️,dev-tools,Dev Tools,📦,bundle-tool,Bundle Tool,Inline Source Map
🛠️,dev-tools,Dev Tools,📦,bundle-tool,Bundle Tool,External Map BT
🛠️,dev-tools,Dev Tools,📦,bundle-tool,Bundle Tool,Minify JS BT
🛠️,dev-tools,Dev Tools,📦,bundle-tool,Bundle Tool,Minify CSS BT
🛠️,dev-tools,Dev Tools,📦,bundle-tool,Bundle Tool,Minify HTML BT
🛠️,dev-tools,Dev Tools,📦,bundle-tool,Bundle Tool,Uglify Clone BT
🛠️,dev-tools,Dev Tools,📦,bundle-tool,Bundle Tool,Terser Clone BT
🛠️,dev-tools,Dev Tools,📦,bundle-tool,Bundle Tool,SWC Minify BT
🛠️,dev-tools,Dev Tools,📦,bundle-tool,Bundle Tool,ESBuild Clone BT
🛠️,dev-tools,Dev Tools,📦,bundle-tool,Bundle Tool,Rollup Clone BT
🛠️,dev-tools,Dev Tools,📦,bundle-tool,Bundle Tool,Webpack Clone BT
🛠️,dev-tools,Dev Tools,📦,bundle-tool,Bundle Tool,Parcel Clone BT
🛠️,dev-tools,Dev Tools,📦,bundle-tool,Bundle Tool,Vite Clone BT
🛠️,dev-tools,Dev Tools,📦,bundle-tool,Bundle Tool,Plugin System BT
🛠️,dev-tools,Dev Tools,📡,dev-server,Dev Server,Static File DS
🛠️,dev-tools,Dev Tools,📡,dev-server,Dev Server,History Fallback
🛠️,dev-tools,Dev Tools,📡,dev-server,Dev Server,Proxy DS Dev
🛠️,dev-tools,Dev Tools,📡,dev-server,Dev Server,HMR Dev Server
🛠️,dev-tools,Dev Tools,📡,dev-server,Dev Server,WebSocket HMR DS
🛠️,dev-tools,Dev Tools,📡,dev-server,Dev Server,Hot Reload CSS
🛠️,dev-tools,Dev Tools,📡,dev-server,Dev Server,Hot Reload JS
🛠️,dev-tools,Dev Tools,📡,dev-server,Dev Server,Hot Reload HTML
🛠️,dev-tools,Dev Tools,📡,dev-server,Dev Server,Live Reload DS
🛠️,dev-tools,Dev Tools,📡,dev-server,Dev Server,Source Map DS
🛠️,dev-tools,Dev Tools,📡,dev-server,Dev Server,Compile Middleware
🛠️,dev-tools,Dev Tools,📡,dev-server,Dev Server,Transform Middle
🛠️,dev-tools,Dev Tools,📡,dev-server,Dev Server,Cache Middleware
🛠️,dev-tools,Dev Tools,📡,dev-server,Dev Server,Compression DS
🛠️,dev-tools,Dev Tools,📡,dev-server,Dev Server,CORS DS
🛠️,dev-tools,Dev Tools,📡,dev-server,Dev Server,HTTPS Dev Server
🛠️,dev-tools,Dev Tools,📡,dev-server,Dev Server,HTTP2 Dev Server
🛠️,dev-tools,Dev Tools,📡,dev-server,Dev Server,Watch Mode DS
🛠️,dev-tools,Dev Tools,📡,dev-server,Dev Server,Chokidar Watch DS
🛠️,dev-tools,Dev Tools,📡,dev-server,Dev Server,File Poll DS
🛠️,dev-tools,Dev Tools,📡,dev-server,Dev Server,Debounce Watch
🛠️,dev-tools,Dev Tools,📡,dev-server,Dev Server,Bundle Middleware
🛠️,dev-tools,Dev Tools,📡,dev-server,Dev Server,SSR Middleware DS
🛠️,dev-tools,Dev Tools,📡,dev-server,Dev Server,Inject Script DS
🛠️,dev-tools,Dev Tools,📡,dev-server,Dev Server,Error Overlay
🛠️,dev-tools,Dev Tools,📡,dev-server,Dev Server,Dashboard DS
🛠️,dev-tools,Dev Tools,📡,dev-server,Dev Server,Progress DS
🛠️,dev-tools,Dev Tools,📡,dev-server,Dev Server,Log Colored DS
🛠️,dev-tools,Dev Tools,📡,dev-server,Dev Server,Request Log DS
🛠️,dev-tools,Dev Tools,📡,dev-server,Dev Server,Timing DS
🛠️,dev-tools,Dev Tools,📋,task-runner,Task Runner,Task Define TR
🛠️,dev-tools,Dev Tools,📋,task-runner,Task Runner,Task List TR
🛠️,dev-tools,Dev Tools,📋,task-runner,Task Runner,Task Run TR
🛠️,dev-tools,Dev Tools,📋,task-runner,Task Runner,Parallel Run TR
🛠️,dev-tools,Dev Tools,📋,task-runner,Task Runner,Series Run TR
🛠️,dev-tools,Dev Tools,📋,task-runner,Task Runner,Dependency TR
🛠️,dev-tools,Dev Tools,📋,task-runner,Task Runner,Gulp Clone TR
🛠️,dev-tools,Dev Tools,📋,task-runner,Task Runner,Grunt Clone TR
🛠️,dev-tools,Dev Tools,📋,task-runner,Task Runner,Shell Task TR
🛠️,dev-tools,Dev Tools,📋,task-runner,Task Runner,File Copy TR
🛠️,dev-tools,Dev Tools,📋,task-runner,Task Runner,File Clean TR
🛠️,dev-tools,Dev Tools,📋,task-runner,Task Runner,File Watch TR
🛠️,dev-tools,Dev Tools,📋,task-runner,Task Runner,Glob Match TR
🛠️,dev-tools,Dev Tools,📋,task-runner,Task Runner,Source Read TR
🛠️,dev-tools,Dev Tools,📋,task-runner,Task Runner,Dest Write TR
🛠️,dev-tools,Dev Tools,📋,task-runner,Task Runner,Pipe Transform TR
🛠️,dev-tools,Dev Tools,📋,task-runner,Task Runner,Plugin Load TR
🛠️,dev-tools,Dev Tools,📋,task-runner,Task Runner,Config File TR
🛠️,dev-tools,Dev Tools,📋,task-runner,Task Runner,CLI Args TR
🛠️,dev-tools,Dev Tools,📋,task-runner,Task Runner,Default Task TR
🛠️,dev-tools,Dev Tools,📋,task-runner,Task Runner,Help Task TR
🛠️,dev-tools,Dev Tools,📋,task-runner,Task Runner,Dry Run TR
🛠️,dev-tools,Dev Tools,📋,task-runner,Task Runner,Force Run TR
🛠️,dev-tools,Dev Tools,📋,task-runner,Task Runner,Skip Task TR
🛠️,dev-tools,Dev Tools,📋,task-runner,Task Runner,Timeout Task TR
🛠️,dev-tools,Dev Tools,📋,task-runner,Task Runner,Retry Task TR
🛠️,dev-tools,Dev Tools,📋,task-runner,Task Runner,Notify Task TR
🛠️,dev-tools,Dev Tools,📋,task-runner,Task Runner,Log Task TR
🛠️,dev-tools,Dev Tools,📋,task-runner,Task Runner,Decorator TR
🛠️,dev-tools,Dev Tools,📋,task-runner,Task Runner,Namespace TR
🛠️,dev-tools,Dev Tools,🐳,container-tool,Container Tool,Container Create CR
🛠️,dev-tools,Dev Tools,🐳,container-tool,Container Tool,Container Start CR
🛠️,dev-tools,Dev Tools,🐳,container-tool,Container Tool,Container Stop CR
🛠️,dev-tools,Dev Tools,🐳,container-tool,Container Tool,Container Kill CR
🛠️,dev-tools,Dev Tools,🐳,container-tool,Container Tool,Container Remove CR
🛠️,dev-tools,Dev Tools,🐳,container-tool,Container Tool,Container Exec CR
🛠️,dev-tools,Dev Tools,🐳,container-tool,Container Tool,Container Logs CR
🛠️,dev-tools,Dev Tools,🐳,container-tool,Container Tool,Container Inspect
🛠️,dev-tools,Dev Tools,🐳,container-tool,Container Tool,Container Stats CR
🛠️,dev-tools,Dev Tools,🐳,container-tool,Container Tool,Container Top CR
🛠️,dev-tools,Dev Tools,🐳,container-tool,Container Tool,Image Pull CT
🛠️,dev-tools,Dev Tools,🐳,container-tool,Container Tool,Image Push CT
🛠️,dev-tools,Dev Tools,🐳,container-tool,Container Tool,Image Build CT
🛠️,dev-tools,Dev Tools,🐳,container-tool,Container Tool,Dockerfile Parse
🛠️,dev-tools,Dev Tools,🐳,container-tool,Container Tool,Layer Cache CT
🛠️,dev-tools,Dev Tools,🐳,container-tool,Container Tool,Layer Diff CT
🛠️,dev-tools,Dev Tools,🐳,container-tool,Container Tool,Overlay FS CT
🛠️,dev-tools,Dev Tools,🐳,container-tool,Container Tool,Union Mount CT
🛠️,dev-tools,Dev Tools,🐳,container-tool,Container Tool,Copy On Write CT
🛠️,dev-tools,Dev Tools,🐳,container-tool,Container Tool,Container Network
🛠️,dev-tools,Dev Tools,🐳,container-tool,Container Tool,Bridge Network CT
🛠️,dev-tools,Dev Tools,🐳,container-tool,Container Tool,Host Network CT
🛠️,dev-tools,Dev Tools,🐳,container-tool,Container Tool,None Network CT
🛠️,dev-tools,Dev Tools,🐳,container-tool,Container Tool,Port Map CT
🛠️,dev-tools,Dev Tools,🐳,container-tool,Container Tool,Volume Mount CT
🛠️,dev-tools,Dev Tools,🐳,container-tool,Container Tool,Bind Mount CT
🛠️,dev-tools,Dev Tools,🐳,container-tool,Container Tool,Tmpfs Mount CT
🛠️,dev-tools,Dev Tools,🐳,container-tool,Container Tool,Container Registry
🛠️,dev-tools,Dev Tools,🐳,container-tool,Container Tool,Docker Hub Clone
🛠️,dev-tools,Dev Tools,🐳,container-tool,Container Tool,Private Registry
🛠️,dev-tools,Dev Tools,🔑,secrets-manager,Secrets Manager,Secret Store SM
🛠️,dev-tools,Dev Tools,🔑,secrets-manager,Secrets Manager,Secret Version SM
🛠️,dev-tools,Dev Tools,🔑,secrets-manager,Secrets Manager,Secret Rotation
🛠️,dev-tools,Dev Tools,🔑,secrets-manager,Secrets Manager,Secret Encrypt SM
🛠️,dev-tools,Dev Tools,🔑,secrets-manager,Secrets Manager,Secret Decrypt SM
🛠️,dev-tools,Dev Tools,🔑,secrets-manager,Secrets Manager,KMS Integration
🛠️,dev-tools,Dev Tools,🔑,secrets-manager,Secrets Manager,Vault Clone SM
🛠️,dev-tools,Dev Tools,🔑,secrets-manager,Secrets Manager,AWS Secrets Clone
🛠️,dev-tools,Dev Tools,🔑,secrets-manager,Secrets Manager,Azure KV Clone
🛠️,dev-tools,Dev Tools,🔑,secrets-manager,Secrets Manager,GCP SM Clone
🛠️,dev-tools,Dev Tools,🔑,secrets-manager,Secrets Manager,Encryption Key SM
🛠️,dev-tools,Dev Tools,🔑,secrets-manager,Secrets Manager,Master Key SM
🛠️,dev-tools,Dev Tools,🔑,secrets-manager,Secrets Manager,Data Key SM
🛠️,dev-tools,Dev Tools,🔑,secrets-manager,Secrets Manager,Key Wrap SM
🛠️,dev-tools,Dev Tools,🔑,secrets-manager,Secrets Manager,Access Policy SM
🛠️,dev-tools,Dev Tools,🔑,secrets-manager,Secrets Manager,Audit Log SM
🛠️,dev-tools,Dev Tools,🔑,secrets-manager,Secrets Manager,Audit Trail SM
🛠️,dev-tools,Dev Tools,🔑,secrets-manager,Secrets Manager,Lease Manager SM
🛠️,dev-tools,Dev Tools,🔑,secrets-manager,Secrets Manager,TTL Lease SM
🛠️,dev-tools,Dev Tools,🔑,secrets-manager,Secrets Manager,Renew Lease SM
🛠️,dev-tools,Dev Tools,🔑,secrets-manager,Secrets Manager,Revoke Lease SM
🛠️,dev-tools,Dev Tools,🔑,secrets-manager,Secrets Manager,Dynamic Secret SM
🛠️,dev-tools,Dev Tools,🔑,secrets-manager,Secrets Manager,Database Secret SM
🛠️,dev-tools,Dev Tools,🔑,secrets-manager,Secrets Manager,SSH Secret SM
🛠️,dev-tools,Dev Tools,🔑,secrets-manager,Secrets Manager,PKI Secret SM
🛠️,dev-tools,Dev Tools,🔑,secrets-manager,Secrets Manager,Transit Secret SM
🛠️,dev-tools,Dev Tools,🔑,secrets-manager,Secrets Manager,Cubbyhole SM
🛠️,dev-tools,Dev Tools,🔑,secrets-manager,Secrets Manager,Namespace SM
🛠️,dev-tools,Dev Tools,🔑,secrets-manager,Secrets Manager,Replication SM
🛠️,dev-tools,Dev Tools,🔑,secrets-manager,Secrets Manager,Seal Unseal SM
🛠️,dev-tools,Dev Tools,🐙,version-control,Version Control,Git Clone VC
🛠️,dev-tools,Dev Tools,🐙,version-control,Version Control,Git Init VC
🛠️,dev-tools,Dev Tools,🐙,version-control,Version Control,Git Add VC
🛠️,dev-tools,Dev Tools,🐙,version-control,Version Control,Git Commit VC
🛠️,dev-tools,Dev Tools,🐙,version-control,Version Control,Git Branch VC
🛠️,dev-tools,Dev Tools,🐙,version-control,Version Control,Git Checkout VC
🛠️,dev-tools,Dev Tools,🐙,version-control,Version Control,Git Merge VC
🛠️,dev-tools,Dev Tools,🐙,version-control,Version Control,Git Rebase VC
🛠️,dev-tools,Dev Tools,🐙,version-control,Version Control,Git Log VC
🛠️,dev-tools,Dev Tools,🐙,version-control,Version Control,Git Diff VC
🛠️,dev-tools,Dev Tools,🐙,version-control,Version Control,Git Status VC
🛠️,dev-tools,Dev Tools,🐙,version-control,Version Control,Git Push VC
🛠️,dev-tools,Dev Tools,🐙,version-control,Version Control,Git Pull VC
🛠️,dev-tools,Dev Tools,🐙,version-control,Version Control,Git Fetch VC
🛠️,dev-tools,Dev Tools,🐙,version-control,Version Control,Git Stash VC
🛠️,dev-tools,Dev Tools,🐙,version-control,Version Control,Git Tag VC
🛠️,dev-tools,Dev Tools,🐙,version-control,Version Control,Git Blame VC
🛠️,dev-tools,Dev Tools,🐙,version-control,Version Control,Git Bisect VC
🛠️,dev-tools,Dev Tools,🐙,version-control,Version Control,Index VC
🛠️,dev-tools,Dev Tools,🐙,version-control,Version Control,Object Store VC
🛠️,dev-tools,Dev Tools,🐙,version-control,Version Control,Blob Object VC
🛠️,dev-tools,Dev Tools,🐙,version-control,Version Control,Tree Object VC
🛠️,dev-tools,Dev Tools,🐙,version-control,Version Control,Commit Object VC
🛠️,dev-tools,Dev Tools,🐙,version-control,Version Control,Tag Object VC
🛠️,dev-tools,Dev Tools,🐙,version-control,Version Control,Pack File VC
🛠️,dev-tools,Dev Tools,🐙,version-control,Version Control,Delta Compress VC
🛠️,dev-tools,Dev Tools,🐙,version-control,Version Control,Ref Manager VC
🛠️,dev-tools,Dev Tools,🐙,version-control,Version Control,HEAD Ref VC
🛠️,dev-tools,Dev Tools,🐙,version-control,Version Control,Remote Ref VC
🛠️,dev-tools,Dev Tools,🐙,version-control,Version Control,Merge Base VC
🛠️,dev-tools,Dev Tools,🔍,profiling-tool,Profiling Tool,CPU Profiler PT
🛠️,dev-tools,Dev Tools,🔍,profiling-tool,Profiling Tool,Memory Profiler
🛠️,dev-tools,Dev Tools,🔍,profiling-tool,Profiling Tool,Heap Snapshot PT
🛠️,dev-tools,Dev Tools,🔍,profiling-tool,Profiling Tool,Allocation Sampler
🛠️,dev-tools,Dev Tools,🔍,profiling-tool,Profiling Tool,Flame Graph PT
🛠️,dev-tools,Dev Tools,🔍,profiling-tool,Profiling Tool,Call Graph PT
🛠️,dev-tools,Dev Tools,🔍,profiling-tool,Profiling Tool,Frame Graph PT
🛠️,dev-tools,Dev Tools,🔍,profiling-tool,Profiling Tool,Timeline PT
🛠️,dev-tools,Dev Tools,🔍,profiling-tool,Profiling Tool,Flame Chart PT
🛠️,dev-tools,Dev Tools,🔍,profiling-tool,Profiling Tool,Bottom Up View
🛠️,dev-tools,Dev Tools,🔍,profiling-tool,Profiling Tool,Top Down View PT
🛠️,dev-tools,Dev Tools,🔍,profiling-tool,Profiling Tool,Function Cost PT
🛠️,dev-tools,Dev Tools,🔍,profiling-tool,Profiling Tool,Self Time PT
🛠️,dev-tools,Dev Tools,🔍,profiling-tool,Profiling Tool,Total Time PT
🛠️,dev-tools,Dev Tools,🔍,profiling-tool,Profiling Tool,Call Count PT
🛠️,dev-tools,Dev Tools,🔍,profiling-tool,Profiling Tool,Source Map PT
🛠️,dev-tools,Dev Tools,🔍,profiling-tool,Profiling Tool,Method Tracer PT
🛠️,dev-tools,Dev Tools,🔍,profiling-tool,Profiling Tool,Sys Profiler PT
🛠️,dev-tools,Dev Tools,🔍,profiling-tool,Profiling Tool,Event Loop PT
🛠️,dev-tools,Dev Tools,🔍,profiling-tool,Profiling Tool,GC Trace PT
🛠️,dev-tools,Dev Tools,🔍,profiling-tool,Profiling Tool,IO Wait PT
🛠️,dev-tools,Dev Tools,🔍,profiling-tool,Profiling Tool,Blocked Time PT
🛠️,dev-tools,Dev Tools,🔍,profiling-tool,Profiling Tool,Stack Sample PT
🛠️,dev-tools,Dev Tools,🔍,profiling-tool,Profiling Tool,Statistical Prof
🛠️,dev-tools,Dev Tools,🔍,profiling-tool,Profiling Tool,Instrument Prof
🛠️,dev-tools,Dev Tools,🔍,profiling-tool,Profiling Tool,Trace Event PT
🛠️,dev-tools,Dev Tools,🔍,profiling-tool,Profiling Tool,Trace Format PT
🛠️,dev-tools,Dev Tools,🔍,profiling-tool,Profiling Tool,Profile Export PT
🛠️,dev-tools,Dev Tools,🔍,profiling-tool,Profiling Tool,Profile Compare
🛠️,dev-tools,Dev Tools,🔍,profiling-tool,Profiling Tool,Profile Diff PT
🛠️,dev-tools,Dev Tools,🕸️,web-crawler,Web Crawler,HTTP Client WC
🛠️,dev-tools,Dev Tools,🕸️,web-crawler,Web Crawler,URL Queue WC
🛠️,dev-tools,Dev Tools,🕸️,web-crawler,Web Crawler,Link Parser WC
🛠️,dev-tools,Dev Tools,🕸️,web-crawler,Web Crawler,Sitemap Parser
🛠️,dev-tools,Dev Tools,🕸️,web-crawler,Web Crawler,Robots Txt Parse
🛠️,dev-tools,Dev Tools,🕸️,web-crawler,Web Crawler,Crawl Delay WC
🛠️,dev-tools,Dev Tools,🕸️,web-crawler,Web Crawler,Rate Limit WC
🛠️,dev-tools,Dev Tools,🕸️,web-crawler,Web Crawler,Respect NoFollow
🛠️,dev-tools,Dev Tools,🕸️,web-crawler,Web Crawler,Respect NoIndex
🛠️,dev-tools,Dev Tools,🕸️,web-crawler,Web Crawler,Depth Limit WC
🛠️,dev-tools,Dev Tools,🕸️,web-crawler,Web Crawler,Page Count Limit
🛠️,dev-tools,Dev Tools,🕸️,web-crawler,Web Crawler,Domain Filter WC
🛠️,dev-tools,Dev Tools,🕸️,web-crawler,Web Crawler,Path Filter WC
🛠️,dev-tools,Dev Tools,🕸️,web-crawler,Web Crawler,URL Normalize WC
🛠️,dev-tools,Dev Tools,🕸️,web-crawler,Web Crawler,Deduplicate URL
🛠️,dev-tools,Dev Tools,🕸️,web-crawler,Web Crawler,Content Type Check
🛠️,dev-tools,Dev Tools,🕸️,web-crawler,Web Crawler,HTML Parser WC
🛠️,dev-tools,Dev Tools,🕸️,web-crawler,Web Crawler,Meta Tag Parse WC
🛠️,dev-tools,Dev Tools,🕸️,web-crawler,Web Crawler,Title Extract WC
🛠️,dev-tools,Dev Tools,🕸️,web-crawler,Web Crawler,Description WC
🛠️,dev-tools,Dev Tools,🕸️,web-crawler,Web Crawler,Keywords Extract
🛠️,dev-tools,Dev Tools,🕸️,web-crawler,Web Crawler,Text Extract WC
🛠️,dev-tools,Dev Tools,🕸️,web-crawler,Web Crawler,Content Hash WC
🛠️,dev-tools,Dev Tools,🕸️,web-crawler,Web Crawler,Crawl Resume WC
🛠️,dev-tools,Dev Tools,🕸️,web-crawler,Web Crawler,Persist Queue WC
🛠️,dev-tools,Dev Tools,🕸️,web-crawler,Web Crawler,Distributed Crawl
🛠️,dev-tools,Dev Tools,🕸️,web-crawler,Web Crawler,Proxy Rotate WC
🛠️,dev-tools,Dev Tools,🕸️,web-crawler,Web Crawler,User Agent Rotate
🛠️,dev-tools,Dev Tools,🕸️,web-crawler,Web Crawler,Cookie Jar WC
🛠️,dev-tools,Dev Tools,🕸️,web-crawler,Web Crawler,Crawl Report
🛠️,dev-tools,Dev Tools,🧪,mutation-tester,Mutation Tester,Mutant Generator
🛠️,dev-tools,Dev Tools,🧪,mutation-tester,Mutation Tester,Operator Replace
🛠️,dev-tools,Dev Tools,🧪,mutation-tester,Mutation Tester,Binary Op Mut
🛠️,dev-tools,Dev Tools,🧪,mutation-tester,Mutation Tester,Arithmetic Op Mut
🛠️,dev-tools,Dev Tools,🧪,mutation-tester,Mutation Tester,Relational Op Mut
🛠️,dev-tools,Dev Tools,🧪,mutation-tester,Mutation Tester,Logical Op Mut
🛠️,dev-tools,Dev Tools,🧪,mutation-tester,Mutation Tester,Bitwise Op Mut
🛠️,dev-tools,Dev Tools,🧪,mutation-tester,Mutation Tester,Conditional Mut
🛠️,dev-tools,Dev Tools,🧪,mutation-tester,Mutation Tester,Boolean Sub Mut
🛠️,dev-tools,Dev Tools,🧪,mutation-tester,Mutation Tester,Negate Cond Mut
🛠️,dev-tools,Dev Tools,🧪,mutation-tester,Mutation Tester,Remove Cond Mut
🛠️,dev-tools,Dev Tools,🧪,mutation-tester,Mutation Tester,Statement Delete
🛠️,dev-tools,Dev Tools,🧪,mutation-tester,Mutation Tester,Block Delete Mut
🛠️,dev-tools,Dev Tools,🧪,mutation-tester,Mutation Tester,Return Value Mut
🛠️,dev-tools,Dev Tools,🧪,mutation-tester,Mutation Tester,Void Call Mut
🛠️,dev-tools,Dev Tools,🧪,mutation-tester,Mutation Tester,Constant Replace
🛠️,dev-tools,Dev Tools,🧪,mutation-tester,Mutation Tester,Array Mut
🛠️,dev-tools,Dev Tools,🧪,mutation-tester,Mutation Tester,Object Mut
🛠️,dev-tools,Dev Tools,🧪,mutation-tester,Mutation Tester,String Mut Mut
🛠️,dev-tools,Dev Tools,🧪,mutation-tester,Mutation Tester,Number Mut Mut
🛠️,dev-tools,Dev Tools,🧪,mutation-tester,Mutation Tester,Boundary Mut MT
🛠️,dev-tools,Dev Tools,🧪,mutation-tester,Mutation Tester,Survived Mutant
🛠️,dev-tools,Dev Tools,🧪,mutation-tester,Mutation Tester,Killed Mutant MT
🛠️,dev-tools,Dev Tools,🧪,mutation-tester,Mutation Tester,Mutation Score
🛠️,dev-tools,Dev Tools,🧪,mutation-tester,Mutation Tester,Coverage MT
🛠️,dev-tools,Dev Tools,🧪,mutation-tester,Mutation Tester,Selective MT
🛠️,dev-tools,Dev Tools,🧪,mutation-tester,Mutation Tester,Equivalent Mutant
🛠️,dev-tools,Dev Tools,🧪,mutation-tester,Mutation Tester,Fast Mut MT
🛠️,dev-tools,Dev Tools,🧪,mutation-tester,Mutation Tester,Parallel Mut MT
🛠️,dev-tools,Dev Tools,🧪,mutation-tester,Mutation Tester,Report MT
🛠️,dev-tools,Dev Tools,🎯,static-analyzer,Static Analyzer,Control Flow SA
🛠️,dev-tools,Dev Tools,🎯,static-analyzer,Static Analyzer,Data Flow SA
🛠️,dev-tools,Dev Tools,🎯,static-analyzer,Static Analyzer,Taint Analyzer SA
🛠️,dev-tools,Dev Tools,🎯,static-analyzer,Static Analyzer,Null Pointer SA
🛠️,dev-tools,Dev Tools,🎯,static-analyzer,Static Analyzer,Out Of Bounds SA
🛠️,dev-tools,Dev Tools,🎯,static-analyzer,Static Analyzer,Uninitialized Var
🛠️,dev-tools,Dev Tools,🎯,static-analyzer,Static Analyzer,Memory Leak SA
🛠️,dev-tools,Dev Tools,🎯,static-analyzer,Static Analyzer,Resource Leak SA
🛠️,dev-tools,Dev Tools,🎯,static-analyzer,Static Analyzer,Dead Code SA
🛠️,dev-tools,Dev Tools,🎯,static-analyzer,Static Analyzer,Unreachable Code
🛠️,dev-tools,Dev Tools,🎯,static-analyzer,Static Analyzer,Type Mismatch SA
🛠️,dev-tools,Dev Tools,🎯,static-analyzer,Static Analyzer,Cast Safety SA
🛠️,dev-tools,Dev Tools,🎯,static-analyzer,Static Analyzer,Buffer Overflow SA
🛠️,dev-tools,Dev Tools,🎯,static-analyzer,Static Analyzer,Format String SA
🛠️,dev-tools,Dev Tools,🎯,static-analyzer,Static Analyzer,Div By Zero SA
🛠️,dev-tools,Dev Tools,🎯,static-analyzer,Static Analyzer,Integer Overflow SA
🛠️,dev-tools,Dev Tools,🎯,static-analyzer,Static Analyzer,Race Condition SA
🛠️,dev-tools,Dev Tools,🎯,static-analyzer,Static Analyzer,Lock Order SA
🛠️,dev-tools,Dev Tools,🎯,static-analyzer,Static Analyzer,Double Lock SA
🛠️,dev-tools,Dev Tools,🎯,static-analyzer,Static Analyzer,Double Free SA
🛠️,dev-tools,Dev Tools,🎯,static-analyzer,Static Analyzer,Use After Free SA
🛠️,dev-tools,Dev Tools,🎯,static-analyzer,Static Analyzer,Return Local Addr
🛠️,dev-tools,Dev Tools,🎯,static-analyzer,Static Analyzer,Security Analyzer
🛠️,dev-tools,Dev Tools,🎯,static-analyzer,Static Analyzer,Injection Detect
🛠️,dev-tools,Dev Tools,🎯,static-analyzer,Static Analyzer,XSS Detect SA
🛠️,dev-tools,Dev Tools,🎯,static-analyzer,Static Analyzer,SQLI Detect SA
🛠️,dev-tools,Dev Tools,🎯,static-analyzer,Static Analyzer,Path Traversal SA
🛠️,dev-tools,Dev Tools,🎯,static-analyzer,Static Analyzer,Hardcoded Secret
🛠️,dev-tools,Dev Tools,🎯,static-analyzer,Static Analyzer,Weak Crypto Detect
🛠️,dev-tools,Dev Tools,🎯,static-analyzer,Static Analyzer,Misconfig SA
🛠️,dev-tools,Dev Tools,📋,logging-framework,Logging Framework,Log Level LF
🛠️,dev-tools,Dev Tools,📋,logging-framework,Logging Framework,Logger Instance
🛠️,dev-tools,Dev Tools,📋,logging-framework,Logging Framework,Root Logger LF
🛠️,dev-tools,Dev Tools,📋,logging-framework,Logging Framework,Named Logger LF
🛠️,dev-tools,Dev Tools,📋,logging-framework,Logging Framework,Console Appender
🛠️,dev-tools,Dev Tools,📋,logging-framework,Logging Framework,File Appender
🛠️,dev-tools,Dev Tools,📋,logging-framework,Logging Framework,Rolling File App
🛠️,dev-tools,Dev Tools,📋,logging-framework,Logging Framework,Date Rolling App
🛠️,dev-tools,Dev Tools,📋,logging-framework,Logging Framework,Size Rolling App
🛠️,dev-tools,Dev Tools,📋,logging-framework,Logging Framework,Syslog Appender LF
🛠️,dev-tools,Dev Tools,📋,logging-framework,Logging Framework,HTTP Appender LF
🛠️,dev-tools,Dev Tools,📋,logging-framework,Logging Framework,TCP Appender LF
🛠️,dev-tools,Dev Tools,📋,logging-framework,Logging Framework,Pattern Layout LF
🛠️,dev-tools,Dev Tools,📋,logging-framework,Logging Framework,JSON Layout LF
🛠️,dev-tools,Dev Tools,📋,logging-framework,Logging Framework,XML Layout LF
🛠️,dev-tools,Dev Tools,📋,logging-framework,Logging Framework,MDC LF
🛠️,dev-tools,Dev Tools,📋,logging-framework,Logging Framework,NDC LF
🛠️,dev-tools,Dev Tools,📋,logging-framework,Logging Framework,Async Logger LF
🛠️,dev-tools,Dev Tools,📋,logging-framework,Logging Framework,Async Appender LF
🛠️,dev-tools,Dev Tools,📋,logging-framework,Logging Framework,Buffered Appender
🛠️,dev-tools,Dev Tools,📋,logging-framework,Logging Framework,Filter Logger LF
🛠️,dev-tools,Dev Tools,📋,logging-framework,Logging Framework,Threshold Filter
🛠️,dev-tools,Dev Tools,📋,logging-framework,Logging Framework,Regex Filter LF
🛠️,dev-tools,Dev Tools,📋,logging-framework,Logging Framework,Marker Logger LF
🛠️,dev-tools,Dev Tools,📋,logging-framework,Logging Framework,MDC Filter LF
🛠️,dev-tools,Dev Tools,📋,logging-framework,Logging Framework,Dynamic Threshold
🛠️,dev-tools,Dev Tools,📋,logging-framework,Logging Framework,Logger Config LF
🛠️,dev-tools,Dev Tools,📋,logging-framework,Logging Framework,Logger Context LF
🛠️,dev-tools,Dev Tools,📋,logging-framework,Logging Framework,Log Rotation LF
🛠️,dev-tools,Dev Tools,📋,logging-framework,Logging Framework,Log Retention LF
🛠️,dev-tools,Dev Tools,🌍,localization-tool,Localization Tool,i18n Parser LT
🛠️,dev-tools,Dev Tools,🌍,localization-tool,Localization Tool,Translation File
🛠️,dev-tools,Dev Tools,🌍,localization-tool,Localization Tool,JSON Locale LT
🛠️,dev-tools,Dev Tools,🌍,localization-tool,Localization Tool,YAML Locale LT
🛠️,dev-tools,Dev Tools,🌍,localization-tool,Localization Tool,Gettext PO Parser
🛠️,dev-tools,Dev Tools,🌍,localization-tool,Localization Tool,Gettext MO Parser
🛠️,dev-tools,Dev Tools,🌍,localization-tool,Localization Tool,ICU Message Parser
🛠️,dev-tools,Dev Tools,🌍,localization-tool,Localization Tool,Plural Rule LT
🛠️,dev-tools,Dev Tools,🌍,localization-tool,Localization Tool,Gender Rule LT
🛠️,dev-tools,Dev Tools,🌍,localization-tool,Localization Tool,Context Locale
🛠️,dev-tools,Dev Tools,🌍,localization-tool,Localization Tool,Nested Key LT
🛠️,dev-tools,Dev Tools,🌍,localization-tool,Localization Tool,Interpolation LT
🛠️,dev-tools,Dev Tools,🌍,localization-tool,Localization Tool,Format Date Loc
🛠️,dev-tools,Dev Tools,🌍,localization-tool,Localization Tool,Format Number Loc
🛠️,dev-tools,Dev Tools,🌍,localization-tool,Localization Tool,Format Currency
🛠️,dev-tools,Dev Tools,🌍,localization-tool,Localization Tool,Format Relative
🛠️,dev-tools,Dev Tools,🌍,localization-tool,Localization Tool,Locale Fallback LT
🛠️,dev-tools,Dev Tools,🌍,localization-tool,Localization Tool,LTR RTL Locale
🛠️,dev-tools,Dev Tools,🌍,localization-tool,Localization Tool,Locale Detector
🛠️,dev-tools,Dev Tools,🌍,localization-tool,Localization Tool,Translation Editor
🛠️,dev-tools,Dev Tools,🌍,localization-tool,Localization Tool,Sync Locale LT
🛠️,dev-tools,Dev Tools,🌍,localization-tool,Localization Tool,Missing Key Detect
🛠️,dev-tools,Dev Tools,🌍,localization-tool,Localization Tool,Unused Key Detect
🛠️,dev-tools,Dev Tools,🌍,localization-tool,Localization Tool,AI Translate LT
🛠️,dev-tools,Dev Tools,🌍,localization-tool,Localization Tool,Machine Translate
🛠️,dev-tools,Dev Tools,🌍,localization-tool,Localization Tool,Lang Country Map
🛠️,dev-tools,Dev Tools,🌍,localization-tool,Localization Tool,Locale Validator
🛠️,dev-tools,Dev Tools,🌍,localization-tool,Localization Tool,Pseudo Localize
🛠️,dev-tools,Dev Tools,🌍,localization-tool,Localization Tool,Merge Locale LT
🛠️,dev-tools,Dev Tools,🌍,localization-tool,Localization Tool,Export Locale LT
🛠️,dev-tools,Dev Tools,🔐,dependency-check,Dependency Check,Vulnerability DB
🛠️,dev-tools,Dev Tools,🔐,dependency-check,Dependency Check,CVE Lookup DC
🛠️,dev-tools,Dev Tools,🔐,dependency-check,Dependency Check,Advisory Fetch DC
🛠️,dev-tools,Dev Tools,🔐,dependency-check,Dependency Check,Package Scan DC
🛠️,dev-tools,Dev Tools,🔐,dependency-check,Dependency Check,Dep Tree Scan DC
🛠️,dev-tools,Dev Tools,🔐,dependency-check,Dependency Check,Transitive Scan DC
🛠️,dev-tools,Dev Tools,🔐,dependency-check,Dependency Check,Version Check DC
🛠️,dev-tools,Dev Tools,🔐,dependency-check,Dependency Check,Fix Version DC
🛠️,dev-tools,Dev Tools,🔐,dependency-check,Dependency Check,Severity CVSS DC
🛠️,dev-tools,Dev Tools,🔐,dependency-check,Dependency Check,CVSS Score Calc
🛠️,dev-tools,Dev Tools,🔐,dependency-check,Dependency Check,Exploitability DC
🛠️,dev-tools,Dev Tools,🔐,dependency-check,Dependency Check,Impact Score DC
🛠️,dev-tools,Dev Tools,🔐,dependency-check,Dependency Check,Vector String DC
🛠️,dev-tools,Dev Tools,🔐,dependency-check,Dependency Check,OWASP DC Scan
🛠️,dev-tools,Dev Tools,🔐,dependency-check,Dependency Check,NVD API Client
🛠️,dev-tools,Dev Tools,🔐,dependency-check,Dependency Check,OSV API Client
🛠️,dev-tools,Dev Tools,🔐,dependency-check,Dependency Check,Snyk API Client
🛠️,dev-tools,Dev Tools,🔐,dependency-check,Dependency Check,License Check DC
🛠️,dev-tools,Dev Tools,🔐,dependency-check,Dependency Check,License Type DC
🛠️,dev-tools,Dev Tools,🔐,dependency-check,Dependency Check,Copyleft Detect
🛠️,dev-tools,Dev Tools,🔐,dependency-check,Dependency Check,Permissive License
🛠️,dev-tools,Dev Tools,🔐,dependency-check,Dependency Check,Proprietary Check
🛠️,dev-tools,Dev Tools,🔐,dependency-check,Dependency Check,Dual License DC
🛠️,dev-tools,Dev Tools,🔐,dependency-check,Dependency Check,Deprecated Dep DC
🛠️,dev-tools,Dev Tools,🔐,dependency-check,Dependency Check,Abandoned Dep DC
🛠️,dev-tools,Dev Tools,🔐,dependency-check,Dependency Check,Patch Available DC
🛠️,dev-tools,Dev Tools,🔐,dependency-check,Dependency Check,Report DC
🛠️,dev-tools,Dev Tools,🔐,dependency-check,Dependency Check,JSON Report DC
🛠️,dev-tools,Dev Tools,🔐,dependency-check,Dependency Check,HTML Report DC
🛠️,dev-tools,Dev Tools,🔐,dependency-check,Dependency Check,Summary DC
🛠️,dev-tools,Dev Tools,📈,apm-tool,APM Tool,Trace Collector APM
🛠️,dev-tools,Dev Tools,📈,apm-tool,APM Tool,Span Processor
🛠️,dev-tools,Dev Tools,📈,apm-tool,APM Tool,Trace Exporter APM
🛠️,dev-tools,Dev Tools,📈,apm-tool,APM Tool,Sampler APM
🛠️,dev-tools,Dev Tools,📈,apm-tool,APM Tool,Head Based Sample
🛠️,dev-tools,Dev Tools,📈,apm-tool,APM Tool,Tail Based Sample
🛠️,dev-tools,Dev Tools,📈,apm-tool,APM Tool,Rate Limiter APM
🛠️,dev-tools,Dev Tools,📈,apm-tool,APM Tool,Metric Recorder
🛠️,dev-tools,Dev Tools,📈,apm-tool,APM Tool,Counter Metric APM
🛠️,dev-tools,Dev Tools,📈,apm-tool,APM Tool,Gauge Metric APM
🛠️,dev-tools,Dev Tools,📈,apm-tool,APM Tool,Histogram APM
🛠️,dev-tools,Dev Tools,📈,apm-tool,APM Tool,Timer APM
🛠️,dev-tools,Dev Tools,📈,apm-tool,APM Tool,Span Tag APM
🛠️,dev-tools,Dev Tools,📈,apm-tool,APM Tool,Span Log APM
🛠️,dev-tools,Dev Tools,📈,apm-tool,APM Tool,Span Link APM
🛠️,dev-tools,Dev Tools,📈,apm-tool,APM Tool,Service Map APM
🛠️,dev-tools,Dev Tools,📈,apm-tool,APM Tool,Dependency Map
🛠️,dev-tools,Dev Tools,📈,apm-tool,APM Tool,Distributed Trace
🛠️,dev-tools,Dev Tools,📈,apm-tool,APM Tool,Trace Context Prop
🛠️,dev-tools,Dev Tools,📈,apm-tool,APM Tool,W3C Trace Context
🛠️,dev-tools,Dev Tools,📈,apm-tool,APM Tool,B3 Propagation
🛠️,dev-tools,Dev Tools,📈,apm-tool,APM Tool,Jaeger Clone APM
🛠️,dev-tools,Dev Tools,📈,apm-tool,APM Tool,Zipkin Clone APM
🛠️,dev-tools,Dev Tools,📈,apm-tool,APM Tool,OpenTelemetry APM
🛠️,dev-tools,Dev Tools,📈,apm-tool,APM Tool,OTLP Exporter
🛠️,dev-tools,Dev Tools,📈,apm-tool,APM Tool,Agent APM
🛠️,dev-tools,Dev Tools,📈,apm-tool,APM Tool,Auto Instrument
🛠️,dev-tools,Dev Tools,📈,apm-tool,APM Tool,Manual Instrument
🛠️,dev-tools,Dev Tools,📈,apm-tool,APM Tool,Error Tracking APM
🛠️,dev-tools,Dev Tools,📈,apm-tool,APM Tool,SLI SLO APM
🛠️,dev-tools,Dev Tools,🔎,code-review-tool,Code Review Tool,Diff View CRT
🛠️,dev-tools,Dev Tools,🔎,code-review-tool,Code Review Tool,Inline Comment CRT
🛠️,dev-tools,Dev Tools,🔎,code-review-tool,Code Review Tool,Review Thread CRT
🛠️,dev-tools,Dev Tools,🔎,code-review-tool,Code Review Tool,Approve CRT
🛠️,dev-tools,Dev Tools,🔎,code-review-tool,Code Review Tool,Request Changes
🛠️,dev-tools,Dev Tools,🔎,code-review-tool,Code Review Tool,Review Assign CRT
🛠️,dev-tools,Dev Tools,🔎,code-review-tool,Code Review Tool,Review Request CRT
🛠️,dev-tools,Dev Tools,🔎,code-review-tool,Code Review Tool,Review Remind CRT
🛠️,dev-tools,Dev Tools,🔎,code-review-tool,Code Review Tool,Checklist CRT
🛠️,dev-tools,Dev Tools,🔎,code-review-tool,Code Review Tool,Template CRT
🛠️,dev-tools,Dev Tools,🔎,code-review-tool,Code Review Tool,Lint Check CRT
🛠️,dev-tools,Dev Tools,🔎,code-review-tool,Code Review Tool,Test Check CRT
🛠️,dev-tools,Dev Tools,🔎,code-review-tool,Code Review Tool,Build Check CRT
🛠️,dev-tools,Dev Tools,🔎,code-review-tool,Code Review Tool,Coverage Check CRT
🛠️,dev-tools,Dev Tools,🔎,code-review-tool,Code Review Tool,Gate Check CRT
🛠️,dev-tools,Dev Tools,🔎,code-review-tool,Code Review Tool,Auto Merge CRT
🛠️,dev-tools,Dev Tools,🔎,code-review-tool,Code Review Tool,Squash Merge CRT
🛠️,dev-tools,Dev Tools,🔎,code-review-tool,Code Review Tool,Rebase Merge CRT
🛠️,dev-tools,Dev Tools,🔎,code-review-tool,Code Review Tool,Commit Check CRT
🛠️,dev-tools,Dev Tools,🔎,code-review-tool,Code Review Tool,Branch Check CRT
🛠️,dev-tools,Dev Tools,🔎,code-review-tool,Code Review Tool,Conflict Detect CRT
🛠️,dev-tools,Dev Tools,🔎,code-review-tool,Code Review Tool,Rebase Branch CRT
🛠️,dev-tools,Dev Tools,🔎,code-review-tool,Code Review Tool,PR Description CRT
🛠️,dev-tools,Dev Tools,🔎,code-review-tool,Code Review Tool,PR Title Check
🛠️,dev-tools,Dev Tools,🔎,code-review-tool,Code Review Tool,Changelog Check CRT
🛠️,dev-tools,Dev Tools,🔎,code-review-tool,Code Review Tool,SemVer Check CRT
🛠️,dev-tools,Dev Tools,🔎,code-review-tool,Code Review Tool,Label CRT
🛠️,dev-tools,Dev Tools,🔎,code-review-tool,Code Review Tool,Milestone CRT
🛠️,dev-tools,Dev Tools,🔎,code-review-tool,Code Review Tool,Project Board CRT
🛠️,dev-tools,Dev Tools,🔎,code-review-tool,Code Review Tool,Webhook CRT
🛠️,dev-tools,Dev Tools,📦,binary-packer,Binary Packer,UPX Clone BP
🛠️,dev-tools,Dev Tools,📦,binary-packer,Binary Packer,Compress Executable
🛠️,dev-tools,Dev Tools,📦,binary-packer,Binary Packer,Decompress Stub
🛠️,dev-tools,Dev Tools,📦,binary-packer,Binary Packer,Compress Data BP
🛠️,dev-tools,Dev Tools,📦,binary-packer,Binary Packer,Compress Text BP
🛠️,dev-tools,Dev Tools,📦,binary-packer,Binary Packer,Compress Rodata BP
🛠️,dev-tools,Dev Tools,📦,binary-packer,Binary Packer,Reloc Table Fix BP
🛠️,dev-tools,Dev Tools,📦,binary-packer,Binary Packer,Import Table Fix
🛠️,dev-tools,Dev Tools,📦,binary-packer,Binary Packer,Export Table Fix BP
🛠️,dev-tools,Dev Tools,📦,binary-packer,Binary Packer,Section Merge BP
🛠️,dev-tools,Dev Tools,📦,binary-packer,Binary Packer,Section Align BP
🛠️,dev-tools,Dev Tools,📦,binary-packer,Binary Packer,Align PE BP
🛠️,dev-tools,Dev Tools,📦,binary-packer,Binary Packer,Align ELF BP
🛠️,dev-tools,Dev Tools,📦,binary-packer,Binary Packer,Align Mach O BP
🛠️,dev-tools,Dev Tools,📦,binary-packer,Binary Packer,Overlay BP
🛠️,dev-tools,Dev Tools,📦,binary-packer,Binary Packer,Checksum PE Fix
🛠️,dev-tools,Dev Tools,📦,binary-packer,Binary Packer,PE Header Fix BP
🛠️,dev-tools,Dev Tools,📦,binary-packer,Binary Packer,ELF Header Fix BP
🛠️,dev-tools,Dev Tools,📦,binary-packer,Binary Packer,Entry Point Fix BP
🛠️,dev-tools,Dev Tools,📦,binary-packer,Binary Packer,Obfuscate Entry BP
🛠️,dev-tools,Dev Tools,📦,binary-packer,Binary Packer,Stub BP
🛠️,dev-tools,Dev Tools,📦,binary-packer,Binary Packer,Anti Debug BP
🛠️,dev-tools,Dev Tools,📦,binary-packer,Binary Packer,Anti Dump BP
🛠️,dev-tools,Dev Tools,📦,binary-packer,Binary Packer,Unpack BP
🛠️,dev-tools,Dev Tools,📦,binary-packer,Binary Packer,Runtime Decrypt
🛠️,dev-tools,Dev Tools,📦,binary-packer,Binary Packer,Runtime Decompress
🛠️,dev-tools,Dev Tools,📦,binary-packer,Binary Packer,Polymorphic BP
🛠️,dev-tools,Dev Tools,📦,binary-packer,Binary Packer,Metamorphic BP
🛠️,dev-tools,Dev Tools,📦,binary-packer,Binary Packer,Section Encrypt BP
🛠️,dev-tools,Dev Tools,📦,binary-packer,Binary Packer,Import Obfuscate
🛠️,dev-tools,Dev Tools,🗄️,software-catalog,Software Catalog,Component Register
🛠️,dev-tools,Dev Tools,🗄️,software-catalog,Software Catalog,API Catalog SC
🛠️,dev-tools,Dev Tools,🗄️,software-catalog,Software Catalog,Service Catalog
🛠️,dev-tools,Dev Tools,🗄️,software-catalog,Software Catalog,Dependency Catalog
🛠️,dev-tools,Dev Tools,🗄️,software-catalog,Software Catalog,Tech Stack SC
🛠️,dev-tools,Dev Tools,🗄️,software-catalog,Software Catalog,Version Catalog SC
🛠️,dev-tools,Dev Tools,🗄️,software-catalog,Software Catalog,Lifecycle SC
🛠️,dev-tools,Dev Tools,🗄️,software-catalog,Software Catalog,Deprecation SC
🛠️,dev-tools,Dev Tools,🗄️,software-catalog,Software Catalog,Owner SC
🛠️,dev-tools,Dev Tools,🗄️,software-catalog,Software Catalog,Team SC
🛠️,dev-tools,Dev Tools,🗄️,software-catalog,Software Catalog,Domain Catalog SC
🛠️,dev-tools,Dev Tools,🗄️,software-catalog,Software Catalog,Tier SC
🛠️,dev-tools,Dev Tools,🗄️,software-catalog,Software Catalog,SLI SLO Catalog
🛠️,dev-tools,Dev Tools,🗄️,software-catalog,Software Catalog,Doc Link SC
🛠️,dev-tools,Dev Tools,🗄️,software-catalog,Software Catalog,Runbook Link SC
🛠️,dev-tools,Dev Tools,🗄️,software-catalog,Software Catalog,Dashboard Link SC
🛠️,dev-tools,Dev Tools,🗄️,software-catalog,Software Catalog,Source Link SC
🛠️,dev-tools,Dev Tools,🗄️,software-catalog,Software Catalog,CI Link SC
🛠️,dev-tools,Dev Tools,🗄️,software-catalog,Software Catalog,Monitor Link SC
🛠️,dev-tools,Dev Tools,🗄️,software-catalog,Software Catalog,Scorecard SC
🛠️,dev-tools,Dev Tools,🗄️,software-catalog,Software Catalog,Maturity SC
🛠️,dev-tools,Dev Tools,🗄️,software-catalog,Software Catalog,Compliance SC
🛠️,dev-tools,Dev Tools,🗄️,software-catalog,Software Catalog,Security SC
🛠️,dev-tools,Dev Tools,🗄️,software-catalog,Software Catalog,Cost SC
🛠️,dev-tools,Dev Tools,🗄️,software-catalog,Software Catalog,Search SC
🛠️,dev-tools,Dev Tools,🗄️,software-catalog,Software Catalog,Filter SC
🛠️,dev-tools,Dev Tools,🗄️,software-catalog,Software Catalog,Tag SC
🛠️,dev-tools,Dev Tools,🗄️,software-catalog,Software Catalog,Category SC
🛠️,dev-tools,Dev Tools,🗄️,software-catalog,Software Catalog,Bulk Import SC
🛠️,dev-tools,Dev Tools,🗄️,software-catalog,Software Catalog,Sync SC
🛠️,dev-tools,Dev Tools,🔄,feature-flag,Feature Flag,Flag Definition FF
🛠️,dev-tools,Dev Tools,🔄,feature-flag,Feature Flag,Flag Variant FF
🛠️,dev-tools,Dev Tools,🔄,feature-flag,Feature Flag,Boolean Flag FF
🛠️,dev-tools,Dev Tools,🔄,feature-flag,Feature Flag,Multivariate FF
🛠️,dev-tools,Dev Tools,🔄,feature-flag,Feature Flag,Flag Context FF
🛠️,dev-tools,Dev Tools,🔄,feature-flag,Feature Flag,Flag Eval FF
🛠️,dev-tools,Dev Tools,🔄,feature-flag,Feature Flag,User Targeting FF
🛠️,dev-tools,Dev Tools,🔄,feature-flag,Feature Flag,Group Targeting FF
🛠️,dev-tools,Dev Tools,🔄,feature-flag,Feature Flag,Percent Rollout FF
🛠️,dev-tools,Dev Tools,🔄,feature-flag,Feature Flag,Gradual Rollout FF
🛠️,dev-tools,Dev Tools,🔄,feature-flag,Feature Flag,Kill Switch FF
🛠️,dev-tools,Dev Tools,🔄,feature-flag,Feature Flag,Flag Override FF
🛠️,dev-tools,Dev Tools,🔄,feature-flag,Feature Flag,Flag Default FF
🛠️,dev-tools,Dev Tools,🔄,feature-flag,Feature Flag,Cache Flag FF
🛠️,dev-tools,Dev Tools,🔄,feature-flag,Feature Flag,Flag Export FF
🛠️,dev-tools,Dev Tools,🔄,feature-flag,Feature Flag,Flag Import FF
🛠️,dev-tools,Dev Tools,🔄,feature-flag,Feature Flag,Flag Audit FF
🛠️,dev-tools,Dev Tools,🔄,feature-flag,Feature Flag,Flag Change Log
🛠️,dev-tools,Dev Tools,🔄,feature-flag,Feature Flag,Flag Toggle FF
🛠️,dev-tools,Dev Tools,🔄,feature-flag,Feature Flag,Flag Dashboard FF
🛠️,dev-tools,Dev Tools,🔄,feature-flag,Feature Flag,Flag SDK Server
🛠️,dev-tools,Dev Tools,🔄,feature-flag,Feature Flag,Flag SDK Client
🛠️,dev-tools,Dev Tools,🔄,feature-flag,Feature Flag,Flag Webhook FF
🛠️,dev-tools,Dev Tools,🔄,feature-flag,Feature Flag,Flag Schedule FF
🛠️,dev-tools,Dev Tools,🔄,feature-flag,Feature Flag,Auto Disable FF
🛠️,dev-tools,Dev Tools,🔄,feature-flag,Feature Flag,Expire Flag FF
🛠️,dev-tools,Dev Tools,🔄,feature-flag,Feature Flag,Prerequisite FF
🛠️,dev-tools,Dev Tools,🔄,feature-flag,Feature Flag,Flag Tag FF
🛠️,dev-tools,Dev Tools,🔄,feature-flag,Feature Flag,Flag Note FF
🛠️,dev-tools,Dev Tools,🔄,feature-flag,Feature Flag,Flag Approve FF
🛠️,dev-tools,Dev Tools,🧪,chaos-engineering,Chaos Engineering,Chaos Experiment CE
🛠️,dev-tools,Dev Tools,🧪,chaos-engineering,Chaos Engineering,Fault Injection CE
🛠️,dev-tools,Dev Tools,🧪,chaos-engineering,Chaos Engineering,Pod Kill CE
🛠️,dev-tools,Dev Tools,🧪,chaos-engineering,Chaos Engineering,Node Drain CE
🛠️,dev-tools,Dev Tools,🧪,chaos-engineering,Chaos Engineering,Network Delay CE
🛠️,dev-tools,Dev Tools,🧪,chaos-engineering,Chaos Engineering,Packet Loss CE
🛠️,dev-tools,Dev Tools,🧪,chaos-engineering,Chaos Engineering,Bandwidth Limit CE
🛠️,dev-tools,Dev Tools,🧪,chaos-engineering,Chaos Engineering,CPU Stress CE
🛠️,dev-tools,Dev Tools,🧪,chaos-engineering,Chaos Engineering,Memory Stress CE
🛠️,dev-tools,Dev Tools,🧪,chaos-engineering,Chaos Engineering,Disk Stress CE
🛠️,dev-tools,Dev Tools,🧪,chaos-engineering,Chaos Engineering,IO Stress CE
🛠️,dev-tools,Dev Tools,🧪,chaos-engineering,Chaos Engineering,HTTP Error CE
🛠️,dev-tools,Dev Tools,🧪,chaos-engineering,Chaos Engineering,GRPC Error CE
🛠️,dev-tools,Dev Tools,🧪,chaos-engineering,Chaos Engineering,Database Error CE
🛠️,dev-tools,Dev Tools,🧪,chaos-engineering,Chaos Engineering,DNS Error CE
🛠️,dev-tools,Dev Tools,🧪,chaos-engineering,Chaos Engineering,Latency Injection
🛠️,dev-tools,Dev Tools,🧪,chaos-engineering,Chaos Engineering,Jitter Injection CE
🛠️,dev-tools,Dev Tools,🧪,chaos-engineering,Chaos Engineering,Partition CE
🛠️,dev-tools,Dev Tools,🧪,chaos-engineering,Chaos Engineering,Clock Skew CE
🛠️,dev-tools,Dev Tools,🧪,chaos-engineering,Chaos Engineering,Process Kill CE
🛠️,dev-tools,Dev Tools,🧪,chaos-engineering,Chaos Engineering,Resource Exhaust
🛠️,dev-tools,Dev Tools,🧪,chaos-engineering,Chaos Engineering,Dependency Fail CE
🛠️,dev-tools,Dev Tools,🧪,chaos-engineering,Chaos Engineering,Chaos Schedule CE
🛠️,dev-tools,Dev Tools,🧪,chaos-engineering,Chaos Engineering,Rollback CE
🛠️,dev-tools,Dev Tools,🧪,chaos-engineering,Chaos Engineering,Halt CE CE
🛠️,dev-tools,Dev Tools,🧪,chaos-engineering,Chaos Engineering,Blast Radius CE
🛠️,dev-tools,Dev Tools,🧪,chaos-engineering,Chaos Engineering,Steady State CE
🛠️,dev-tools,Dev Tools,🧪,chaos-engineering,Chaos Engineering,Hypothesis CE
🛠️,dev-tools,Dev Tools,🧪,chaos-engineering,Chaos Engineering,Probe CE CE
🛠️,dev-tools,Dev Tools,🧪,chaos-engineering,Chaos Engineering,Dashboard CE
🎮,games-graphics,Games & Graphics,🎮,2d-game-engine,2D Game Engine,Sprite Renderer
🎮,games-graphics,Games & Graphics,🎮,2d-game-engine,2D Game Engine,Tile Map Engine
🎮,games-graphics,Games & Graphics,🎮,2d-game-engine,2D Game Engine,Camera 2D
🎮,games-graphics,Games & Graphics,🎮,2d-game-engine,2D Game Engine,Scene Manager 2D
🎮,games-graphics,Games & Graphics,🎮,2d-game-engine,2D Game Engine,Entity Component 2D
🎮,games-graphics,Games & Graphics,🎮,2d-game-engine,2D Game Engine,Game Loop 2D
🎮,games-graphics,Games & Graphics,🎮,2d-game-engine,2D Game Engine,Input Manager 2D
🎮,games-graphics,Games & Graphics,🎮,2d-game-engine,2D Game Engine,Collision Detect 2D
🎮,games-graphics,Games & Graphics,🎮,2d-game-engine,2D Game Engine,AABB Collision
🎮,games-graphics,Games & Graphics,🎮,2d-game-engine,2D Game Engine,Pixel Perfect Col
🎮,games-graphics,Games & Graphics,🎮,2d-game-engine,2D Game Engine,Physics 2D Basic
🎮,games-graphics,Games & Graphics,🎮,2d-game-engine,2D Game Engine,Rigid Body 2D
🎮,games-graphics,Games & Graphics,🎮,2d-game-engine,2D Game Engine,Gravity 2D
🎮,games-graphics,Games & Graphics,🎮,2d-game-engine,2D Game Engine,Platform Physics
🎮,games-graphics,Games & Graphics,🎮,2d-game-engine,2D Game Engine,Particle System 2D
🎮,games-graphics,Games & Graphics,🎮,2d-game-engine,2D Game Engine,Animation System 2D
🎮,games-graphics,Games & Graphics,🎮,2d-game-engine,2D Game Engine,Sprite Sheet Anim
🎮,games-graphics,Games & Graphics,🎮,2d-game-engine,2D Game Engine,Bone Anim 2D
🎮,games-graphics,Games & Graphics,🎮,2d-game-engine,2D Game Engine,Sound Manager 2D
🎮,games-graphics,Games & Graphics,🎮,2d-game-engine,2D Game Engine,Music Player 2D
🎮,games-graphics,Games & Graphics,🎮,2d-game-engine,2D Game Engine,UI System 2D
🎮,games-graphics,Games & Graphics,🎮,2d-game-engine,2D Game Engine,Text Render 2D
🎮,games-graphics,Games & Graphics,🎮,2d-game-engine,2D Game Engine,Font Atlas 2D
🎮,games-graphics,Games & Graphics,🎮,2d-game-engine,2D Game Engine,Layer System 2D
🎮,games-graphics,Games & Graphics,🎮,2d-game-engine,2D Game Engine,Parallax Scrolling
🎮,games-graphics,Games & Graphics,🎮,2d-game-engine,2D Game Engine,Save Load Game
🎮,games-graphics,Games & Graphics,🎮,2d-game-engine,2D Game Engine,Achievement System
🎮,games-graphics,Games & Graphics,🎮,2d-game-engine,2D Game Engine,Localization 2D
🎮,games-graphics,Games & Graphics,🎮,2d-game-engine,2D Game Engine,Debug Overlay 2D
🎮,games-graphics,Games & Graphics,🎮,2d-game-engine,2D Game Engine,Profiler 2D
🎮,games-graphics,Games & Graphics,🎲,3d-game-engine,3D Game Engine,Mesh Renderer
🎮,games-graphics,Games & Graphics,🎲,3d-game-engine,3D Game Engine,Vertex Shader
🎮,games-graphics,Games & Graphics,🎲,3d-game-engine,3D Game Engine,Fragment Shader
🎮,games-graphics,Games & Graphics,🎲,3d-game-engine,3D Game Engine,Geometry Shader
🎮,games-graphics,Games & Graphics,🎲,3d-game-engine,3D Game Engine,Texture Mapping
🎮,games-graphics,Games & Graphics,🎲,3d-game-engine,3D Game Engine,Normal Mapping
🎮,games-graphics,Games & Graphics,🎲,3d-game-engine,3D Game Engine,Parallax Mapping
🎮,games-graphics,Games & Graphics,🎲,3d-game-engine,3D Game Engine,Shadow Mapping
🎮,games-graphics,Games & Graphics,🎲,3d-game-engine,3D Game Engine,PBR Shader
🎮,games-graphics,Games & Graphics,🎲,3d-game-engine,3D Game Engine,Lighting 3D
🎮,games-graphics,Games & Graphics,🎲,3d-game-engine,3D Game Engine,Point Light 3D
🎮,games-graphics,Games & Graphics,🎲,3d-game-engine,3D Game Engine,Directional Light
🎮,games-graphics,Games & Graphics,🎲,3d-game-engine,3D Game Engine,Spot Light 3D
🎮,games-graphics,Games & Graphics,🎲,3d-game-engine,3D Game Engine,Ambient Light
🎮,games-graphics,Games & Graphics,🎲,3d-game-engine,3D Game Engine,IBL Lighting
🎮,games-graphics,Games & Graphics,🎲,3d-game-engine,3D Game Engine,Camera 3D
🎮,games-graphics,Games & Graphics,🎲,3d-game-engine,3D Game Engine,Perspective Camera
🎮,games-graphics,Games & Graphics,🎲,3d-game-engine,3D Game Engine,Orthographic Cam
🎮,games-graphics,Games & Graphics,🎲,3d-game-engine,3D Game Engine,Scene Graph 3D
🎮,games-graphics,Games & Graphics,🎲,3d-game-engine,3D Game Engine,Transform 3D
🎮,games-graphics,Games & Graphics,🎲,3d-game-engine,3D Game Engine,Quaternion Rotation
🎮,games-graphics,Games & Graphics,🎲,3d-game-engine,3D Game Engine,Euler Rotation 3D
🎮,games-graphics,Games & Graphics,🎲,3d-game-engine,3D Game Engine,Skinned Animation
🎮,games-graphics,Games & Graphics,🎲,3d-game-engine,3D Game Engine,Blend Shapes
🎮,games-graphics,Games & Graphics,🎲,3d-game-engine,3D Game Engine,Skeletal Anim 3D
🎮,games-graphics,Games & Graphics,🎲,3d-game-engine,3D Game Engine,Collision 3D
🎮,games-graphics,Games & Graphics,🎲,3d-game-engine,3D Game Engine,AABB 3D Collision
🎮,games-graphics,Games & Graphics,🎲,3d-game-engine,3D Game Engine,OBB Collision 3D
🎮,games-graphics,Games & Graphics,🎲,3d-game-engine,3D Game Engine,Sphere Collision
🎮,games-graphics,Games & Graphics,🎲,3d-game-engine,3D Game Engine,Ray Cast 3D
🎮,games-graphics,Games & Graphics,🎨,graphics-api,Graphics API,Vulkan Instance
🎮,games-graphics,Games & Graphics,🎨,graphics-api,Graphics API,Vulkan Device
🎮,games-graphics,Games & Graphics,🎨,graphics-api,Graphics API,Vulkan Swap Chain
🎮,games-graphics,Games & Graphics,🎨,graphics-api,Graphics API,Vulkan Pipeline
🎮,games-graphics,Games & Graphics,🎨,graphics-api,Graphics API,Vulkan Shader
🎮,games-graphics,Games & Graphics,🎨,graphics-api,Graphics API,Vulkan Buffer
🎮,games-graphics,Games & Graphics,🎨,graphics-api,Graphics API,Vulkan Texture
🎮,games-graphics,Games & Graphics,🎨,graphics-api,Graphics API,Vulkan Descriptor
🎮,games-graphics,Games & Graphics,🎨,graphics-api,Graphics API,Vulkan Command Buffer
🎮,games-graphics,Games & Graphics,🎨,graphics-api,Graphics API,Vulkan Fence Semaphore
🎮,games-graphics,Games & Graphics,🎨,graphics-api,Graphics API,Vulkan Render Pass
🎮,games-graphics,Games & Graphics,🎨,graphics-api,Graphics API,Vulkan Framebuffer
🎮,games-graphics,Games & Graphics,🎨,graphics-api,Graphics API,OpenGL Context
🎮,games-graphics,Games & Graphics,🎨,graphics-api,Graphics API,OpenGL Shader
🎮,games-graphics,Games & Graphics,🎨,graphics-api,Graphics API,OpenGL Buffer
🎮,games-graphics,Games & Graphics,🎨,graphics-api,Graphics API,OpenGL VAO
🎮,games-graphics,Games & Graphics,🎨,graphics-api,Graphics API,OpenGL Texture
🎮,games-graphics,Games & Graphics,🎨,graphics-api,Graphics API,OpenGL FBO
🎮,games-graphics,Games & Graphics,🎨,graphics-api,Graphics API,Metal Device
🎮,games-graphics,Games & Graphics,🎨,graphics-api,Graphics API,Metal Command Queue
🎮,games-graphics,Games & Graphics,🎨,graphics-api,Graphics API,Metal Buffer Metal
🎮,games-graphics,Games & Graphics,🎨,graphics-api,Graphics API,Metal Texture Metal
🎮,games-graphics,Games & Graphics,🎨,graphics-api,Graphics API,Metal Shader Metal
🎮,games-graphics,Games & Graphics,🎨,graphics-api,Graphics API,Metal Render Pass
🎮,games-graphics,Games & Graphics,🎨,graphics-api,Graphics API,DirectX 12 Device
🎮,games-graphics,Games & Graphics,🎨,graphics-api,Graphics API,DirectX 12 Pipeline
🎮,games-graphics,Games & Graphics,🎨,graphics-api,Graphics API,DirectX 12 Heap
🎮,games-graphics,Games & Graphics,🎨,graphics-api,Graphics API,DirectX 12 Barrier
🎮,games-graphics,Games & Graphics,🎨,graphics-api,Graphics API,WebGPU Device
🎮,games-graphics,Games & Graphics,🎨,graphics-api,Graphics API,WebGPU Pipeline
🎮,games-graphics,Games & Graphics,🖼️,image-processing,Image Processing,BMP Reader Writer
🎮,games-graphics,Games & Graphics,🖼️,image-processing,Image Processing,PNG Reader Writer
🎮,games-graphics,Games & Graphics,🖼️,image-processing,Image Processing,JPEG Reader Writer
🎮,games-graphics,Games & Graphics,🖼️,image-processing,Image Processing,GIF Reader Writer
🎮,games-graphics,Games & Graphics,🖼️,image-processing,Image Processing,TIFF Reader Writer
🎮,games-graphics,Games & Graphics,🖼️,image-processing,Image Processing,WebP Reader Writer
🎮,games-graphics,Games & Graphics,🖼️,image-processing,Image Processing,Pixel Buffer
🎮,games-graphics,Games & Graphics,🖼️,image-processing,Image Processing,Color Space Conv
🎮,games-graphics,Games & Graphics,🖼️,image-processing,Image Processing,RGB to Grayscale
🎮,games-graphics,Games & Graphics,🖼️,image-processing,Image Processing,Brightness Adjust
🎮,games-graphics,Games & Graphics,🖼️,image-processing,Image Processing,Contrast Adjust
🎮,games-graphics,Games & Graphics,🖼️,image-processing,Image Processing,Gamma Correction
🎮,games-graphics,Games & Graphics,🖼️,image-processing,Image Processing,Histogram Equalize
🎮,games-graphics,Games & Graphics,🖼️,image-processing,Image Processing,Gaussian Blur
🎮,games-graphics,Games & Graphics,🖼️,image-processing,Image Processing,Box Blur
🎮,games-graphics,Games & Graphics,🖼️,image-processing,Image Processing,Median Filter
🎮,games-graphics,Games & Graphics,🖼️,image-processing,Image Processing,Sobel Edge Detect
🎮,games-graphics,Games & Graphics,🖼️,image-processing,Image Processing,Canny Edge Detect
🎮,games-graphics,Games & Graphics,🖼️,image-processing,Image Processing,Sharpening Filter
🎮,games-graphics,Games & Graphics,🖼️,image-processing,Image Processing,Bilateral Filter
🎮,games-graphics,Games & Graphics,🖼️,image-processing,Image Processing,Resize Nearest
🎮,games-graphics,Games & Graphics,🖼️,image-processing,Image Processing,Resize Bilinear
🎮,games-graphics,Games & Graphics,🖼️,image-processing,Image Processing,Resize Bicubic
🎮,games-graphics,Games & Graphics,🖼️,image-processing,Image Processing,Rotate Image
🎮,games-graphics,Games & Graphics,🖼️,image-processing,Image Processing,Shear Image
🎮,games-graphics,Games & Graphics,🖼️,image-processing,Image Processing,Affine Transform
🎮,games-graphics,Games & Graphics,🖼️,image-processing,Image Processing,Perspective Warp
🎮,games-graphics,Games & Graphics,🖼️,image-processing,Image Processing,Crop Image
🎮,games-graphics,Games & Graphics,🖼️,image-processing,Image Processing,Flip Image
🎮,games-graphics,Games & Graphics,🖼️,image-processing,Image Processing,Dithering Alg
🎮,games-graphics,Games & Graphics,🎯,ray-tracing,Ray Tracing,Ray Cast Render
🎮,games-graphics,Games & Graphics,🎯,ray-tracing,Ray Tracing,Ray Triangle Intersect
🎮,games-graphics,Games & Graphics,🎯,ray-tracing,Ray Tracing,Ray Sphere Intersect
🎮,games-graphics,Games & Graphics,🎯,ray-tracing,Ray Tracing,Ray Box Intersect
🎮,games-graphics,Games & Graphics,🎯,ray-tracing,Ray Tracing,Ray Mesh Intersect
🎮,games-graphics,Games & Graphics,🎯,ray-tracing,Ray Tracing,BVH Builder
🎮,games-graphics,Games & Graphics,🎯,ray-tracing,Ray Tracing,BVH Traversal
🎮,games-graphics,Games & Graphics,🎯,ray-tracing,Ray Tracing,Kd Tree RT
🎮,games-graphics,Games & Graphics,🎯,ray-tracing,Ray Tracing,Grid Acceleration
🎮,games-graphics,Games & Graphics,🎯,ray-tracing,Ray Tracing,Whitted Style RT
🎮,games-graphics,Games & Graphics,🎯,ray-tracing,Ray Tracing,Path Tracer
🎮,games-graphics,Games & Graphics,🎯,ray-tracing,Ray Tracing,Monte Carlo Path
🎮,games-graphics,Games & Graphics,🎯,ray-tracing,Ray Tracing,Importance Sampling
🎮,games-graphics,Games & Graphics,🎯,ray-tracing,Ray Tracing,Next Event Est
🎮,games-graphics,Games & Graphics,🎯,ray-tracing,Ray Tracing,Direct Lighting RT
🎮,games-graphics,Games & Graphics,🎯,ray-tracing,Ray Tracing,Indirect Lighting
🎮,games-graphics,Games & Graphics,🎯,ray-tracing,Ray Tracing,Global Illum RT
🎮,games-graphics,Games & Graphics,🎯,ray-tracing,Ray Tracing,Diffuse Material
🎮,games-graphics,Games & Graphics,🎯,ray-tracing,Ray Tracing,Glossy Material
🎮,games-graphics,Games & Graphics,🎯,ray-tracing,Ray Tracing,Mirror Material
🎮,games-graphics,Games & Graphics,🎯,ray-tracing,Ray Tracing,Glass Material
🎮,games-graphics,Games & Graphics,🎯,ray-tracing,Ray Tracing,Dielectric BSDF
🎮,games-graphics,Games & Graphics,🎯,ray-tracing,Ray Tracing,Conductor BSDF
🎮,games-graphics,Games & Graphics,🎯,ray-tracing,Ray Tracing,Lambertian BSDF
🎮,games-graphics,Games & Graphics,🎯,ray-tracing,Ray Tracing,Microfacet BSDF
🎮,games-graphics,Games & Graphics,🎯,ray-tracing,Ray Tracing,Cook Torrance BSDF
🎮,games-graphics,Games & Graphics,🎯,ray-tracing,Ray Tracing,Env Map Lighting
🎮,games-graphics,Games & Graphics,🎯,ray-tracing,Ray Tracing,HDR Image Loader
🎮,games-graphics,Games & Graphics,🎯,ray-tracing,Ray Tracing,Tonemapping RT
🎮,games-graphics,Games & Graphics,🎯,ray-tracing,Ray Tracing,Accumulation Buffer
🎮,games-graphics,Games & Graphics,🕹️,retro-game,Retro Game,Pong Clone
🎮,games-graphics,Games & Graphics,🕹️,retro-game,Retro Game,Breakout Clone
🎮,games-graphics,Games & Graphics,🕹️,retro-game,Retro Game,Space Invaders Clone
🎮,games-graphics,Games & Graphics,🕹️,retro-game,Retro Game,Pac Man Clone
🎮,games-graphics,Games & Graphics,🕹️,retro-game,Retro Game,Snake Game
🎮,games-graphics,Games & Graphics,🕹️,retro-game,Retro Game,Tetris Clone
🎮,games-graphics,Games & Graphics,🕹️,retro-game,Retro Game,Minesweeper Clone
🎮,games-graphics,Games & Graphics,🕹️,retro-game,Retro Game,Flappy Bird Clone
🎮,games-graphics,Games & Graphics,🕹️,retro-game,Retro Game,Platformer 2D
🎮,games-graphics,Games & Graphics,🕹️,retro-game,Retro Game,Mario Clone
🎮,games-graphics,Games & Graphics,🕹️,retro-game,Retro Game,Sonic Clone
🎮,games-graphics,Games & Graphics,🕹️,retro-game,Retro Game,Megaman Clone
🎮,games-graphics,Games & Graphics,🕹️,retro-game,Retro Game,Castlevania Clone
🎮,games-graphics,Games & Graphics,🕹️,retro-game,Retro Game,Metroid Clone
🎮,games-graphics,Games & Graphics,🕹️,retro-game,Retro Game,Zelda Clone
🎮,games-graphics,Games & Graphics,🕹️,retro-game,Retro Game,Pokemon Clone
🎮,games-graphics,Games & Graphics,🕹️,retro-game,Retro Game,Street Fighter Clone
🎮,games-graphics,Games & Graphics,🕹️,retro-game,Retro Game,Mortal Kombat Clone
🎮,games-graphics,Games & Graphics,🕹️,retro-game,Retro Game,R-Type Clone
🎮,games-graphics,Games & Graphics,🕹️,retro-game,Retro Game,Gradius Clone
🎮,games-graphics,Games & Graphics,🕹️,retro-game,Retro Game,Galaga Clone
🎮,games-graphics,Games & Graphics,🕹️,retro-game,Retro Game,Frogger Clone
🎮,games-graphics,Games & Graphics,🕹️,retro-game,Retro Game,Donkey Kong Clone
🎮,games-graphics,Games & Graphics,🕹️,retro-game,Retro Game,Dig Dug Clone
🎮,games-graphics,Games & Graphics,🕹️,retro-game,Retro Game,Bomberman Clone
🎮,games-graphics,Games & Graphics,🕹️,retro-game,Retro Game,Bubble Bobble Clone
🎮,games-graphics,Games & Graphics,🕹️,retro-game,Retro Game,Contra Clone
🎮,games-graphics,Games & Graphics,🕹️,retro-game,Retro Game,Double Dragon Clone
🎮,games-graphics,Games & Graphics,🕹️,retro-game,Retro Game,Final Fight Clone
🎮,games-graphics,Games & Graphics,🕹️,retro-game,Retro Game,1942 Clone
🎮,games-graphics,Games & Graphics,♟️,board-game,Board Game,Chess Engine
🎮,games-graphics,Games & Graphics,♟️,board-game,Board Game,Chess UCI Protocol
🎮,games-graphics,Games & Graphics,♟️,board-game,Board Game,Chess Board UI
🎮,games-graphics,Games & Graphics,♟️,board-game,Board Game,Minimax Chess
🎮,games-graphics,Games & Graphics,♟️,board-game,Board Game,Alpha Beta Prune
🎮,games-graphics,Games & Graphics,♟️,board-game,Board Game,Negamax Chess
🎮,games-graphics,Games & Graphics,♟️,board-game,Board Game,Zobrist Hashing
🎮,games-graphics,Games & Graphics,♟️,board-game,Board Game,Transposition Table
🎮,games-graphics,Games & Graphics,♟️,board-game,Board Game,Opening Book Chess
🎮,games-graphics,Games & Graphics,♟️,board-game,Board Game,Endgame Tablebase
🎮,games-graphics,Games & Graphics,♟️,board-game,Board Game,Checkmate Detect
🎮,games-graphics,Games & Graphics,♟️,board-game,Board Game,Stalemate Detect
🎮,games-graphics,Games & Graphics,♟️,board-game,Board Game,Go Game Engine
🎮,games-graphics,Games & Graphics,♟️,board-game,Board Game,Go Board UI
🎮,games-graphics,Games & Graphics,♟️,board-game,Board Game,Go Capture Rule
🎮,games-graphics,Games & Graphics,♟️,board-game,Board Game,Go Ko Rule
🎮,games-graphics,Games & Graphics,♟️,board-game,Board Game,Go Score Calc
🎮,games-graphics,Games & Graphics,♟️,board-game,Board Game,Checkers Engine
🎮,games-graphics,Games & Graphics,♟️,board-game,Board Game,Checkers UI
🎮,games-graphics,Games & Graphics,♟️,board-game,Board Game,Othello Engine
🎮,games-graphics,Games & Graphics,♟️,board-game,Board Game,Othello UI
🎮,games-graphics,Games & Graphics,♟️,board-game,Board Game,Backgammon Engine
🎮,games-graphics,Games & Graphics,♟️,board-game,Board Game,Backgammon UI
🎮,games-graphics,Games & Graphics,♟️,board-game,Board Game,Sudoku Generator
🎮,games-graphics,Games & Graphics,♟️,board-game,Board Game,Sudoku Solver
🎮,games-graphics,Games & Graphics,♟️,board-game,Board Game,Sudoku UI
🎮,games-graphics,Games & Graphics,♟️,board-game,Board Game,Shogi Engine
🎮,games-graphics,Games & Graphics,♟️,board-game,Board Game,Xiangqi Engine
🎮,games-graphics,Games & Graphics,♟️,board-game,Board Game,Connect 4 AI
🎮,games-graphics,Games & Graphics,♟️,board-game,Board Game,Tic Tac Toe AI
🎮,games-graphics,Games & Graphics,🧩,puzzle-game,Puzzle Game,Match 3 Engine
🎮,games-graphics,Games & Graphics,🧩,puzzle-game,Puzzle Game,Match 3 Board
🎮,games-graphics,Games & Graphics,🧩,puzzle-game,Puzzle Game,Candy Crush Clone
🎮,games-graphics,Games & Graphics,🧩,puzzle-game,Puzzle Game,Bejeweled Clone
🎮,games-graphics,Games & Graphics,🧩,puzzle-game,Puzzle Game,2048 Game
🎮,games-graphics,Games & Graphics,🧩,puzzle-game,Puzzle Game,Threes Clone
🎮,games-graphics,Games & Graphics,🧩,puzzle-game,Puzzle Game,Lumines Clone
🎮,games-graphics,Games & Graphics,🧩,puzzle-game,Puzzle Game,Puzzle Bobble Clone
🎮,games-graphics,Games & Graphics,🧩,puzzle-game,Puzzle Game,Tetris Attack Clone
🎮,games-graphics,Games & Graphics,🧩,puzzle-game,Puzzle Game,Panel De Pon Clone
🎮,games-graphics,Games & Graphics,🧩,puzzle-game,Puzzle Game,Dr Mario Clone
🎮,games-graphics,Games & Graphics,🧩,puzzle-game,Puzzle Game,Puyo Puyo Clone
🎮,games-graphics,Games & Graphics,🧩,puzzle-game,Puzzle Game,Hexagon Puzzle
🎮,games-graphics,Games & Graphics,🧩,puzzle-game,Puzzle Game,Sokoban Clone
🎮,games-graphics,Games & Graphics,🧩,puzzle-game,Puzzle Game,Boulder Dash Clone
🎮,games-graphics,Games & Graphics,🧩,puzzle-game,Puzzle Game,Lemmings Clone
🎮,games-graphics,Games & Graphics,🧩,puzzle-game,Puzzle Game,Chip's Challenge
🎮,games-graphics,Games & Graphics,🧩,puzzle-game,Puzzle Game,Portal Clone 2D
🎮,games-graphics,Games & Graphics,🧩,puzzle-game,Puzzle Game,Braid Clone
🎮,games-graphics,Games & Graphics,🧩,puzzle-game,Puzzle Game,Fez Clone
🎮,games-graphics,Games & Graphics,🧩,puzzle-game,Puzzle Game,Baba Is You Clone
🎮,games-graphics,Games & Graphics,🧩,puzzle-game,Puzzle Game,Stephen's Sausage
🎮,games-graphics,Games & Graphics,🧩,puzzle-game,Puzzle Game,Patrick's Parabox
🎮,games-graphics,Games & Graphics,🧩,puzzle-game,Puzzle Game,Recursed Clone
🎮,games-graphics,Games & Graphics,🧩,puzzle-game,Puzzle Game,Understand Clone
🎮,games-graphics,Games & Graphics,🧩,puzzle-game,Puzzle Game,Snake Bird Clone
🎮,games-graphics,Games & Graphics,🧩,puzzle-game,Puzzle Game,Monkey Island Puz
🎮,games-graphics,Games & Graphics,🧩,puzzle-game,Puzzle Game,Myst Clone
🎮,games-graphics,Games & Graphics,🧩,puzzle-game,Puzzle Game,Witness Clone
🎮,games-graphics,Games & Graphics,🧩,puzzle-game,Puzzle Game,Antichamber Clone
🎮,games-graphics,Games & Graphics,🎪,game-framework,Game Framework,Window Manager GF
🎮,games-graphics,Games & Graphics,🎪,game-framework,Game Framework,Event Loop GF
🎮,games-graphics,Games & Graphics,🎪,game-framework,Game Framework,Keyboard Input GF
🎮,games-graphics,Games & Graphics,🎪,game-framework,Game Framework,Mouse Input GF
🎮,games-graphics,Games & Graphics,🎪,game-framework,Game Framework,Gamepad Input GF
🎮,games-graphics,Games & Graphics,🎪,game-framework,Game Framework,Touch Input GF
🎮,games-graphics,Games & Graphics,🎪,game-framework,Game Framework,Audio System GF
🎮,games-graphics,Games & Graphics,🎪,game-framework,Game Framework,Sound Effect GF
🎮,games-graphics,Games & Graphics,🎪,game-framework,Game Framework,Music Stream GF
🎮,games-graphics,Games & Graphics,🎪,game-framework,Game Framework,Mixer GF
🎮,games-graphics,Games & Graphics,🎪,game-framework,Game Framework,2D Render GF
🎮,games-graphics,Games & Graphics,🎪,game-framework,Game Framework,3D Render GF
🎮,games-graphics,Games & Graphics,🎪,game-framework,Game Framework,Font Render GF
🎮,games-graphics,Games & Graphics,🎪,game-framework,Game Framework,Texture Load GF
🎮,games-graphics,Games & Graphics,🎪,game-framework,Game Framework,Mesh Load GF
🎮,games-graphics,Games & Graphics,🎪,game-framework,Game Framework,Scene Loader GF
🎮,games-graphics,Games & Graphics,🎪,game-framework,Game Framework,Resource Manager GF
🎮,games-graphics,Games & Graphics,🎪,game-framework,Game Framework,Asset Pipeline GF
🎮,games-graphics,Games & Graphics,🎪,game-framework,Game Framework,Thread Pool GF
🎮,games-graphics,Games & Graphics,🎪,game-framework,Game Framework,Job System GF
🎮,games-graphics,Games & Graphics,🎪,game-framework,Game Framework,Coroutine GF
🎮,games-graphics,Games & Graphics,🎪,game-framework,Game Framework,Timer GF
🎮,games-graphics,Games & Graphics,🎪,game-framework,Game Framework,Math Library GF
🎮,games-graphics,Games & Graphics,🎪,game-framework,Game Framework,Random GF
🎮,games-graphics,Games & Graphics,🎪,game-framework,Game Framework,Perlin Noise GF
🎮,games-graphics,Games & Graphics,🎪,game-framework,Game Framework,Config Loader GF
🎮,games-graphics,Games & Graphics,🎪,game-framework,Game Framework,Save System GF
🎮,games-graphics,Games & Graphics,🎪,game-framework,Game Framework,Console GF
🎮,games-graphics,Games & Graphics,🎪,game-framework,Game Framework,Debug Draw GF
🎮,games-graphics,Games & Graphics,🎪,game-framework,Game Framework,Log System GF
🎮,games-graphics,Games & Graphics,🎨,pixel-art-tool,Pixel Art Tool,Canvas Pixel
🎮,games-graphics,Games & Graphics,🎨,pixel-art-tool,Pixel Art Tool,Brush Tool Pixel
🎮,games-graphics,Games & Graphics,🎨,pixel-art-tool,Pixel Art Tool,Pencil Tool Pix
🎮,games-graphics,Games & Graphics,🎨,pixel-art-tool,Pixel Art Tool,Eraser Pixel
🎮,games-graphics,Games & Graphics,🎨,pixel-art-tool,Pixel Art Tool,Line Tool Pixel
🎮,games-graphics,Games & Graphics,🎨,pixel-art-tool,Pixel Art Tool,Rectangle Pixel
🎮,games-graphics,Games & Graphics,🎨,pixel-art-tool,Pixel Art Tool,Circle Pixel
🎮,games-graphics,Games & Graphics,🎨,pixel-art-tool,Pixel Art Tool,Fill Tool Pixel
🎮,games-graphics,Games & Graphics,🎨,pixel-art-tool,Pixel Art Tool,Picker Tool Pixel
🎮,games-graphics,Games & Graphics,🎨,pixel-art-tool,Pixel Art Tool,Selection Pixel
🎮,games-graphics,Games & Graphics,🎨,pixel-art-tool,Pixel Art Tool,Move Tool Pix
🎮,games-graphics,Games & Graphics,🎨,pixel-art-tool,Pixel Art Tool,Layer Pixel Editor
🎮,games-graphics,Games & Graphics,🎨,pixel-art-tool,Pixel Art Tool,Layer Blend Mode
🎮,games-graphics,Games & Graphics,🎨,pixel-art-tool,Pixel Art Tool,Layer Opacity
🎮,games-graphics,Games & Graphics,🎨,pixel-art-tool,Pixel Art Tool,Palette Editor
🎮,games-graphics,Games & Graphics,🎨,pixel-art-tool,Pixel Art Tool,Color Picker Pixel
🎮,games-graphics,Games & Graphics,🎨,pixel-art-tool,Pixel Art Tool,HSV Slider
🎮,games-graphics,Games & Graphics,🎨,pixel-art-tool,Pixel Art Tool,Dither Tool Pix
🎮,games-graphics,Games & Graphics,🎨,pixel-art-tool,Pixel Art Tool,Symmetry Tool Pix
🎮,games-graphics,Games & Graphics,🎨,pixel-art-tool,Pixel Art Tool,Mirror Draw Pix
🎮,games-graphics,Games & Graphics,🎨,pixel-art-tool,Pixel Art Tool,Animation Pixel
🎮,games-graphics,Games & Graphics,🎨,pixel-art-tool,Pixel Art Tool,Onion Skin Pixel
🎮,games-graphics,Games & Graphics,🎨,pixel-art-tool,Pixel Art Tool,Frame Manager Pix
🎮,games-graphics,Games & Graphics,🎨,pixel-art-tool,Pixel Art Tool,Tile Map Editor
🎮,games-graphics,Games & Graphics,🎨,pixel-art-tool,Pixel Art Tool,Export PNG Pixel
🎮,games-graphics,Games & Graphics,🎨,pixel-art-tool,Pixel Art Tool,Export GIF Pixel
🎮,games-graphics,Games & Graphics,🎨,pixel-art-tool,Pixel Art Tool,Export Sprite Sheet
🎮,games-graphics,Games & Graphics,🎨,pixel-art-tool,Pixel Art Tool,Undo Redo Pixel
🎮,games-graphics,Games & Graphics,🎨,pixel-art-tool,Pixel Art Tool,Grid Overlay
🎮,games-graphics,Games & Graphics,🎨,pixel-art-tool,Pixel Art Tool,Zoom Pan Pixel
🎮,games-graphics,Games & Graphics,🎵,audio-engine,Audio Engine,WAV Loader
🎮,games-graphics,Games & Graphics,🎵,audio-engine,Audio Engine,MP3 Decoder
🎮,games-graphics,Games & Graphics,🎵,audio-engine,Audio Engine,OGG Vorbis Decoder
🎮,games-graphics,Games & Graphics,🎵,audio-engine,Audio Engine,FLAC Decoder
🎮,games-graphics,Games & Graphics,🎵,audio-engine,Audio Engine,Audio Mixer
🎮,games-graphics,Games & Graphics,🎵,audio-engine,Audio Engine,Sample Rate Conv
🎮,games-graphics,Games & Graphics,🎵,audio-engine,Audio Engine,Bit Depth Conv
🎮,games-graphics,Games & Graphics,🎵,audio-engine,Audio Engine,Channel Mix AE
🎮,games-graphics,Games & Graphics,🎵,audio-engine,Audio Engine,Volume Control AE
🎮,games-graphics,Games & Graphics,🎵,audio-engine,Audio Engine,Pan Control AE
🎮,games-graphics,Games & Graphics,🎵,audio-engine,Audio Engine,Pitch Shift AE
🎮,games-graphics,Games & Graphics,🎵,audio-engine,Audio Engine,Time Stretch AE
🎮,games-graphics,Games & Graphics,🎵,audio-engine,Audio Engine,Reverb Effect
🎮,games-graphics,Games & Graphics,🎵,audio-engine,Audio Engine,Echo Delay Effect
🎮,games-graphics,Games & Graphics,🎵,audio-engine,Audio Engine,Chorus Effect
🎮,games-graphics,Games & Graphics,🎵,audio-engine,Audio Engine,Flanger Effect
🎮,games-graphics,Games & Graphics,🎵,audio-engine,Audio Engine,Phaser Effect
🎮,games-graphics,Games & Graphics,🎵,audio-engine,Audio Engine,Distortion Effect
🎮,games-graphics,Games & Graphics,🎵,audio-engine,Audio Engine,Compressor AE
🎮,games-graphics,Games & Graphics,🎵,audio-engine,Audio Engine,Limiter AE
🎮,games-graphics,Games & Graphics,🎵,audio-engine,Audio Engine,EQ Filter AE
🎮,games-graphics,Games & Graphics,🎵,audio-engine,Audio Engine,Low Pass Filter
🎮,games-graphics,Games & Graphics,🎵,audio-engine,Audio Engine,High Pass Filter
🎮,games-graphics,Games & Graphics,🎵,audio-engine,Audio Engine,Band Pass Filter
🎮,games-graphics,Games & Graphics,🎵,audio-engine,Audio Engine,Notch Filter AE
🎮,games-graphics,Games & Graphics,🎵,audio-engine,Audio Engine,Spatial Audio AE
🎮,games-graphics,Games & Graphics,🎵,audio-engine,Audio Engine,HRTF AE
🎮,games-graphics,Games & Graphics,🎵,audio-engine,Audio Engine,Doppler Effect AE
🎮,games-graphics,Games & Graphics,🎵,audio-engine,Audio Engine,ADSR Envelope
🎮,games-graphics,Games & Graphics,🎵,audio-engine,Audio Engine,Audio Buffer Pool
🎮,games-graphics,Games & Graphics,🤖,ai-for-games,AI for Games,Finite State Mach
🎮,games-graphics,Games & Graphics,🤖,ai-for-games,AI for Games,Hierarchical FSM
🎮,games-graphics,Games & Graphics,🤖,ai-for-games,AI for Games,Behavior Tree
🎮,games-graphics,Games & Graphics,🤖,ai-for-games,AI for Games,Selector BT
🎮,games-graphics,Games & Graphics,🤖,ai-for-games,AI for Games,Sequence BT
🎮,games-graphics,Games & Graphics,🤖,ai-for-games,AI for Games,Parallel BT
🎮,games-graphics,Games & Graphics,🤖,ai-for-games,AI for Games,Decorator BT
🎮,games-graphics,Games & Graphics,🤖,ai-for-games,AI for Games,Utility AI
🎮,games-graphics,Games & Graphics,🤖,ai-for-games,AI for Games,Utility Score
🎮,games-graphics,Games & Graphics,🤖,ai-for-games,AI for Games,GOAP Planner
🎮,games-graphics,Games & Graphics,🤖,ai-for-games,AI for Games,A Star Pathfind
🎮,games-graphics,Games & Graphics,🤖,ai-for-games,AI for Games,JPS Pathfinding
🎮,games-graphics,Games & Graphics,🤖,ai-for-games,AI for Games,Dijkstra Game
🎮,games-graphics,Games & Graphics,🤖,ai-for-games,AI for Games,Nav Mesh Gen
🎮,games-graphics,Games & Graphics,🤖,ai-for-games,AI for Games,Nav Mesh Path
🎮,games-graphics,Games & Graphics,🤖,ai-for-games,AI for Games,Steering Behaviors
🎮,games-graphics,Games & Graphics,🤖,ai-for-games,AI for Games,Seek Flee AI
🎮,games-graphics,Games & Graphics,🤖,ai-for-games,AI for Games,Pursuit Evade
🎮,games-graphics,Games & Graphics,🤖,ai-for-games,AI for Games,Arrival AI
🎮,games-graphics,Games & Graphics,🤖,ai-for-games,AI for Games,Wander AI
🎮,games-graphics,Games & Graphics,🤖,ai-for-games,AI for Games,Obstacle Avoid
🎮,games-graphics,Games & Graphics,🤖,ai-for-games,AI for Games,Formation AI
🎮,games-graphics,Games & Graphics,🤖,ai-for-games,AI for Games,Flocking AI
🎮,games-graphics,Games & Graphics,🤖,ai-for-games,AI for Games,Boids Algorithm
🎮,games-graphics,Games & Graphics,🤖,ai-for-games,AI for Games,Group Movement
🎮,games-graphics,Games & Graphics,🤖,ai-for-games,AI for Games,Threat Assess AI
🎮,games-graphics,Games & Graphics,🤖,ai-for-games,AI for Games,Target Select AI
🎮,games-graphics,Games & Graphics,🤖,ai-for-games,AI for Games,State Machine AI
🎮,games-graphics,Games & Graphics,🤖,ai-for-games,AI for Games,Decision Tree AI
🎮,games-graphics,Games & Graphics,🤖,ai-for-games,AI for Games,Rule Based AI
🎮,games-graphics,Games & Graphics,🌍,procedural-generation,Procedural Generation,Perlin Noise Gen
🎮,games-graphics,Games & Graphics,🌍,procedural-generation,Procedural Generation,Simplex Noise
🎮,games-graphics,Games & Graphics,🌍,procedural-generation,Procedural Generation,Worley Noise
🎮,games-graphics,Games & Graphics,🌍,procedural-generation,Procedural Generation,Voronoi Diagram
🎮,games-graphics,Games & Graphics,🌍,procedural-generation,Procedural Generation,Terrain Heightmap
🎮,games-graphics,Games & Graphics,🌍,procedural-generation,Procedural Generation,Erosion Simulate
🎮,games-graphics,Games & Graphics,🌍,procedural-generation,Procedural Generation,Hydraulic Erosion
🎮,games-graphics,Games & Graphics,🌍,procedural-generation,Procedural Generation,Thermal Erosion
🎮,games-graphics,Games & Graphics,🌍,procedural-generation,Procedural Generation,Biome Generator
🎮,games-graphics,Games & Graphics,🌍,procedural-generation,Procedural Generation,Temperature Map
🎮,games-graphics,Games & Graphics,🌍,procedural-generation,Procedural Generation,Rainfall Map
🎮,games-graphics,Games & Graphics,🌍,procedural-generation,Procedural Generation,River Generator
🎮,games-graphics,Games & Graphics,🌍,procedural-generation,Procedural Generation,Lake Generator
🎮,games-graphics,Games & Graphics,🌍,procedural-generation,Procedural Generation,Road Generator PG
🎮,games-graphics,Games & Graphics,🌍,procedural-generation,Procedural Generation,City Generator PG
🎮,games-graphics,Games & Graphics,🌍,procedural-generation,Procedural Generation,Building Generator
🎮,games-graphics,Games & Graphics,🌍,procedural-generation,Procedural Generation,Interior Layout
🎮,games-graphics,Games & Graphics,🌍,procedural-generation,Procedural Generation,Dungeon Generator
🎮,games-graphics,Games & Graphics,🌍,procedural-generation,Procedural Generation,BSP Dungeon
🎮,games-graphics,Games & Graphics,🌍,procedural-generation,Procedural Generation,Cellular Automata
🎮,games-graphics,Games & Graphics,🌍,procedural-generation,Procedural Generation,Drunkard Walk
🎮,games-graphics,Games & Graphics,🌍,procedural-generation,Procedural Generation,Room Placer PG
🎮,games-graphics,Games & Graphics,🌍,procedural-generation,Procedural Generation,Corridor Connect
🎮,games-graphics,Games & Graphics,🌍,procedural-generation,Procedural Generation,Tree Generator PG
🎮,games-graphics,Games & Graphics,🌍,procedural-generation,Procedural Generation,L System Plants
🎮,games-graphics,Games & Graphics,🌍,procedural-generation,Procedural Generation,Fractal Terrain
🎮,games-graphics,Games & Graphics,🌍,procedural-generation,Procedural Generation,Diamond Square
🎮,games-graphics,Games & Graphics,🌍,procedural-generation,Procedural Generation,Midpoint Displace
🎮,games-graphics,Games & Graphics,🌍,procedural-generation,Procedural Generation,Wave Function Collapse
🎮,games-graphics,Games & Graphics,🌍,procedural-generation,Procedural Generation,Tile WFC
🎮,games-graphics,Games & Graphics,🎮,online-multiplayer,Online Multiplayer,Game Server OM
🎮,games-graphics,Games & Graphics,🎮,online-multiplayer,Online Multiplayer,Lobby Manager OM
🎮,games-graphics,Games & Graphics,🎮,online-multiplayer,Online Multiplayer,Room Manager OM
🎮,games-graphics,Games & Graphics,🎮,online-multiplayer,Online Multiplayer,Player Matchmake
🎮,games-graphics,Games & Graphics,🎮,online-multiplayer,Online Multiplayer,Elo Rating OM
🎮,games-graphics,Games & Graphics,🎮,online-multiplayer,Online Multiplayer,MMR Rating OM
🎮,games-graphics,Games & Graphics,🎮,online-multiplayer,Online Multiplayer,Glicko Rating
🎮,games-graphics,Games & Graphics,🎮,online-multiplayer,Online Multiplayer,TrueSkill Rating
🎮,games-graphics,Games & Graphics,🎮,online-multiplayer,Online Multiplayer,State Sync OM
🎮,games-graphics,Games & Graphics,🎮,online-multiplayer,Online Multiplayer,Delta State Sync
🎮,games-graphics,Games & Graphics,🎮,online-multiplayer,Online Multiplayer,Snapshot Sync OM
🎮,games-graphics,Games & Graphics,🎮,online-multiplayer,Online Multiplayer,Rollback Netcode
🎮,games-graphics,Games & Graphics,🎮,online-multiplayer,Online Multiplayer,Input Sync OM
🎮,games-graphics,Games & Graphics,🎮,online-multiplayer,Online Multiplayer,Lockstep Netcode
🎮,games-graphics,Games & Graphics,🎮,online-multiplayer,Online Multiplayer,P2P Networking OM
🎮,games-graphics,Games & Graphics,🎮,online-multiplayer,Online Multiplayer,Client Server OM
🎮,games-graphics,Games & Graphics,🎮,online-multiplayer,Online Multiplayer,Dedicated Server
🎮,games-graphics,Games & Graphics,🎮,online-multiplayer,Online Multiplayer,Listen Server
🎮,games-graphics,Games & Graphics,🎮,online-multiplayer,Online Multiplayer,Lag Compensate
🎮,games-graphics,Games & Graphics,🎮,online-multiplayer,Online Multiplayer,Interpolation OM
🎮,games-graphics,Games & Graphics,🎮,online-multiplayer,Online Multiplayer,Extrapolation OM
🎮,games-graphics,Games & Graphics,🎮,online-multiplayer,Online Multiplayer,Client Prediction
🎮,games-graphics,Games & Graphics,🎮,online-multiplayer,Online Multiplayer,Server Reconciliation
🎮,games-graphics,Games & Graphics,🎮,online-multiplayer,Online Multiplayer,Packet Loss Hide
🎮,games-graphics,Games & Graphics,🎮,online-multiplayer,Online Multiplayer,Jitter Buffer OM
🎮,games-graphics,Games & Graphics,🎮,online-multiplayer,Online Multiplayer,Bandwidth Limit
🎮,games-graphics,Games & Graphics,🎮,online-multiplayer,Online Multiplayer,Cheat Detect OM
🎮,games-graphics,Games & Graphics,🎮,online-multiplayer,Online Multiplayer,Anti Cheat OM
🎮,games-graphics,Games & Graphics,🎮,online-multiplayer,Online Multiplayer,AC Server Side
🎮,games-graphics,Games & Graphics,🎮,online-multiplayer,Online Multiplayer,Match History OM
🎮,games-graphics,Games & Graphics,📦,asset-pipeline,Asset Pipeline,FBX Loader
🎮,games-graphics,Games & Graphics,📦,asset-pipeline,Asset Pipeline,GLTF Loader
🎮,games-graphics,Games & Graphics,📦,asset-pipeline,Asset Pipeline,OBJ Loader
🎮,games-graphics,Games & Graphics,📦,asset-pipeline,Asset Pipeline,Collada Loader
🎮,games-graphics,Games & Graphics,📦,asset-pipeline,Asset Pipeline,STL Loader
🎮,games-graphics,Games & Graphics,📦,asset-pipeline,Asset Pipeline,PLY Loader
🎮,games-graphics,Games & Graphics,📦,asset-pipeline,Asset Pipeline,Material Import
🎮,games-graphics,Games & Graphics,📦,asset-pipeline,Asset Pipeline,Texture Import AP
🎮,games-graphics,Games & Graphics,📦,asset-pipeline,Asset Pipeline,Mesh Import AP
🎮,games-graphics,Games & Graphics,📦,asset-pipeline,Asset Pipeline,Skeleton Import
🎮,games-graphics,Games & Graphics,📦,asset-pipeline,Asset Pipeline,Animation Import
🎮,games-graphics,Games & Graphics,📦,asset-pipeline,Asset Pipeline,Asset Compressor
🎮,games-graphics,Games & Graphics,📦,asset-pipeline,Asset Pipeline,Texture Compress
🎮,games-graphics,Games & Graphics,📦,asset-pipeline,Asset Pipeline,Mesh Simplifier
🎮,games-graphics,Games & Graphics,📦,asset-pipeline,Asset Pipeline,LOD Generator AP
🎮,games-graphics,Games & Graphics,📦,asset-pipeline,Asset Pipeline,Mipmap Generator
🎮,games-graphics,Games & Graphics,📦,asset-pipeline,Asset Pipeline,Normal Map Gen
🎮,games-graphics,Games & Graphics,📦,asset-pipeline,Asset Pipeline,AO Map Baker
🎮,games-graphics,Games & Graphics,📦,asset-pipeline,Asset Pipeline,Lightmap Baker AP
🎮,games-graphics,Games & Graphics,📦,asset-pipeline,Asset Pipeline,Asset Bundler
🎮,games-graphics,Games & Graphics,📦,asset-pipeline,Asset Pipeline,Asset Catalog AP
🎮,games-graphics,Games & Graphics,📦,asset-pipeline,Asset Pipeline,Asset Version AP
🎮,games-graphics,Games & Graphics,📦,asset-pipeline,Asset Pipeline,Hot Reload Asset
🎮,games-graphics,Games & Graphics,📦,asset-pipeline,Asset Pipeline,Dependency Graph
🎮,games-graphics,Games & Graphics,📦,asset-pipeline,Asset Pipeline,Delta Update AP
🎮,games-graphics,Games & Graphics,📦,asset-pipeline,Asset Pipeline,Patch Asset AP
🎮,games-graphics,Games & Graphics,📦,asset-pipeline,Asset Pipeline,Streaming Asset
🎮,games-graphics,Games & Graphics,📦,asset-pipeline,Asset Pipeline,Memory Budget AP
🎮,games-graphics,Games & Graphics,📦,asset-pipeline,Asset Pipeline,Asset Inspector
🎮,games-graphics,Games & Graphics,📦,asset-pipeline,Asset Pipeline,Asset Validator
🎮,games-graphics,Games & Graphics,🎬,cutscene-system,Cutscene System,Timeline Editor CS
🎮,games-graphics,Games & Graphics,🎬,cutscene-system,Cutscene System,Track Manager CS
🎮,games-graphics,Games & Graphics,🎬,cutscene-system,Cutscene System,Animation Track
🎮,games-graphics,Games & Graphics,🎬,cutscene-system,Cutscene System,Audio Track CS
🎮,games-graphics,Games & Graphics,🎬,cutscene-system,Cutscene System,Dialogue Track
🎮,games-graphics,Games & Graphics,🎬,cutscene-system,Cutscene System,Camera Track CS
🎮,games-graphics,Games & Graphics,🎬,cutscene-system,Cutscene System,Event Track CS
🎮,games-graphics,Games & Graphics,🎬,cutscene-system,Cutscene System,Subtitle Track
🎮,games-graphics,Games & Graphics,🎬,cutscene-system,Cutscene System,Key Frame CS
🎮,games-graphics,Games & Graphics,🎬,cutscene-system,Cutscene System,Interpolation CS
🎮,games-graphics,Games & Graphics,🎬,cutscene-system,Cutscene System,Easing Curves CS
🎮,games-graphics,Games & Graphics,🎬,cutscene-system,Cutscene System,Bezier Curve CS
🎮,games-graphics,Games & Graphics,🎬,cutscene-system,Cutscene System,Sequence Player CS
🎮,games-graphics,Games & Graphics,🎬,cutscene-system,Cutscene System,Skip Cutscene
🎮,games-graphics,Games & Graphics,🎬,cutscene-system,Cutscene System,Branch Cutscene
🎮,games-graphics,Games & Graphics,🎬,cutscene-system,Cutscene System,Conditional Track
🎮,games-graphics,Games & Graphics,🎬,cutscene-system,Cutscene System,Variable Track CS
🎮,games-graphics,Games & Graphics,🎬,cutscene-system,Cutscene System,Scene Transition
🎮,games-graphics,Games & Graphics,🎬,cutscene-system,Cutscene System,Fade In Out CS
🎮,games-graphics,Games & Graphics,🎬,cutscene-system,Cutscene System,Letterbox CS
🎮,games-graphics,Games & Graphics,🎬,cutscene-system,Cutscene System,Trigger Volume CS
🎮,games-graphics,Games & Graphics,🎬,cutscene-system,Cutscene System,Scriptable CS
🎮,games-graphics,Games & Graphics,🎬,cutscene-system,Cutscene System,Localization CS
🎮,games-graphics,Games & Graphics,🎬,cutscene-system,Cutscene System,Lip Sync CS
🎮,games-graphics,Games & Graphics,🎬,cutscene-system,Cutscene System,Facial Anim CS
🎮,games-graphics,Games & Graphics,🎬,cutscene-system,Cutscene System,Motion Capture CS
🎮,games-graphics,Games & Graphics,🎬,cutscene-system,Cutscene System,CS Video Player
🎮,games-graphics,Games & Graphics,🎬,cutscene-system,Cutscene System,CS Image Player
🎮,games-graphics,Games & Graphics,🎬,cutscene-system,Cutscene System,Bookmark CS
🎮,games-graphics,Games & Graphics,🎬,cutscene-system,Cutscene System,Preview CS
🎮,games-graphics,Games & Graphics,🎯,shader-library,Shader Library,Basic Vertex Sdr
🎮,games-graphics,Games & Graphics,🎯,shader-library,Shader Library,Basic Fragment Sdr
🎮,games-graphics,Games & Graphics,🎯,shader-library,Shader Library,Unlit Shader
🎮,games-graphics,Games & Graphics,🎯,shader-library,Shader Library,Lambert Shader
🎮,games-graphics,Games & Graphics,🎯,shader-library,Shader Library,Phong Shader
🎮,games-graphics,Games & Graphics,🎯,shader-library,Shader Library,Blinn Phong Shdr
🎮,games-graphics,Games & Graphics,🎯,shader-library,Shader Library,PBR Fragment Sdr
🎮,games-graphics,Games & Graphics,🎯,shader-library,Shader Library,IBL Fragment Sdr
🎮,games-graphics,Games & Graphics,🎯,shader-library,Shader Library,Skybox Shader
🎮,games-graphics,Games & Graphics,🎯,shader-library,Shader Library,Reflection Shdr
🎮,games-graphics,Games & Graphics,🎯,shader-library,Shader Library,Refraction Shdr
🎮,games-graphics,Games & Graphics,🎯,shader-library,Shader Library,Fresnel Shader
🎮,games-graphics,Games & Graphics,🎯,shader-library,Shader Library,Rim Light Shdr
🎮,games-graphics,Games & Graphics,🎯,shader-library,Shader Library,Cel Shader
🎮,games-graphics,Games & Graphics,🎯,shader-library,Shader Library,Toon Shader
🎮,games-graphics,Games & Graphics,🎯,shader-library,Shader Library,Outline Shader
🎮,games-graphics,Games & Graphics,🎯,shader-library,Shader Library,Hatching Shader
🎮,games-graphics,Games & Graphics,🎯,shader-library,Shader Library,Water Shader
🎮,games-graphics,Games & Graphics,🎯,shader-library,Shader Library,Fire Shader
🎮,games-graphics,Games & Graphics,🎯,shader-library,Shader Library,Smoke Shader
🎮,games-graphics,Games & Graphics,🎯,shader-library,Shader Library,Cloud Shader SL
🎮,games-graphics,Games & Graphics,🎯,shader-library,Shader Library,Grass Shader
🎮,games-graphics,Games & Graphics,🎯,shader-library,Shader Library,Hair Shader
🎮,games-graphics,Games & Graphics,🎯,shader-library,Shader Library,Fur Shader
🎮,games-graphics,Games & Graphics,🎯,shader-library,Shader Library,Glass Shader
🎮,games-graphics,Games & Graphics,🎯,shader-library,Shader Library,Ice Shader
🎮,games-graphics,Games & Graphics,🎯,shader-library,Shader Library,Metal Shader SL
🎮,games-graphics,Games & Graphics,🎯,shader-library,Shader Library,Wood Shader SL
🎮,games-graphics,Games & Graphics,🎯,shader-library,Shader Library,Marble Shader SL
🎮,games-graphics,Games & Graphics,🎯,shader-library,Shader Library,Lava Shader SL
🎮,games-graphics,Games & Graphics,🕶️,vr-engine,VR Engine,OpenXR Instance
🎮,games-graphics,Games & Graphics,🕶️,vr-engine,VR Engine,OpenXR Session
🎮,games-graphics,Games & Graphics,🕶️,vr-engine,VR Engine,OpenXR Swapchain
🎮,games-graphics,Games & Graphics,🕶️,vr-engine,VR Engine,Eye Buffer VR
🎮,games-graphics,Games & Graphics,🕶️,vr-engine,VR Engine,Head Tracking VR
🎮,games-graphics,Games & Graphics,🕶️,vr-engine,VR Engine,Hand Tracking VR
🎮,games-graphics,Games & Graphics,🕶️,vr-engine,VR Engine,Controller Input VR
🎮,games-graphics,Games & Graphics,🕶️,vr-engine,VR Engine,Haptic Feedback VR
🎮,games-graphics,Games & Graphics,🕶️,vr-engine,VR Engine,Room Scale VR
🎮,games-graphics,Games & Graphics,🕶️,vr-engine,VR Engine,Seated VR
🎮,games-graphics,Games & Graphics,🕶️,vr-engine,VR Engine,Standing VR
🎮,games-graphics,Games & Graphics,🕶️,vr-engine,VR Engine,Teleport VR
🎮,games-graphics,Games & Graphics,🕶️,vr-engine,VR Engine,Snap Turn VR
🎮,games-graphics,Games & Graphics,🕶️,vr-engine,VR Engine,Smooth Turn VR
🎮,games-graphics,Games & Graphics,🕶️,vr-engine,VR Engine,Grab System VR
🎮,games-graphics,Games & Graphics,🕶️,vr-engine,VR Engine,Throw System VR
🎮,games-graphics,Games & Graphics,🕶️,vr-engine,VR Engine,UI Raycast VR
🎮,games-graphics,Games & Graphics,🕶️,vr-engine,VR Engine,Pointer System VR
🎮,games-graphics,Games & Graphics,🕶️,vr-engine,VR Engine,Hand Presence VR
🎮,games-graphics,Games & Graphics,🕶️,vr-engine,VR Engine,Avatar Body VR
🎮,games-graphics,Games & Graphics,🕶️,vr-engine,VR Engine,VR IK Solver
🎮,games-graphics,Games & Graphics,🕶️,vr-engine,VR Engine,Two Bone IK VR
🎮,games-graphics,Games & Graphics,🕶️,vr-engine,VR Engine,Fade Loading VR
🎮,games-graphics,Games & Graphics,🕶️,vr-engine,VR Engine,VR Guardian Sys
🎮,games-graphics,Games & Graphics,🕶️,vr-engine,VR Engine,Passthrough VR
🎮,games-graphics,Games & Graphics,🕶️,vr-engine,VR Engine,Single Pass Stereo
🎮,games-graphics,Games & Graphics,🕶️,vr-engine,VR Engine,Instanced Stereo
🎮,games-graphics,Games & Graphics,🕶️,vr-engine,VR Engine,Fixed Foveated
🎮,games-graphics,Games & Graphics,🕶️,vr-engine,VR Engine,Dynamic Foveated
🎮,games-graphics,Games & Graphics,🕶️,vr-engine,VR Engine,VR Performance
🎮,games-graphics,Games & Graphics,🕹️,emulator,Emulator,CHIP 8 Emulator
🎮,games-graphics,Games & Graphics,🕹️,emulator,Emulator,Game Boy Emulator
🎮,games-graphics,Games & Graphics,🕹️,emulator,Emulator,Game Boy Color Emu
🎮,games-graphics,Games & Graphics,🕹️,emulator,Emulator,NES Emulator
🎮,games-graphics,Games & Graphics,🕹️,emulator,Emulator,SNES Emulator
🎮,games-graphics,Games & Graphics,🕹️,emulator,Emulator,Genesis Emulator
🎮,games-graphics,Games & Graphics,🕹️,emulator,Emulator,Master System Emu
🎮,games-graphics,Games & Graphics,🕹️,emulator,Emulator,PSX Emulator
🎮,games-graphics,Games & Graphics,🕹️,emulator,Emulator,PSP Emulator
🎮,games-graphics,Games & Graphics,🕹️,emulator,Emulator,N64 Emulator
🎮,games-graphics,Games & Graphics,🕹️,emulator,Emulator,DS Emulator
🎮,games-graphics,Games & Graphics,🕹️,emulator,Emulator,GBA Emulator
🎮,games-graphics,Games & Graphics,🕹️,emulator,Emulator,CPUs Emu: 6502
🎮,games-graphics,Games & Graphics,🕹️,emulator,Emulator,CPUs Emu: Z80
🎮,games-graphics,Games & Graphics,🕹️,emulator,Emulator,CPUs Emu: 68000
🎮,games-graphics,Games & Graphics,🕹️,emulator,Emulator,CPUs Emu: ARM
🎮,games-graphics,Games & Graphics,🕹️,emulator,Emulator,PPU Emulator
🎮,games-graphics,Games & Graphics,🕹️,emulator,Emulator,APU Emulator
🎮,games-graphics,Games & Graphics,🕹️,emulator,Emulator,DMA Controller Emu
🎮,games-graphics,Games & Graphics,🕹️,emulator,Emulator,Interrupt Handler Emu
🎮,games-graphics,Games & Graphics,🕹️,emulator,Emulator,Memory Mapper Emu
🎮,games-graphics,Games & Graphics,🕹️,emulator,Emulator,Save State Emu
🎮,games-graphics,Games & Graphics,🕹️,emulator,Emulator,Rewind Emu
🎮,games-graphics,Games & Graphics,🕹️,emulator,Emulator,Cheat Engine Emu
🎮,games-graphics,Games & Graphics,🕹️,emulator,Emulator,Shader Emu
🎮,games-graphics,Games & Graphics,🕹️,emulator,Emulator,Netplay Emu
🎮,games-graphics,Games & Graphics,🕹️,emulator,Emulator,Achievement Emu
🎮,games-graphics,Games & Graphics,🕹️,emulator,Emulator,Debugger Emu
🎮,games-graphics,Games & Graphics,🕹️,emulator,Emulator,Disassembler Emu
🎮,games-graphics,Games & Graphics,🕹️,emulator,Emulator,Trace Logger Emu
🎮,games-graphics,Games & Graphics,🎨,vector-graphics,Vector Graphics,SVG Parser
🎮,games-graphics,Games & Graphics,🎨,vector-graphics,Vector Graphics,SVG Renderer
🎮,games-graphics,Games & Graphics,🎨,vector-graphics,Vector Graphics,Path Command Proc
🎮,games-graphics,Games & Graphics,🎨,vector-graphics,Vector Graphics,Move To Path
🎮,games-graphics,Games & Graphics,🎨,vector-graphics,Vector Graphics,Line To Path
🎮,games-graphics,Games & Graphics,🎨,vector-graphics,Vector Graphics,Curve To Path
🎮,games-graphics,Games & Graphics,🎨,vector-graphics,Vector Graphics,Quad Bezier Path
🎮,games-graphics,Games & Graphics,🎨,vector-graphics,Vector Graphics,Cubic Bezier Path
🎮,games-graphics,Games & Graphics,🎨,vector-graphics,Vector Graphics,Arc To Path
🎮,games-graphics,Games & Graphics,🎨,vector-graphics,Vector Graphics,Close Path VG
🎮,games-graphics,Games & Graphics,🎨,vector-graphics,Vector Graphics,Fill Rule VG
🎮,games-graphics,Games & Graphics,🎨,vector-graphics,Vector Graphics,Non Zero Fill
🎮,games-graphics,Games & Graphics,🎨,vector-graphics,Vector Graphics,Even Odd Fill
🎮,games-graphics,Games & Graphics,🎨,vector-graphics,Vector Graphics,Stroke Render VG
🎮,games-graphics,Games & Graphics,🎨,vector-graphics,Vector Graphics,Line Cap VG
🎮,games-graphics,Games & Graphics,🎨,vector-graphics,Vector Graphics,Line Join VG
🎮,games-graphics,Games & Graphics,🎨,vector-graphics,Vector Graphics,Miter Limit VG
🎮,games-graphics,Games & Graphics,🎨,vector-graphics,Vector Graphics,Dash Array VG
🎮,games-graphics,Games & Graphics,🎨,vector-graphics,Vector Graphics,Gradient Fill VG
🎮,games-graphics,Games & Graphics,🎨,vector-graphics,Vector Graphics,Linear Gradient
🎮,games-graphics,Games & Graphics,🎨,vector-graphics,Vector Graphics,Radial Gradient
🎮,games-graphics,Games & Graphics,🎨,vector-graphics,Vector Graphics,Pattern Fill VG
🎮,games-graphics,Games & Graphics,🎨,vector-graphics,Vector Graphics,Transform VG
🎮,games-graphics,Games & Graphics,🎨,vector-graphics,Vector Graphics,Matrix Stack VG
🎮,games-graphics,Games & Graphics,🎨,vector-graphics,Vector Graphics,Clip Path VG
🎮,games-graphics,Games & Graphics,🎨,vector-graphics,Vector Graphics,Mask VG
🎮,games-graphics,Games & Graphics,🎨,vector-graphics,Vector Graphics,Group VG
🎮,games-graphics,Games & Graphics,🎨,vector-graphics,Vector Graphics,Layer VG
🎮,games-graphics,Games & Graphics,🎨,vector-graphics,Vector Graphics,Blend Mode VG
🎮,games-graphics,Games & Graphics,🎨,vector-graphics,Vector Graphics,Canvas VG
🎮,games-graphics,Games & Graphics,🖥️,windowing-system,Windowing System,X11 Client
🎮,games-graphics,Games & Graphics,🖥️,windowing-system,Windowing System,X11 Server
🎮,games-graphics,Games & Graphics,🖥️,windowing-system,Windowing System,X11 Window Mgr
🎮,games-graphics,Games & Graphics,🖥️,windowing-system,Windowing System,Wayland Compositor
🎮,games-graphics,Games & Graphics,🖥️,windowing-system,Windowing System,Wayland Client
🎮,games-graphics,Games & Graphics,🖥️,windowing-system,Windowing System,Wl Shell Surface
🎮,games-graphics,Games & Graphics,🖥️,windowing-system,Windowing System,Xdg Shell Wl
🎮,games-graphics,Games & Graphics,🖥️,windowing-system,Windowing System,Wl Buffer
🎮,games-graphics,Games & Graphics,🖥️,windowing-system,Windowing System,Wl Shared Mem
🎮,games-graphics,Games & Graphics,🖥️,windowing-system,Windowing System,Wl Drm Leasing
🎮,games-graphics,Games & Graphics,🖥️,windowing-system,Windowing System,Win32 Window
🎮,games-graphics,Games & Graphics,🖥️,windowing-system,Windowing System,Win32 Message Loop
🎮,games-graphics,Games & Graphics,🖥️,windowing-system,Windowing System,Win32 D2D Render
🎮,games-graphics,Games & Graphics,🖥️,windowing-system,Windowing System,Cocoa Window
🎮,games-graphics,Games & Graphics,🖥️,windowing-system,Windowing System,Cocoa View Mac
🎮,games-graphics,Games & Graphics,🖥️,windowing-system,Windowing System,Metal Layer Mac
🎮,games-graphics,Games & Graphics,🖥️,windowing-system,Windowing System,Android Window
🎮,games-graphics,Games & Graphics,🖥️,windowing-system,Windowing System,Surface View A
🎮,games-graphics,Games & Graphics,🖥️,windowing-system,Windowing System,EGL Native Disp
🎮,games-graphics,Games & Graphics,🖥️,windowing-system,Windowing System,GLX Context
🎮,games-graphics,Games & Graphics,🖥️,windowing-system,Windowing System,WGL Context
🎮,games-graphics,Games & Graphics,🖥️,windowing-system,Windowing System,Cursor Manager WS
🎮,games-graphics,Games & Graphics,🖥️,windowing-system,Windowing System,Clipboard WS
🎮,games-graphics,Games & Graphics,🖥️,windowing-system,Windowing System,Drag Drop WS
🎮,games-graphics,Games & Graphics,🖥️,windowing-system,Windowing System,Monitor Enum WS
🎮,games-graphics,Games & Graphics,🖥️,windowing-system,Windowing System,Multi Monitor WS
🎮,games-graphics,Games & Graphics,🖥️,windowing-system,Windowing System,High DPI WS
🎮,games-graphics,Games & Graphics,🖥️,windowing-system,Windowing System,Window Resize
🎮,games-graphics,Games & Graphics,🖥️,windowing-system,Windowing System,Fullscreen WS
🎮,games-graphics,Games & Graphics,🖥️,windowing-system,Windowing System,VSync WS
🎮,games-graphics,Games & Graphics,🎞️,video-player,Video Player,Demuxer Video
🎮,games-graphics,Games & Graphics,🎞️,video-player,Video Player,MP4 Demuxer
🎮,games-graphics,Games & Graphics,🎞️,video-player,Video Player,AVI Demuxer
🎮,games-graphics,Games & Graphics,🎞️,video-player,Video Player,MKV Demuxer
🎮,games-graphics,Games & Graphics,🎞️,video-player,Video Player,H264 Decoder
🎮,games-graphics,Games & Graphics,🎞️,video-player,Video Player,H265 Decoder
🎮,games-graphics,Games & Graphics,🎞️,video-player,Video Player,VP9 Decoder
🎮,games-graphics,Games & Graphics,🎞️,video-player,Video Player,AV1 Decoder
🎮,games-graphics,Games & Graphics,🎞️,video-player,Video Player,MPEG2 Decoder
🎮,games-graphics,Games & Graphics,🎞️,video-player,Video Player,Video Decode Accel
🎮,games-graphics,Games & Graphics,🎞️,video-player,Video Player,VAAPI Decoder
🎮,games-graphics,Games & Graphics,🎞️,video-player,Video Player,VDPAU Decoder
🎮,games-graphics,Games & Graphics,🎞️,video-player,Video Player,DXVA Decoder
🎮,games-graphics,Games & Graphics,🎞️,video-player,Video Player,NVDecode Decoder
🎮,games-graphics,Games & Graphics,🎞️,video-player,Video Player,Video Frame Pool
🎮,games-graphics,Games & Graphics,🎞️,video-player,Video Player,YUV to RGB Conv
🎮,games-graphics,Games & Graphics,🎞️,video-player,Video Player,Color Matrix Conv
🎮,games-graphics,Games & Graphics,🎞️,video-player,Video Player,Deinterlace VP
🎮,games-graphics,Games & Graphics,🎞️,video-player,Video Player,Inverse Telecine
🎮,games-graphics,Games & Graphics,🎞️,video-player,Video Player,Video Scaler VP
🎮,games-graphics,Games & Graphics,🎞️,video-player,Video Player,Letterbox VP
🎮,games-graphics,Games & Graphics,🎞️,video-player,Video Player,Audio Sync VP
🎮,games-graphics,Games & Graphics,🎞️,video-player,Video Player,Subtitle Render VP
🎮,games-graphics,Games & Graphics,🎞️,video-player,Video Player,SRT Parser VP
🎮,games-graphics,Games & Graphics,🎞️,video-player,Video Player,ASS Parser VP
🎮,games-graphics,Games & Graphics,🎞️,video-player,Video Player,Subtitle Overlay
🎮,games-graphics,Games & Graphics,🎞️,video-player,Video Player,Seek VP
🎮,games-graphics,Games & Graphics,🎞️,video-player,Video Player,Playlist VP
🎮,games-graphics,Games & Graphics,🎞️,video-player,Video Player,Chapter VP
🎮,games-graphics,Games & Graphics,🎞️,video-player,Video Player,Thumbnail VP
🎮,games-graphics,Games & Graphics,🎹,music-tool,Music Tool,MIDI Parser
🎮,games-graphics,Games & Graphics,🎹,music-tool,Music Tool,MIDI Renderer
🎮,games-graphics,Games & Graphics,🎹,music-tool,Music Tool,MIDI Sequencer
🎮,games-graphics,Games & Graphics,🎹,music-tool,Music Tool,MIDI File Writer
🎮,games-graphics,Games & Graphics,🎹,music-tool,Music Tool,MIDI Keyboard
🎮,games-graphics,Games & Graphics,🎹,music-tool,Music Tool,Piano Roll MT
🎮,games-graphics,Games & Graphics,🎹,music-tool,Music Tool,Step Sequencer MT
🎮,games-graphics,Games & Graphics,🎹,music-tool,Music Tool,Drum Machine MT
🎮,games-graphics,Games & Graphics,🎹,music-tool,Music Tool,Sampler MT
🎮,games-graphics,Games & Graphics,🎹,music-tool,Music Tool,Synth Engine MT
🎮,games-graphics,Games & Graphics,🎹,music-tool,Music Tool,Subtractive Synth
🎮,games-graphics,Games & Graphics,🎹,music-tool,Music Tool,FM Synth MT
🎮,games-graphics,Games & Graphics,🎹,music-tool,Music Tool,Wavetable Synth
🎮,games-graphics,Games & Graphics,🎹,music-tool,Music Tool,Granular Synth MT
🎮,games-graphics,Games & Graphics,🎹,music-tool,Music Tool,Noise Generator
🎮,games-graphics,Games & Graphics,🎹,music-tool,Music Tool,Oscillator MT
🎮,games-graphics,Games & Graphics,🎹,music-tool,Music Tool,Sine Wave Gen
🎮,games-graphics,Games & Graphics,🎹,music-tool,Music Tool,Square Wave Gen
🎮,games-graphics,Games & Graphics,🎹,music-tool,Music Tool,Saw Wave Gen
🎮,games-graphics,Games & Graphics,🎹,music-tool,Music Tool,Triangle Wave Gen
🎮,games-graphics,Games & Graphics,🎹,music-tool,Music Tool,Envelope Gen MT
🎮,games-graphics,Games & Graphics,🎹,music-tool,Music Tool,LFO Generator
🎮,games-graphics,Games & Graphics,🎹,music-tool,Music Tool,Filter Synth MT
🎮,games-graphics,Games & Graphics,🎹,music-tool,Music Tool,Arpeggiator MT
🎮,games-graphics,Games & Graphics,🎹,music-tool,Music Tool,Chord Generator MT
🎮,games-graphics,Games & Graphics,🎹,music-tool,Music Tool,Scale Detector MT
🎮,games-graphics,Games & Graphics,🎹,music-tool,Music Tool,Tuner MT
🎮,games-graphics,Games & Graphics,🎹,music-tool,Music Tool,Metronome MT
🎮,games-graphics,Games & Graphics,🎹,music-tool,Music Tool,Looper MT
🎮,games-graphics,Games & Graphics,🎹,music-tool,Music Tool,Mixer MT
🎮,games-graphics,Games & Graphics,🎨,gpu-compute,GPU Compute,CUDA Kernel
🎮,games-graphics,Games & Graphics,🎨,gpu-compute,GPU Compute,CUDA Memory Mgt
🎮,games-graphics,Games & Graphics,🎨,gpu-compute,GPU Compute,CUDA Stream
🎮,games-graphics,Games & Graphics,🎨,gpu-compute,GPU Compute,CUDA Event
🎮,games-graphics,Games & Graphics,🎨,gpu-compute,GPU Compute,CUDA Graph
🎮,games-graphics,Games & Graphics,🎨,gpu-compute,GPU Compute,OpenCL Kernel
🎮,games-graphics,Games & Graphics,🎨,gpu-compute,GPU Compute,OpenCL Memory
🎮,games-graphics,Games & Graphics,🎨,gpu-compute,GPU Compute,OpenCL Queue
🎮,games-graphics,Games & Graphics,🎨,gpu-compute,GPU Compute,Compute Shader
🎮,games-graphics,Games & Graphics,🎨,gpu-compute,GPU Compute,CS Thread Group
🎮,games-graphics,Games & Graphics,🎨,gpu-compute,GPU Compute,CS Shared Mem
🎮,games-graphics,Games & Graphics,🎨,gpu-compute,GPU Compute,CS Atomic Op
🎮,games-graphics,Games & Graphics,🎨,gpu-compute,GPU Compute,Vulkan Compute
🎮,games-graphics,Games & Graphics,🎨,gpu-compute,GPU Compute,VK Dispatch Ind
🎮,games-graphics,Games & Graphics,🎨,gpu-compute,GPU Compute,VK Shader Storage
🎮,games-graphics,Games & Graphics,🎨,gpu-compute,GPU Compute,VK Push Constant
🎮,games-graphics,Games & Graphics,🎨,gpu-compute,GPU Compute,Metal Compute
🎮,games-graphics,Games & Graphics,🎨,gpu-compute,GPU Compute,Metal Threadgroup
🎮,games-graphics,Games & Graphics,🎨,gpu-compute,GPU Compute,Metal Buffer GC
🎮,games-graphics,Games & Graphics,🎨,gpu-compute,GPU Compute,Metal Texture GC
🎮,games-graphics,Games & Graphics,🎨,gpu-compute,GPU Compute,DirectCompute
🎮,games-graphics,Games & Graphics,🎨,gpu-compute,GPU Compute,DX12 Compute Pipe
🎮,games-graphics,Games & Graphics,🎨,gpu-compute,GPU Compute,DX12 UAV
🎮,games-graphics,Games & Graphics,🎨,gpu-compute,GPU Compute,DX12 Root Sig Comp
🎮,games-graphics,Games & Graphics,🎨,gpu-compute,GPU Compute,Tensor Core Prog
🎮,games-graphics,Games & Graphics,🎨,gpu-compute,GPU Compute,Matrix Multiply GC
🎮,games-graphics,Games & Graphics,🎨,gpu-compute,GPU Compute,FFT GPU
🎮,games-graphics,Games & Graphics,🎨,gpu-compute,GPU Compute,Reduce GPU
🎮,games-graphics,Games & Graphics,🎨,gpu-compute,GPU Compute,Scan GPU GC
🎮,games-graphics,Games & Graphics,🎨,gpu-compute,GPU Compute,Histogram GPU
🎮,games-graphics,Games & Graphics,🖼️,ui-framework,UI Framework,Widget Tree UI
🎮,games-graphics,Games & Graphics,🖼️,ui-framework,UI Framework,Layout Engine UI
🎮,games-graphics,Games & Graphics,🖼️,ui-framework,UI Framework,Flexbox Layout
🎮,games-graphics,Games & Graphics,🖼️,ui-framework,UI Framework,Grid Layout UI
🎮,games-graphics,Games & Graphics,🖼️,ui-framework,UI Framework,Absolute Layout
🎮,games-graphics,Games & Graphics,🖼️,ui-framework,UI Framework,Dock Layout UI
🎮,games-graphics,Games & Graphics,🖼️,ui-framework,UI Framework,Button Widget UI
🎮,games-graphics,Games & Graphics,🖼️,ui-framework,UI Framework,Label Widget UI
🎮,games-graphics,Games & Graphics,🖼️,ui-framework,UI Framework,Textbox Widget UI
🎮,games-graphics,Games & Graphics,🖼️,ui-framework,UI Framework,Image Widget UI
🎮,games-graphics,Games & Graphics,🖼️,ui-framework,UI Framework,Slider Widget UI
🎮,games-graphics,Games & Graphics,🖼️,ui-framework,UI Framework,Checkbox Widget
🎮,games-graphics,Games & Graphics,🖼️,ui-framework,UI Framework,Radio Widget UI
🎮,games-graphics,Games & Graphics,🖼️,ui-framework,UI Framework,Dropdown Widget
🎮,games-graphics,Games & Graphics,🖼️,ui-framework,UI Framework,Listbox Widget
🎮,games-graphics,Games & Graphics,🖼️,ui-framework,UI Framework,Tree Widget UI
🎮,games-graphics,Games & Graphics,🖼️,ui-framework,UI Framework,Tab Widget UI
🎮,games-graphics,Games & Graphics,🖼️,ui-framework,UI Framework,Window Widget UI
🎮,games-graphics,Games & Graphics,🖼️,ui-framework,UI Framework,Dialog Widget UI
🎮,games-graphics,Games & Graphics,🖼️,ui-framework,UI Framework,Scrollbar Widget
🎮,games-graphics,Games & Graphics,🖼️,ui-framework,UI Framework,Menu Widget UI
🎮,games-graphics,Games & Graphics,🖼️,ui-framework,UI Framework,Toolbar Widget
🎮,games-graphics,Games & Graphics,🖼️,ui-framework,UI Framework,Statusbar Widget
🎮,games-graphics,Games & Graphics,🖼️,ui-framework,UI Framework,Tooltip Widget
🎮,games-graphics,Games & Graphics,🖼️,ui-framework,UI Framework,Drag Drop UI
🎮,games-graphics,Games & Graphics,🖼️,ui-framework,UI Framework,Focus Mgr UI
🎮,games-graphics,Games & Graphics,🖼️,ui-framework,UI Framework,Keyboard Nav UI
🎮,games-graphics,Games & Graphics,🖼️,ui-framework,UI Framework,Theme Engine UI
🎮,games-graphics,Games & Graphics,🖼️,ui-framework,UI Framework,Style Engine UI
🎮,games-graphics,Games & Graphics,🖼️,ui-framework,UI Framework,Event Bubbling UI
🎮,games-graphics,Games & Graphics,🎯,animation-tool,Animation Tool,Timeline AT
🎮,games-graphics,Games & Graphics,🎯,animation-tool,Animation Tool,Keyframe Editor AT
🎮,games-graphics,Games & Graphics,🎯,animation-tool,Animation Tool,Curve Editor AT
🎮,games-graphics,Games & Graphics,🎯,animation-tool,Animation Tool,Dope Sheet AT
🎮,games-graphics,Games & Graphics,🎯,animation-tool,Animation Tool,Animation Clip AT
🎮,games-graphics,Games & Graphics,🎯,animation-tool,Animation Tool,Bone Rig AT
🎮,games-graphics,Games & Graphics,🎯,animation-tool,Animation Tool,IK Solver AT
🎮,games-graphics,Games & Graphics,🎯,animation-tool,Animation Tool,FK Solver AT
🎮,games-graphics,Games & Graphics,🎯,animation-tool,Animation Tool,Blend Tree AT
🎮,games-graphics,Games & Graphics,🎯,animation-tool,Animation Tool,State Machine AT
🎮,games-graphics,Games & Graphics,🎯,animation-tool,Animation Tool,Blend Shape AT
🎮,games-graphics,Games & Graphics,🎯,animation-tool,Animation Tool,Morph Target AT
🎮,games-graphics,Games & Graphics,🎯,animation-tool,Animation Tool,Skinning AT
🎮,games-graphics,Games & Graphics,🎯,animation-tool,Animation Tool,Weight Paint AT
🎮,games-graphics,Games & Graphics,🎯,animation-tool,Animation Tool,Rigging AT
🎮,games-graphics,Games & Graphics,🎯,animation-tool,Animation Tool,Constraint AT
🎮,games-graphics,Games & Graphics,🎯,animation-tool,Animation Tool,Parent Constraint
🎮,games-graphics,Games & Graphics,🎯,animation-tool,Animation Tool,Point Constraint
🎮,games-graphics,Games & Graphics,🎯,animation-tool,Animation Tool,Orient Constraint
🎮,games-graphics,Games & Graphics,🎯,animation-tool,Animation Tool,Scale Constraint
🎮,games-graphics,Games & Graphics,🎯,animation-tool,Animation Tool,Path Constraint AT
🎮,games-graphics,Games & Graphics,🎯,animation-tool,Animation Tool,Look At Constraint
🎮,games-graphics,Games & Graphics,🎯,animation-tool,Animation Tool,Animation Layer AT
🎮,games-graphics,Games & Graphics,🎯,animation-tool,Animation Tool,Animation Mask AT
🎮,games-graphics,Games & Graphics,🎯,animation-tool,Animation Tool,Retargeting AT
🎮,games-graphics,Games & Graphics,🎯,animation-tool,Animation Tool,Motion Capture AT
🎮,games-graphics,Games & Graphics,🎯,animation-tool,Animation Tool,Animation Baking
🎮,games-graphics,Games & Graphics,🎯,animation-tool,Animation Tool,Pose Editor AT
🎮,games-graphics,Games & Graphics,🎯,animation-tool,Animation Tool,Shape Editor AT
🎮,games-graphics,Games & Graphics,🎯,animation-tool,Animation Tool,Animation Export
🎮,games-graphics,Games & Graphics,🌊,physics-engine,Physics Engine,Rigid Body PE
🎮,games-graphics,Games & Graphics,🌊,physics-engine,Physics Engine,Soft Body PE
🎮,games-graphics,Games & Graphics,🌊,physics-engine,Physics Engine,Cloth Simulation
🎮,games-graphics,Games & Graphics,🌊,physics-engine,Physics Engine,Rope Physics PE
🎮,games-graphics,Games & Graphics,🌊,physics-engine,Physics Engine,Fluid Simulation
🎮,games-graphics,Games & Graphics,🌊,physics-engine,Physics Engine,SPH Fluid PE
🎮,games-graphics,Games & Graphics,🌊,physics-engine,Physics Engine,Smoke Simulation
🎮,games-graphics,Games & Graphics,🌊,physics-engine,Physics Engine,Fire Simulation PE
🎮,games-graphics,Games & Graphics,🌊,physics-engine,Physics Engine,Explosion PE
🎮,games-graphics,Games & Graphics,🌊,physics-engine,Physics Engine,Destructible PE
🎮,games-graphics,Games & Graphics,🌊,physics-engine,Physics Engine,Ragdoll Physics
🎮,games-graphics,Games & Graphics,🌊,physics-engine,Physics Engine,Joint Physics PE
🎮,games-graphics,Games & Graphics,🌊,physics-engine,Physics Engine,Hinge Joint PE
🎮,games-graphics,Games & Graphics,🌊,physics-engine,Physics Engine,Ball Joint PE
🎮,games-graphics,Games & Graphics,🌊,physics-engine,Physics Engine,Fixed Joint PE
🎮,games-graphics,Games & Graphics,🌊,physics-engine,Physics Engine,Spring Joint PE
🎮,games-graphics,Games & Graphics,🌊,physics-engine,Physics Engine,Motor Joint PE
🎮,games-graphics,Games & Graphics,🌊,physics-engine,Physics Engine,Wheel Joint PE
🎮,games-graphics,Games & Graphics,🌊,physics-engine,Physics Engine,Contact Point PE
🎮,games-graphics,Games & Graphics,🌊,physics-engine,Physics Engine,Collision Dispatch
🎮,games-graphics,Games & Graphics,🌊,physics-engine,Physics Engine,Broad Phase PE
🎮,games-graphics,Games & Graphics,🌊,physics-engine,Physics Engine,Narrow Phase PE
🎮,games-graphics,Games & Graphics,🌊,physics-engine,Physics Engine,SAP Broad Phase
🎮,games-graphics,Games & Graphics,🌊,physics-engine,Physics Engine,Grid Broad Phase
🎮,games-graphics,Games & Graphics,🌊,physics-engine,Physics Engine,GJK Algorithm
🎮,games-graphics,Games & Graphics,🌊,physics-engine,Physics Engine,EPA Algorithm
🎮,games-graphics,Games & Graphics,🌊,physics-engine,Physics Engine,SAT Collision PE
🎮,games-graphics,Games & Graphics,🌊,physics-engine,Physics Engine,Impulse Solver PE
🎮,games-graphics,Games & Graphics,🌊,physics-engine,Physics Engine,Position Solver
🎮,games-graphics,Games & Graphics,🌊,physics-engine,Physics Engine,Friction PE
🎮,games-graphics,Games & Graphics,📐,geometry-library,Geometry Library,Vector2 Math GL
🎮,games-graphics,Games & Graphics,📐,geometry-library,Geometry Library,Vector3 Math GL
🎮,games-graphics,Games & Graphics,📐,geometry-library,Geometry Library,Vector4 Math GL
🎮,games-graphics,Games & Graphics,📐,geometry-library,Geometry Library,Matrix3 GL
🎮,games-graphics,Games & Graphics,📐,geometry-library,Geometry Library,Matrix4 GL
🎮,games-graphics,Games & Graphics,📐,geometry-library,Geometry Library,Quaternion GL
🎮,games-graphics,Games & Graphics,📐,geometry-library,Geometry Library,Euler Angles GL
🎮,games-graphics,Games & Graphics,📐,geometry-library,Geometry Library,Axis Angle GL
🎮,games-graphics,Games & Graphics,📐,geometry-library,Geometry Library,Look At Matrix
🎮,games-graphics,Games & Graphics,📐,geometry-library,Geometry Library,Projection Matrix
🎮,games-graphics,Games & Graphics,📐,geometry-library,Geometry Library,Perspective Proj
🎮,games-graphics,Games & Graphics,📐,geometry-library,Geometry Library,Orthographic Proj
🎮,games-graphics,Games & Graphics,📐,geometry-library,Geometry Library,Frustum GL
🎮,games-graphics,Games & Graphics,📐,geometry-library,Geometry Library,Plane GL
🎮,games-graphics,Games & Graphics,📐,geometry-library,Geometry Library,Ray GL
🎮,games-graphics,Games & Graphics,📐,geometry-library,Geometry Library,Line Segment GL
🎮,games-graphics,Games & Graphics,📐,geometry-library,Geometry Library,Triangle GL
🎮,games-graphics,Games & Graphics,📐,geometry-library,Geometry Library,AABB GL
🎮,games-graphics,Games & Graphics,📐,geometry-library,Geometry Library,Sphere GL
🎮,games-graphics,Games & Graphics,📐,geometry-library,Geometry Library,Capsule GL
🎮,games-graphics,Games & Graphics,📐,geometry-library,Geometry Library,OBB GL
🎮,games-graphics,Games & Graphics,📐,geometry-library,Geometry Library,Convex Hull GL
🎮,games-graphics,Games & Graphics,📐,geometry-library,Geometry Library,Half Edge Mesh
🎮,games-graphics,Games & Graphics,📐,geometry-library,Geometry Library,Catmull Clark Subdiv
🎮,games-graphics,Games & Graphics,📐,geometry-library,Geometry Library,Loop Subdivision
🎮,games-graphics,Games & Graphics,📐,geometry-library,Geometry Library,Doo Sabin Subdiv
🎮,games-graphics,Games & Graphics,📐,geometry-library,Geometry Library,Triangulation GL
🎮,games-graphics,Games & Graphics,📐,geometry-library,Geometry Library,Ear Clipping
🎮,games-graphics,Games & Graphics,📐,geometry-library,Geometry Library,Convex Decomp GL
🎮,games-graphics,Games & Graphics,📐,geometry-library,Geometry Library,SDF Geometry
🎮,games-graphics,Games & Graphics,🕹️,game-console,Game Console,Game Loader GC
🎮,games-graphics,Games & Graphics,🕹️,game-console,Game Console,Cartridge ROM GC
🎮,games-graphics,Games & Graphics,🕹️,game-console,Game Console,ROM Header Parse
🎮,games-graphics,Games & Graphics,🕹️,game-console,Game Console,ROM Mirroring
🎮,games-graphics,Games & Graphics,🕹️,game-console,Game Console,Mapper 0 NROM
🎮,games-graphics,Games & Graphics,🕹️,game-console,Game Console,Mapper 1 MMC1
🎮,games-graphics,Games & Graphics,🕹️,game-console,Game Console,Mapper 2 UxROM
🎮,games-graphics,Games & Graphics,🕹️,game-console,Game Console,Mapper 3 CNROM
🎮,games-graphics,Games & Graphics,🕹️,game-console,Game Console,Mapper 4 MMC3
🎮,games-graphics,Games & Graphics,🕹️,game-console,Game Console,Mapper 7 AxROM
🎮,games-graphics,Games & Graphics,🕹️,game-console,Game Console,Mapper 66 GxROM
🎮,games-graphics,Games & Graphics,🕹️,game-console,Game Console,Mapper 69 FME7
🎮,games-graphics,Games & Graphics,🕹️,game-console,Game Console,Mapper 79 NINA
🎮,games-graphics,Games & Graphics,🕹️,game-console,Game Console,Mapper 180 UNROM
🎮,games-graphics,Games & Graphics,🕹️,game-console,Game Console,Mapper 206 Namco
🎮,games-graphics,Games & Graphics,🕹️,game-console,Game Console,PPU Memory Map
🎮,games-graphics,Games & Graphics,🕹️,game-console,Game Console,PPU OAM DMA
🎮,games-graphics,Games & Graphics,🕹️,game-console,Game Console,PPU Scroll Reg
🎮,games-graphics,Games & Graphics,🕹️,game-console,Game Console,PPU Sprite Eval
🎮,games-graphics,Games & Graphics,🕹️,game-console,Game Console,PPU Rendering
🎮,games-graphics,Games & Graphics,🕹️,game-console,Game Console,APU Pulse Chan
🎮,games-graphics,Games & Graphics,🕹️,game-console,Game Console,APU Triangle Ch
🎮,games-graphics,Games & Graphics,🕹️,game-console,Game Console,APU Noise Chan
🎮,games-graphics,Games & Graphics,🕹️,game-console,Game Console,APU DMC Chan
🎮,games-graphics,Games & Graphics,🕹️,game-console,Game Console,APU Frame Counter
🎮,games-graphics,Games & Graphics,🕹️,game-console,Game Console,APU Length Counter
🎮,games-graphics,Games & Graphics,🕹️,game-console,Game Console,APU Envelope Gen
🎮,games-graphics,Games & Graphics,🕹️,game-console,Game Console,Input Polling GC
🎮,games-graphics,Games & Graphics,🕹️,game-console,Game Console,SRAM Save GC
🎮,games-graphics,Games & Graphics,🕹️,game-console,Game Console,Audio Mixer GC
🎮,games-graphics,Games & Graphics,🎮,speedrun-tool,Speedrun Tool,Timer ST
🎮,games-graphics,Games & Graphics,🎮,speedrun-tool,Speedrun Tool,Split Timer ST
🎮,games-graphics,Games & Graphics,🎮,speedrun-tool,Speedrun Tool,Auto Split ST
🎮,games-graphics,Games & Graphics,🎮,speedrun-tool,Speedrun Tool,Load Remover ST
🎮,games-graphics,Games & Graphics,🎮,speedrun-tool,Speedrun Tool,Comparison ST
🎮,games-graphics,Games & Graphics,🎮,speedrun-tool,Speedrun Tool,Gold Split ST
🎮,games-graphics,Games & Graphics,🎮,speedrun-tool,Speedrun Tool,Sum Of Best ST
🎮,games-graphics,Games & Graphics,🎮,speedrun-tool,Speedrun Tool,Run History ST
🎮,games-graphics,Games & Graphics,🎮,speedrun-tool,Speedrun Tool,Run Stats ST
🎮,games-graphics,Games & Graphics,🎮,speedrun-tool,Speedrun Tool,Attempt Count ST
🎮,games-graphics,Games & Graphics,🎮,speedrun-tool,Speedrun Tool,Fail Count ST
🎮,games-graphics,Games & Graphics,🎮,speedrun-tool,Speedrun Tool,Segment Time ST
🎮,games-graphics,Games & Graphics,🎮,speedrun-tool,Speedrun Tool,Pause Timer ST
🎮,games-graphics,Games & Graphics,🎮,speedrun-tool,Speedrun Tool,Resume Timer ST
🎮,games-graphics,Games & Graphics,🎮,speedrun-tool,Speedrun Tool,Reset Timer ST
🎮,games-graphics,Games & Graphics,🎮,speedrun-tool,Speedrun Tool,Key Bindings ST
🎮,games-graphics,Games & Graphics,🎮,speedrun-tool,Speedrun Tool,Controller ST
🎮,games-graphics,Games & Graphics,🎮,speedrun-tool,Speedrun Tool,Hotkey ST
🎮,games-graphics,Games & Graphics,🎮,speedrun-tool,Speedrun Tool,Live Split ST
🎮,games-graphics,Games & Graphics,🎮,speedrun-tool,Speedrun Tool,Obs Overlay ST
🎮,games-graphics,Games & Graphics,🎮,speedrun-tool,Speedrun Tool,Twitch Integration
🎮,games-graphics,Games & Graphics,🎮,speedrun-tool,Speedrun Tool,Auto Start ST
🎮,games-graphics,Games & Graphics,🎮,speedrun-tool,Speedrun Tool,Auto End ST
🎮,games-graphics,Games & Graphics,🎮,speedrun-tool,Speedrun Tool,Game Time ST
🎮,games-graphics,Games & Graphics,🎮,speedrun-tool,Speedrun Tool,Real Time ST ST
🎮,games-graphics,Games & Graphics,🎮,speedrun-tool,Speedrun Tool,IGT ST
🎮,games-graphics,Games & Graphics,🎮,speedrun-tool,Speedrun Tool,RTA ST
🎮,games-graphics,Games & Graphics,🎮,speedrun-tool,Speedrun Tool,PB Compare ST
🎮,games-graphics,Games & Graphics,🎮,speedrun-tool,Speedrun Tool,World Record ST
🎮,games-graphics,Games & Graphics,🎮,speedrun-tool,Speedrun Tool,Leaderboard ST
🔧,hardware-emulators,Hardware & Emulators,💻,cpu-core,CPU Core,RISC V Core
🔧,hardware-emulators,Hardware & Emulators,💻,cpu-core,CPU Core,RV32I Core
🔧,hardware-emulators,Hardware & Emulators,💻,cpu-core,CPU Core,RV64I Core
🔧,hardware-emulators,Hardware & Emulators,💻,cpu-core,CPU Core,M Extension RV
🔧,hardware-emulators,Hardware & Emulators,💻,cpu-core,CPU Core,F Extension RV
🔧,hardware-emulators,Hardware & Emulators,💻,cpu-core,CPU Core,D Extension RV
🔧,hardware-emulators,Hardware & Emulators,💻,cpu-core,CPU Core,C Extension RV
🔧,hardware-emulators,Hardware & Emulators,💻,cpu-core,CPU Core,5 Stage Pipeline
🔧,hardware-emulators,Hardware & Emulators,💻,cpu-core,CPU Core,Fetch Stage CPU
🔧,hardware-emulators,Hardware & Emulators,💻,cpu-core,CPU Core,Decode Stage CPU
🔧,hardware-emulators,Hardware & Emulators,💻,cpu-core,CPU Core,Execute Stage CPU
🔧,hardware-emulators,Hardware & Emulators,💻,cpu-core,CPU Core,Memory Stage CPU
🔧,hardware-emulators,Hardware & Emulators,💻,cpu-core,CPU Core,Writeback CPU
🔧,hardware-emulators,Hardware & Emulators,💻,cpu-core,CPU Core,Branch Predictor
🔧,hardware-emulators,Hardware & Emulators,💻,cpu-core,CPU Core,Static BP CPU
🔧,hardware-emulators,Hardware & Emulators,💻,cpu-core,CPU Core,Dynamic BP CPU
🔧,hardware-emulators,Hardware & Emulators,💻,cpu-core,CPU Core,TAGE Predictor
🔧,hardware-emulators,Hardware & Emulators,💻,cpu-core,CPU Core,BTB CPU
🔧,hardware-emulators,Hardware & Emulators,💻,cpu-core,CPU Core,RAS CPU
🔧,hardware-emulators,Hardware & Emulators,💻,cpu-core,CPU Core,Out Of Order Core
🔧,hardware-emulators,Hardware & Emulators,💻,cpu-core,CPU Core,Reorder Buffer
🔧,hardware-emulators,Hardware & Emulators,💻,cpu-core,CPU Core,Reservation Station
🔧,hardware-emulators,Hardware & Emulators,💻,cpu-core,CPU Core,Load Store Queue
🔧,hardware-emulators,Hardware & Emulators,💻,cpu-core,CPU Core,Register Rename
🔧,hardware-emulators,Hardware & Emulators,💻,cpu-core,CPU Core,Scoreboard CPU
🔧,hardware-emulators,Hardware & Emulators,💻,cpu-core,CPU Core,Tomasulo Alg CPU
🔧,hardware-emulators,Hardware & Emulators,💻,cpu-core,CPU Core,Superscalar CPU
🔧,hardware-emulators,Hardware & Emulators,💻,cpu-core,CPU Core,SIMD Unit CPU
🔧,hardware-emulators,Hardware & Emulators,💻,cpu-core,CPU Core,FPU Core CPU
🔧,hardware-emulators,Hardware & Emulators,💻,cpu-core,CPU Core,MMU Core CPU
🔧,hardware-emulators,Hardware & Emulators,🧮,fpu-core,FPU Core,FP Add FPU
🔧,hardware-emulators,Hardware & Emulators,🧮,fpu-core,FPU Core,FP Sub FPU
🔧,hardware-emulators,Hardware & Emulators,🧮,fpu-core,FPU Core,FP Mul FPU
🔧,hardware-emulators,Hardware & Emulators,🧮,fpu-core,FPU Core,FP Div FPU
🔧,hardware-emulators,Hardware & Emulators,🧮,fpu-core,FPU Core,FP Sqrt FPU
🔧,hardware-emulators,Hardware & Emulators,🧮,fpu-core,FPU Core,FP FMA FPU
🔧,hardware-emulators,Hardware & Emulators,🧮,fpu-core,FPU Core,FP Compare FPU
🔧,hardware-emulators,Hardware & Emulators,🧮,fpu-core,FPU Core,FP Min Max FPU
🔧,hardware-emulators,Hardware & Emulators,🧮,fpu-core,FPU Core,FP Round FPU
🔧,hardware-emulators,Hardware & Emulators,🧮,fpu-core,FPU Core,FP Convert FPU
🔧,hardware-emulators,Hardware & Emulators,🧮,fpu-core,FPU Core,Int to Float Conv
🔧,hardware-emulators,Hardware & Emulators,🧮,fpu-core,FPU Core,Float to Int Conv
🔧,hardware-emulators,Hardware & Emulators,🧮,fpu-core,FPU Core,FP Classify FPU
🔧,hardware-emulators,Hardware & Emulators,🧮,fpu-core,FPU Core,FP Sign Inject
🔧,hardware-emulators,Hardware & Emulators,🧮,fpu-core,FPU Core,IEEE 754 Check
🔧,hardware-emulators,Hardware & Emulators,🧮,fpu-core,FPU Core,Denormal FPU
🔧,hardware-emulators,Hardware & Emulators,🧮,fpu-core,FPU Core,NaN Boxing FPU
🔧,hardware-emulators,Hardware & Emulators,🧮,fpu-core,FPU Core,Infinity FPU
🔧,hardware-emulators,Hardware & Emulators,🧮,fpu-core,FPU Core,Zero FPU
🔧,hardware-emulators,Hardware & Emulators,🧮,fpu-core,FPU Core,FP Exception FPU
🔧,hardware-emulators,Hardware & Emulators,🧮,fpu-core,FPU Core,FP Inexact Flag
🔧,hardware-emulators,Hardware & Emulators,🧮,fpu-core,FPU Core,FP Underflow Flag
🔧,hardware-emulators,Hardware & Emulators,🧮,fpu-core,FPU Core,FP Overflow Flag
🔧,hardware-emulators,Hardware & Emulators,🧮,fpu-core,FPU Core,FP Div By Zero
🔧,hardware-emulators,Hardware & Emulators,🧮,fpu-core,FPU Core,FP Invalid Flag
🔧,hardware-emulators,Hardware & Emulators,🧮,fpu-core,FPU Core,FP CSR Register
🔧,hardware-emulators,Hardware & Emulators,🧮,fpu-core,FPU Core,FP Soft Float
🔧,hardware-emulators,Hardware & Emulators,🧮,fpu-core,FPU Core,FP Hard Float
🔧,hardware-emulators,Hardware & Emulators,🧮,fpu-core,FPU Core,Half Precision FP
🔧,hardware-emulators,Hardware & Emulators,🧮,fpu-core,FPU Core,BFloat16 FPU
🔧,hardware-emulators,Hardware & Emulators,🧠,gpu-core-emu,GPU Core Emu,Shader Core GPU
🔧,hardware-emulators,Hardware & Emulators,🧠,gpu-core-emu,GPU Core Emu,SIMT Core GPU
🔧,hardware-emulators,Hardware & Emulators,🧠,gpu-core-emu,GPU Core Emu,Warp Scheduler
🔧,hardware-emulators,Hardware & Emulators,🧠,gpu-core-emu,GPU Core Emu,Thread Block GPU
🔧,hardware-emulators,Hardware & Emulators,🧠,gpu-core-emu,GPU Core Emu,CUDA Core Emu
🔧,hardware-emulators,Hardware & Emulators,🧠,gpu-core-emu,GPU Core Emu,Tensor Core Emu
🔧,hardware-emulators,Hardware & Emulators,🧠,gpu-core-emu,GPU Core Emu,Ray Trace Core
🔧,hardware-emulators,Hardware & Emulators,🧠,gpu-core-emu,GPU Core Emu,Texture Unit Emu
🔧,hardware-emulators,Hardware & Emulators,🧠,gpu-core-emu,GPU Core Emu,ROP Unit Emu
🔧,hardware-emulators,Hardware & Emulators,🧠,gpu-core-emu,GPU Core Emu,Scan Converter
🔧,hardware-emulators,Hardware & Emulators,🧠,gpu-core-emu,GPU Core Emu,Triangle Setup
🔧,hardware-emulators,Hardware & Emulators,🧠,gpu-core-emu,GPU Core Emu,Rasterizer GPU
🔧,hardware-emulators,Hardware & Emulators,🧠,gpu-core-emu,GPU Core Emu,Depth Test GPU
🔧,hardware-emulators,Hardware & Emulators,🧠,gpu-core-emu,GPU Core Emu,Stencil Test GPU
🔧,hardware-emulators,Hardware & Emulators,🧠,gpu-core-emu,GPU Core Emu,Blend Unit GPU
🔧,hardware-emulators,Hardware & Emulators,🧠,gpu-core-emu,GPU Core Emu,Frame Buffer GPU
🔧,hardware-emulators,Hardware & Emulators,🧠,gpu-core-emu,GPU Core Emu,Vertex Fetch GPU
🔧,hardware-emulators,Hardware & Emulators,🧠,gpu-core-emu,GPU Core Emu,Attribute Interp
🔧,hardware-emulators,Hardware & Emulators,🧠,gpu-core-emu,GPU Core Emu,Pixel Shader GPU
🔧,hardware-emulators,Hardware & Emulators,🧠,gpu-core-emu,GPU Core Emu,Vertex Shader GPU
🔧,hardware-emulators,Hardware & Emulators,🧠,gpu-core-emu,GPU Core Emu,Geometry Shader GPU
🔧,hardware-emulators,Hardware & Emulators,🧠,gpu-core-emu,GPU Core Emu,Tessellation GPU
🔧,hardware-emulators,Hardware & Emulators,🧠,gpu-core-emu,GPU Core Emu,Compute Shader GPU
🔧,hardware-emulators,Hardware & Emulators,🧠,gpu-core-emu,GPU Core Emu,SM Unit GPU
🔧,hardware-emulators,Hardware & Emulators,🧠,gpu-core-emu,GPU Core Emu,L1 Cache GPU
🔧,hardware-emulators,Hardware & Emulators,🧠,gpu-core-emu,GPU Core Emu,L2 Cache GPU
🔧,hardware-emulators,Hardware & Emulators,🧠,gpu-core-emu,GPU Core Emu,Register File GPU
🔧,hardware-emulators,Hardware & Emulators,🧠,gpu-core-emu,GPU Core Emu,Shared Mem GPU
🔧,hardware-emulators,Hardware & Emulators,🧠,gpu-core-emu,GPU Core Emu,Global Mem GPU
🔧,hardware-emulators,Hardware & Emulators,🧠,gpu-core-emu,GPU Core Emu,GPU Memory Ctrl
🔧,hardware-emulators,Hardware & Emulators,🔗,bus-controller,Bus Controller,AXI Bus Ctrl
🔧,hardware-emulators,Hardware & Emulators,🔗,bus-controller,Bus Controller,AXI4 Lite Ctrl
🔧,hardware-emulators,Hardware & Emulators,🔗,bus-controller,Bus Controller,AXI4 Stream Ctrl
🔧,hardware-emulators,Hardware & Emulators,🔗,bus-controller,Bus Controller,AHB Bus Ctrl
🔧,hardware-emulators,Hardware & Emulators,🔗,bus-controller,Bus Controller,APB Bus Ctrl
🔧,hardware-emulators,Hardware & Emulators,🔗,bus-controller,Bus Controller,Wishbone Bus
🔧,hardware-emulators,Hardware & Emulators,🔗,bus-controller,Bus Controller,TileLink Bus
🔧,hardware-emulators,Hardware & Emulators,🔗,bus-controller,Bus Controller,OCP Bus Ctrl
🔧,hardware-emulators,Hardware & Emulators,🔗,bus-controller,Bus Controller,PCIe Ctrl HE
🔧,hardware-emulators,Hardware & Emulators,🔗,bus-controller,Bus Controller,PCIe RC EP
🔧,hardware-emulators,Hardware & Emulators,🔗,bus-controller,Bus Controller,PCIe DMA Ctrl
🔧,hardware-emulators,Hardware & Emulators,🔗,bus-controller,Bus Controller,MSI MSI X Ctrl
🔧,hardware-emulators,Hardware & Emulators,🔗,bus-controller,Bus Controller,USB 2.0 Ctrl
🔧,hardware-emulators,Hardware & Emulators,🔗,bus-controller,Bus Controller,USB 3.0 Ctrl
🔧,hardware-emulators,Hardware & Emulators,🔗,bus-controller,Bus Controller,USB XHCI Ctrl
🔧,hardware-emulators,Hardware & Emulators,🔗,bus-controller,Bus Controller,SATA Ctrl HE
🔧,hardware-emulators,Hardware & Emulators,🔗,bus-controller,Bus Controller,AHCI Ctrl HE
🔧,hardware-emulators,Hardware & Emulators,🔗,bus-controller,Bus Controller,NVMe Ctrl HE
🔧,hardware-emulators,Hardware & Emulators,🔗,bus-controller,Bus Controller,Ethernet MAC He
🔧,hardware-emulators,Hardware & Emulators,🔗,bus-controller,Bus Controller,GMII RGMII MAC
🔧,hardware-emulators,Hardware & Emulators,🔗,bus-controller,Bus Controller,SPI Ctrl HE
🔧,hardware-emulators,Hardware & Emulators,🔗,bus-controller,Bus Controller,Quad SPI Ctrl
🔧,hardware-emulators,Hardware & Emulators,🔗,bus-controller,Bus Controller,I2C Ctrl HE
🔧,hardware-emulators,Hardware & Emulators,🔗,bus-controller,Bus Controller,I2C Multi Master
🔧,hardware-emulators,Hardware & Emulators,🔗,bus-controller,Bus Controller,UART 16550 Ctrl
🔧,hardware-emulators,Hardware & Emulators,🔗,bus-controller,Bus Controller,GPIO Ctrl HE
🔧,hardware-emulators,Hardware & Emulators,🔗,bus-controller,Bus Controller,PWM Ctrl HE
🔧,hardware-emulators,Hardware & Emulators,🔗,bus-controller,Bus Controller,Timer Ctrl HE
🔧,hardware-emulators,Hardware & Emulators,🔗,bus-controller,Bus Controller,Watchdog HE
🔧,hardware-emulators,Hardware & Emulators,🔗,bus-controller,Bus Controller,Interrupt Ctrl HE
🔧,hardware-emulators,Hardware & Emulators,💾,memory-controller,Memory Controller,DDR2 Ctrl HE
🔧,hardware-emulators,Hardware & Emulators,💾,memory-controller,Memory Controller,DDR3 Ctrl HE
🔧,hardware-emulators,Hardware & Emulators,💾,memory-controller,Memory Controller,DDR4 Ctrl HE
🔧,hardware-emulators,Hardware & Emulators,💾,memory-controller,Memory Controller,DDR5 Ctrl HE
🔧,hardware-emulators,Hardware & Emulators,💾,memory-controller,Memory Controller,LPDDR4 Ctrl
🔧,hardware-emulators,Hardware & Emulators,💾,memory-controller,Memory Controller,HBM Ctrl HE
🔧,hardware-emulators,Hardware & Emulators,💾,memory-controller,Memory Controller,GDDR6 Ctrl HE
🔧,hardware-emulators,Hardware & Emulators,💾,memory-controller,Memory Controller,SDRAM Ctrl HE
🔧,hardware-emulators,Hardware & Emulators,💾,memory-controller,Memory Controller,SRAM Ctrl HE
🔧,hardware-emulators,Hardware & Emulators,💾,memory-controller,Memory Controller,Flash Ctrl NAND
🔧,hardware-emulators,Hardware & Emulators,💾,memory-controller,Memory Controller,Flash Ctrl NOR
🔧,hardware-emulators,Hardware & Emulators,💾,memory-controller,Memory Controller,ECC Memory HE
🔧,hardware-emulators,Hardware & Emulators,💾,memory-controller,Memory Controller,SECDED ECC MC
🔧,hardware-emulators,Hardware & Emulators,💾,memory-controller,Memory Controller,Chip Kill MC
🔧,hardware-emulators,Hardware & Emulators,💾,memory-controller,Memory Controller,Rank Select MC
🔧,hardware-emulators,Hardware & Emulators,💾,memory-controller,Memory Controller,Bank Select MC
🔧,hardware-emulators,Hardware & Emulators,💾,memory-controller,Memory Controller,Row Col MC
🔧,hardware-emulators,Hardware & Emulators,💾,memory-controller,Memory Controller,Refresh Ctrl MC
🔧,hardware-emulators,Hardware & Emulators,💾,memory-controller,Memory Controller,Self Refresh MC
🔧,hardware-emulators,Hardware & Emulators,💾,memory-controller,Memory Controller,Power Down MC
🔧,hardware-emulators,Hardware & Emulators,💾,memory-controller,Memory Controller,ODT Ctrl MC
🔧,hardware-emulators,Hardware & Emulators,💾,memory-controller,Memory Controller,Write Level MC
🔧,hardware-emulators,Hardware & Emulators,💾,memory-controller,Memory Controller,Read Training MC
🔧,hardware-emulators,Hardware & Emulators,💾,memory-controller,Memory Controller,ZQ Calib MC
🔧,hardware-emulators,Hardware & Emulators,💾,memory-controller,Memory Controller,DFI Interface MC
🔧,hardware-emulators,Hardware & Emulators,💾,memory-controller,Memory Controller,PHY Interface MC
🔧,hardware-emulators,Hardware & Emulators,💾,memory-controller,Memory Controller,Address Map MC
🔧,hardware-emulators,Hardware & Emulators,💾,memory-controller,Memory Controller,Scheduler MC
🔧,hardware-emulators,Hardware & Emulators,💾,memory-controller,Memory Controller,Arbiter MC
🔧,hardware-emulators,Hardware & Emulators,💾,memory-controller,Memory Controller,Bandwidth MC
🔧,hardware-emulators,Hardware & Emulators,⏰,clock-generator,Clock Generator,PLL Design HE
🔧,hardware-emulators,Hardware & Emulators,⏰,clock-generator,Clock Generator,DLL Design HE
🔧,hardware-emulators,Hardware & Emulators,⏰,clock-generator,Clock Generator,VCO Model HE
🔧,hardware-emulators,Hardware & Emulators,⏰,clock-generator,Clock Generator,Phase Detector
🔧,hardware-emulators,Hardware & Emulators,⏰,clock-generator,Clock Generator,Charge Pump PLL
🔧,hardware-emulators,Hardware & Emulators,⏰,clock-generator,Clock Generator,Loop Filter PLL
🔧,hardware-emulators,Hardware & Emulators,⏰,clock-generator,Clock Generator,Feedback Div PLL
🔧,hardware-emulators,Hardware & Emulators,⏰,clock-generator,Clock Generator,Output Div PLL
🔧,hardware-emulators,Hardware & Emulators,⏰,clock-generator,Clock Generator,Fractional N PLL
🔧,hardware-emulators,Hardware & Emulators,⏰,clock-generator,Clock Generator,Integer N PLL
🔧,hardware-emulators,Hardware & Emulators,⏰,clock-generator,Clock Generator,SSC PLL HE
🔧,hardware-emulators,Hardware & Emulators,⏰,clock-generator,Clock Generator,Spread Spectrum
🔧,hardware-emulators,Hardware & Emulators,⏰,clock-generator,Clock Generator,Clock Divider HE
🔧,hardware-emulators,Hardware & Emulators,⏰,clock-generator,Clock Generator,Clock Mux HE
🔧,hardware-emulators,Hardware & Emulators,⏰,clock-generator,Clock Generator,Clock Gating HE
🔧,hardware-emulators,Hardware & Emulators,⏰,clock-generator,Clock Generator,Clock Enable HE
🔧,hardware-emulators,Hardware & Emulators,⏰,clock-generator,Clock Generator,Reset Sync CG
🔧,hardware-emulators,Hardware & Emulators,⏰,clock-generator,Clock Generator,MMCM Gen HE
🔧,hardware-emulators,Hardware & Emulators,⏰,clock-generator,Clock Generator,Clock Domain Sync
🔧,hardware-emulators,Hardware & Emulators,⏰,clock-generator,Clock Generator,Async FIFO Sync
🔧,hardware-emulators,Hardware & Emulators,⏰,clock-generator,Clock Generator,Dual Clock FIFO
🔧,hardware-emulators,Hardware & Emulators,⏰,clock-generator,Clock Generator,Clock Jitter Meas
🔧,hardware-emulators,Hardware & Emulators,⏰,clock-generator,Clock Generator,Phase Noise Meas
🔧,hardware-emulators,Hardware & Emulators,⏰,clock-generator,Clock Generator,Clock Skew HE
🔧,hardware-emulators,Hardware & Emulators,⏰,clock-generator,Clock Generator,Skew Adjust HE
🔧,hardware-emulators,Hardware & Emulators,⏰,clock-generator,Clock Generator,Glitch Free Mux
🔧,hardware-emulators,Hardware & Emulators,⏰,clock-generator,Clock Generator,Startup Config
🔧,hardware-emulators,Hardware & Emulators,⏰,clock-generator,Clock Generator,Lock Detect PLL
🔧,hardware-emulators,Hardware & Emulators,⏰,clock-generator,Clock Generator,Loss Of Lock
🔧,hardware-emulators,Hardware & Emulators,⏰,clock-generator,Clock Generator,Frequency Counter
🔧,hardware-emulators,Hardware & Emulators,🔌,gpio-subsystem,GPIO Subsystem,GPIO Input HE
🔧,hardware-emulators,Hardware & Emulators,🔌,gpio-subsystem,GPIO Subsystem,GPIO Output HE
🔧,hardware-emulators,Hardware & Emulators,🔌,gpio-subsystem,GPIO Subsystem,GPIO Open Drain
🔧,hardware-emulators,Hardware & Emulators,🔌,gpio-subsystem,GPIO Subsystem,GPIO Push Pull
🔧,hardware-emulators,Hardware & Emulators,🔌,gpio-subsystem,GPIO Subsystem,GPIO Interrupt
🔧,hardware-emulators,Hardware & Emulators,🔌,gpio-subsystem,GPIO Subsystem,GPIO Debounce
🔧,hardware-emulators,Hardware & Emulators,🔌,gpio-subsystem,GPIO Subsystem,GPIO Pull Up
🔧,hardware-emulators,Hardware & Emulators,🔌,gpio-subsystem,GPIO Subsystem,GPIO Pull Down
🔧,hardware-emulators,Hardware & Emulators,🔌,gpio-subsystem,GPIO Subsystem,GPIO Mux Alt Fun
🔧,hardware-emulators,Hardware & Emulators,🔌,gpio-subsystem,GPIO Subsystem,GPIO Input Filter
🔧,hardware-emulators,Hardware & Emulators,🔌,gpio-subsystem,GPIO Subsystem,GPIO Drive Strength
🔧,hardware-emulators,Hardware & Emulators,🔌,gpio-subsystem,GPIO Subsystem,GPIO Slew Rate
🔧,hardware-emulators,Hardware & Emulators,🔌,gpio-subsystem,GPIO Subsystem,GPIO Bank
🔧,hardware-emulators,Hardware & Emulators,🔌,gpio-subsystem,GPIO Subsystem,GPIO Port
🔧,hardware-emulators,Hardware & Emulators,🔌,gpio-subsystem,GPIO Subsystem,GPIO Pin Ctrl
🔧,hardware-emulators,Hardware & Emulators,🔌,gpio-subsystem,GPIO Subsystem,GPIO IRQ HE
🔧,hardware-emulators,Hardware & Emulators,🔌,gpio-subsystem,GPIO Subsystem,Edge Trigger GPIO
🔧,hardware-emulators,Hardware & Emulators,🔌,gpio-subsystem,GPIO Subsystem,Level Trigger GPIO
🔧,hardware-emulators,Hardware & Emulators,🔌,gpio-subsystem,GPIO Subsystem,Both Edge GPIO
🔧,hardware-emulators,Hardware & Emulators,🔌,gpio-subsystem,GPIO Subsystem,Low Level GPIO
🔧,hardware-emulators,Hardware & Emulators,🔌,gpio-subsystem,GPIO Subsystem,High Level GPIO
🔧,hardware-emulators,Hardware & Emulators,🔌,gpio-subsystem,GPIO Subsystem,Rising Edge GPIO
🔧,hardware-emulators,Hardware & Emulators,🔌,gpio-subsystem,GPIO Subsystem,Falling Edge GPIO
🔧,hardware-emulators,Hardware & Emulators,🔌,gpio-subsystem,GPIO Subsystem,GPIO Sysfs
🔧,hardware-emulators,Hardware & Emulators,🔌,gpio-subsystem,GPIO Subsystem,GPIO Character Dev
🔧,hardware-emulators,Hardware & Emulators,🔌,gpio-subsystem,GPIO Subsystem,GPIO Ioctl If
🔧,hardware-emulators,Hardware & Emulators,🔌,gpio-subsystem,GPIO Subsystem,GPIO Line Name
🔧,hardware-emulators,Hardware & Emulators,🔌,gpio-subsystem,GPIO Subsystem,GPIO Consumer
🔧,hardware-emulators,Hardware & Emulators,🔌,gpio-subsystem,GPIO Subsystem,GPIO Hog
🔧,hardware-emulators,Hardware & Emulators,🔌,gpio-subsystem,GPIO Subsystem,GPIO Look Up
🔧,hardware-emulators,Hardware & Emulators,🖥️,display-controller,Display Controller,VGA Ctrl HE
🔧,hardware-emulators,Hardware & Emulators,🖥️,display-controller,Display Controller,HDMI Tx Core
🔧,hardware-emulators,Hardware & Emulators,🖥️,display-controller,Display Controller,HDMI Rx Core
🔧,hardware-emulators,Hardware & Emulators,🖥️,display-controller,Display Controller,DisplayPort Tx
🔧,hardware-emulators,Hardware & Emulators,🖥️,display-controller,Display Controller,DisplayPort Rx
🔧,hardware-emulators,Hardware & Emulators,🖥️,display-controller,Display Controller,DVI Ctrl HE
🔧,hardware-emulators,Hardware & Emulators,🖥️,display-controller,Display Controller,LVDS Tx HE
🔧,hardware-emulators,Hardware & Emulators,🖥️,display-controller,Display Controller,MIPI DSI Ctrl
🔧,hardware-emulators,Hardware & Emulators,🖥️,display-controller,Display Controller,MIPI CSI 2 Rx
🔧,hardware-emulators,Hardware & Emulators,🖥️,display-controller,Display Controller,EDID Parser
🔧,hardware-emulators,Hardware & Emulators,🖥️,display-controller,Display Controller,DDC I2C HE
🔧,hardware-emulators,Hardware & Emulators,🖥️,display-controller,Display Controller,HDCP Encrypt HE
🔧,hardware-emulators,Hardware & Emulators,🖥️,display-controller,Display Controller,Pixel Clock Gen
🔧,hardware-emulators,Hardware & Emulators,🖥️,display-controller,Display Controller,H Sync Gen DC
🔧,hardware-emulators,Hardware & Emulators,🖥️,display-controller,Display Controller,V Sync Gen DC
🔧,hardware-emulators,Hardware & Emulators,🖥️,display-controller,Display Controller,Blank Interval DC
🔧,hardware-emulators,Hardware & Emulators,🖥️,display-controller,Display Controller,Front Porch DC
🔧,hardware-emulators,Hardware & Emulators,🖥️,display-controller,Display Controller,Back Porch DC
🔧,hardware-emulators,Hardware & Emulators,🖥️,display-controller,Display Controller,Sync Pulse DC
🔧,hardware-emulators,Hardware & Emulators,🖥️,display-controller,Display Controller,Pixel Format DC
🔧,hardware-emulators,Hardware & Emulators,🖥️,display-controller,Display Controller,RGB Output DC
🔧,hardware-emulators,Hardware & Emulators,🖥️,display-controller,Display Controller,YUV Output DC
🔧,hardware-emulators,Hardware & Emulators,🖥️,display-controller,Display Controller,Color Space Conv
🔧,hardware-emulators,Hardware & Emulators,🖥️,display-controller,Display Controller,Gamma Table DC
🔧,hardware-emulators,Hardware & Emulators,🖥️,display-controller,Display Controller,Dither Engine DC
🔧,hardware-emulators,Hardware & Emulators,🖥️,display-controller,Display Controller,Overlay Plane DC
🔧,hardware-emulators,Hardware & Emulators,🖥️,display-controller,Display Controller,Cursor Plane DC
🔧,hardware-emulators,Hardware & Emulators,🖥️,display-controller,Display Controller,Alpha Blend DC
🔧,hardware-emulators,Hardware & Emulators,🖥️,display-controller,Display Controller,Double Buffering
🔧,hardware-emulators,Hardware & Emulators,🖥️,display-controller,Display Controller,V Sync Interrupt
🔧,hardware-emulators,Hardware & Emulators,🔊,audio-codec-core,Audio Codec Core,I2S Tx Core
🔧,hardware-emulators,Hardware & Emulators,🔊,audio-codec-core,Audio Codec Core,I2S Rx Core
🔧,hardware-emulators,Hardware & Emulators,🔊,audio-codec-core,Audio Codec Core,TDM Audio Core
🔧,hardware-emulators,Hardware & Emulators,🔊,audio-codec-core,Audio Codec Core,PDM Mic IF
🔧,hardware-emulators,Hardware & Emulators,🔊,audio-codec-core,Audio Codec Core,PCM Audio IF
🔧,hardware-emulators,Hardware & Emulators,🔊,audio-codec-core,Audio Codec Core,AC97 Codec Core
🔧,hardware-emulators,Hardware & Emulators,🔊,audio-codec-core,Audio Codec Core,HDA Codec Core
🔧,hardware-emulators,Hardware & Emulators,🔊,audio-codec-core,Audio Codec Core,SPDIF Tx Core
🔧,hardware-emulators,Hardware & Emulators,🔊,audio-codec-core,Audio Codec Core,SPDIF Rx Core
🔧,hardware-emulators,Hardware & Emulators,🔊,audio-codec-core,Audio Codec Core,AES EBU IF
🔧,hardware-emulators,Hardware & Emulators,🔊,audio-codec-core,Audio Codec Core,Delta Sigma Mod
🔧,hardware-emulators,Hardware & Emulators,🔊,audio-codec-core,Audio Codec Core,DAC Core HE
🔧,hardware-emulators,Hardware & Emulators,🔊,audio-codec-core,Audio Codec Core,ADC Core HE
🔧,hardware-emulators,Hardware & Emulators,🔊,audio-codec-core,Audio Codec Core,Volume Ctrl ACC
🔧,hardware-emulators,Hardware & Emulators,🔊,audio-codec-core,Audio Codec Core,Mute Ctrl ACC
🔧,hardware-emulators,Hardware & Emulators,🔊,audio-codec-core,Audio Codec Core,Mixer Ctrl ACC
🔧,hardware-emulators,Hardware & Emulators,🔊,audio-codec-core,Audio Codec Core,Equalizer ACC
🔧,hardware-emulators,Hardware & Emulators,🔊,audio-codec-core,Audio Codec Core,Sample Rate Conv
🔧,hardware-emulators,Hardware & Emulators,🔊,audio-codec-core,Audio Codec Core,Bit Depth Conv
🔧,hardware-emulators,Hardware & Emulators,🔊,audio-codec-core,Audio Codec Core,Channel Mix ACC
🔧,hardware-emulators,Hardware & Emulators,🔊,audio-codec-core,Audio Codec Core,FIFO Audio ACC
🔧,hardware-emulators,Hardware & Emulators,🔊,audio-codec-core,Audio Codec Core,DMA Audio IF
🔧,hardware-emulators,Hardware & Emulators,🔊,audio-codec-core,Audio Codec Core,Interrupt Audio
🔧,hardware-emulators,Hardware & Emulators,🔊,audio-codec-core,Audio Codec Core,Audio Clock Gen
🔧,hardware-emulators,Hardware & Emulators,🔊,audio-codec-core,Audio Codec Core,MCLK Gen ACC
🔧,hardware-emulators,Hardware & Emulators,🔊,audio-codec-core,Audio Codec Core,BCLK Gen ACC
🔧,hardware-emulators,Hardware & Emulators,🔊,audio-codec-core,Audio Codec Core,LRCLK Gen ACC
🔧,hardware-emulators,Hardware & Emulators,🔊,audio-codec-core,Audio Codec Core,JPEG Audio IF
🔧,hardware-emulators,Hardware & Emulators,🔊,audio-codec-core,Audio Codec Core,Headphone Amp
🔧,hardware-emulators,Hardware & Emulators,🔊,audio-codec-core,Audio Codec Core,Mic Bias Gen
🔧,hardware-emulators,Hardware & Emulators,📡,rf-transceiver-core,RF Transceiver Core,LNA Design RF
🔧,hardware-emulators,Hardware & Emulators,📡,rf-transceiver-core,RF Transceiver Core,Mixer RF Core
🔧,hardware-emulators,Hardware & Emulators,📡,rf-transceiver-core,RF Transceiver Core,PA Design RF
🔧,hardware-emulators,Hardware & Emulators,📡,rf-transceiver-core,RF Transceiver Core,VCO RF Core
🔧,hardware-emulators,Hardware & Emulators,📡,rf-transceiver-core,RF Transceiver Core,PLL RF Core
🔧,hardware-emulators,Hardware & Emulators,📡,rf-transceiver-core,RF Transceiver Core,AGC Loop RF
🔧,hardware-emulators,Hardware & Emulators,📡,rf-transceiver-core,RF Transceiver Core,IQ Demod RF
🔧,hardware-emulators,Hardware & Emulators,📡,rf-transceiver-core,RF Transceiver Core,IQ Mod RF
🔧,hardware-emulators,Hardware & Emulators,📡,rf-transceiver-core,RF Transceiver Core,DAC RF Core
🔧,hardware-emulators,Hardware & Emulators,📡,rf-transceiver-core,RF Transceiver Core,ADC RF Core
🔧,hardware-emulators,Hardware & Emulators,📡,rf-transceiver-core,RF Transceiver Core,Baseband Filter
🔧,hardware-emulators,Hardware & Emulators,📡,rf-transceiver-core,RF Transceiver Core,Channel Filter RF
🔧,hardware-emulators,Hardware & Emulators,📡,rf-transceiver-core,RF Transceiver Core,DC Offset Cancel
🔧,hardware-emulators,Hardware & Emulators,📡,rf-transceiver-core,RF Transceiver Core,IQ Imbalance Corr
🔧,hardware-emulators,Hardware & Emulators,📡,rf-transceiver-core,RF Transceiver Core,Phase Rotator RF
🔧,hardware-emulators,Hardware & Emulators,📡,rf-transceiver-core,RF Transceiver Core,Timing Recovery
🔧,hardware-emulators,Hardware & Emulators,📡,rf-transceiver-core,RF Transceiver Core,Carrier Recovery
🔧,hardware-emulators,Hardware & Emulators,📡,rf-transceiver-core,RF Transceiver Core,Frame Sync RF
🔧,hardware-emulators,Hardware & Emulators,📡,rf-transceiver-core,RF Transceiver Core,Packet Detect RF
🔧,hardware-emulators,Hardware & Emulators,📡,rf-transceiver-core,RF Transceiver Core,CRC Check RF
🔧,hardware-emulators,Hardware & Emulators,📡,rf-transceiver-core,RF Transceiver Core,FEC Encode RF
🔧,hardware-emulators,Hardware & Emulators,📡,rf-transceiver-core,RF Transceiver Core,FEC Decode RF
🔧,hardware-emulators,Hardware & Emulators,📡,rf-transceiver-core,RF Transceiver Core,Interleaver RF
🔧,hardware-emulators,Hardware & Emulators,📡,rf-transceiver-core,RF Transceiver Core,Deinterleaver RF
🔧,hardware-emulators,Hardware & Emulators,📡,rf-transceiver-core,RF Transceiver Core,Scrambler RF
🔧,hardware-emulators,Hardware & Emulators,📡,rf-transceiver-core,RF Transceiver Core,Descrambler RF
🔧,hardware-emulators,Hardware & Emulators,📡,rf-transceiver-core,RF Transceiver Core,Modulator BPSK
🔧,hardware-emulators,Hardware & Emulators,📡,rf-transceiver-core,RF Transceiver Core,Demod BPSK RF
🔧,hardware-emulators,Hardware & Emulators,📡,rf-transceiver-core,RF Transceiver Core,Mod QPSK RF
🔧,hardware-emulators,Hardware & Emulators,📡,rf-transceiver-core,RF Transceiver Core,Demod QPSK RF
🔧,hardware-emulators,Hardware & Emulators,🔐,crypto-accelerator,Crypto Accelerator,AES Core AES
🔧,hardware-emulators,Hardware & Emulators,🔐,crypto-accelerator,Crypto Accelerator,AES 128 ECB
🔧,hardware-emulators,Hardware & Emulators,🔐,crypto-accelerator,Crypto Accelerator,AES 256 ECB
🔧,hardware-emulators,Hardware & Emulators,🔐,crypto-accelerator,Crypto Accelerator,AES CBC Core
🔧,hardware-emulators,Hardware & Emulators,🔐,crypto-accelerator,Crypto Accelerator,AES CTR Core
🔧,hardware-emulators,Hardware & Emulators,🔐,crypto-accelerator,Crypto Accelerator,AES GCM Core
🔧,hardware-emulators,Hardware & Emulators,🔐,crypto-accelerator,Crypto Accelerator,AES CCM Core
🔧,hardware-emulators,Hardware & Emulators,🔐,crypto-accelerator,Crypto Accelerator,AES Key Expand
🔧,hardware-emulators,Hardware & Emulators,🔐,crypto-accelerator,Crypto Accelerator,AES S Box Core
🔧,hardware-emulators,Hardware & Emulators,🔐,crypto-accelerator,Crypto Accelerator,AES Mix Col Core
🔧,hardware-emulators,Hardware & Emulators,🔐,crypto-accelerator,Crypto Accelerator,AES Shift Row
🔧,hardware-emulators,Hardware & Emulators,🔐,crypto-accelerator,Crypto Accelerator,AES Add Round Key
🔧,hardware-emulators,Hardware & Emulators,🔐,crypto-accelerator,Crypto Accelerator,SHA 256 Core
🔧,hardware-emulators,Hardware & Emulators,🔐,crypto-accelerator,Crypto Accelerator,SHA 512 Core
🔧,hardware-emulators,Hardware & Emulators,🔐,crypto-accelerator,Crypto Accelerator,SHA 3 Core
🔧,hardware-emulators,Hardware & Emulators,🔐,crypto-accelerator,Crypto Accelerator,Keccak Core
🔧,hardware-emulators,Hardware & Emulators,🔐,crypto-accelerator,Crypto Accelerator,HMAC Core Hw
🔧,hardware-emulators,Hardware & Emulators,🔐,crypto-accelerator,Crypto Accelerator,RSA Core Hw
🔧,hardware-emulators,Hardware & Emulators,🔐,crypto-accelerator,Crypto Accelerator,RSA Key Gen Hw
🔧,hardware-emulators,Hardware & Emulators,🔐,crypto-accelerator,Crypto Accelerator,RSA Encrypt Hw
🔧,hardware-emulators,Hardware & Emulators,🔐,crypto-accelerator,Crypto Accelerator,RSA Decrypt Hw
🔧,hardware-emulators,Hardware & Emulators,🔐,crypto-accelerator,Crypto Accelerator,ECC Core Hw
🔧,hardware-emulators,Hardware & Emulators,🔐,crypto-accelerator,Crypto Accelerator,ECC Point Mult
🔧,hardware-emulators,Hardware & Emulators,🔐,crypto-accelerator,Crypto Accelerator,ECDH Hw Core
🔧,hardware-emulators,Hardware & Emulators,🔐,crypto-accelerator,Crypto Accelerator,ECDSA Hw Core
🔧,hardware-emulators,Hardware & Emulators,🔐,crypto-accelerator,Crypto Accelerator,Ed25519 Hw Core
🔧,hardware-emulators,Hardware & Emulators,🔐,crypto-accelerator,Crypto Accelerator,X25519 Hw Core
🔧,hardware-emulators,Hardware & Emulators,🔐,crypto-accelerator,Crypto Accelerator,TRNG Core Hw
🔧,hardware-emulators,Hardware & Emulators,🔐,crypto-accelerator,Crypto Accelerator,DRBG Core Hw
🔧,hardware-emulators,Hardware & Emulators,🔐,crypto-accelerator,Crypto Accelerator,CRC Accelerator
🔧,hardware-emulators,Hardware & Emulators,🔍,jtag-debugger,JTAG Debugger,JTAG TAP Ctrl
🔧,hardware-emulators,Hardware & Emulators,🔍,jtag-debugger,JTAG Debugger,JTAG IR Register
🔧,hardware-emulators,Hardware & Emulators,🔍,jtag-debugger,JTAG Debugger,JTAG DR Register
🔧,hardware-emulators,Hardware & Emulators,🔍,jtag-debugger,JTAG Debugger,JTAG Bypass Reg
🔧,hardware-emulators,Hardware & Emulators,🔍,jtag-debugger,JTAG Debugger,JTAG ID Code
🔧,hardware-emulators,Hardware & Emulators,🔍,jtag-debugger,JTAG Debugger,JTAG Chain TAP
🔧,hardware-emulators,Hardware & Emulators,🔍,jtag-debugger,JTAG Debugger,JTAG State Mach
🔧,hardware-emulators,Hardware & Emulators,🔍,jtag-debugger,JTAG Debugger,Test Logic Reset
🔧,hardware-emulators,Hardware & Emulators,🔍,jtag-debugger,JTAG Debugger,Run Test Idle
🔧,hardware-emulators,Hardware & Emulators,🔍,jtag-debugger,JTAG Debugger,Select DR Scan
🔧,hardware-emulators,Hardware & Emulators,🔍,jtag-debugger,JTAG Debugger,Capture DR JTAG
🔧,hardware-emulators,Hardware & Emulators,🔍,jtag-debugger,JTAG Debugger,Shift DR JTAG
🔧,hardware-emulators,Hardware & Emulators,🔍,jtag-debugger,JTAG Debugger,Exit1 DR JTAG
🔧,hardware-emulators,Hardware & Emulators,🔍,jtag-debugger,JTAG Debugger,Pause DR JTAG
🔧,hardware-emulators,Hardware & Emulators,🔍,jtag-debugger,JTAG Debugger,Exit2 DR JTAG
🔧,hardware-emulators,Hardware & Emulators,🔍,jtag-debugger,JTAG Debugger,Update DR JTAG
🔧,hardware-emulators,Hardware & Emulators,🔍,jtag-debugger,JTAG Debugger,Select IR Scan JTAG
🔧,hardware-emulators,Hardware & Emulators,🔍,jtag-debugger,JTAG Debugger,Capture IR JTAG
🔧,hardware-emulators,Hardware & Emulators,🔍,jtag-debugger,JTAG Debugger,Shift IR JTAG
🔧,hardware-emulators,Hardware & Emulators,🔍,jtag-debugger,JTAG Debugger,Exit1 IR JTAG
🔧,hardware-emulators,Hardware & Emulators,🔍,jtag-debugger,JTAG Debugger,Pause IR JTAG
🔧,hardware-emulators,Hardware & Emulators,🔍,jtag-debugger,JTAG Debugger,Exit2 IR JTAG
🔧,hardware-emulators,Hardware & Emulators,🔍,jtag-debugger,JTAG Debugger,Update IR JTAG
🔧,hardware-emulators,Hardware & Emulators,🔍,jtag-debugger,JTAG Debugger,JTAG to AXI Bridge
🔧,hardware-emulators,Hardware & Emulators,🔍,jtag-debugger,JTAG Debugger,JTAG UART He
🔧,hardware-emulators,Hardware & Emulators,🔍,jtag-debugger,JTAG Debugger,Boundary Scan JTAG
🔧,hardware-emulators,Hardware & Emulators,🔍,jtag-debugger,JTAG Debugger,SVF Player JTAG
🔧,hardware-emulators,Hardware & Emulators,🔍,jtag-debugger,JTAG Debugger,BSDL Parser JTAG
🔧,hardware-emulators,Hardware & Emulators,🔍,jtag-debugger,JTAG Debugger,Coresight JTAG
🔧,hardware-emulators,Hardware & Emulators,🔍,jtag-debugger,JTAG Debugger,SWD Protocol He
🔧,hardware-emulators,Hardware & Emulators,🧩,fpga-tile,FPGA Tile,LUT 4 FPGA
🔧,hardware-emulators,Hardware & Emulators,🧩,fpga-tile,FPGA Tile,LUT 5 FPGA
🔧,hardware-emulators,Hardware & Emulators,🧩,fpga-tile,FPGA Tile,LUT 6 FPGA
🔧,hardware-emulators,Hardware & Emulators,🧩,fpga-tile,FPGA Tile,FF FPGA Tile
🔧,hardware-emulators,Hardware & Emulators,🧩,fpga-tile,FPGA Tile,Carry Chain FPGA
🔧,hardware-emulators,Hardware & Emulators,🧩,fpga-tile,FPGA Tile,Mux FPGA Tile
🔧,hardware-emulators,Hardware & Emulators,🧩,fpga-tile,FPGA Tile,DSP Slice FPGA
🔧,hardware-emulators,Hardware & Emulators,🧩,fpga-tile,FPGA Tile,18x18 Mul FPGA
🔧,hardware-emulators,Hardware & Emulators,🧩,fpga-tile,FPGA Tile,48 Bit Add FPGA
🔧,hardware-emulators,Hardware & Emulators,🧩,fpga-tile,FPGA Tile,BRAM FPGA Tile
🔧,hardware-emulators,Hardware & Emulators,🧩,fpga-tile,FPGA Tile,True Dual Port RAM
🔧,hardware-emulators,Hardware & Emulators,🧩,fpga-tile,FPGA Tile,Simple Dual Port
🔧,hardware-emulators,Hardware & Emulators,🧩,fpga-tile,FPGA Tile,Single Port RAM
🔧,hardware-emulators,Hardware & Emulators,🧩,fpga-tile,FPGA Tile,ROM FPGA Tile
🔧,hardware-emulators,Hardware & Emulators,🧩,fpga-tile,FPGA Tile,FIFO FPGA Tile
🔧,hardware-emulators,Hardware & Emulators,🧩,fpga-tile,FPGA Tile,IO Pad FPGA Tile
🔧,hardware-emulators,Hardware & Emulators,🧩,fpga-tile,FPGA Tile,PLL Tile FPGA
🔧,hardware-emulators,Hardware & Emulators,🧩,fpga-tile,FPGA Tile,MMCM Tile FPGA
🔧,hardware-emulators,Hardware & Emulators,🧩,fpga-tile,FPGA Tile,SerDes FPGA Tile
🔧,hardware-emulators,Hardware & Emulators,🧩,fpga-tile,FPGA Tile,PCIe Hard IP
🔧,hardware-emulators,Hardware & Emulators,🧩,fpga-tile,FPGA Tile,Ethernet Hard IP
🔧,hardware-emulators,Hardware & Emulators,🧩,fpga-tile,FPGA Tile,Config Logic FPGA
🔧,hardware-emulators,Hardware & Emulators,🧩,fpga-tile,FPGA Tile,Bitstream Load
🔧,hardware-emulators,Hardware & Emulators,🧩,fpga-tile,FPGA Tile,Fabric Router FPGA
🔧,hardware-emulators,Hardware & Emulators,🧩,fpga-tile,FPGA Tile,Switch Matrix FPGA
🔧,hardware-emulators,Hardware & Emulators,🧩,fpga-tile,FPGA Tile,Connection Box
🔧,hardware-emulators,Hardware & Emulators,🧩,fpga-tile,FPGA Tile,CLB FPGA Tile
🔧,hardware-emulators,Hardware & Emulators,🧩,fpga-tile,FPGA Tile,Slice FPGA Tile
🔧,hardware-emulators,Hardware & Emulators,🧩,fpga-tile,FPGA Tile,Routing Track FPGA
🔧,hardware-emulators,Hardware & Emulators,🧩,fpga-tile,FPGA Tile,CB SB FPGA
🔧,hardware-emulators,Hardware & Emulators,💡,sensor-interface,Sensor Interface,Temperature Sens
🔧,hardware-emulators,Hardware & Emulators,💡,sensor-interface,Sensor Interface,I2C Temp Sensor
🔧,hardware-emulators,Hardware & Emulators,💡,sensor-interface,Sensor Interface,SPI Temp Sensor
🔧,hardware-emulators,Hardware & Emulators,💡,sensor-interface,Sensor Interface,Humidity Sensor IF
🔧,hardware-emulators,Hardware & Emulators,💡,sensor-interface,Sensor Interface,Pressure Sensor IF
🔧,hardware-emulators,Hardware & Emulators,💡,sensor-interface,Sensor Interface,IMU Sensor IF
🔧,hardware-emulators,Hardware & Emulators,💡,sensor-interface,Sensor Interface,Accel Sensor IF
🔧,hardware-emulators,Hardware & Emulators,💡,sensor-interface,Sensor Interface,Gyro Sensor IF
🔧,hardware-emulators,Hardware & Emulators,💡,sensor-interface,Sensor Interface,Magnetometer IF
🔧,hardware-emulators,Hardware & Emulators,💡,sensor-interface,Sensor Interface,Distance Sensor IF
🔧,hardware-emulators,Hardware & Emulators,💡,sensor-interface,Sensor Interface,Ultrasonic IF
🔧,hardware-emulators,Hardware & Emulators,💡,sensor-interface,Sensor Interface,IR Sensor IF
🔧,hardware-emulators,Hardware & Emulators,💡,sensor-interface,Sensor Interface,PIR Sensor IF
🔧,hardware-emulators,Hardware & Emulators,💡,sensor-interface,Sensor Interface,Light Sensor IF
🔧,hardware-emulators,Hardware & Emulators,💡,sensor-interface,Sensor Interface,Camera Sensor IF
🔧,hardware-emulators,Hardware & Emulators,💡,sensor-interface,Sensor Interface,OV5640 IF
🔧,hardware-emulators,Hardware & Emulators,💡,sensor-interface,Sensor Interface,IMX219 IF
🔧,hardware-emulators,Hardware & Emulators,💡,sensor-interface,Sensor Interface,ToF Sensor IF
🔧,hardware-emulators,Hardware & Emulators,💡,sensor-interface,Sensor Interface,VL53L0X IF
🔧,hardware-emulators,Hardware & Emulators,💡,sensor-interface,Sensor Interface,Gas Sensor IF
🔧,hardware-emulators,Hardware & Emulators,💡,sensor-interface,Sensor Interface,MQ Series IF
🔧,hardware-emulators,Hardware & Emulators,💡,sensor-interface,Sensor Interface,Flow Sensor IF
🔧,hardware-emulators,Hardware & Emulators,💡,sensor-interface,Sensor Interface,Current Sensor IF
🔧,hardware-emulators,Hardware & Emulators,💡,sensor-interface,Sensor Interface,Voltage Sensor IF
🔧,hardware-emulators,Hardware & Emulators,💡,sensor-interface,Sensor Interface,Proximity Sens IF
🔧,hardware-emulators,Hardware & Emulators,💡,sensor-interface,Sensor Interface,Touch Sensor IF
🔧,hardware-emulators,Hardware & Emulators,💡,sensor-interface,Sensor Interface,Capacitive Touch
🔧,hardware-emulators,Hardware & Emulators,💡,sensor-interface,Sensor Interface,Resistive Touch
🔧,hardware-emulators,Hardware & Emulators,💡,sensor-interface,Sensor Interface,Hall Effect IF
🔧,hardware-emulators,Hardware & Emulators,💡,sensor-interface,Sensor Interface,Encoder IF
🔧,hardware-emulators,Hardware & Emulators,🔋,power-management-ic,Power Management IC,Buck Converter PM
🔧,hardware-emulators,Hardware & Emulators,🔋,power-management-ic,Power Management IC,Boost Converter
🔧,hardware-emulators,Hardware & Emulators,🔋,power-management-ic,Power Management IC,Buck Boost PM
🔧,hardware-emulators,Hardware & Emulators,🔋,power-management-ic,Power Management IC,LDO Regulator PM
🔧,hardware-emulators,Hardware & Emulators,🔋,power-management-ic,Power Management IC,Switching Reg PM
🔧,hardware-emulators,Hardware & Emulators,🔋,power-management-ic,Power Management IC,PMIC State Mach
🔧,hardware-emulators,Hardware & Emulators,🔋,power-management-ic,Power Management IC,Power Good PM
🔧,hardware-emulators,Hardware & Emulators,🔋,power-management-ic,Power Management IC,Enable Seq PM
🔧,hardware-emulators,Hardware & Emulators,🔋,power-management-ic,Power Management IC,Soft Start PM
🔧,hardware-emulators,Hardware & Emulators,🔋,power-management-ic,Power Management IC,Over Voltage PM
🔧,hardware-emulators,Hardware & Emulators,🔋,power-management-ic,Power Management IC,Under Voltage PM
🔧,hardware-emulators,Hardware & Emulators,🔋,power-management-ic,Power Management IC,Over Current PM
🔧,hardware-emulators,Hardware & Emulators,🔋,power-management-ic,Power Management IC,Over Temp PM
🔧,hardware-emulators,Hardware & Emulators,🔋,power-management-ic,Power Management IC,Short Circuit PM
🔧,hardware-emulators,Hardware & Emulators,🔋,power-management-ic,Power Management IC,Power Limit PM
🔧,hardware-emulators,Hardware & Emulators,🔋,power-management-ic,Power Management IC,Current Limit PM
🔧,hardware-emulators,Hardware & Emulators,🔋,power-management-ic,Power Management IC,Thermal Shutdown
🔧,hardware-emulators,Hardware & Emulators,🔋,power-management-ic,Power Management IC,Power On Reset
🔧,hardware-emulators,Hardware & Emulators,🔋,power-management-ic,Power Management IC,Brown Out Det
🔧,hardware-emulators,Hardware & Emulators,🔋,power-management-ic,Power Management IC,Battery Charger PM
🔧,hardware-emulators,Hardware & Emulators,🔋,power-management-ic,Power Management IC,Li Ion Charger
🔧,hardware-emulators,Hardware & Emulators,🔋,power-management-ic,Power Management IC,Battery Fuel Gauge
🔧,hardware-emulators,Hardware & Emulators,🔋,power-management-ic,Power Management IC,Coulomb Counter
🔧,hardware-emulators,Hardware & Emulators,🔋,power-management-ic,Power Management IC,Max Charge Curr
🔧,hardware-emulators,Hardware & Emulators,🔋,power-management-ic,Power Management IC,Charge Term Volt
🔧,hardware-emulators,Hardware & Emulators,🔋,power-management-ic,Power Management IC,Trickle Charge PM
🔧,hardware-emulators,Hardware & Emulators,🔋,power-management-ic,Power Management IC,Fast Charge PM
🔧,hardware-emulators,Hardware & Emulators,🔋,power-management-ic,Power Management IC,Top Off PM
🔧,hardware-emulators,Hardware & Emulators,🔋,power-management-ic,Power Management IC,Battery Protect
🔧,hardware-emulators,Hardware & Emulators,🔋,power-management-ic,Power Management IC,NTC Thermistor
🔧,hardware-emulators,Hardware & Emulators,🕹️,game-console-hw,Game Console HW,NES APU He
🔧,hardware-emulators,Hardware & Emulators,🕹️,game-console-hw,Game Console HW,NES 2A03 Core
🔧,hardware-emulators,Hardware & Emulators,🕹️,game-console-hw,Game Console HW,SNES SPC700
🔧,hardware-emulators,Hardware & Emulators,🕹️,game-console-hw,Game Console HW,SNES PPU1 PPU2
🔧,hardware-emulators,Hardware & Emulators,🕹️,game-console-hw,Game Console HW,Game Boy CPU
🔧,hardware-emulators,Hardware & Emulators,🕹️,game-console-hw,Game Console HW,Game Boy PPU
🔧,hardware-emulators,Hardware & Emulators,🕹️,game-console-hw,Game Console HW,GBA CPU
🔧,hardware-emulators,Hardware & Emulators,🕹️,game-console-hw,Game Console HW,GBA PPU
🔧,hardware-emulators,Hardware & Emulators,🕹️,game-console-hw,Game Console HW,Genesis VDP He
🔧,hardware-emulators,Hardware & Emulators,🕹️,game-console-hw,Game Console HW,Genesis YM2612 He
🔧,hardware-emulators,Hardware & Emulators,🕹️,game-console-hw,Game Console HW,Genesis Z80 He
🔧,hardware-emulators,Hardware & Emulators,🕹️,game-console-hw,Game Console HW,PS1 CPU Core He
🔧,hardware-emulators,Hardware & Emulators,🕹️,game-console-hw,Game Console HW,PS1 GPU Core He
🔧,hardware-emulators,Hardware & Emulators,🕹️,game-console-hw,Game Console HW,PS1 SPU Core He
🔧,hardware-emulators,Hardware & Emulators,🕹️,game-console-hw,Game Console HW,PS1 MDEC Core He
🔧,hardware-emulators,Hardware & Emulators,🕹️,game-console-hw,Game Console HW,PS1 DMA Core He
🔧,hardware-emulators,Hardware & Emulators,🕹️,game-console-hw,Game Console HW,PS1 CDROM Ctrl
🔧,hardware-emulators,Hardware & Emulators,🕹️,game-console-hw,Game Console HW,N64 CPU VR4300
🔧,hardware-emulators,Hardware & Emulators,🕹️,game-console-hw,Game Console HW,N64 RCP Core He
🔧,hardware-emulators,Hardware & Emulators,🕹️,game-console-hw,Game Console HW,N64 SI PI He
🔧,hardware-emulators,Hardware & Emulators,🕹️,game-console-hw,Game Console HW,DS ARM9 CPU
🔧,hardware-emulators,Hardware & Emulators,🕹️,game-console-hw,Game Console HW,DS ARM7 CPU
🔧,hardware-emulators,Hardware & Emulators,🕹️,game-console-hw,Game Console HW,DS GPU Core He
🔧,hardware-emulators,Hardware & Emulators,🕹️,game-console-hw,Game Console HW,PSP CPU Core He
🔧,hardware-emulators,Hardware & Emulators,🕹️,game-console-hw,Game Console HW,PSP GPU Core He
🔧,hardware-emulators,Hardware & Emulators,🕹️,game-console-hw,Game Console HW,PSP Media Engine
🔧,hardware-emulators,Hardware & Emulators,🕹️,game-console-hw,Game Console HW,PS2 EE Core He
🔧,hardware-emulators,Hardware & Emulators,🕹️,game-console-hw,Game Console HW,PS2 GS Core He
🔧,hardware-emulators,Hardware & Emulators,🕹️,game-console-hw,Game Console HW,PS2 SPU2 He
🔧,hardware-emulators,Hardware & Emulators,🕹️,game-console-hw,Game Console HW,PS2 DMA He
🔧,hardware-emulators,Hardware & Emulators,🔌,usb-device-core,USB Device Core,USB Device Ctrl
🔧,hardware-emulators,Hardware & Emulators,🔌,usb-device-core,USB Device Core,USB EP0 Ctrl
🔧,hardware-emulators,Hardware & Emulators,🔌,usb-device-core,USB Device Core,USB EP1 Ctrl
🔧,hardware-emulators,Hardware & Emulators,🔌,usb-device-core,USB Device Core,USB Bulk EP He
🔧,hardware-emulators,Hardware & Emulators,🔌,usb-device-core,USB Device Core,USB Interrupt EP
🔧,hardware-emulators,Hardware & Emulators,🔌,usb-device-core,USB Device Core,USB Isoch EP He
🔧,hardware-emulators,Hardware & Emulators,🔌,usb-device-core,USB Device Core,USB Control Xfer
🔧,hardware-emulators,Hardware & Emulators,🔌,usb-device-core,USB Device Core,USB Setup Pack
🔧,hardware-emulators,Hardware & Emulators,🔌,usb-device-core,USB Device Core,USB Data Pack
🔧,hardware-emulators,Hardware & Emulators,🔌,usb-device-core,USB Device Core,USB Status Pack
🔧,hardware-emulators,Hardware & Emulators,🔌,usb-device-core,USB Device Core,USB Token Pack
🔧,hardware-emulators,Hardware & Emulators,🔌,usb-device-core,USB Device Core,USB SOF Packet
🔧,hardware-emulators,Hardware & Emulators,🔌,usb-device-core,USB Device Core,USB Reset Signal
🔧,hardware-emulators,Hardware & Emulators,🔌,usb-device-core,USB Device Core,USB Suspend He
🔧,hardware-emulators,Hardware & Emulators,🔌,usb-device-core,USB Device Core,USB Resume He
🔧,hardware-emulators,Hardware & Emulators,🔌,usb-device-core,USB Device Core,USB Speed Detect
🔧,hardware-emulators,Hardware & Emulators,🔌,usb-device-core,USB Device Core,USB Low Speed He
🔧,hardware-emulators,Hardware & Emulators,🔌,usb-device-core,USB Device Core,USB Full Speed
🔧,hardware-emulators,Hardware & Emulators,🔌,usb-device-core,USB Device Core,USB High Speed
🔧,hardware-emulators,Hardware & Emulators,🔌,usb-device-core,USB Device Core,USB Super Speed
🔧,hardware-emulators,Hardware & Emulators,🔌,usb-device-core,USB Device Core,USB Descriptor Dev
🔧,hardware-emulators,Hardware & Emulators,🔌,usb-device-core,USB Device Core,USB Descriptor Conf
🔧,hardware-emulators,Hardware & Emulators,🔌,usb-device-core,USB Device Core,USB Descriptor IF
🔧,hardware-emulators,Hardware & Emulators,🔌,usb-device-core,USB Device Core,USB Descriptor EP
🔧,hardware-emulators,Hardware & Emulators,🔌,usb-device-core,USB Device Core,USB String Desc
🔧,hardware-emulators,Hardware & Emulators,🔌,usb-device-core,USB Device Core,USB BOS Desc
🔧,hardware-emulators,Hardware & Emulators,🔌,usb-device-core,USB Device Core,USB MS OS 2.0
🔧,hardware-emulators,Hardware & Emulators,🔌,usb-device-core,USB Device Core,USB Class HID He
🔧,hardware-emulators,Hardware & Emulators,🔌,usb-device-core,USB Device Core,USB Class MSC He
🔧,hardware-emulators,Hardware & Emulators,🔌,usb-device-core,USB Device Core,USB Class CDC He
🔧,hardware-emulators,Hardware & Emulators,🔗,pcie-endpoint-core,PCIe Endpoint Core,PCIe PHY Layer
🔧,hardware-emulators,Hardware & Emulators,🔗,pcie-endpoint-core,PCIe Endpoint Core,PCIe MAC Layer
🔧,hardware-emulators,Hardware & Emulators,🔗,pcie-endpoint-core,PCIe Endpoint Core,PCIe Link Train
🔧,hardware-emulators,Hardware & Emulators,🔗,pcie-endpoint-core,PCIe Endpoint Core,PCIe Gen1 EP
🔧,hardware-emulators,Hardware & Emulators,🔗,pcie-endpoint-core,PCIe Endpoint Core,PCIe Gen2 EP
🔧,hardware-emulators,Hardware & Emulators,🔗,pcie-endpoint-core,PCIe Endpoint Core,PCIe Gen3 EP
🔧,hardware-emulators,Hardware & Emulators,🔗,pcie-endpoint-core,PCIe Endpoint Core,PCIe Gen4 EP
🔧,hardware-emulators,Hardware & Emulators,🔗,pcie-endpoint-core,PCIe Endpoint Core,PCIe Gen5 EP
🔧,hardware-emulators,Hardware & Emulators,🔗,pcie-endpoint-core,PCIe Endpoint Core,PCIe TLP Gen
🔧,hardware-emulators,Hardware & Emulators,🔗,pcie-endpoint-core,PCIe Endpoint Core,PCIe Mem TLP
🔧,hardware-emulators,Hardware & Emulators,🔗,pcie-endpoint-core,PCIe Endpoint Core,PCIe IO TLP
🔧,hardware-emulators,Hardware & Emulators,🔗,pcie-endpoint-core,PCIe Endpoint Core,PCIe Config TLP
🔧,hardware-emulators,Hardware & Emulators,🔗,pcie-endpoint-core,PCIe Endpoint Core,PCIe Msg TLP
🔧,hardware-emulators,Hardware & Emulators,🔗,pcie-endpoint-core,PCIe Endpoint Core,PCIe Cpl TLP
🔧,hardware-emulators,Hardware & Emulators,🔗,pcie-endpoint-core,PCIe Endpoint Core,PCIe CplD TLP
🔧,hardware-emulators,Hardware & Emulators,🔗,pcie-endpoint-core,PCIe Endpoint Core,PCIe BAR EP
🔧,hardware-emulators,Hardware & Emulators,🔗,pcie-endpoint-core,PCIe Endpoint Core,PCIe MSI EP
🔧,hardware-emulators,Hardware & Emulators,🔗,pcie-endpoint-core,PCIe Endpoint Core,PCIe MSI X EP
🔧,hardware-emulators,Hardware & Emulators,🔗,pcie-endpoint-core,PCIe Endpoint Core,PCIe ARI EP
🔧,hardware-emulators,Hardware & Emulators,🔗,pcie-endpoint-core,PCIe Endpoint Core,PCIe SR IOV EP
🔧,hardware-emulators,Hardware & Emulators,🔗,pcie-endpoint-core,PCIe Endpoint Core,PCIe AER EP
🔧,hardware-emulators,Hardware & Emulators,🔗,pcie-endpoint-core,PCIe Endpoint Core,PCIe DOE EP
🔧,hardware-emulators,Hardware & Emulators,🔗,pcie-endpoint-core,PCIe Endpoint Core,PCIe ECN EP
🔧,hardware-emulators,Hardware & Emulators,🔗,pcie-endpoint-core,PCIe Endpoint Core,PCIe Max Payload
🔧,hardware-emulators,Hardware & Emulators,🔗,pcie-endpoint-core,PCIe Endpoint Core,PCIe Max Read Req
🔧,hardware-emulators,Hardware & Emulators,🔗,pcie-endpoint-core,PCIe Endpoint Core,PCIe Completion Timeout
🔧,hardware-emulators,Hardware & Emulators,🔗,pcie-endpoint-core,PCIe Endpoint Core,PCIe Relax Order
🔧,hardware-emulators,Hardware & Emulators,🔗,pcie-endpoint-core,PCIe Endpoint Core,PCIe No Snoop
🔧,hardware-emulators,Hardware & Emulators,🔗,pcie-endpoint-core,PCIe Endpoint Core,PCIe TPH EP
🔧,hardware-emulators,Hardware & Emulators,🔗,pcie-endpoint-core,PCIe Endpoint Core,PCIe OBFF EP
🔧,hardware-emulators,Hardware & Emulators,📹,video-capture-core,Video Capture Core,Camera IF Par
🔧,hardware-emulators,Hardware & Emulators,📹,video-capture-core,Video Capture Core,Camera IF MIPI
🔧,hardware-emulators,Hardware & Emulators,📹,video-capture-core,Video Capture Core,CSI 2 Rx Core
🔧,hardware-emulators,Hardware & Emulators,📹,video-capture-core,Video Capture Core,CSI 2 Tx Core
🔧,hardware-emulators,Hardware & Emulators,📹,video-capture-core,Video Capture Core,Pixel Decoder VC
🔧,hardware-emulators,Hardware & Emulators,📹,video-capture-core,Video Capture Core,Bayer Pattern VC
🔧,hardware-emulators,Hardware & Emulators,📹,video-capture-core,Video Capture Core,Debayer Core VC
🔧,hardware-emulators,Hardware & Emulators,📹,video-capture-core,Video Capture Core,ISP Pipeline VC
🔧,hardware-emulators,Hardware & Emulators,📹,video-capture-core,Video Capture Core,Auto White Bal
🔧,hardware-emulators,Hardware & Emulators,📹,video-capture-core,Video Capture Core,Auto Exposure VC
🔧,hardware-emulators,Hardware & Emulators,📹,video-capture-core,Video Capture Core,Auto Focus VC
🔧,hardware-emulators,Hardware & Emulators,📹,video-capture-core,Video Capture Core,Color Corr VC
🔧,hardware-emulators,Hardware & Emulators,📹,video-capture-core,Video Capture Core,Color Conv VC
🔧,hardware-emulators,Hardware & Emulators,📹,video-capture-core,Video Capture Core,Gamma Corr VC
🔧,hardware-emulators,Hardware & Emulators,📹,video-capture-core,Video Capture Core,Lens Shading Corr
🔧,hardware-emulators,Hardware & Emulators,📹,video-capture-core,Video Capture Core,Vignette Corr VC
🔧,hardware-emulators,Hardware & Emulators,📹,video-capture-core,Video Capture Core,Defect Pixel Corr
🔧,hardware-emulators,Hardware & Emulators,📹,video-capture-core,Video Capture Core,Noise Reduct VC
🔧,hardware-emulators,Hardware & Emulators,📹,video-capture-core,Video Capture Core,Edge Enhance VC
🔧,hardware-emulators,Hardware & Emulators,📹,video-capture-core,Video Capture Core,Scaler VC
🔧,hardware-emulators,Hardware & Emulators,📹,video-capture-core,Video Capture Core,Cropper VC
🔧,hardware-emulators,Hardware & Emulators,📹,video-capture-core,Video Capture Core,Frame Buffer VC
🔧,hardware-emulators,Hardware & Emulators,📹,video-capture-core,Video Capture Core,VDMA Core VC
🔧,hardware-emulators,Hardware & Emulators,📹,video-capture-core,Video Capture Core,Video Mux VC
🔧,hardware-emulators,Hardware & Emulators,📹,video-capture-core,Video Capture Core,Video Split VC
🔧,hardware-emulators,Hardware & Emulators,📹,video-capture-core,Video Capture Core,Test Pattern Gen
🔧,hardware-emulators,Hardware & Emulators,📹,video-capture-core,Video Capture Core,Color Bar Gen VC
🔧,hardware-emulators,Hardware & Emulators,📹,video-capture-core,Video Capture Core,Frame Count VC
🔧,hardware-emulators,Hardware & Emulators,📹,video-capture-core,Video Capture Core,Error Detect VC
🔧,hardware-emulators,Hardware & Emulators,📹,video-capture-core,Video Capture Core,VC Sync Gen
🔧,hardware-emulators,Hardware & Emulators,🛜,wireless-baseband,Wireless Baseband,OFDM Mod WB
🔧,hardware-emulators,Hardware & Emulators,🛜,wireless-baseband,Wireless Baseband,OFDM Demod WB
🔧,hardware-emulators,Hardware & Emulators,🛜,wireless-baseband,Wireless Baseband,FFT WB Core
🔧,hardware-emulators,Hardware & Emulators,🛜,wireless-baseband,Wireless Baseband,IFFT WB Core
🔧,hardware-emulators,Hardware & Emulators,🛜,wireless-baseband,Wireless Baseband,Cyclic Prefix WB
🔧,hardware-emulators,Hardware & Emulators,🛜,wireless-baseband,Wireless Baseband,Guard Interval WB
🔧,hardware-emulators,Hardware & Emulators,🛜,wireless-baseband,Wireless Baseband,Channel Est WB
🔧,hardware-emulators,Hardware & Emulators,🛜,wireless-baseband,Wireless Baseband,LS Channel Est
🔧,hardware-emulators,Hardware & Emulators,🛜,wireless-baseband,Wireless Baseband,MMSE Channel Est
🔧,hardware-emulators,Hardware & Emulators,🛜,wireless-baseband,Wireless Baseband,Pilot Insert WB
🔧,hardware-emulators,Hardware & Emulators,🛜,wireless-baseband,Wireless Baseband,Pilot Extract WB
🔧,hardware-emulators,Hardware & Emulators,🛜,wireless-baseband,Wireless Baseband,Symbol Map WB
🔧,hardware-emulators,Hardware & Emulators,🛜,wireless-baseband,Wireless Baseband,Symbol DeMap WB
🔧,hardware-emulators,Hardware & Emulators,🛜,wireless-baseband,Wireless Baseband,QAM Mod WB
🔧,hardware-emulators,Hardware & Emulators,🛜,wireless-baseband,Wireless Baseband,QAM Demod WB
🔧,hardware-emulators,Hardware & Emulators,🛜,wireless-baseband,Wireless Baseband,BPSK Map WB
🔧,hardware-emulators,Hardware & Emulators,🛜,wireless-baseband,Wireless Baseband,QPSK Map WB
🔧,hardware-emulators,Hardware & Emulators,🛜,wireless-baseband,Wireless Baseband,16 QAM Map WB
🔧,hardware-emulators,Hardware & Emulators,🛜,wireless-baseband,Wireless Baseband,64 QAM Map WB
🔧,hardware-emulators,Hardware & Emulators,🛜,wireless-baseband,Wireless Baseband,256 QAM Map WB
🔧,hardware-emulators,Hardware & Emulators,🛜,wireless-baseband,Wireless Baseband,Convolutional Enc
🔧,hardware-emulators,Hardware & Emulators,🛜,wireless-baseband,Wireless Baseband,Viterbi Decoder
🔧,hardware-emulators,Hardware & Emulators,🛜,wireless-baseband,Wireless Baseband,Turbo Encoder WB
🔧,hardware-emulators,Hardware & Emulators,🛜,wireless-baseband,Wireless Baseband,Turbo Decoder WB
🔧,hardware-emulators,Hardware & Emulators,🛜,wireless-baseband,Wireless Baseband,LDPC Encoder WB
🔧,hardware-emulators,Hardware & Emulators,🛜,wireless-baseband,Wireless Baseband,LDPC Decoder WB
🔧,hardware-emulators,Hardware & Emulators,🛜,wireless-baseband,Wireless Baseband,Interleaver WB
🔧,hardware-emulators,Hardware & Emulators,🛜,wireless-baseband,Wireless Baseband,Deinterleaver WB
🔧,hardware-emulators,Hardware & Emulators,🛜,wireless-baseband,Wireless Baseband,Scrambler WB
🔧,hardware-emulators,Hardware & Emulators,🛜,wireless-baseband,Wireless Baseband,Descrambler WB
🔧,hardware-emulators,Hardware & Emulators,🧮,dsp-core,DSP Core,MAC Unit DSP
🔧,hardware-emulators,Hardware & Emulators,🧮,dsp-core,DSP Core,Saturating Add DSP
🔧,hardware-emulators,Hardware & Emulators,🧮,dsp-core,DSP Core,Saturating Sub DSP
🔧,hardware-emulators,Hardware & Emulators,🧮,dsp-core,DSP Core,Multiply Accum DSP
🔧,hardware-emulators,Hardware & Emulators,🧮,dsp-core,DSP Core,FIR Filter DSP
🔧,hardware-emulators,Hardware & Emulators,🧮,dsp-core,DSP Core,IIR Filter DSP
🔧,hardware-emulators,Hardware & Emulators,🧮,dsp-core,DSP Core,LMS Filter DSP
🔧,hardware-emulators,Hardware & Emulators,🧮,dsp-core,DSP Core,RLS Filter DSP
🔧,hardware-emulators,Hardware & Emulators,🧮,dsp-core,DSP Core,FFT DSP Core
🔧,hardware-emulators,Hardware & Emulators,🧮,dsp-core,DSP Core,IFFT DSP Core
🔧,hardware-emulators,Hardware & Emulators,🧮,dsp-core,DSP Core,DCT DSP Core
🔧,hardware-emulators,Hardware & Emulators,🧮,dsp-core,DSP Core,IDCT DSP Core
🔧,hardware-emulators,Hardware & Emulators,🧮,dsp-core,DSP Core,DWT DSP Core
🔧,hardware-emulators,Hardware & Emulators,🧮,dsp-core,DSP Core,CIC Filter DSP
🔧,hardware-emulators,Hardware & Emulators,🧮,dsp-core,DSP Core,Decimator DSP
🔧,hardware-emulators,Hardware & Emulators,🧮,dsp-core,DSP Core,Interpolator DSP
🔧,hardware-emulators,Hardware & Emulators,🧮,dsp-core,DSP Core,Down Sampler DSP
🔧,hardware-emulators,Hardware & Emulators,🧮,dsp-core,DSP Core,Up Sampler DSP
🔧,hardware-emulators,Hardware & Emulators,🧮,dsp-core,DSP Core,Correlation DSP
🔧,hardware-emulators,Hardware & Emulators,🧮,dsp-core,DSP Core,Convolution DSP
🔧,hardware-emulators,Hardware & Emulators,🧮,dsp-core,DSP Core,Matrix Mult DSP
🔧,hardware-emulators,Hardware & Emulators,🧮,dsp-core,DSP Core,Vector Ops DSP
🔧,hardware-emulators,Hardware & Emulators,🧮,dsp-core,DSP Core,Polar Coord DSP
🔧,hardware-emulators,Hardware & Emulators,🧮,dsp-core,DSP Core,Cordic DSP Core
🔧,hardware-emulators,Hardware & Emulators,🧮,dsp-core,DSP Core,Sin Cos DSP Core
🔧,hardware-emulators,Hardware & Emulators,🧮,dsp-core,DSP Core,Atan2 DSP Core
🔧,hardware-emulators,Hardware & Emulators,🧮,dsp-core,DSP Core,Square Root DSP
🔧,hardware-emulators,Hardware & Emulators,🧮,dsp-core,DSP Core,Divide DSP Core
🔧,hardware-emulators,Hardware & Emulators,🧮,dsp-core,DSP Core,Exp Log DSP Core
🔧,hardware-emulators,Hardware & Emulators,🧮,dsp-core,DSP Core,Compare Select
🔧,hardware-emulators,Hardware & Emulators,💻,soc-interconnect,SoC Interconnect,Crossbar Switch
🔧,hardware-emulators,Hardware & Emulators,💻,soc-interconnect,SoC Interconnect,AXI Interconnect
🔧,hardware-emulators,Hardware & Emulators,💻,soc-interconnect,SoC Interconnect,AHB Interconnect
🔧,hardware-emulators,Hardware & Emulators,💻,soc-interconnect,SoC Interconnect,APB Bridge SoC
🔧,hardware-emulators,Hardware & Emulators,💻,soc-interconnect,SoC Interconnect,NOC Router SoC
🔧,hardware-emulators,Hardware & Emulators,💻,soc-interconnect,SoC Interconnect,NOC FIFO SoC
🔧,hardware-emulators,Hardware & Emulators,💻,soc-interconnect,SoC Interconnect,Mesh NOC SoC
🔧,hardware-emulators,Hardware & Emulators,💻,soc-interconnect,SoC Interconnect,Ring NOC SoC
🔧,hardware-emulators,Hardware & Emulators,💻,soc-interconnect,SoC Interconnect,Bus Matrix SoC
🔧,hardware-emulators,Hardware & Emulators,💻,soc-interconnect,SoC Interconnect,Address Decoder
🔧,hardware-emulators,Hardware & Emulators,💻,soc-interconnect,SoC Interconnect,Slave Select SoC
🔧,hardware-emulators,Hardware & Emulators,💻,soc-interconnect,SoC Interconnect,Master Arbiter SoC
🔧,hardware-emulators,Hardware & Emulators,💻,soc-interconnect,SoC Interconnect,Round Robin Arbiter
🔧,hardware-emulators,Hardware & Emulators,💻,soc-interconnect,SoC Interconnect,Fixed Priority Arb
🔧,hardware-emulators,Hardware & Emulators,💻,soc-interconnect,SoC Interconnect,Lottery Arbiter SoC
🔧,hardware-emulators,Hardware & Emulators,💻,soc-interconnect,SoC Interconnect,TDMA Arbiter SoC
🔧,hardware-emulators,Hardware & Emulators,💻,soc-interconnect,SoC Interconnect,Split Transaction
🔧,hardware-emulators,Hardware & Emulators,💻,soc-interconnect,SoC Interconnect,Outstanding Trans
🔧,hardware-emulators,Hardware & Emulators,💻,soc-interconnect,SoC Interconnect,Write Data Buffer
🔧,hardware-emulators,Hardware & Emulators,💻,soc-interconnect,SoC Interconnect,Read Data Buffer
🔧,hardware-emulators,Hardware & Emulators,💻,soc-interconnect,SoC Interconnect,Low Power IF SoC
🔧,hardware-emulators,Hardware & Emulators,💻,soc-interconnect,SoC Interconnect,Clock Gating IF
🔧,hardware-emulators,Hardware & Emulators,💻,soc-interconnect,SoC Interconnect,Power Gating IF
🔧,hardware-emulators,Hardware & Emulators,💻,soc-interconnect,SoC Interconnect,DVFS IF SoC
🔧,hardware-emulators,Hardware & Emulators,💻,soc-interconnect,SoC Interconnect,Debug IF SoC
🔧,hardware-emulators,Hardware & Emulators,💻,soc-interconnect,SoC Interconnect,Trace IF SoC
🔧,hardware-emulators,Hardware & Emulators,💻,soc-interconnect,SoC Interconnect,Performance Count
🔧,hardware-emulators,Hardware & Emulators,💻,soc-interconnect,SoC Interconnect,Bandwidth Monitor
🔧,hardware-emulators,Hardware & Emulators,💻,soc-interconnect,SoC Interconnect,Latency Monitor
🔧,hardware-emulators,Hardware & Emulators,💻,soc-interconnect,SoC Interconnect,Quality of Service
🔧,hardware-emulators,Hardware & Emulators,🖥️,risc-v-platform,RISC V Platform,Rocket Chip Clone
🔧,hardware-emulators,Hardware & Emulators,🖥️,risc-v-platform,RISC V Platform,BOOM Core RV
🔧,hardware-emulators,Hardware & Emulators,🖥️,risc-v-platform,RISC V Platform,CVA6 Core RV
🔧,hardware-emulators,Hardware & Emulators,🖥️,risc-v-platform,RISC V Platform,VexRiscv Core
🔧,hardware-emulators,Hardware & Emulators,🖥️,risc-v-platform,RISC V Platform,PicoRV32 Core
🔧,hardware-emulators,Hardware & Emulators,🖥️,risc-v-platform,RISC V Platform,SERV Core RV
🔧,hardware-emulators,Hardware & Emulators,🖥️,risc-v-platform,RISC V Platform,NeoRV32 Core
🔧,hardware-emulators,Hardware & Emulators,🖥️,risc-v-platform,RISC V Platform,IBEX Core RV
🔧,hardware-emulators,Hardware & Emulators,🖥️,risc-v-platform,RISC V Platform,CV32E40P Core
🔧,hardware-emulators,Hardware & Emulators,🖥️,risc-v-platform,RISC V Platform,SweRV Core RV
🔧,hardware-emulators,Hardware & Emulators,🖥️,risc-v-platform,RISC V Platform,RISC V Debug RV
🔧,hardware-emulators,Hardware & Emulators,🖥️,risc-v-platform,RISC V Platform,RISC V Trace RV
🔧,hardware-emulators,Hardware & Emulators,🖥️,risc-v-platform,RISC V Platform,RISC V PLIC RV
🔧,hardware-emulators,Hardware & Emulators,🖥️,risc-v-platform,RISC V Platform,RISC V CLINT RV
🔧,hardware-emulators,Hardware & Emulators,🖥️,risc-v-platform,RISC V Platform,RISC V Timer RV
🔧,hardware-emulators,Hardware & Emulators,🖥️,risc-v-platform,RISC V Platform,RISC V SBI RV
🔧,hardware-emulators,Hardware & Emulators,🖥️,risc-v-platform,RISC V Platform,RISC V M Mode RV
🔧,hardware-emulators,Hardware & Emulators,🖥️,risc-v-platform,RISC V Platform,RISC V S Mode RV
🔧,hardware-emulators,Hardware & Emulators,🖥️,risc-v-platform,RISC V Platform,RISC V U Mode RV
🔧,hardware-emulators,Hardware & Emulators,🖥️,risc-v-platform,RISC V Platform,RISC V H Mode RV
🔧,hardware-emulators,Hardware & Emulators,🖥️,risc-v-platform,RISC V Platform,RISC V Sv39 MMU
🔧,hardware-emulators,Hardware & Emulators,🖥️,risc-v-platform,RISC V Platform,RISC V Sv48 MMU
🔧,hardware-emulators,Hardware & Emulators,🖥️,risc-v-platform,RISC V Platform,RISC V PMP RV
🔧,hardware-emulators,Hardware & Emulators,🖥️,risc-v-platform,RISC V Platform,RISC V Smepmp RV
🔧,hardware-emulators,Hardware & Emulators,🖥️,risc-v-platform,RISC V Platform,RISC V Hypervisor
🔧,hardware-emulators,Hardware & Emulators,🖥️,risc-v-platform,RISC V Platform,RISC V Vector RV
🔧,hardware-emulators,Hardware & Emulators,🖥️,risc-v-platform,RISC V Platform,RISC V Bitmanip RV
🔧,hardware-emulators,Hardware & Emulators,🖥️,risc-v-platform,RISC V Platform,RISC V Crypto RV
🔧,hardware-emulators,Hardware & Emulators,🖥️,risc-v-platform,RISC V Platform,RISC V Profiles
🔧,hardware-emulators,Hardware & Emulators,🖥️,risc-v-platform,RISC V Platform,RISC V Platform
🔧,hardware-emulators,Hardware & Emulators,🔋,battery-management,Battery Management,Battery Monitor BM
🔧,hardware-emulators,Hardware & Emulators,🔋,battery-management,Battery Management,State Of Charge
🔧,hardware-emulators,Hardware & Emulators,🔋,battery-management,Battery Management,State Of Health
🔧,hardware-emulators,Hardware & Emulators,🔋,battery-management,Battery Management,Cell Balance BM
🔧,hardware-emulators,Hardware & Emulators,🔋,battery-management,Battery Management,Passive Balance
🔧,hardware-emulators,Hardware & Emulators,🔋,battery-management,Battery Management,Active Balance BM
🔧,hardware-emulators,Hardware & Emulators,🔋,battery-management,Battery Management,Pack Protect BM
🔧,hardware-emulators,Hardware & Emulators,🔋,battery-management,Battery Management,Cell Over Volt
🔧,hardware-emulators,Hardware & Emulators,🔋,battery-management,Battery Management,Cell Under Volt
🔧,hardware-emulators,Hardware & Emulators,🔋,battery-management,Battery Management,Over Current BM
🔧,hardware-emulators,Hardware & Emulators,🔋,battery-management,Battery Management,Short Circuit BM
🔧,hardware-emulators,Hardware & Emulators,🔋,battery-management,Battery Management,Over Temp Bat BM
🔧,hardware-emulators,Hardware & Emulators,🔋,battery-management,Battery Management,Under Temp Bat BM
🔧,hardware-emulators,Hardware & Emulators,🔋,battery-management,Battery Management,Battery Cycle BM
🔧,hardware-emulators,Hardware & Emulators,🔋,battery-management,Battery Management,Cycle Count BM
🔧,hardware-emulators,Hardware & Emulators,🔋,battery-management,Battery Management,Full Charge Cap
🔧,hardware-emulators,Hardware & Emulators,🔋,battery-management,Battery Management,Design Capacity BM
🔧,hardware-emulators,Hardware & Emulators,🔋,battery-management,Battery Management,Remaining Cap BM
🔧,hardware-emulators,Hardware & Emulators,🔋,battery-management,Battery Management,Run Time To Empty
🔧,hardware-emulators,Hardware & Emulators,🔋,battery-management,Battery Management,Run Time To Full
🔧,hardware-emulators,Hardware & Emulators,🔋,battery-management,Battery Management,Charge Voltage BM
🔧,hardware-emulators,Hardware & Emulators,🔋,battery-management,Battery Management,Charge Current BM
🔧,hardware-emulators,Hardware & Emulators,🔋,battery-management,Battery Management,Discharge Current
🔧,hardware-emulators,Hardware & Emulators,🔋,battery-management,Battery Management,Discharge Limit
🔧,hardware-emulators,Hardware & Emulators,🔋,battery-management,Battery Management,Charge Limit BM
🔧,hardware-emulators,Hardware & Emulators,🔋,battery-management,Battery Management,Battery Chemistry
🔧,hardware-emulators,Hardware & Emulators,🔋,battery-management,Battery Management,Li Ion Profile BM
🔧,hardware-emulators,Hardware & Emulators,🔋,battery-management,Battery Management,LiFePO4 Profile
🔧,hardware-emulators,Hardware & Emulators,🔋,battery-management,Battery Management,Lead Acid Profile
🔧,hardware-emulators,Hardware & Emulators,🔋,battery-management,Battery Management,Smart Battery BM
🔧,hardware-emulators,Hardware & Emulators,🔧,firmware-framework,Firmware Framework,Bootloader FF
🔧,hardware-emulators,Hardware & Emulators,🔧,firmware-framework,Firmware Framework,Flash Driver FF
🔧,hardware-emulators,Hardware & Emulators,🔧,firmware-framework,Firmware Framework,Flash Abstraction
🔧,hardware-emulators,Hardware & Emulators,🔧,firmware-framework,Firmware Framework,NVS Storage FF
🔧,hardware-emulators,Hardware & Emulators,🔧,firmware-framework,Firmware Framework,KVS Flash Store
🔧,hardware-emulators,Hardware & Emulators,🔧,firmware-framework,Firmware Framework,Watchdog FF
🔧,hardware-emulators,Hardware & Emulators,🔧,firmware-framework,Firmware Framework,Reset Reason FF
🔧,hardware-emulators,Hardware & Emulators,🔧,firmware-framework,Firmware Framework,Clock Init FF
🔧,hardware-emulators,Hardware & Emulators,🔧,firmware-framework,Firmware Framework,Pin Mux FF
🔧,hardware-emulators,Hardware & Emulators,🔧,firmware-framework,Firmware Framework,GPIO Initialize
🔧,hardware-emulators,Hardware & Emulators,🔧,firmware-framework,Firmware Framework,Periph Clock Gate
🔧,hardware-emulators,Hardware & Emulators,🔧,firmware-framework,Firmware Framework,DMA Init FF
🔧,hardware-emulators,Hardware & Emulators,🔧,firmware-framework,Firmware Framework,Interrupt Init
🔧,hardware-emulators,Hardware & Emulators,🔧,firmware-framework,Firmware Framework,NVIC Config FF
🔧,hardware-emulators,Hardware & Emulators,🔧,firmware-framework,Firmware Framework,System Tick FF
🔧,hardware-emulators,Hardware & Emulators,🔧,firmware-framework,Firmware Framework,Delay Us FF
🔧,hardware-emulators,Hardware & Emulators,🔧,firmware-framework,Firmware Framework,Delay Ms FF
🔧,hardware-emulators,Hardware & Emulators,🔧,firmware-framework,Firmware Framework,Assert FF
🔧,hardware-emulators,Hardware & Emulators,🔧,firmware-framework,Firmware Framework,Error Handler FF
🔧,hardware-emulators,Hardware & Emulators,🔧,firmware-framework,Firmware Framework,Log FF
🔧,hardware-emulators,Hardware & Emulators,🔧,firmware-framework,Firmware Framework,Trace FF
🔧,hardware-emulators,Hardware & Emulators,🔧,firmware-framework,Firmware Framework,Stats FF
🔧,hardware-emulators,Hardware & Emulators,🔧,firmware-framework,Firmware Framework,Power Mode FF
🔧,hardware-emulators,Hardware & Emulators,🔧,firmware-framework,Firmware Framework,Sleep FF
🔧,hardware-emulators,Hardware & Emulators,🔧,firmware-framework,Firmware Framework,Deep Sleep FF
🔧,hardware-emulators,Hardware & Emulators,🔧,firmware-framework,Firmware Framework,Wake Source FF
🔧,hardware-emulators,Hardware & Emulators,🔧,firmware-framework,Firmware Framework,RTC Init FF
🔧,hardware-emulators,Hardware & Emulators,🔧,firmware-framework,Firmware Framework,Calibrate FF
🔧,hardware-emulators,Hardware & Emulators,🔧,firmware-framework,Firmware Framework,CRC FF
🔧,hardware-emulators,Hardware & Emulators,🔧,firmware-framework,Firmware Framework,Hash FF
🔧,hardware-emulators,Hardware & Emulators,📦,logic-analyzer-core,Logic Analyzer Core,Sample Capture LA
🔧,hardware-emulators,Hardware & Emulators,📦,logic-analyzer-core,Logic Analyzer Core,Trigger Engine LA
🔧,hardware-emulators,Hardware & Emulators,📦,logic-analyzer-core,Logic Analyzer Core,Rising Edge Trig
🔧,hardware-emulators,Hardware & Emulators,📦,logic-analyzer-core,Logic Analyzer Core,Falling Edge Trig
🔧,hardware-emulators,Hardware & Emulators,📦,logic-analyzer-core,Logic Analyzer Core,Both Edge Trig LA
🔧,hardware-emulators,Hardware & Emulators,📦,logic-analyzer-core,Logic Analyzer Core,Pulse Width Trig
🔧,hardware-emulators,Hardware & Emulators,📦,logic-analyzer-core,Logic Analyzer Core,Pattern Match LA
🔧,hardware-emulators,Hardware & Emulators,📦,logic-analyzer-core,Logic Analyzer Core,Serial Trig LA
🔧,hardware-emulators,Hardware & Emulators,📦,logic-analyzer-core,Logic Analyzer Core,I2C Trig LA
🔧,hardware-emulators,Hardware & Emulators,📦,logic-analyzer-core,Logic Analyzer Core,SPI Trig LA
🔧,hardware-emulators,Hardware & Emulators,📦,logic-analyzer-core,Logic Analyzer Core,UART Trig LA
🔧,hardware-emulators,Hardware & Emulators,📦,logic-analyzer-core,Logic Analyzer Core,Pre Trigger Buff
🔧,hardware-emulators,Hardware & Emulators,📦,logic-analyzer-core,Logic Analyzer Core,Post Trigger Buff
🔧,hardware-emulators,Hardware & Emulators,📦,logic-analyzer-core,Logic Analyzer Core,Sample Rate LA
🔧,hardware-emulators,Hardware & Emulators,📦,logic-analyzer-core,Logic Analyzer Core,Downsample LA
🔧,hardware-emulators,Hardware & Emulators,📦,logic-analyzer-core,Logic Analyzer Core,Decimation LA
🔧,hardware-emulators,Hardware & Emulators,📦,logic-analyzer-core,Logic Analyzer Core,Channel Mux LA
🔧,hardware-emulators,Hardware & Emulators,📦,logic-analyzer-core,Logic Analyzer Core,Channel Map LA
🔧,hardware-emulators,Hardware & Emulators,📦,logic-analyzer-core,Logic Analyzer Core,Compression LA
🔧,hardware-emulators,Hardware & Emulators,📦,logic-analyzer-core,Logic Analyzer Core,RLE Compress LA
🔧,hardware-emulators,Hardware & Emulators,📦,logic-analyzer-core,Logic Analyzer Core,Timestamp Counter
🔧,hardware-emulators,Hardware & Emulators,📦,logic-analyzer-core,Logic Analyzer Core,Time Stamp LA
🔧,hardware-emulators,Hardware & Emulators,📦,logic-analyzer-core,Logic Analyzer Core,External Trigger
🔧,hardware-emulators,Hardware & Emulators,📦,logic-analyzer-core,Logic Analyzer Core,Arm Disarm LA
🔧,hardware-emulators,Hardware & Emulators,📦,logic-analyzer-core,Logic Analyzer Core,Run State LA
🔧,hardware-emulators,Hardware & Emulators,📦,logic-analyzer-core,Logic Analyzer Core,Stop State LA
🔧,hardware-emulators,Hardware & Emulators,📦,logic-analyzer-core,Logic Analyzer Core,Full State LA
🔧,hardware-emulators,Hardware & Emulators,📦,logic-analyzer-core,Logic Analyzer Core,FIFO State LA
🔧,hardware-emulators,Hardware & Emulators,📦,logic-analyzer-core,Logic Analyzer Core,Overflow Detect
🔧,hardware-emulators,Hardware & Emulators,📦,logic-analyzer-core,Logic Analyzer Core,Debug Interface LA
🔧,hardware-emulators,Hardware & Emulators,🖧,ethernet-mac-core,Ethernet MAC Core,10 100 MAC Core
🔧,hardware-emulators,Hardware & Emulators,🖧,ethernet-mac-core,Ethernet MAC Core,GigE MAC Core
🔧,hardware-emulators,Hardware & Emulators,🖧,ethernet-mac-core,Ethernet MAC Core,10G MAC Core
🔧,hardware-emulators,Hardware & Emulators,🖧,ethernet-mac-core,Ethernet MAC Core,25G MAC Core EM
🔧,hardware-emulators,Hardware & Emulators,🖧,ethernet-mac-core,Ethernet MAC Core,40G MAC Core
🔧,hardware-emulators,Hardware & Emulators,🖧,ethernet-mac-core,Ethernet MAC Core,100G MAC Core
🔧,hardware-emulators,Hardware & Emulators,🖧,ethernet-mac-core,Ethernet MAC Core,MII Ctrl EM
🔧,hardware-emulators,Hardware & Emulators,🖧,ethernet-mac-core,Ethernet MAC Core,GMII Ctrl EM
🔧,hardware-emulators,Hardware & Emulators,🖧,ethernet-mac-core,Ethernet MAC Core,RGMII Ctrl EM
🔧,hardware-emulators,Hardware & Emulators,🖧,ethernet-mac-core,Ethernet MAC Core,SGMII Ctrl EM
🔧,hardware-emulators,Hardware & Emulators,🖧,ethernet-mac-core,Ethernet MAC Core,XGMII Ctrl EM
🔧,hardware-emulators,Hardware & Emulators,🖧,ethernet-mac-core,Ethernet MAC Core,PCS Layer EM
🔧,hardware-emulators,Hardware & Emulators,🖧,ethernet-mac-core,Ethernet MAC Core,PMA Layer EM
🔧,hardware-emulators,Hardware & Emulators,🖧,ethernet-mac-core,Ethernet MAC Core,Auto Negotiate EM
🔧,hardware-emulators,Hardware & Emulators,🖧,ethernet-mac-core,Ethernet MAC Core,MDIO Ctrl EM
🔧,hardware-emulators,Hardware & Emulators,🖧,ethernet-mac-core,Ethernet MAC Core,MIIM Ctrl EM
🔧,hardware-emulators,Hardware & Emulators,🖧,ethernet-mac-core,Ethernet MAC Core,MAC TX Engine
🔧,hardware-emulators,Hardware & Emulators,🖧,ethernet-mac-core,Ethernet MAC Core,MAC RX Engine
🔧,hardware-emulators,Hardware & Emulators,🖧,ethernet-mac-core,Ethernet MAC Core,CRC32 Gen EM
🔧,hardware-emulators,Hardware & Emulators,🖧,ethernet-mac-core,Ethernet MAC Core,CRC32 Check EM
🔧,hardware-emulators,Hardware & Emulators,🖧,ethernet-mac-core,Ethernet MAC Core,Pause Frame EM
🔧,hardware-emulators,Hardware & Emulators,🖧,ethernet-mac-core,Ethernet MAC Core,Flow Control EM
🔧,hardware-emulators,Hardware & Emulators,🖧,ethernet-mac-core,Ethernet MAC Core,VLAN Tag EM
🔧,hardware-emulators,Hardware & Emulators,🖧,ethernet-mac-core,Ethernet MAC Core,Jumbo Frame EM
🔧,hardware-emulators,Hardware & Emulators,🖧,ethernet-mac-core,Ethernet MAC Core,FIFO MAC EM
🔧,hardware-emulators,Hardware & Emulators,🖧,ethernet-mac-core,Ethernet MAC Core,DMA Engine EM
🔧,hardware-emulators,Hardware & Emulators,🖧,ethernet-mac-core,Ethernet MAC Core,Desc Ring EM
🔧,hardware-emulators,Hardware & Emulators,🖧,ethernet-mac-core,Ethernet MAC Core,Interrupt MAC EM
🔧,hardware-emulators,Hardware & Emulators,🖧,ethernet-mac-core,Ethernet MAC Core,Timestamp MAC EM
🔧,hardware-emulators,Hardware & Emulators,🖧,ethernet-mac-core,Ethernet MAC Core,PTP 1588 EM
🔧,hardware-emulators,Hardware & Emulators,💿,optical-drive-ctrl,Optical Drive Ctrl,CD DA Decoder
🔧,hardware-emulators,Hardware & Emulators,💿,optical-drive-ctrl,Optical Drive Ctrl,CD ROM Decoder
🔧,hardware-emulators,Hardware & Emulators,💿,optical-drive-ctrl,Optical Drive Ctrl,CD XA Decoder
🔧,hardware-emulators,Hardware & Emulators,💿,optical-drive-ctrl,Optical Drive Ctrl,DVD Video Decoder
🔧,hardware-emulators,Hardware & Emulators,💿,optical-drive-ctrl,Optical Drive Ctrl,DVD ROM Decoder
🔧,hardware-emulators,Hardware & Emulators,💿,optical-drive-ctrl,Optical Drive Ctrl,BD ROM Decoder
🔧,hardware-emulators,Hardware & Emulators,💿,optical-drive-ctrl,Optical Drive Ctrl,BD Video Decoder
🔧,hardware-emulators,Hardware & Emulators,💿,optical-drive-ctrl,Optical Drive Ctrl,Eight Fourteen Mod
🔧,hardware-emulators,Hardware & Emulators,💿,optical-drive-ctrl,Optical Drive Ctrl,EFM Demod ODC
🔧,hardware-emulators,Hardware & Emulators,💿,optical-drive-ctrl,Optical Drive Ctrl,CIRC Decoder ODC
🔧,hardware-emulators,Hardware & Emulators,💿,optical-drive-ctrl,Optical Drive Ctrl,C1 C2 Decoder ODC
🔧,hardware-emulators,Hardware & Emulators,💿,optical-drive-ctrl,Optical Drive Ctrl,RS PC Decoder OD
🔧,hardware-emulators,Hardware & Emulators,💿,optical-drive-ctrl,Optical Drive Ctrl,L ECC Decoder OD
🔧,hardware-emulators,Hardware & Emulators,💿,optical-drive-ctrl,Optical Drive Ctrl,Sector ID Parse
🔧,hardware-emulators,Hardware & Emulators,💿,optical-drive-ctrl,Optical Drive Ctrl,MODE 1 Read ODC
🔧,hardware-emulators,Hardware & Emulators,💿,optical-drive-ctrl,Optical Drive Ctrl,MODE 2 Read ODC
🔧,hardware-emulators,Hardware & Emulators,💿,optical-drive-ctrl,Optical Drive Ctrl,ATAPI Ctrl ODC
🔧,hardware-emulators,Hardware & Emulators,💿,optical-drive-ctrl,Optical Drive Ctrl,SCSI MMC ODC
🔧,hardware-emulators,Hardware & Emulators,💿,optical-drive-ctrl,Optical Drive Ctrl,Read TOC ODC
🔧,hardware-emulators,Hardware & Emulators,💿,optical-drive-ctrl,Optical Drive Ctrl,Read Disc Info
🔧,hardware-emulators,Hardware & Emulators,💿,optical-drive-ctrl,Optical Drive Ctrl,Read Track Info
🔧,hardware-emulators,Hardware & Emulators,💿,optical-drive-ctrl,Optical Drive Ctrl,Seek ODC
🔧,hardware-emulators,Hardware & Emulators,💿,optical-drive-ctrl,Optical Drive Ctrl,Focus ODC
🔧,hardware-emulators,Hardware & Emulators,💿,optical-drive-ctrl,Optical Drive Ctrl,Tracking ODC
🔧,hardware-emulators,Hardware & Emulators,💿,optical-drive-ctrl,Optical Drive Ctrl,Spindle Ctrl ODC
🔧,hardware-emulators,Hardware & Emulators,💿,optical-drive-ctrl,Optical Drive Ctrl,Sled Motor Ctrl
🔧,hardware-emulators,Hardware & Emulators,💿,optical-drive-ctrl,Optical Drive Ctrl,Laser Power Ctrl
🔧,hardware-emulators,Hardware & Emulators,💿,optical-drive-ctrl,Optical Drive Ctrl,CAV Mode ODC
🔧,hardware-emulators,Hardware & Emulators,💿,optical-drive-ctrl,Optical Drive Ctrl,CLV Mode ODC
🔧,hardware-emulators,Hardware & Emulators,💿,optical-drive-ctrl,Optical Drive Ctrl,DVD Region Check
🔧,hardware-emulators,Hardware & Emulators,🌀,fan-controller,Fan Controller,PWM Fan Drive FC
🔧,hardware-emulators,Hardware & Emulators,🌀,fan-controller,Fan Controller,Tach Input FC
🔧,hardware-emulators,Hardware & Emulators,🌀,fan-controller,Fan Controller,Speed Control FC
🔧,hardware-emulators,Hardware & Emulators,🌀,fan-controller,Fan Controller,Closed Loop FC
🔧,hardware-emulators,Hardware & Emulators,🌀,fan-controller,Fan Controller,Open Loop FC
🔧,hardware-emulators,Hardware & Emulators,🌀,fan-controller,Fan Controller,PID Fan FC
🔧,hardware-emulators,Hardware & Emulators,🌀,fan-controller,Fan Controller,Fan Profile FC
🔧,hardware-emulators,Hardware & Emulators,🌀,fan-controller,Fan Controller,Fan Curve FC
🔧,hardware-emulators,Hardware & Emulators,🌀,fan-controller,Fan Controller,Temp Table FC
🔧,hardware-emulators,Hardware & Emulators,🌀,fan-controller,Fan Controller,Hysteresis FC
🔧,hardware-emulators,Hardware & Emulators,🌀,fan-controller,Fan Controller,Min Duty FC
🔧,hardware-emulators,Hardware & Emulators,🌀,fan-controller,Fan Controller,Max Duty FC
🔧,hardware-emulators,Hardware & Emulators,🌀,fan-controller,Fan Controller,Startup Duty FC
🔧,hardware-emulators,Hardware & Emulators,🌀,fan-controller,Fan Controller,Ramp Rate FC
🔧,hardware-emulators,Hardware & Emulators,🌀,fan-controller,Fan Controller,Tach Filter FC
🔧,hardware-emulators,Hardware & Emulators,🌀,fan-controller,Fan Controller,Fault Detect FC
🔧,hardware-emulators,Hardware & Emulators,🌀,fan-controller,Fan Controller,Stall Detect FC
🔧,hardware-emulators,Hardware & Emulators,🌀,fan-controller,Fan Controller,Locked Rotor FC
🔧,hardware-emulators,Hardware & Emulators,🌀,fan-controller,Fan Controller,Over Current FC
🔧,hardware-emulators,Hardware & Emulators,🌀,fan-controller,Fan Controller,Open Load FC
🔧,hardware-emulators,Hardware & Emulators,🌀,fan-controller,Fan Controller,Auto Restart FC
🔧,hardware-emulators,Hardware & Emulators,🌀,fan-controller,Fan Controller,Manual Override FC
🔧,hardware-emulators,Hardware & Emulators,🌀,fan-controller,Fan Controller,Fan Group FC
🔧,hardware-emulators,Hardware & Emulators,🌀,fan-controller,Fan Controller,Zone Based FC
🔧,hardware-emulators,Hardware & Emulators,🌀,fan-controller,Fan Controller,Thermal Zone Map
🔧,hardware-emulators,Hardware & Emulators,🌀,fan-controller,Fan Controller,Fan Speed Table
🔧,hardware-emulators,Hardware & Emulators,🌀,fan-controller,Fan Controller,Fan Acoustics FC
🔧,hardware-emulators,Hardware & Emulators,🌀,fan-controller,Fan Controller,Pulse Stretch FC
🔧,hardware-emulators,Hardware & Emulators,🌀,fan-controller,Fan Controller,Fan Health FC
🔧,hardware-emulators,Hardware & Emulators,🌀,fan-controller,Fan Controller,Fan Log FC
🔧,hardware-emulators,Hardware & Emulators,🧠,sensor-fusion,Sensor Fusion,Kalman Filter SF
🔧,hardware-emulators,Hardware & Emulators,🧠,sensor-fusion,Sensor Fusion,Extended KF SF
🔧,hardware-emulators,Hardware & Emulators,🧠,sensor-fusion,Sensor Fusion,Unscented KF SF
🔧,hardware-emulators,Hardware & Emulators,🧠,sensor-fusion,Sensor Fusion,Particle Filter SF
🔧,hardware-emulators,Hardware & Emulators,🧠,sensor-fusion,Sensor Fusion,Complementary SF
🔧,hardware-emulators,Hardware & Emulators,🧠,sensor-fusion,Sensor Fusion,Mahony Filter SF
🔧,hardware-emulators,Hardware & Emulators,🧠,sensor-fusion,Sensor Fusion,Madgwick Filter
🔧,hardware-emulators,Hardware & Emulators,🧠,sensor-fusion,Sensor Fusion,IMU Fusion SF
🔧,hardware-emulators,Hardware & Emulators,🧠,sensor-fusion,Sensor Fusion,Accel Gyro Fusion
🔧,hardware-emulators,Hardware & Emulators,🧠,sensor-fusion,Sensor Fusion,Accel Mag Fusion
🔧,hardware-emulators,Hardware & Emulators,🧠,sensor-fusion,Sensor Fusion,Gyro Mag Fusion
🔧,hardware-emulators,Hardware & Emulators,🧠,sensor-fusion,Sensor Fusion,9 Axis Fusion SF
🔧,hardware-emulators,Hardware & Emulators,🧠,sensor-fusion,Sensor Fusion,GPS INS Fusion
🔧,hardware-emulators,Hardware & Emulators,🧠,sensor-fusion,Sensor Fusion,Vision Inertial
🔧,hardware-emulators,Hardware & Emulators,🧠,sensor-fusion,Sensor Fusion,VIO Fusion SF
🔧,hardware-emulators,Hardware & Emulators,🧠,sensor-fusion,Sensor Fusion,Lidar Odometry
🔧,hardware-emulators,Hardware & Emulators,🧠,sensor-fusion,Sensor Fusion,Lidar IMU Fusion
🔧,hardware-emulators,Hardware & Emulators,🧠,sensor-fusion,Sensor Fusion,Radar Fusion SF
🔧,hardware-emulators,Hardware & Emulators,🧠,sensor-fusion,Sensor Fusion,Ultrasonic Fusion
🔧,hardware-emulators,Hardware & Emulators,🧠,sensor-fusion,Sensor Fusion,Camera Radar Fuse
🔧,hardware-emulators,Hardware & Emulators,🧠,sensor-fusion,Sensor Fusion,Weighted Avg SF
🔧,hardware-emulators,Hardware & Emulators,🧠,sensor-fusion,Sensor Fusion,Confidence Based
🔧,hardware-emulators,Hardware & Emulators,🧠,sensor-fusion,Sensor Fusion,Adaptive Fusion
🔧,hardware-emulators,Hardware & Emulators,🧠,sensor-fusion,Sensor Fusion,Outlier Reject SF
🔧,hardware-emulators,Hardware & Emulators,🧠,sensor-fusion,Sensor Fusion,Variance Gate SF
🔧,hardware-emulators,Hardware & Emulators,🧠,sensor-fusion,Sensor Fusion,Chi Square Gate
🔧,hardware-emulators,Hardware & Emulators,🧠,sensor-fusion,Sensor Fusion,Mahalanobis Gate
🔧,hardware-emulators,Hardware & Emulators,🧠,sensor-fusion,Sensor Fusion,Sequential Fusion
🔧,hardware-emulators,Hardware & Emulators,🧠,sensor-fusion,Sensor Fusion,Decentralized SF
🔧,hardware-emulators,Hardware & Emulators,🧠,sensor-fusion,Sensor Fusion,Fusion Log SF
🌐,networking-protocols,Networking & Protocols,📨,http-server,HTTP Server,HTTP/1.1 Server
🌐,networking-protocols,Networking & Protocols,📨,http-server,HTTP Server,HTTP/2 Server
🌐,networking-protocols,Networking & Protocols,📨,http-server,HTTP Server,HTTP/3 Server
🌐,networking-protocols,Networking & Protocols,📨,http-server,HTTP Server,Request Parser
🌐,networking-protocols,Networking & Protocols,📨,http-server,HTTP Server,Response Builder
🌐,networking-protocols,Networking & Protocols,📨,http-server,HTTP Server,Header Manager
🌐,networking-protocols,Networking & Protocols,📨,http-server,HTTP Server,Cookie Parser
🌐,networking-protocols,Networking & Protocols,📨,http-server,HTTP Server,Session Manager
🌐,networking-protocols,Networking & Protocols,📨,http-server,HTTP Server,Route Matcher
🌐,networking-protocols,Networking & Protocols,📨,http-server,HTTP Server,Static File Server
🌐,networking-protocols,Networking & Protocols,📨,http-server,HTTP Server,CGI Gateway
🌐,networking-protocols,Networking & Protocols,📨,http-server,HTTP Server,Reverse Proxy
🌐,networking-protocols,Networking & Protocols,📨,http-server,HTTP Server,Load Balancer HTTP
🌐,networking-protocols,Networking & Protocols,📨,http-server,HTTP Server,Keep Alive Mgr
🌐,networking-protocols,Networking & Protocols,📨,http-server,HTTP Server,Chunked Encoding
🌐,networking-protocols,Networking & Protocols,📨,http-server,HTTP Server,Content Negotiation
🌐,networking-protocols,Networking & Protocols,📨,http-server,HTTP Server,CORS Handler
🌐,networking-protocols,Networking & Protocols,📨,http-server,HTTP Server,Redirect Handler
🌐,networking-protocols,Networking & Protocols,📨,http-server,HTTP Server,Error Page Handler
🌐,networking-protocols,Networking & Protocols,📨,http-server,HTTP Server,Access Log
🌐,networking-protocols,Networking & Protocols,📨,http-server,HTTP Server,Rate Limiter
🌐,networking-protocols,Networking & Protocols,📨,http-server,HTTP Server,Request Throttle
🌐,networking-protocols,Networking & Protocols,📨,http-server,HTTP Server,Connection Pool HTTP
🌐,networking-protocols,Networking & Protocols,📨,http-server,HTTP Server,TLS Terminator
🌐,networking-protocols,Networking & Protocols,📨,http-server,HTTP Server,WebSocket Upgrade
🌐,networking-protocols,Networking & Protocols,📨,http-server,HTTP Server,SSE Server
🌐,networking-protocols,Networking & Protocols,📨,http-server,HTTP Server,Compression Gzip
🌐,networking-protocols,Networking & Protocols,📨,http-server,HTTP Server,Cache Control
🌐,networking-protocols,Networking & Protocols,📨,http-server,HTTP Server,ETag Manager
🌐,networking-protocols,Networking & Protocols,📨,http-server,HTTP Server,Range Request
🌐,networking-protocols,Networking & Protocols,📨,tcp-server,TCP Server,TCP Echo Server
🌐,networking-protocols,Networking & Protocols,📨,tcp-server,TCP Server,TCP Chat Server
🌐,networking-protocols,Networking & Protocols,📨,tcp-server,TCP Server,Line Based Proto
🌐,networking-protocols,Networking & Protocols,📨,tcp-server,TCP Server,Length Prefixed Proto
🌐,networking-protocols,Networking & Protocols,📨,tcp-server,TCP Server,Delimiter Based
🌐,networking-protocols,Networking & Protocols,📨,tcp-server,TCP Server,Connection Manager
🌐,networking-protocols,Networking & Protocols,📨,tcp-server,TCP Server,Accept Loop
🌐,networking-protocols,Networking & Protocols,📨,tcp-server,TCP Server,Non Blocking IO
🌐,networking-protocols,Networking & Protocols,📨,tcp-server,TCP Server,Async TCP Server
🌐,networking-protocols,Networking & Protocols,📨,tcp-server,TCP Server,Epoll Reactor
🌐,networking-protocols,Networking & Protocols,📨,tcp-server,TCP Server,Kqueue Reactor
🌐,networking-protocols,Networking & Protocols,📨,tcp-server,TCP Server,IOCP Reactor
🌐,networking-protocols,Networking & Protocols,📨,tcp-server,TCP Server,Select Loop
🌐,networking-protocols,Networking & Protocols,📨,tcp-server,TCP Server,Poll Loop
🌐,networking-protocols,Networking & Protocols,📨,tcp-server,TCP Server,TCP Keep Alive
🌐,networking-protocols,Networking & Protocols,📨,tcp-server,TCP Server,Nagle Algo
🌐,networking-protocols,Networking & Protocols,📨,tcp-server,TCP Server,Cork Option TCP
🌐,networking-protocols,Networking & Protocols,📨,tcp-server,TCP Server,TCP No Delay
🌐,networking-protocols,Networking & Protocols,📨,tcp-server,TCP Server,Backlog Queue
🌐,networking-protocols,Networking & Protocols,📨,tcp-server,TCP Server,Listen FD
🌐,networking-protocols,Networking & Protocols,📨,tcp-server,TCP Server,Connection FD
🌐,networking-protocols,Networking & Protocols,📨,tcp-server,TCP Server,Read Buffer TCP
🌐,networking-protocols,Networking & Protocols,📨,tcp-server,TCP Server,Write Buffer TCP
🌐,networking-protocols,Networking & Protocols,📨,tcp-server,TCP Server,Zero Copy TCP
🌐,networking-protocols,Networking & Protocols,📨,tcp-server,TCP Server,Sendfile TCP
🌐,networking-protocols,Networking & Protocols,📨,tcp-server,TCP Server,Socket Options
🌐,networking-protocols,Networking & Protocols,📨,tcp-server,TCP Server,Reuse Address
🌐,networking-protocols,Networking & Protocols,📨,tcp-server,TCP Server,TCP Fast Open
🌐,networking-protocols,Networking & Protocols,📨,tcp-server,TCP Server,Graceful Shutdown
🌐,networking-protocols,Networking & Protocols,📨,tcp-server,TCP Server,Half Close TCP
🌐,networking-protocols,Networking & Protocols,🌍,dns-resolver,DNS Resolver,DNS Query Builder
🌐,networking-protocols,Networking & Protocols,🌍,dns-resolver,DNS Resolver,DNS Response Parse
🌐,networking-protocols,Networking & Protocols,🌍,dns-resolver,DNS Resolver,A Record Lookup
🌐,networking-protocols,Networking & Protocols,🌍,dns-resolver,DNS Resolver,AAAA Record Lookup
🌐,networking-protocols,Networking & Protocols,🌍,dns-resolver,DNS Resolver,CNAME Resolver
🌐,networking-protocols,Networking & Protocols,🌍,dns-resolver,DNS Resolver,MX Record Query
🌐,networking-protocols,Networking & Protocols,🌍,dns-resolver,DNS Resolver,NS Record Query
🌐,networking-protocols,Networking & Protocols,🌍,dns-resolver,DNS Resolver,TXT Record Query
🌐,networking-protocols,Networking & Protocols,🌍,dns-resolver,DNS Resolver,SOA Record Query
🌐,networking-protocols,Networking & Protocols,🌍,dns-resolver,DNS Resolver,SRV Record Query
🌐,networking-protocols,Networking & Protocols,🌍,dns-resolver,DNS Resolver,PTR Reverse DNS
🌐,networking-protocols,Networking & Protocols,🌍,dns-resolver,DNS Resolver,Recursive Resolver
🌐,networking-protocols,Networking & Protocols,🌍,dns-resolver,DNS Resolver,Iterative Resolver
🌐,networking-protocols,Networking & Protocols,🌍,dns-resolver,DNS Resolver,Root Hints
🌐,networking-protocols,Networking & Protocols,🌍,dns-resolver,DNS Resolver,TLD Server Query
🌐,networking-protocols,Networking & Protocols,🌍,dns-resolver,DNS Resolver,Authoritative Server
🌐,networking-protocols,Networking & Protocols,🌍,dns-resolver,DNS Resolver,Cache DNS
🌐,networking-protocols,Networking & Protocols,🌍,dns-resolver,DNS Resolver,TTL Manager DNS
🌐,networking-protocols,Networking & Protocols,🌍,dns-resolver,DNS Resolver,Negative Cache
🌐,networking-protocols,Networking & Protocols,🌍,dns-resolver,DNS Resolver,Stale Cache DNS
🌐,networking-protocols,Networking & Protocols,🌍,dns-resolver,DNS Resolver,Prefetch DNS
🌐,networking-protocols,Networking & Protocols,🌍,dns-resolver,DNS Resolver,DNSSEC Validator
🌐,networking-protocols,Networking & Protocols,🌍,dns-resolver,DNS Resolver,DNS over HTTPS
🌐,networking-protocols,Networking & Protocols,🌍,dns-resolver,DNS Resolver,DNS over TLS
🌐,networking-protocols,Networking & Protocols,🌍,dns-resolver,DNS Resolver,EDNS0 Support
🌐,networking-protocols,Networking & Protocols,🌍,dns-resolver,DNS Resolver,Name Compression
🌐,networking-protocols,Networking & Protocols,🌍,dns-resolver,DNS Resolver,Message Truncation
🌐,networking-protocols,Networking & Protocols,🌍,dns-resolver,DNS Resolver,Retry DNS
🌐,networking-protocols,Networking & Protocols,🌍,dns-resolver,DNS Resolver,Timeout DNS
🌐,networking-protocols,Networking & Protocols,🌍,dns-resolver,DNS Resolver,Round Robin DNS
🌐,networking-protocols,Networking & Protocols,🔐,tls-library,TLS Library,TLS Handshake
🌐,networking-protocols,Networking & Protocols,🔐,tls-library,TLS Library,Client Hello
🌐,networking-protocols,Networking & Protocols,🔐,tls-library,TLS Library,Server Hello
🌐,networking-protocols,Networking & Protocols,🔐,tls-library,TLS Library,Certificate Verify
🌐,networking-protocols,Networking & Protocols,🔐,tls-library,TLS Library,Key Exchange TLS
🌐,networking-protocols,Networking & Protocols,🔐,tls-library,TLS Library,RSA Key Exchange
🌐,networking-protocols,Networking & Protocols,🔐,tls-library,TLS Library,ECDHE Exchange
🌐,networking-protocols,Networking & Protocols,🔐,tls-library,TLS Library,DHE Exchange
🌐,networking-protocols,Networking & Protocols,🔐,tls-library,TLS Library,Cipher Suite Negot
🌐,networking-protocols,Networking & Protocols,🔐,tls-library,TLS Library,AEAD Cipher TLS
🌐,networking-protocols,Networking & Protocols,🔐,tls-library,TLS Library,AES GCM TLS
🌐,networking-protocols,Networking & Protocols,🔐,tls-library,TLS Library,ChaCha20 Poly1305
🌐,networking-protocols,Networking & Protocols,🔐,tls-library,TLS Library,TLS Record Layer
🌐,networking-protocols,Networking & Protocols,🔐,tls-library,TLS Library,Fragment Record
🌐,networking-protocols,Networking & Protocols,🔐,tls-library,TLS Library,Encrypt Record
🌐,networking-protocols,Networking & Protocols,🔐,tls-library,TLS Library,Decrypt Record
🌐,networking-protocols,Networking & Protocols,🔐,tls-library,TLS Library,MAC Then Encrypt
🌐,networking-protocols,Networking & Protocols,🔐,tls-library,TLS Library,Encrypt Then MAC
🌐,networking-protocols,Networking & Protocols,🔐,tls-library,TLS Library,Session Resumption
🌐,networking-protocols,Networking & Protocols,🔐,tls-library,TLS Library,Session Ticket
🌐,networking-protocols,Networking & Protocols,🔐,tls-library,TLS Library,PSK TLS
🌐,networking-protocols,Networking & Protocols,🔐,tls-library,TLS Library,TLS 1.3 PSK
🌐,networking-protocols,Networking & Protocols,🔐,tls-library,TLS Library,0 RTT Data
🌐,networking-protocols,Networking & Protocols,🔐,tls-library,TLS Library,Early Data Limit
🌐,networking-protocols,Networking & Protocols,🔐,tls-library,TLS Library,Certificate Chain
🌐,networking-protocols,Networking & Protocols,🔐,tls-library,TLS Library,Root Store TLS
🌐,networking-protocols,Networking & Protocols,🔐,tls-library,TLS Library,OCSP Stapling
🌐,networking-protocols,Networking & Protocols,🔐,tls-library,TLS Library,CRL Checker
🌐,networking-protocols,Networking & Protocols,🔐,tls-library,TLS Library,ALPN Extension
🌐,networking-protocols,Networking & Protocols,🔐,tls-library,TLS Library,SNI Extension
🌐,networking-protocols,Networking & Protocols,📬,udp-protocol,UDP Protocol,UDP Echo Server
🌐,networking-protocols,Networking & Protocols,📬,udp-protocol,UDP Protocol,UDP Chat Server
🌐,networking-protocols,Networking & Protocols,📬,udp-protocol,UDP Protocol,Datagram Socket
🌐,networking-protocols,Networking & Protocols,📬,udp-protocol,UDP Protocol,Connect UDP
🌐,networking-protocols,Networking & Protocols,📬,udp-protocol,UDP Protocol,Unconnected UDP
🌐,networking-protocols,Networking & Protocols,📬,udp-protocol,UDP Protocol,Multicast Sender
🌐,networking-protocols,Networking & Protocols,📬,udp-protocol,UDP Protocol,Multicast Receiver
🌐,networking-protocols,Networking & Protocols,📬,udp-protocol,UDP Protocol,Broadcast UDP
🌐,networking-protocols,Networking & Protocols,📬,udp-protocol,UDP Protocol,Packet Size Limit
🌐,networking-protocols,Networking & Protocols,📬,udp-protocol,UDP Protocol,Fragmentation UDP
🌐,networking-protocols,Networking & Protocols,📬,udp-protocol,UDP Protocol,MTU Discovery
🌐,networking-protocols,Networking & Protocols,📬,udp-protocol,UDP Protocol,Checksum UDP
🌐,networking-protocols,Networking & Protocols,📬,udp-protocol,UDP Protocol,UDP Buffer Size
🌐,networking-protocols,Networking & Protocols,📬,udp-protocol,UDP Protocol,Recvfrom Loop
🌐,networking-protocols,Networking & Protocols,📬,udp-protocol,UDP Protocol,Sendto Loop
🌐,networking-protocols,Networking & Protocols,📬,udp-protocol,UDP Protocol,UDP Server Pool
🌐,networking-protocols,Networking & Protocols,📬,udp-protocol,UDP Protocol,UDP Client Pool
🌐,networking-protocols,Networking & Protocols,📬,udp-protocol,UDP Protocol,Reliable UDP
🌐,networking-protocols,Networking & Protocols,📬,udp-protocol,UDP Protocol,RUDP Clone
🌐,networking-protocols,Networking & Protocols,📬,udp-protocol,UDP Protocol,ACK UDP
🌐,networking-protocols,Networking & Protocols,📬,udp-protocol,UDP Protocol,Retransmit UDP
🌐,networking-protocols,Networking & Protocols,📬,udp-protocol,UDP Protocol,Sequence Number UDP
🌐,networking-protocols,Networking & Protocols,📬,udp-protocol,UDP Protocol,Ordered Delivery
🌐,networking-protocols,Networking & Protocols,📬,udp-protocol,UDP Protocol,Timeout UDP
🌐,networking-protocols,Networking & Protocols,📬,udp-protocol,UDP Protocol,Pacing UDP
🌐,networking-protocols,Networking & Protocols,📬,udp-protocol,UDP Protocol,FEC UDP
🌐,networking-protocols,Networking & Protocols,📬,udp-protocol,UDP Protocol,Jitter Buffer
🌐,networking-protocols,Networking & Protocols,📬,udp-protocol,UDP Protocol,Packet Loss Sim
🌐,networking-protocols,Networking & Protocols,📬,udp-protocol,UDP Protocol,Reorder Sim UDP
🌐,networking-protocols,Networking & Protocols,📬,udp-protocol,UDP Protocol,Bandwidth Est
🌐,networking-protocols,Networking & Protocols,📡,websocket-server,WebSocket Server,WS Upgrade Handshake
🌐,networking-protocols,Networking & Protocols,📡,websocket-server,WebSocket Server,Frame Parser WS
🌐,networking-protocols,Networking & Protocols,📡,websocket-server,WebSocket Server,Frame Builder WS
🌐,networking-protocols,Networking & Protocols,📡,websocket-server,WebSocket Server,Opcode Handler
🌐,networking-protocols,Networking & Protocols,📡,websocket-server,WebSocket Server,Text Frame WS
🌐,networking-protocols,Networking & Protocols,📡,websocket-server,WebSocket Server,Binary Frame WS
🌐,networking-protocols,Networking & Protocols,📡,websocket-server,WebSocket Server,Close Frame WS
🌐,networking-protocols,Networking & Protocols,📡,websocket-server,WebSocket Server,Ping Pong WS
🌐,networking-protocols,Networking & Protocols,📡,websocket-server,WebSocket Server,Continuation Frame
🌐,networking-protocols,Networking & Protocols,📡,websocket-server,WebSocket Server,Masking WS
🌐,networking-protocols,Networking & Protocols,📡,websocket-server,WebSocket Server,Unmask WS
🌐,networking-protocols,Networking & Protocols,📡,websocket-server,WebSocket Server,Payload Length WS
🌐,networking-protocols,Networking & Protocols,📡,websocket-server,WebSocket Server,Fragmentation WS
🌐,networking-protocols,Networking & Protocols,📡,websocket-server,WebSocket Server,Message Aggregator
🌐,networking-protocols,Networking & Protocols,📡,websocket-server,WebSocket Server,Per Message Deflate
🌐,networking-protocols,Networking & Protocols,📡,websocket-server,WebSocket Server,WebSocket Client
🌐,networking-protocols,Networking & Protocols,📡,websocket-server,WebSocket Server,WebSocket Server
🌐,networking-protocols,Networking & Protocols,📡,websocket-server,WebSocket Server,Connection Manager WS
🌐,networking-protocols,Networking & Protocols,📡,websocket-server,WebSocket Server,Heartbeat WS
🌐,networking-protocols,Networking & Protocols,📡,websocket-server,WebSocket Server,Reconnect WS
🌐,networking-protocols,Networking & Protocols,📡,websocket-server,WebSocket Server,Sub Protocol WS
🌐,networking-protocols,Networking & Protocols,📡,websocket-server,WebSocket Server,Path Route WS
🌐,networking-protocols,Networking & Protocols,📡,websocket-server,WebSocket Server,Broadcast WS
🌐,networking-protocols,Networking & Protocols,📡,websocket-server,WebSocket Server,Room Manager WS
🌐,networking-protocols,Networking & Protocols,📡,websocket-server,WebSocket Server,Auth WS
🌐,networking-protocols,Networking & Protocols,📡,websocket-server,WebSocket Server,Rate Limiter WS
🌐,networking-protocols,Networking & Protocols,📡,websocket-server,WebSocket Server,Max Message Size
🌐,networking-protocols,Networking & Protocols,📡,websocket-server,WebSocket Server,Timeout Idle WS
🌐,networking-protocols,Networking & Protocols,📡,websocket-server,WebSocket Server,Graceful WS Shutdown
🌐,networking-protocols,Networking & Protocols,📡,websocket-server,WebSocket Server,WSS Over TLS
🌐,networking-protocols,Networking & Protocols,🔗,grpc-implementation,gRPC Implementation,Protobuf Parser
🌐,networking-protocols,Networking & Protocols,🔗,grpc-implementation,gRPC Implementation,Protobuf Serializer
🌐,networking-protocols,Networking & Protocols,🔗,grpc-implementation,gRPC Implementation,Service Definition
🌐,networking-protocols,Networking & Protocols,🔗,grpc-implementation,gRPC Implementation,Unary RPC
🌐,networking-protocols,Networking & Protocols,🔗,grpc-implementation,gRPC Implementation,Server Streaming
🌐,networking-protocols,Networking & Protocols,🔗,grpc-implementation,gRPC Implementation,Client Streaming
🌐,networking-protocols,Networking & Protocols,🔗,grpc-implementation,gRPC Implementation,Bidirectional Streaming
🌐,networking-protocols,Networking & Protocols,🔗,grpc-implementation,gRPC Implementation,HTTP/2 Framing
🌐,networking-protocols,Networking & Protocols,🔗,grpc-implementation,gRPC Implementation,Data Frame gRPC
🌐,networking-protocols,Networking & Protocols,🔗,grpc-implementation,gRPC Implementation,Header Frame gRPC
🌐,networking-protocols,Networking & Protocols,🔗,grpc-implementation,gRPC Implementation,Settings Frame
🌐,networking-protocols,Networking & Protocols,🔗,grpc-implementation,gRPC Implementation,Ping Frame gRPC
🌐,networking-protocols,Networking & Protocols,🔗,grpc-implementation,gRPC Implementation,Window Update gRPC
🌐,networking-protocols,Networking & Protocols,🔗,grpc-implementation,gRPC Implementation,Goaway Frame
🌐,networking-protocols,Networking & Protocols,🔗,grpc-implementation,gRPC Implementation,Flow Control gRPC
🌐,networking-protocols,Networking & Protocols,🔗,grpc-implementation,gRPC Implementation,Stream ID Mgr
🌐,networking-protocols,Networking & Protocols,🔗,grpc-implementation,gRPC Implementation,Deadline gRPC
🌐,networking-protocols,Networking & Protocols,🔗,grpc-implementation,gRPC Implementation,Timeout gRPC
🌐,networking-protocols,Networking & Protocols,🔗,grpc-implementation,gRPC Implementation,Cancel RPC
🌐,networking-protocols,Networking & Protocols,🔗,grpc-implementation,gRPC Implementation,Error Handling gRPC
🌐,networking-protocols,Networking & Protocols,🔗,grpc-implementation,gRPC Implementation,Status Code gRPC
🌐,networking-protocols,Networking & Protocols,🔗,grpc-implementation,gRPC Implementation,Metadata gRPC
🌐,networking-protocols,Networking & Protocols,🔗,grpc-implementation,gRPC Implementation,Compression gRPC
🌐,networking-protocols,Networking & Protocols,🔗,grpc-implementation,gRPC Implementation,Interceptor gRPC
🌐,networking-protocols,Networking & Protocols,🔗,grpc-implementation,gRPC Implementation,Auth gRPC
🌐,networking-protocols,Networking & Protocols,🔗,grpc-implementation,gRPC Implementation,Load Balancing gRPC
🌐,networking-protocols,Networking & Protocols,🔗,grpc-implementation,gRPC Implementation,Resolver gRPC
🌐,networking-protocols,Networking & Protocols,🔗,grpc-implementation,gRPC Implementation,Health Check gRPC
🌐,networking-protocols,Networking & Protocols,🔗,grpc-implementation,gRPC Implementation,Reflection gRPC
🌐,networking-protocols,Networking & Protocols,🔗,grpc-implementation,gRPC Implementation,Channel Pool gRPC
🌐,networking-protocols,Networking & Protocols,🛜,network-protocol,Network Protocol,ARP Implementation
🌐,networking-protocols,Networking & Protocols,🛜,network-protocol,Network Protocol,IP Packet Builder
🌐,networking-protocols,Networking & Protocols,🛜,network-protocol,Network Protocol,IPv4 Header Parse
🌐,networking-protocols,Networking & Protocols,🛜,network-protocol,Network Protocol,IPv6 Header Parse
🌐,networking-protocols,Networking & Protocols,🛜,network-protocol,Network Protocol,ICMP Echo
🌐,networking-protocols,Networking & Protocols,🛜,network-protocol,Network Protocol,ICMP Ping Tool
🌐,networking-protocols,Networking & Protocols,🛜,network-protocol,Network Protocol,UDP Over IP
🌐,networking-protocols,Networking & Protocols,🛜,network-protocol,Network Protocol,TCP Segment Build
🌐,networking-protocols,Networking & Protocols,🛜,network-protocol,Network Protocol,TCP Flag Handler
🌐,networking-protocols,Networking & Protocols,🛜,network-protocol,Network Protocol,TCP Seq Number
🌐,networking-protocols,Networking & Protocols,🛜,network-protocol,Network Protocol,TCP Ack Number
🌐,networking-protocols,Networking & Protocols,🛜,network-protocol,Network Protocol,TCP Window Size
🌐,networking-protocols,Networking & Protocols,🛜,network-protocol,Network Protocol,TCP Checksum
🌐,networking-protocols,Networking & Protocols,🛜,network-protocol,Network Protocol,IP Fragmentation
🌐,networking-protocols,Networking & Protocols,🛜,network-protocol,Network Protocol,IP Reassembly
🌐,networking-protocols,Networking & Protocols,🛜,network-protocol,Network Protocol,TTL Manager IP
🌐,networking-protocols,Networking & Protocols,🛜,network-protocol,Network Protocol,DSCP Mark IP
🌐,networking-protocols,Networking & Protocols,🛜,network-protocol,Network Protocol,Routing Table Net
🌐,networking-protocols,Networking & Protocols,🛜,network-protocol,Network Protocol,Route Entry
🌐,networking-protocols,Networking & Protocols,🛜,network-protocol,Network Protocol,Next Hop Resolve
🌐,networking-protocols,Networking & Protocols,🛜,network-protocol,Network Protocol,ARP Cache
🌐,networking-protocols,Networking & Protocols,🛜,network-protocol,Network Protocol,Neighbor Discovery
🌐,networking-protocols,Networking & Protocols,🛜,network-protocol,Network Protocol,NDP Message
🌐,networking-protocols,Networking & Protocols,🛜,network-protocol,Network Protocol,RA Message
🌐,networking-protocols,Networking & Protocols,🛜,network-protocol,Network Protocol,RS Message
🌐,networking-protocols,Networking & Protocols,🛜,network-protocol,Network Protocol,DHCP Client
🌐,networking-protocols,Networking & Protocols,🛜,network-protocol,Network Protocol,DHCP Server
🌐,networking-protocols,Networking & Protocols,🛜,network-protocol,Network Protocol,DHCP Lease Mgr
🌐,networking-protocols,Networking & Protocols,🛜,network-protocol,Network Protocol,NAT Implementation
🌐,networking-protocols,Networking & Protocols,🛜,network-protocol,Network Protocol,Port Forward NAT
🌐,networking-protocols,Networking & Protocols,📊,network-monitor,Network Monitor,Packet Sniffer
🌐,networking-protocols,Networking & Protocols,📊,network-monitor,Network Monitor,Packet Capture
🌐,networking-protocols,Networking & Protocols,📊,network-monitor,Network Monitor,BPF Filter
🌐,networking-protocols,Networking & Protocols,📊,network-monitor,Network Monitor,Protocol Decoder
🌐,networking-protocols,Networking & Protocols,📊,network-monitor,Network Monitor,Ethernet Frame
🌐,networking-protocols,Networking & Protocols,📊,network-monitor,Network Monitor,IP Packet Decode
🌐,networking-protocols,Networking & Protocols,📊,network-monitor,Network Monitor,TCP Stream Reassem
🌐,networking-protocols,Networking & Protocols,📊,network-monitor,Network Monitor,UDP Datagram Decode
🌐,networking-protocols,Networking & Protocols,📊,network-monitor,Network Monitor,Bandwidth Monitor
🌐,networking-protocols,Networking & Protocols,📊,network-monitor,Network Monitor,Throughput Calc
🌐,networking-protocols,Networking & Protocols,📊,network-monitor,Network Monitor,Packet Loss Rate
🌐,networking-protocols,Networking & Protocols,📊,network-monitor,Network Monitor,Latency Measurer
🌐,networking-protocols,Networking & Protocols,📊,network-monitor,Network Monitor,Jitter Calculator
🌐,networking-protocols,Networking & Protocols,📊,network-monitor,Network Monitor,Flow Exporter
🌐,networking-protocols,Networking & Protocols,📊,network-monitor,Network Monitor,NetFlow Clone
🌐,networking-protocols,Networking & Protocols,📊,network-monitor,Network Monitor,sFlow Clone
🌐,networking-protocols,Networking & Protocols,📊,network-monitor,Network Monitor,IPFIX Clone
🌐,networking-protocols,Networking & Protocols,📊,network-monitor,Network Monitor,Top Talkers
🌐,networking-protocols,Networking & Protocols,📊,network-monitor,Network Monitor,Top Protocols
🌐,networking-protocols,Networking & Protocols,📊,network-monitor,Network Monitor,Traffic Matrix
🌐,networking-protocols,Networking & Protocols,📊,network-monitor,Network Monitor,Port Monitor
🌐,networking-protocols,Networking & Protocols,📊,network-monitor,Network Monitor,Interface Stats
🌐,networking-protocols,Networking & Protocols,📊,network-monitor,Network Monitor,Error Counter Net
🌐,networking-protocols,Networking & Protocols,📊,network-monitor,Network Monitor,SNMP Poller
🌐,networking-protocols,Networking & Protocols,📊,network-monitor,Network Monitor,MIB Walker
🌐,networking-protocols,Networking & Protocols,📊,network-monitor,Network Monitor,Trap Receiver
🌐,networking-protocols,Networking & Protocols,📊,network-monitor,Network Monitor,Syslog Collector
🌐,networking-protocols,Networking & Protocols,📊,network-monitor,Network Monitor,NetGraph Builder
🌐,networking-protocols,Networking & Protocols,📊,network-monitor,Network Monitor,Bandwidth Chart
🌐,networking-protocols,Networking & Protocols,📊,network-monitor,Network Monitor,Packet Histogram
🌐,networking-protocols,Networking & Protocols,🚦,load-balancer,Load Balancer,Round Robin LB
🌐,networking-protocols,Networking & Protocols,🚦,load-balancer,Load Balancer,Least Connections
🌐,networking-protocols,Networking & Protocols,🚦,load-balancer,Load Balancer,Weighted RR
🌐,networking-protocols,Networking & Protocols,🚦,load-balancer,Load Balancer,IP Hash LB
🌐,networking-protocols,Networking & Protocols,🚦,load-balancer,Load Balancer,Consistent Hash LB
🌐,networking-protocols,Networking & Protocols,🚦,load-balancer,Load Balancer,Least Response Time
🌐,networking-protocols,Networking & Protocols,🚦,load-balancer,Load Balancer,Random LB
🌐,networking-protocols,Networking & Protocols,🚦,load-balancer,Load Balancer,Two Choices LB
🌐,networking-protocols,Networking & Protocols,🚦,load-balancer,Load Balancer,Power of Two Choices
🌐,networking-protocols,Networking & Protocols,🚦,load-balancer,Load Balancer,Health Check LB
🌐,networking-protocols,Networking & Protocols,🚦,load-balancer,Load Balancer,Passive Health
🌐,networking-protocols,Networking & Protocols,🚦,load-balancer,Load Balancer,Active Health
🌐,networking-protocols,Networking & Protocols,🚦,load-balancer,Load Balancer,Circuit Breaker LB
🌐,networking-protocols,Networking & Protocols,🚦,load-balancer,Load Balancer,Max Failures
🌐,networking-protocols,Networking & Protocols,🚦,load-balancer,Load Balancer,Backend Pool
🌐,networking-protocols,Networking & Protocols,🚦,load-balancer,Load Balancer,Connection Drain
🌐,networking-protocols,Networking & Protocols,🚦,load-balancer,Load Balancer,Slow Start LB
🌐,networking-protocols,Networking & Protocols,🚦,load-balancer,Load Balancer,Session Stickiness
🌐,networking-protocols,Networking & Protocols,🚦,load-balancer,Load Balancer,Cookie Sticky
🌐,networking-protocols,Networking & Protocols,🚦,load-balancer,Load Balancer,Header Sticky
🌐,networking-protocols,Networking & Protocols,🚦,load-balancer,Load Balancer,TLS Termination LB
🌐,networking-protocols,Networking & Protocols,🚦,load-balancer,Load Balancer,SNI Routing
🌐,networking-protocols,Networking & Protocols,🚦,load-balancer,Load Balancer,Path Routing LB
🌐,networking-protocols,Networking & Protocols,🚦,load-balancer,Load Balancer,Host Routing
🌐,networking-protocols,Networking & Protocols,🚦,load-balancer,Load Balancer,Rate Limiter LB
🌐,networking-protocols,Networking & Protocols,🚦,load-balancer,Load Balancer,Connection Limit
🌐,networking-protocols,Networking & Protocols,🚦,load-balancer,Load Balancer,Queue Depth LB
🌐,networking-protocols,Networking & Protocols,🚦,load-balancer,Load Balancer,Retry LB
🌐,networking-protocols,Networking & Protocols,🚦,load-balancer,Load Balancer,Timeout LB
🌐,networking-protocols,Networking & Protocols,🚦,load-balancer,Load Balancer,Admin API LB
🌐,networking-protocols,Networking & Protocols,🔗,service-discovery,Service Discovery,Registry Server
🌐,networking-protocols,Networking & Protocols,🔗,service-discovery,Service Discovery,Service Register
🌐,networking-protocols,Networking & Protocols,🔗,service-discovery,Service Discovery,Service Deregister
🌐,networking-protocols,Networking & Protocols,🔗,service-discovery,Service Discovery,Heartbeat SD
🌐,networking-protocols,Networking & Protocols,🔗,service-discovery,Service Discovery,TTL Expiration
🌐,networking-protocols,Networking & Protocols,🔗,service-discovery,Service Discovery,Health Check SD
🌐,networking-protocols,Networking & Protocols,🔗,service-discovery,Service Discovery,Service Query
🌐,networking-protocols,Networking & Protocols,🔗,service-discovery,Service Discovery,Service Watch
🌐,networking-protocols,Networking & Protocols,🔗,service-discovery,Service Discovery,Polling SD
🌐,networking-protocols,Networking & Protocols,🔗,service-discovery,Service Discovery,Push SD
🌐,networking-protocols,Networking & Protocols,🔗,service-discovery,Service Discovery,Metadata Tag SD
🌐,networking-protocols,Networking & Protocols,🔗,service-discovery,Service Discovery,Weight SD
🌐,networking-protocols,Networking & Protocols,🔗,service-discovery,Service Discovery,Zone Affinity
🌐,networking-protocols,Networking & Protocols,🔗,service-discovery,Service Discovery,Cache SD
🌐,networking-protocols,Networking & Protocols,🔗,service-discovery,Service Discovery,Stale Cache SD
🌐,networking-protocols,Networking & Protocols,🔗,service-discovery,Service Discovery,Consul Clone
🌐,networking-protocols,Networking & Protocols,🔗,service-discovery,Service Discovery,Etcd Clone
🌐,networking-protocols,Networking & Protocols,🔗,service-discovery,Service Discovery,ZooKeeper Clone
🌐,networking-protocols,Networking & Protocols,🔗,service-discovery,Service Discovery,Eureka Clone
🌐,networking-protocols,Networking & Protocols,🔗,service-discovery,Service Discovery,Nacos Clone
🌐,networking-protocols,Networking & Protocols,🔗,service-discovery,Service Discovery,DNS SD
🌐,networking-protocols,Networking & Protocols,🔗,service-discovery,Service Discovery,SRV Record SD
🌐,networking-protocols,Networking & Protocols,🔗,service-discovery,Service Discovery,Round Robin SD
🌐,networking-protocols,Networking & Protocols,🔗,service-discovery,Service Discovery,Random Select SD
🌐,networking-protocols,Networking & Protocols,🔗,service-discovery,Service Discovery,Least Load SD
🌐,networking-protocols,Networking & Protocols,🔗,service-discovery,Service Discovery,Circuit Breaker SD
🌐,networking-protocols,Networking & Protocols,🔗,service-discovery,Service Discovery,Retry SD
🌐,networking-protocols,Networking & Protocols,🔗,service-discovery,Service Discovery,Backoff SD
🌐,networking-protocols,Networking & Protocols,🔗,service-discovery,Service Discovery,Bulkhead SD
🌐,networking-protocols,Networking & Protocols,🔗,service-discovery,Service Discovery,SD Dashboard
🌐,networking-protocols,Networking & Protocols,🌉,api-gateway,API Gateway,Route Config GW
🌐,networking-protocols,Networking & Protocols,🌉,api-gateway,API Gateway,Path Match GW
🌐,networking-protocols,Networking & Protocols,🌉,api-gateway,API Gateway,Prefix Match GW
🌐,networking-protocols,Networking & Protocols,🌉,api-gateway,API Gateway,Regex Route GW
🌐,networking-protocols,Networking & Protocols,🌉,api-gateway,API Gateway,Header Route
🌐,networking-protocols,Networking & Protocols,🌉,api-gateway,API Gateway,Method Route
🌐,networking-protocols,Networking & Protocols,🌉,api-gateway,API Gateway,Host Route
🌐,networking-protocols,Networking & Protocols,🌉,api-gateway,API Gateway,Weighted Route
🌐,networking-protocols,Networking & Protocols,🌉,api-gateway,API Gateway,Rate Limit GW
🌐,networking-protocols,Networking & Protocols,🌉,api-gateway,API Gateway,Burst Rate GW
🌐,networking-protocols,Networking & Protocols,🌉,api-gateway,API Gateway,Quota GW
🌐,networking-protocols,Networking & Protocols,🌉,api-gateway,API Gateway,Circuit Breaker GW
🌐,networking-protocols,Networking & Protocols,🌉,api-gateway,API Gateway,Retry GW
🌐,networking-protocols,Networking & Protocols,🌉,api-gateway,API Gateway,Timeout GW
🌐,networking-protocols,Networking & Protocols,🌉,api-gateway,API Gateway,Auth Plugin GW
🌐,networking-protocols,Networking & Protocols,🌉,api-gateway,API Gateway,API Key GW
🌐,networking-protocols,Networking & Protocols,🌉,api-gateway,API Gateway,JWT Verify GW
🌐,networking-protocols,Networking & Protocols,🌉,api-gateway,API Gateway,OAuth2 Proxy
🌐,networking-protocols,Networking & Protocols,🌉,api-gateway,API Gateway,Request Transform
🌐,networking-protocols,Networking & Protocols,🌉,api-gateway,API Gateway,Response Transform
🌐,networking-protocols,Networking & Protocols,🌉,api-gateway,API Gateway,Header Modify GW
🌐,networking-protocols,Networking & Protocols,🌉,api-gateway,API Gateway,Query Param GW
🌐,networking-protocols,Networking & Protocols,🌉,api-gateway,API Gateway,Body Transform GW
🌐,networking-protocols,Networking & Protocols,🌉,api-gateway,API Gateway,Cache Response GW
🌐,networking-protocols,Networking & Protocols,🌉,api-gateway,API Gateway,Compression GW
🌐,networking-protocols,Networking & Protocols,🌉,api-gateway,API Gateway,Logging GW
🌐,networking-protocols,Networking & Protocols,🌉,api-gateway,API Gateway,Monitor GW
🌐,networking-protocols,Networking & Protocols,🌉,api-gateway,API Gateway,Metrics Export GW
🌐,networking-protocols,Networking & Protocols,🌉,api-gateway,API Gateway,Admin Portal GW
🌐,networking-protocols,Networking & Protocols,🌉,api-gateway,API Gateway,Developer Portal
🌐,networking-protocols,Networking & Protocols,🔑,auth-protocol,Auth Protocol,OAuth2 Server
🌐,networking-protocols,Networking & Protocols,🔑,auth-protocol,Auth Protocol,OAuth2 Client
🌐,networking-protocols,Networking & Protocols,🔑,auth-protocol,Auth Protocol,Authorization Code Flow
🌐,networking-protocols,Networking & Protocols,🔑,auth-protocol,Auth Protocol,Implicit Flow OAuth
🌐,networking-protocols,Networking & Protocols,🔑,auth-protocol,Auth Protocol,Client Credentials
🌐,networking-protocols,Networking & Protocols,🔑,auth-protocol,Auth Protocol,Resource Owner Flow
🌐,networking-protocols,Networking & Protocols,🔑,auth-protocol,Auth Protocol,Refresh Token OA
🌐,networking-protocols,Networking & Protocols,🔑,auth-protocol,Auth Protocol,Access Token Issuer
🌐,networking-protocols,Networking & Protocols,🔑,auth-protocol,Auth Protocol,JWT Access Token
🌐,networking-protocols,Networking & Protocols,🔑,auth-protocol,Auth Protocol,Opaque Token
🌐,networking-protocols,Networking & Protocols,🔑,auth-protocol,Auth Protocol,Scope Manager
🌐,networking-protocols,Networking & Protocols,🔑,auth-protocol,Auth Protocol,Consent Page
🌐,networking-protocols,Networking & Protocols,🔑,auth-protocol,Auth Protocol,PKCE Flow
🌐,networking-protocols,Networking & Protocols,🔑,auth-protocol,Auth Protocol,S256 Challenge
🌐,networking-protocols,Networking & Protocols,🔑,auth-protocol,Auth Protocol,Plain Challenge
🌐,networking-protocols,Networking & Protocols,🔑,auth-protocol,Auth Protocol,OpenID Connect
🌐,networking-protocols,Networking & Protocols,🔑,auth-protocol,Auth Protocol,ID Token OIDC
🌐,networking-protocols,Networking & Protocols,🔑,auth-protocol,Auth Protocol,User Info Endpoint
🌐,networking-protocols,Networking & Protocols,🔑,auth-protocol,Auth Protocol,JWKS Endpoint
🌐,networking-protocols,Networking & Protocols,🔑,auth-protocol,Auth Protocol,SAML IdP
🌐,networking-protocols,Networking & Protocols,🔑,auth-protocol,Auth Protocol,SAML SP
🌐,networking-protocols,Networking & Protocols,🔑,auth-protocol,Auth Protocol,SAML Assertion
🌐,networking-protocols,Networking & Protocols,🔑,auth-protocol,Auth Protocol,SAML Metadata
🌐,networking-protocols,Networking & Protocols,🔑,auth-protocol,Auth Protocol,LDAP Bind
🌐,networking-protocols,Networking & Protocols,🔑,auth-protocol,Auth Protocol,LDAP Search
🌐,networking-protocols,Networking & Protocols,🔑,auth-protocol,Auth Protocol,LDAP Modify
🌐,networking-protocols,Networking & Protocols,🔑,auth-protocol,Auth Protocol,Kerberos KDC
🌐,networking-protocols,Networking & Protocols,🔑,auth-protocol,Auth Protocol,TGS Request
🌐,networking-protocols,Networking & Protocols,🔑,auth-protocol,Auth Protocol,AS Request
🌐,networking-protocols,Networking & Protocols,🔑,auth-protocol,Auth Protocol,Ticket Grant Ticket
🌐,networking-protocols,Networking & Protocols,📬,message-broker,Message Broker,AMQP Server
🌐,networking-protocols,Networking & Protocols,📬,message-broker,Message Broker,AMQP Client
🌐,networking-protocols,Networking & Protocols,📬,message-broker,Message Broker,Exchange Topic
🌐,networking-protocols,Networking & Protocols,📬,message-broker,Message Broker,Exchange Direct
🌐,networking-protocols,Networking & Protocols,📬,message-broker,Message Broker,Exchange Fanout
🌐,networking-protocols,Networking & Protocols,📬,message-broker,Message Broker,Exchange Headers
🌐,networking-protocols,Networking & Protocols,📬,message-broker,Message Broker,Binding Key
🌐,networking-protocols,Networking & Protocols,📬,message-broker,Message Broker,Routing Key
🌐,networking-protocols,Networking & Protocols,📬,message-broker,Message Broker,Queue Declare
🌐,networking-protocols,Networking & Protocols,📬,message-broker,Message Broker,Queue Bind
🌐,networking-protocols,Networking & Protocols,📬,message-broker,Message Broker,Queue Unbind
🌐,networking-protocols,Networking & Protocols,📬,message-broker,Message Broker,Queue Delete
🌐,networking-protocols,Networking & Protocols,📬,message-broker,Message Broker,Queue Purge
🌐,networking-protocols,Networking & Protocols,📬,message-broker,Message Broker,Queue Length Limit
🌐,networking-protocols,Networking & Protocols,📬,message-broker,Message Broker,TTL Queue
🌐,networking-protocols,Networking & Protocols,📬,message-broker,Message Broker,DLX Queue
🌐,networking-protocols,Networking & Protocols,📬,message-broker,Message Broker,Dead Letter Exch
🌐,networking-protocols,Networking & Protocols,📬,message-broker,Message Broker,Publisher Confirm
🌐,networking-protocols,Networking & Protocols,📬,message-broker,Message Broker,Consumer Ack
🌐,networking-protocols,Networking & Protocols,📬,message-broker,Message Broker,Consumer Nack
🌐,networking-protocols,Networking & Protocols,📬,message-broker,Message Broker,Consumer Reject
🌐,networking-protocols,Networking & Protocols,📬,message-broker,Message Broker,Prefetch Count
🌐,networking-protocols,Networking & Protocols,📬,message-broker,Message Broker,QoS Broker
🌐,networking-protocols,Networking & Protocols,📬,message-broker,Message Broker,Cluster Broker
🌐,networking-protocols,Networking & Protocols,📬,message-broker,Message Broker,Mirrored Queue
🌐,networking-protocols,Networking & Protocols,📬,message-broker,Message Broker,Quorum Queue
🌐,networking-protocols,Networking & Protocols,📬,message-broker,Message Broker,Federation Plug
🌐,networking-protocols,Networking & Protocols,📬,message-broker,Message Broker,Shovel Plugin
🌐,networking-protocols,Networking & Protocols,📬,message-broker,Message Broker,Management API
🌐,networking-protocols,Networking & Protocols,📬,message-broker,Message Broker,TLS Broker
🌐,networking-protocols,Networking & Protocols,🔄,rpc-framework,RPC Framework,RPC Server
🌐,networking-protocols,Networking & Protocols,🔄,rpc-framework,RPC Framework,RPC Client
🌐,networking-protocols,Networking & Protocols,🔄,rpc-framework,RPC Framework,Stub Generator
🌐,networking-protocols,Networking & Protocols,🔄,rpc-framework,RPC Framework,Skeleton Gen
🌐,networking-protocols,Networking & Protocols,🔄,rpc-framework,RPC Framework,Interface Def RPC
🌐,networking-protocols,Networking & Protocols,🔄,rpc-framework,RPC Framework,Method Registry
🌐,networking-protocols,Networking & Protocols,🔄,rpc-framework,RPC Framework,Parameter Marshal
🌐,networking-protocols,Networking & Protocols,🔄,rpc-framework,RPC Framework,Result Unmarshal
🌐,networking-protocols,Networking & Protocols,🔄,rpc-framework,RPC Framework,Call ID Gen
🌐,networking-protocols,Networking & Protocols,🔄,rpc-framework,RPC Framework,Sequence RPC
🌐,networking-protocols,Networking & Protocols,🔄,rpc-framework,RPC Framework,Oneway RPC
🌐,networking-protocols,Networking & Protocols,🔄,rpc-framework,RPC Framework,Future RPC
🌐,networking-protocols,Networking & Protocols,🔄,rpc-framework,RPC Framework,Callback RPC
🌐,networking-protocols,Networking & Protocols,🔄,rpc-framework,RPC Framework,Timeout RPC
🌐,networking-protocols,Networking & Protocols,🔄,rpc-framework,RPC Framework,Retry RPC
🌐,networking-protocols,Networking & Protocols,🔄,rpc-framework,RPC Framework,Circuit Breaker RPC
🌐,networking-protocols,Networking & Protocols,🔄,rpc-framework,RPC Framework,Load Balance RPC
🌐,networking-protocols,Networking & Protocols,🔄,rpc-framework,RPC Framework,Consistent Hash RPC
🌐,networking-protocols,Networking & Protocols,🔄,rpc-framework,RPC Framework,Compression RPC
🌐,networking-protocols,Networking & Protocols,🔄,rpc-framework,RPC Framework,Serialize JSON RPC
🌐,networking-protocols,Networking & Protocols,🔄,rpc-framework,RPC Framework,Serialize MsgPack
🌐,networking-protocols,Networking & Protocols,🔄,rpc-framework,RPC Framework,Serialize Thrift
🌐,networking-protocols,Networking & Protocols,🔄,rpc-framework,RPC Framework,Serialize Avro
🌐,networking-protocols,Networking & Protocols,🔄,rpc-framework,RPC Framework,Auth RPC
🌐,networking-protocols,Networking & Protocols,🔄,rpc-framework,RPC Framework,TLS RPC
🌐,networking-protocols,Networking & Protocols,🔄,rpc-framework,RPC Framework,Tracing RPC
🌐,networking-protocols,Networking & Protocols,🔄,rpc-framework,RPC Framework,Metrics RPC
🌐,networking-protocols,Networking & Protocols,🔄,rpc-framework,RPC Framework,Context Propagate
🌐,networking-protocols,Networking & Protocols,🔄,rpc-framework,RPC Framework,Deadline RPC
🌐,networking-protocols,Networking & Protocols,🔄,rpc-framework,RPC Framework,Cancel RPC
🌐,networking-protocols,Networking & Protocols,🔒,ssh-server,SSH Server,SSH Key Exchange
🌐,networking-protocols,Networking & Protocols,🔒,ssh-server,SSH Server,DH Key Exchange SSH
🌐,networking-protocols,Networking & Protocols,🔒,ssh-server,SSH Server,ECDH Key Exchange
🌐,networking-protocols,Networking & Protocols,🔒,ssh-server,SSH Server,Curve25519 SSH
🌐,networking-protocols,Networking & Protocols,🔒,ssh-server,SSH Server,SSH Handshake
🌐,networking-protocols,Networking & Protocols,🔒,ssh-server,SSH Server,Kex Init Msg
🌐,networking-protocols,Networking & Protocols,🔒,ssh-server,SSH Server,Kex DH Reply
🌐,networking-protocols,Networking & Protocols,🔒,ssh-server,SSH Server,New Keys Msg
🌐,networking-protocols,Networking & Protocols,🔒,ssh-server,SSH Server,Service Request SSHs
🌐,networking-protocols,Networking & Protocols,🔒,ssh-server,SSH Server,User Auth SSH
🌐,networking-protocols,Networking & Protocols,🔒,ssh-server,SSH Server,Password Auth
🌐,networking-protocols,Networking & Protocols,🔒,ssh-server,SSH Server,Public Key Auth
🌐,networking-protocols,Networking & Protocols,🔒,ssh-server,SSH Server,Keyboard Interactive
🌐,networking-protocols,Networking & Protocols,🔒,ssh-server,SSH Server,Host Key Verify
🌐,networking-protocols,Networking & Protocols,🔒,ssh-server,SSH Server,RSA Host Key
🌐,networking-protocols,Networking & Protocols,🔒,ssh-server,SSH Server,ECDSA Host Key
🌐,networking-protocols,Networking & Protocols,🔒,ssh-server,SSH Server,Ed25519 Host Key
🌐,networking-protocols,Networking & Protocols,🔒,ssh-server,SSH Server,Session Channel
🌐,networking-protocols,Networking & Protocols,🔒,ssh-server,SSH Server,Shell Channel
🌐,networking-protocols,Networking & Protocols,🔒,ssh-server,SSH Server,Exec Channel
🌐,networking-protocols,Networking & Protocols,🔒,ssh-server,SSH Server,SFTP Channel
🌐,networking-protocols,Networking & Protocols,🔒,ssh-server,SSH Server,SCP Protocol
🌐,networking-protocols,Networking & Protocols,🔒,ssh-server,SSH Server,Port Forward SSH
🌐,networking-protocols,Networking & Protocols,🔒,ssh-server,SSH Server,X11 Forward
🌐,networking-protocols,Networking & Protocols,🔒,ssh-server,SSH Server,TCP Forward SSH
🌐,networking-protocols,Networking & Protocols,🔒,ssh-server,SSH Server,PTY Alloc SSH
🌐,networking-protocols,Networking & Protocols,🔒,ssh-server,SSH Server,Env Pass SSH
🌐,networking-protocols,Networking & Protocols,🔒,ssh-server,SSH Server,Signal SSH
🌐,networking-protocols,Networking & Protocols,🔒,ssh-server,SSH Server,Exit Status
🌐,networking-protocols,Networking & Protocols,🔒,ssh-server,SSH Server,Keepalive SSH
🌐,networking-protocols,Networking & Protocols,🌍,cdn-edge,CDN Edge,Origin Pull
🌐,networking-protocols,Networking & Protocols,🌍,cdn-edge,CDN Edge,Edge Cache
🌐,networking-protocols,Networking & Protocols,🌍,cdn-edge,CDN Edge,Cache Key Gen CDN
🌐,networking-protocols,Networking & Protocols,🌍,cdn-edge,CDN Edge,Cache Policy Edge
🌐,networking-protocols,Networking & Protocols,🌍,cdn-edge,CDN Edge,TTL Cache CDN
🌐,networking-protocols,Networking & Protocols,🌍,cdn-edge,CDN Edge,Stale While Reval
🌐,networking-protocols,Networking & Protocols,🌍,cdn-edge,CDN Edge,Stale If Error
🌐,networking-protocols,Networking & Protocols,🌍,cdn-edge,CDN Edge,Purge Cache Edge
🌐,networking-protocols,Networking & Protocols,🌍,cdn-edge,CDN Edge,Prefetch Edge
🌐,networking-protocols,Networking & Protocols,🌍,cdn-edge,CDN Edge,DDoS Protection
🌐,networking-protocols,Networking & Protocols,🌍,cdn-edge,CDN Edge,WAF Edge
🌐,networking-protocols,Networking & Protocols,🌍,cdn-edge,CDN Edge,Rate Limit Edge
🌐,networking-protocols,Networking & Protocols,🌍,cdn-edge,CDN Edge,Bot Detect Edge
🌐,networking-protocols,Networking & Protocols,🌍,cdn-edge,CDN Edge,Geo Block Edge
🌐,networking-protocols,Networking & Protocols,🌍,cdn-edge,CDN Edge,IP Allow Deny
🌐,networking-protocols,Networking & Protocols,🌍,cdn-edge,CDN Edge,URL Rewrite Edge
🌐,networking-protocols,Networking & Protocols,🌍,cdn-edge,CDN Edge,Redirect Edge
🌐,networking-protocols,Networking & Protocols,🌍,cdn-edge,CDN Edge,Edge Compute
🌐,networking-protocols,Networking & Protocols,🌍,cdn-edge,CDN Edge,KV Store Edge
🌐,networking-protocols,Networking & Protocols,🌍,cdn-edge,CDN Edge,Config Edge
🌐,networking-protocols,Networking & Protocols,🌍,cdn-edge,CDN Edge,Metrics Edge
🌐,networking-protocols,Networking & Protocols,🌍,cdn-edge,CDN Edge,POP Selector
🌐,networking-protocols,Networking & Protocols,🌍,cdn-edge,CDN Edge,Anycast Routing
🌐,networking-protocols,Networking & Protocols,🌍,cdn-edge,CDN Edge,DNS Resolution Edge
🌐,networking-protocols,Networking & Protocols,🌍,cdn-edge,CDN Edge,TLS Termination Edge
🌐,networking-protocols,Networking & Protocols,🌍,cdn-edge,CDN Edge,HTTP/2 Edge
🌐,networking-protocols,Networking & Protocols,🌍,cdn-edge,CDN Edge,HTTP/3 Edge
🌐,networking-protocols,Networking & Protocols,🌍,cdn-edge,CDN Edge,Compression Edge
🌐,networking-protocols,Networking & Protocols,🌍,cdn-edge,CDN Edge,Image Optim Edge
🌐,networking-protocols,Networking & Protocols,🌍,cdn-edge,CDN Edge,Log Stream Edge
🌐,networking-protocols,Networking & Protocols,📡,proxy-server,Proxy Server,Forward Proxy
🌐,networking-protocols,Networking & Protocols,📡,proxy-server,Proxy Server,Reverse Proxy
🌐,networking-protocols,Networking & Protocols,📡,proxy-server,Proxy Server,Transparent Proxy
🌐,networking-protocols,Networking & Protocols,📡,proxy-server,Proxy Server,Anonymous Proxy
🌐,networking-protocols,Networking & Protocols,📡,proxy-server,Proxy Server,Elite Proxy
🌐,networking-protocols,Networking & Protocols,📡,proxy-server,Proxy Server,SOCKS4 Proxy
🌐,networking-protocols,Networking & Protocols,📡,proxy-server,Proxy Server,SOCKS5 Proxy
🌐,networking-protocols,Networking & Protocols,📡,proxy-server,Proxy Server,HTTP Proxy Tunnel
🌐,networking-protocols,Networking & Protocols,📡,proxy-server,Proxy Server,SSL Bump
🌐,networking-protocols,Networking & Protocols,📡,proxy-server,Proxy Server,MITM Proxy
🌐,networking-protocols,Networking & Protocols,📡,proxy-server,Proxy Server,Cache Proxy
🌐,networking-protocols,Networking & Protocols,📡,proxy-server,Proxy Server,Filter Proxy
🌐,networking-protocols,Networking & Protocols,📡,proxy-server,Proxy Server,Content Filter
🌐,networking-protocols,Networking & Protocols,📡,proxy-server,Proxy Server,URL Filter
🌐,networking-protocols,Networking & Protocols,📡,proxy-server,Proxy Server,DNS Filter
🌐,networking-protocols,Networking & Protocols,📡,proxy-server,Proxy Server,Parent Proxy
🌐,networking-protocols,Networking & Protocols,📡,proxy-server,Proxy Server,Proxy Chain
🌐,networking-protocols,Networking & Protocols,📡,proxy-server,Proxy Server,Load Balance Proxy
🌐,networking-protocols,Networking & Protocols,📡,proxy-server,Proxy Server,Failover Proxy
🌐,networking-protocols,Networking & Protocols,📡,proxy-server,Proxy Server,Auth Proxy
🌐,networking-protocols,Networking & Protocols,📡,proxy-server,Proxy Server,Bandwidth Control
🌐,networking-protocols,Networking & Protocols,📡,proxy-server,Proxy Server,Access Log Proxy
🌐,networking-protocols,Networking & Protocols,📡,proxy-server,Proxy Server,Traffic Shaping
🌐,networking-protocols,Networking & Protocols,📡,proxy-server,Proxy Server,Proxy Protocol
🌐,networking-protocols,Networking & Protocols,📡,proxy-server,Proxy Server,HAProxy Clone
🌐,networking-protocols,Networking & Protocols,📡,proxy-server,Proxy Server,Squid Clone
🌐,networking-protocols,Networking & Protocols,📡,proxy-server,Proxy Server,Nginx Proxy Clone
🌐,networking-protocols,Networking & Protocols,📡,proxy-server,Proxy Server,Envoy Proxy Clone
🌐,networking-protocols,Networking & Protocols,📡,proxy-server,Proxy Server,Traefik Clone
🌐,networking-protocols,Networking & Protocols,📡,proxy-server,Proxy Server,Proxy Auto Config
🌐,networking-protocols,Networking & Protocols,🌐,ipv6-stack,IPv6 Stack,IPv6 Header Proc
🌐,networking-protocols,Networking & Protocols,🌐,ipv6-stack,IPv6 Stack,IPv6 Extension Hdr
🌐,networking-protocols,Networking & Protocols,🌐,ipv6-stack,IPv6 Stack,Hop by Hop Opt
🌐,networking-protocols,Networking & Protocols,🌐,ipv6-stack,IPv6 Stack,Routing Header v6
🌐,networking-protocols,Networking & Protocols,🌐,ipv6-stack,IPv6 Stack,Fragment Header v6
🌐,networking-protocols,Networking & Protocols,🌐,ipv6-stack,IPv6 Stack,AH Header v6
🌐,networking-protocols,Networking & Protocols,🌐,ipv6-stack,IPv6 Stack,ESP Header v6
🌐,networking-protocols,Networking & Protocols,🌐,ipv6-stack,IPv6 Stack,Destination Opt
🌐,networking-protocols,Networking & Protocols,🌐,ipv6-stack,IPv6 Stack,No Next Header
🌐,networking-protocols,Networking & Protocols,🌐,ipv6-stack,IPv6 Stack,IPv6 Addressing
🌐,networking-protocols,Networking & Protocols,🌐,ipv6-stack,IPv6 Stack,Unicast Address
🌐,networking-protocols,Networking & Protocols,🌐,ipv6-stack,IPv6 Stack,Multicast Address
🌐,networking-protocols,Networking & Protocols,🌐,ipv6-stack,IPv6 Stack,Anycast Address
🌐,networking-protocols,Networking & Protocols,🌐,ipv6-stack,IPv6 Stack,Link Local Addr
🌐,networking-protocols,Networking & Protocols,🌐,ipv6-stack,IPv6 Stack,Unique Local Addr
🌐,networking-protocols,Networking & Protocols,🌐,ipv6-stack,IPv6 Stack,Global Unicast
🌐,networking-protocols,Networking & Protocols,🌐,ipv6-stack,IPv6 Stack,Solicited Node MC
🌐,networking-protocols,Networking & Protocols,🌐,ipv6-stack,IPv6 Stack,IPv6 Neighbor Sol
🌐,networking-protocols,Networking & Protocols,🌐,ipv6-stack,IPv6 Stack,Neighbor Adv
🌐,networking-protocols,Networking & Protocols,🌐,ipv6-stack,IPv6 Stack,Router Solicit
🌐,networking-protocols,Networking & Protocols,🌐,ipv6-stack,IPv6 Stack,Router Advertise
🌐,networking-protocols,Networking & Protocols,🌐,ipv6-stack,IPv6 Stack,Redirect v6
🌐,networking-protocols,Networking & Protocols,🌐,ipv6-stack,IPv6 Stack,MTU Discovery v6
🌐,networking-protocols,Networking & Protocols,🌐,ipv6-stack,IPv6 Stack,Path MTU v6
🌐,networking-protocols,Networking & Protocols,🌐,ipv6-stack,IPv6 Stack,Stateless Autoconf
🌐,networking-protocols,Networking & Protocols,🌐,ipv6-stack,IPv6 Stack,DHCPv6 Client
🌐,networking-protocols,Networking & Protocols,🌐,ipv6-stack,IPv6 Stack,DHCPv6 Server
🌐,networking-protocols,Networking & Protocols,🌐,ipv6-stack,IPv6 Stack,Dual Stack Impl
🌐,networking-protocols,Networking & Protocols,🌐,ipv6-stack,IPv6 Stack,IPv4 Mapped IPv6
🌐,networking-protocols,Networking & Protocols,🌐,ipv6-stack,IPv6 Stack,Transition Mech
🌐,networking-protocols,Networking & Protocols,🔄,pub-sub-system,Pub Sub System,Topic Manager Pub
🌐,networking-protocols,Networking & Protocols,🔄,pub-sub-system,Pub Sub System,Subscription Pub
🌐,networking-protocols,Networking & Protocols,🔄,pub-sub-system,Pub Sub System,Publisher Pub
🌐,networking-protocols,Networking & Protocols,🔄,pub-sub-system,Pub Sub System,Subscriber Pub
🌐,networking-protocols,Networking & Protocols,🔄,pub-sub-system,Pub Sub System,Fan Out Pub
🌐,networking-protocols,Networking & Protocols,🔄,pub-sub-system,Pub Sub System,Fan In Pub
🌐,networking-protocols,Networking & Protocols,🔄,pub-sub-system,Pub Sub System,Wildcard Topic
🌐,networking-protocols,Networking & Protocols,🔄,pub-sub-system,Pub Sub System,Hierarchical Topic
🌐,networking-protocols,Networking & Protocols,🔄,pub-sub-system,Pub Sub System,Filtered Subscribe
🌐,networking-protocols,Networking & Protocols,🔄,pub-sub-system,Pub Sub System,Durable Subscribe
🌐,networking-protocols,Networking & Protocols,🔄,pub-sub-system,Pub Sub System,Volatile Subscribe
🌐,networking-protocols,Networking & Protocols,🔄,pub-sub-system,Pub Sub System,Shared Subscribe
🌐,networking-protocols,Networking & Protocols,🔄,pub-sub-system,Pub Sub System,Exclusive Subscribe
🌐,networking-protocols,Networking & Protocols,🔄,pub-sub-system,Pub Sub System,Message Retention
🌐,networking-protocols,Networking & Protocols,🔄,pub-sub-system,Pub Sub System,Message TTL Pub
🌐,networking-protocols,Networking & Protocols,🔄,pub-sub-system,Pub Sub System,Delivery Count
🌐,networking-protocols,Networking & Protocols,🔄,pub-sub-system,Pub Sub System,Redelivery Pub
🌐,networking-protocols,Networking & Protocols,🔄,pub-sub-system,Pub Sub System,Dead Letter Pub
🌐,networking-protocols,Networking & Protocols,🔄,pub-sub-system,Pub Sub System,Ordered Delivery
🌐,networking-protocols,Networking & Protocols,🔄,pub-sub-system,Pub Sub System,Unordered Delivery
🌐,networking-protocols,Networking & Protocols,🔄,pub-sub-system,Pub Sub System,At Least Once Pub
🌐,networking-protocols,Networking & Protocols,🔄,pub-sub-system,Pub Sub System,At Most Once Pub
🌐,networking-protocols,Networking & Protocols,🔄,pub-sub-system,Pub Sub System,Exactly Once Pub
🌐,networking-protocols,Networking & Protocols,🔄,pub-sub-system,Pub Sub System,Message Persist
🌐,networking-protocols,Networking & Protocols,🔄,pub-sub-system,Pub Sub System,Backlog Pub
🌐,networking-protocols,Networking & Protocols,🔄,pub-sub-system,Pub Sub System,Flow Control Pub
🌐,networking-protocols,Networking & Protocols,🔄,pub-sub-system,Pub Sub System,Rate Limit Pub
🌐,networking-protocols,Networking & Protocols,🔄,pub-sub-system,Pub Sub System,Auth Pub
🌐,networking-protocols,Networking & Protocols,🔄,pub-sub-system,Pub Sub System,Cluster Pub
🌐,networking-protocols,Networking & Protocols,🔄,pub-sub-system,Pub Sub System,Multi DC Pub
🌐,networking-protocols,Networking & Protocols,🔌,serial-protocol,Serial Protocol,UART Driver
🌐,networking-protocols,Networking & Protocols,🔌,serial-protocol,Serial Protocol,RS232 Protocol
🌐,networking-protocols,Networking & Protocols,🔌,serial-protocol,Serial Protocol,RS485 Protocol
🌐,networking-protocols,Networking & Protocols,🔌,serial-protocol,Serial Protocol,SPI Master
🌐,networking-protocols,Networking & Protocols,🔌,serial-protocol,Serial Protocol,SPI Slave
🌐,networking-protocols,Networking & Protocols,🔌,serial-protocol,Serial Protocol,I2C Master
🌐,networking-protocols,Networking & Protocols,🔌,serial-protocol,Serial Protocol,I2C Slave
🌐,networking-protocols,Networking & Protocols,🔌,serial-protocol,Serial Protocol,I2C Multi Master
🌐,networking-protocols,Networking & Protocols,🔌,serial-protocol,Serial Protocol,CAN Bus Driver
🌐,networking-protocols,Networking & Protocols,🔌,serial-protocol,Serial Protocol,CAN Frame Build
🌐,networking-protocols,Networking & Protocols,🔌,serial-protocol,Serial Protocol,CAN Frame Parse
🌐,networking-protocols,Networking & Protocols,🔌,serial-protocol,Serial Protocol,CAN Error Handle
🌐,networking-protocols,Networking & Protocols,🔌,serial-protocol,Serial Protocol,MODBUS RTU
🌐,networking-protocols,Networking & Protocols,🔌,serial-protocol,Serial Protocol,MODBUS TCP
🌐,networking-protocols,Networking & Protocols,🔌,serial-protocol,Serial Protocol,MODBUS ASCII
🌐,networking-protocols,Networking & Protocols,🔌,serial-protocol,Serial Protocol,1 Wire Protocol
🌐,networking-protocols,Networking & Protocols,🔌,serial-protocol,Serial Protocol,USB Device Stack
🌐,networking-protocols,Networking & Protocols,🔌,serial-protocol,Serial Protocol,USB Host Stack
🌐,networking-protocols,Networking & Protocols,🔌,serial-protocol,Serial Protocol,USB Control Xfer
🌐,networking-protocols,Networking & Protocols,🔌,serial-protocol,Serial Protocol,USB Bulk Xfer
🌐,networking-protocols,Networking & Protocols,🔌,serial-protocol,Serial Protocol,USB Interrupt Xfer
🌐,networking-protocols,Networking & Protocols,🔌,serial-protocol,Serial Protocol,USB Isochronous
🌐,networking-protocols,Networking & Protocols,🔌,serial-protocol,Serial Protocol,USB Descriptor
🌐,networking-protocols,Networking & Protocols,🔌,serial-protocol,Serial Protocol,Bluetooth RFCOMM
🌐,networking-protocols,Networking & Protocols,🔌,serial-protocol,Serial Protocol,Bluetooth L2CAP
🌐,networking-protocols,Networking & Protocols,🔌,serial-protocol,Serial Protocol,BT SDP Protocol
🌐,networking-protocols,Networking & Protocols,🔌,serial-protocol,Serial Protocol,BLE GAP
🌐,networking-protocols,Networking & Protocols,🔌,serial-protocol,Serial Protocol,BLE GATT Server
🌐,networking-protocols,Networking & Protocols,🔌,serial-protocol,Serial Protocol,BLE GATT Client
🌐,networking-protocols,Networking & Protocols,🔌,serial-protocol,Serial Protocol,BLE Advertising
🌐,networking-protocols,Networking & Protocols,🌍,geoip-service,GeoIP Service,IP Range Lookup
🌐,networking-protocols,Networking & Protocols,🌍,geoip-service,GeoIP Service,GeoIP Database
🌐,networking-protocols,Networking & Protocols,🌍,geoip-service,GeoIP Service,City Lookup Geo
🌐,networking-protocols,Networking & Protocols,🌍,geoip-service,GeoIP Service,Country Lookup
🌐,networking-protocols,Networking & Protocols,🌍,geoip-service,GeoIP Service,ASN Lookup Geo
🌐,networking-protocols,Networking & Protocols,🌍,geoip-service,GeoIP Service,ISP Lookup Geo
🌐,networking-protocols,Networking & Protocols,🌍,geoip-service,GeoIP Service,Timezone Lookup
🌐,networking-protocols,Networking & Protocols,🌍,geoip-service,GeoIP Service,Lat Long Lookup
🌐,networking-protocols,Networking & Protocols,🌍,geoip-service,GeoIP Service,Distance Calc Geo
🌐,networking-protocols,Networking & Protocols,🌍,geoip-service,GeoIP Service,Geohash Encode
🌐,networking-protocols,Networking & Protocols,🌍,geoip-service,GeoIP Service,Geohash Decode
🌐,networking-protocols,Networking & Protocols,🌍,geoip-service,GeoIP Service,GeoJSON Builder
🌐,networking-protocols,Networking & Protocols,🌍,geoip-service,GeoIP Service,GeoJSON Parse
🌐,networking-protocols,Networking & Protocols,🌍,geoip-service,GeoIP Service,IPV4 Geo Map
🌐,networking-protocols,Networking & Protocols,🌍,geoip-service,GeoIP Service,IPV6 Geo Map
🌐,networking-protocols,Networking & Protocols,🌍,geoip-service,GeoIP Service,CIDR Match Geo
🌐,networking-protocols,Networking & Protocols,🌍,geoip-service,GeoIP Service,Prefix Match Geo
🌐,networking-protocols,Networking & Protocols,🌍,geoip-service,GeoIP Service,Bogon Filter Geo
🌐,networking-protocols,Networking & Protocols,🌍,geoip-service,GeoIP Service,Private IP Check
🌐,networking-protocols,Networking & Protocols,🌍,geoip-service,GeoIP Service,Geo Cache
🌐,networking-protocols,Networking & Protocols,🌍,geoip-service,GeoIP Service,Geo DB Updater
🌐,networking-protocols,Networking & Protocols,🌍,geoip-service,GeoIP Service,Geo DB Merge
🌐,networking-protocols,Networking & Protocols,🌍,geoip-service,GeoIP Service,Geo DB Compress
🌐,networking-protocols,Networking & Protocols,🌍,geoip-service,GeoIP Service,Reverse Geo Lookup
🌐,networking-protocols,Networking & Protocols,🌍,geoip-service,GeoIP Service,Bulk Lookup Geo
🌐,networking-protocols,Networking & Protocols,🌍,geoip-service,GeoIP Service,Geo Stats
🌐,networking-protocols,Networking & Protocols,🌍,geoip-service,GeoIP Service,Geo Accuracy
🌐,networking-protocols,Networking & Protocols,🌍,geoip-service,GeoIP Service,Geo Radius Search
🌐,networking-protocols,Networking & Protocols,🌍,geoip-service,GeoIP Service,Geo Near Me API
🌐,networking-protocols,Networking & Protocols,🌍,geoip-service,GeoIP Service,Geo License Check
🌐,networking-protocols,Networking & Protocols,📡,vpn-protocol,VPN Protocol,IPSec IKEv1
🌐,networking-protocols,Networking & Protocols,📡,vpn-protocol,VPN Protocol,IPSec IKEv2
🌐,networking-protocols,Networking & Protocols,📡,vpn-protocol,VPN Protocol,ISAKMP Protocol
🌐,networking-protocols,Networking & Protocols,📡,vpn-protocol,VPN Protocol,ESP Encapsulation
🌐,networking-protocols,Networking & Protocols,📡,vpn-protocol,VPN Protocol,AH Protocol
🌐,networking-protocols,Networking & Protocols,📡,vpn-protocol,VPN Protocol,IPSec Tunnel Mode
🌐,networking-protocols,Networking & Protocols,📡,vpn-protocol,VPN Protocol,IPSec Transport Mode
🌐,networking-protocols,Networking & Protocols,📡,vpn-protocol,VPN Protocol,SA Manager IPSec
🌐,networking-protocols,Networking & Protocols,📡,vpn-protocol,VPN Protocol,SPD Database
🌐,networking-protocols,Networking & Protocols,📡,vpn-protocol,VPN Protocol,PAD Database
🌐,networking-protocols,Networking & Protocols,📡,vpn-protocol,VPN Protocol,OpenVPN Clone
🌐,networking-protocols,Networking & Protocols,📡,vpn-protocol,VPN Protocol,TUN Device VPN
🌐,networking-protocols,Networking & Protocols,📡,vpn-protocol,VPN Protocol,TAP Device VPN
🌐,networking-protocols,Networking & Protocols,📡,vpn-protocol,VPN Protocol,TLS VPN Tunnel
🌐,networking-protocols,Networking & Protocols,📡,vpn-protocol,VPN Protocol,Auth VPN
🌐,networking-protocols,Networking & Protocols,📡,vpn-protocol,VPN Protocol,Password Auth VPN
🌐,networking-protocols,Networking & Protocols,📡,vpn-protocol,VPN Protocol,Cert Auth VPN
🌐,networking-protocols,Networking & Protocols,📡,vpn-protocol,VPN Protocol,OTP VPN
🌐,networking-protocols,Networking & Protocols,📡,vpn-protocol,VPN Protocol,PPP Protocol
🌐,networking-protocols,Networking & Protocols,📡,vpn-protocol,VPN Protocol,PPPoE Server
🌐,networking-protocols,Networking & Protocols,📡,vpn-protocol,VPN Protocol,L2TP Server
🌐,networking-protocols,Networking & Protocols,📡,vpn-protocol,VPN Protocol,L2TP Client
🌐,networking-protocols,Networking & Protocols,📡,vpn-protocol,VPN Protocol,L2TP over IPSec
🌐,networking-protocols,Networking & Protocols,📡,vpn-protocol,VPN Protocol,WireGuard Clone
🌐,networking-protocols,Networking & Protocols,📡,vpn-protocol,VPN Protocol,Noise Protocol WG
🌐,networking-protocols,Networking & Protocols,📡,vpn-protocol,VPN Protocol,Curve25519 WG
🌐,networking-protocols,Networking & Protocols,📡,vpn-protocol,VPN Protocol,WG Tunnel
🌐,networking-protocols,Networking & Protocols,📡,vpn-protocol,VPN Protocol,VPN Kill Switch
🌐,networking-protocols,Networking & Protocols,📡,vpn-protocol,VPN Protocol,Split Tunnel
🌐,networking-protocols,Networking & Protocols,📡,vpn-protocol,VPN Protocol,Full Tunnel
🌐,networking-protocols,Networking & Protocols,🌐,sdn-controller,SDN Controller,OpenFlow Switch
🌐,networking-protocols,Networking & Protocols,🌐,sdn-controller,SDN Controller,OpenFlow Controller
🌐,networking-protocols,Networking & Protocols,🌐,sdn-controller,SDN Controller,Flow Table SDN
🌐,networking-protocols,Networking & Protocols,🌐,sdn-controller,SDN Controller,Group Table SDN
🌐,networking-protocols,Networking & Protocols,🌐,sdn-controller,SDN Controller,Meter Table SDN
🌐,networking-protocols,Networking & Protocols,🌐,sdn-controller,SDN Controller,Packet In Event
🌐,networking-protocols,Networking & Protocols,🌐,sdn-controller,SDN Controller,Packet Out SDN
🌐,networking-protocols,Networking & Protocols,🌐,sdn-controller,SDN Controller,Flow Mod SDN
🌐,networking-protocols,Networking & Protocols,🌐,sdn-controller,SDN Controller,Port Status SDN
🌐,networking-protocols,Networking & Protocols,🌐,sdn-controller,SDN Controller,Topology Discover
🌐,networking-protocols,Networking & Protocols,🌐,sdn-controller,SDN Controller,LLDP Protocol
🌐,networking-protocols,Networking & Protocols,🌐,sdn-controller,SDN Controller,Host Tracker SDN
🌐,networking-protocols,Networking & Protocols,🌐,sdn-controller,SDN Controller,Device Manager SDN
🌐,networking-protocols,Networking & Protocols,🌐,sdn-controller,SDN Controller,Link Discovery
🌐,networking-protocols,Networking & Protocols,🌐,sdn-controller,SDN Controller,Path Computation
🌐,networking-protocols,Networking & Protocols,🌐,sdn-controller,SDN Controller,Shortest Path SDN
🌐,networking-protocols,Networking & Protocols,🌐,sdn-controller,SDN Controller,Policy Framework
🌐,networking-protocols,Networking & Protocols,🌐,sdn-controller,SDN Controller,QoS Policy SDN
🌐,networking-protocols,Networking & Protocols,🌐,sdn-controller,SDN Controller,Slice Manager SDN
🌐,networking-protocols,Networking & Protocols,🌐,sdn-controller,SDN Controller,VLAN Manager SDN
🌐,networking-protocols,Networking & Protocols,🌐,sdn-controller,SDN Controller,OVSDB Protocol
🌐,networking-protocols,Networking & Protocols,🌐,sdn-controller,SDN Controller,Netconf Server
🌐,networking-protocols,Networking & Protocols,🌐,sdn-controller,SDN Controller,REST API SDN
🌐,networking-protocols,Networking & Protocols,🌐,sdn-controller,SDN Controller,Northbound API
🌐,networking-protocols,Networking & Protocols,🌐,sdn-controller,SDN Controller,Southbound API
🌐,networking-protocols,Networking & Protocols,🌐,sdn-controller,SDN Controller,Stats Collector SDN
🌐,networking-protocols,Networking & Protocols,🌐,sdn-controller,SDN Controller,Flow Stats SDN
🌐,networking-protocols,Networking & Protocols,🌐,sdn-controller,SDN Controller,Port Stats SDN
🌐,networking-protocols,Networking & Protocols,🌐,sdn-controller,SDN Controller,Table Stats SDN
🌐,networking-protocols,Networking & Protocols,🌐,sdn-controller,SDN Controller,OF Config Protocol
🌐,networking-protocols,Networking & Protocols,🔍,packet-analyzer,Packet Analyzer,pcap File Reader
🌐,networking-protocols,Networking & Protocols,🔍,packet-analyzer,Packet Analyzer,pcap File Writer
🌐,networking-protocols,Networking & Protocols,🔍,packet-analyzer,Packet Analyzer,pcapng Format
🌐,networking-protocols,Networking & Protocols,🔍,packet-analyzer,Packet Analyzer,Link Layer Parse
🌐,networking-protocols,Networking & Protocols,🔍,packet-analyzer,Packet Analyzer,Ethernet Decode
🌐,networking-protocols,Networking & Protocols,🔍,packet-analyzer,Packet Analyzer,VLAN Tag Parse
🌐,networking-protocols,Networking & Protocols,🔍,packet-analyzer,Packet Analyzer,MPLS Label Parse
🌐,networking-protocols,Networking & Protocols,🔍,packet-analyzer,Packet Analyzer,ARP Packet Parse
🌐,networking-protocols,Networking & Protocols,🔍,packet-analyzer,Packet Analyzer,IPv4 Packet Parse
🌐,networking-protocols,Networking & Protocols,🔍,packet-analyzer,Packet Analyzer,IPv6 Packet Parse
🌐,networking-protocols,Networking & Protocols,🔍,packet-analyzer,Packet Analyzer,TCP Segment Parse
🌐,networking-protocols,Networking & Protocols,🔍,packet-analyzer,Packet Analyzer,UDP Datagram Parse
🌐,networking-protocols,Networking & Protocols,🔍,packet-analyzer,Packet Analyzer,ICMP Parse
🌐,networking-protocols,Networking & Protocols,🔍,packet-analyzer,Packet Analyzer,DNS Packet Parse
🌐,networking-protocols,Networking & Protocols,🔍,packet-analyzer,Packet Analyzer,DHCP Packet Parse
🌐,networking-protocols,Networking & Protocols,🔍,packet-analyzer,Packet Analyzer,HTTP Request Parse
🌐,networking-protocols,Networking & Protocols,🔍,packet-analyzer,Packet Analyzer,HTTP Response Parse
🌐,networking-protocols,Networking & Protocols,🔍,packet-analyzer,Packet Analyzer,TLS Record Parse
🌐,networking-protocols,Networking & Protocols,🔍,packet-analyzer,Packet Analyzer,SSL Handshake Parse
🌐,networking-protocols,Networking & Protocols,🔍,packet-analyzer,Packet Analyzer,WebSocket Frame
🌐,networking-protocols,Networking & Protocols,🔍,packet-analyzer,Packet Analyzer,SIP Packet Parse
🌐,networking-protocols,Networking & Protocols,🔍,packet-analyzer,Packet Analyzer,RTP Packet Parse
🌐,networking-protocols,Networking & Protocols,🔍,packet-analyzer,Packet Analyzer,RTCP Packet Parse
🌐,networking-protocols,Networking & Protocols,🔍,packet-analyzer,Packet Analyzer,FTP Command Parse
🌐,networking-protocols,Networking & Protocols,🔍,packet-analyzer,Packet Analyzer,SMTP Packet Parse
🌐,networking-protocols,Networking & Protocols,🔍,packet-analyzer,Packet Analyzer,SSH Packet Parse
🌐,networking-protocols,Networking & Protocols,🔍,packet-analyzer,Packet Analyzer,Packet Color Rule
🌐,networking-protocols,Networking & Protocols,🔍,packet-analyzer,Packet Analyzer,Stream Follow TCP
🌐,networking-protocols,Networking & Protocols,🔍,packet-analyzer,Packet Analyzer,Conversation Stats
🌐,networking-protocols,Networking & Protocols,🔍,packet-analyzer,Packet Analyzer,IO Graph Pkt
🌐,networking-protocols,Networking & Protocols,🔄,event-bus,Event Bus,In Memory Bus
🌐,networking-protocols,Networking & Protocols,🔄,event-bus,Event Bus,Distributed Bus
🌐,networking-protocols,Networking & Protocols,🔄,event-bus,Event Bus,Event Channel
🌐,networking-protocols,Networking & Protocols,🔄,event-bus,Event Bus,Event Publisher EB
🌐,networking-protocols,Networking & Protocols,🔄,event-bus,Event Bus,Event Subscriber EB
🌐,networking-protocols,Networking & Protocols,🔄,event-bus,Event Bus,Sync Event Bus
🌐,networking-protocols,Networking & Protocols,🔄,event-bus,Event Bus,Async Event Bus
🌐,networking-protocols,Networking & Protocols,🔄,event-bus,Event Bus,Buffered Channel
🌐,networking-protocols,Networking & Protocols,🔄,event-bus,Event Bus,Unbuffered Channel
🌐,networking-protocols,Networking & Protocols,🔄,event-bus,Event Bus,Event Filter EB
🌐,networking-protocols,Networking & Protocols,🔄,event-bus,Event Bus,Event Transform EB
🌐,networking-protocols,Networking & Protocols,🔄,event-bus,Event Bus,Dead Event Queue
🌐,networking-protocols,Networking & Protocols,🔄,event-bus,Event Bus,Retry Event Bus
🌐,networking-protocols,Networking & Protocols,🔄,event-bus,Event Bus,Backpressure EB
🌐,networking-protocols,Networking & Protocols,🔄,event-bus,Event Bus,Backoff Strategy
🌐,networking-protocols,Networking & Protocols,🔄,event-bus,Event Bus,Circuit Breaker EB
🌐,networking-protocols,Networking & Protocols,🔄,event-bus,Event Bus,Event Serializer EB
🌐,networking-protocols,Networking & Protocols,🔄,event-bus,Event Bus,Routing Slip EB
🌐,networking-protocols,Networking & Protocols,🔄,event-bus,Event Bus,Content Based Route
🌐,networking-protocols,Networking & Protocols,🔄,event-bus,Event Bus,Topic Based Route
🌐,networking-protocols,Networking & Protocols,🔄,event-bus,Event Bus,Header Based Route
🌐,networking-protocols,Networking & Protocols,🔄,event-bus,Event Bus,Fan Out EB
🌐,networking-protocols,Networking & Protocols,🔄,event-bus,Event Bus,Fan In EB
🌐,networking-protocols,Networking & Protocols,🔄,event-bus,Event Bus,Scatter Gather EB
🌐,networking-protocols,Networking & Protocols,🔄,event-bus,Event Bus,Aggregator EB
🌐,networking-protocols,Networking & Protocols,🔄,event-bus,Event Bus,Sequencer EB
🌐,networking-protocols,Networking & Protocols,🔄,event-bus,Event Bus,Splitter EB
🌐,networking-protocols,Networking & Protocols,🔄,event-bus,Event Bus,Resequencer EB
🌐,networking-protocols,Networking & Protocols,🔄,event-bus,Event Bus,Throttler EB
🌐,networking-protocols,Networking & Protocols,🔄,event-bus,Event Bus,Wire Tap EB
🌐,networking-protocols,Networking & Protocols,🛜,wifi-stack,WiFi Stack,802.11 MAC Layer
🌐,networking-protocols,Networking & Protocols,🛜,wifi-stack,WiFi Stack,802.11 PHY Layer
🌐,networking-protocols,Networking & Protocols,🛜,wifi-stack,WiFi Stack,Beacon Frame
🌐,networking-protocols,Networking & Protocols,🛜,wifi-stack,WiFi Stack,Probe Request
🌐,networking-protocols,Networking & Protocols,🛜,wifi-stack,WiFi Stack,Probe Response
🌐,networking-protocols,Networking & Protocols,🛜,wifi-stack,WiFi Stack,Auth Frame WiFi
🌐,networking-protocols,Networking & Protocols,🛜,wifi-stack,WiFi Stack,Deauth Frame
🌐,networking-protocols,Networking & Protocols,🛜,wifi-stack,WiFi Stack,Association Request
🌐,networking-protocols,Networking & Protocols,🛜,wifi-stack,WiFi Stack,Association Response
🌐,networking-protocols,Networking & Protocols,🛜,wifi-stack,WiFi Stack,Disassociation
🌐,networking-protocols,Networking & Protocols,🛜,wifi-stack,WiFi Stack,Reassociation
🌐,networking-protocols,Networking & Protocols,🛜,wifi-stack,WiFi Stack,DTIM Tracker
🌐,networking-protocols,Networking & Protocols,🛜,wifi-stack,WiFi Stack,TIM Element
🌐,networking-protocols,Networking & Protocols,🛜,wifi-stack,WiFi Stack,Power Save WiFi
🌐,networking-protocols,Networking & Protocols,🛜,wifi-stack,WiFi Stack,PS Poll Frame
🌐,networking-protocols,Networking & Protocols,🛜,wifi-stack,WiFi Stack,CF End Frame
🌐,networking-protocols,Networking & Protocols,🛜,wifi-stack,WiFi Stack,RTS CTS WiFi
🌐,networking-protocols,Networking & Protocols,🛜,wifi-stack,WiFi Stack,ACK Frame WiFi
🌐,networking-protocols,Networking & Protocols,🛜,wifi-stack,WiFi Stack,CTS Frame WiFi
🌐,networking-protocols,Networking & Protocols,🛜,wifi-stack,WiFi Stack,Block ACK WiFi
🌐,networking-protocols,Networking & Protocols,🛜,wifi-stack,WiFi Stack,AMPDU Aggregation
🌐,networking-protocols,Networking & Protocols,🛜,wifi-stack,WiFi Stack,AMSDU Aggregation
🌐,networking-protocols,Networking & Protocols,🛜,wifi-stack,WiFi Stack,HT Capabilities
🌐,networking-protocols,Networking & Protocols,🛜,wifi-stack,WiFi Stack,VHT Capabilities
🌐,networking-protocols,Networking & Protocols,🛜,wifi-stack,WiFi Stack,MCS Index Calc
🌐,networking-protocols,Networking & Protocols,🛜,wifi-stack,WiFi Stack,Channel Width WiFi
🌐,networking-protocols,Networking & Protocols,🛜,wifi-stack,WiFi Stack,Guard Interval
🌐,networking-protocols,Networking & Protocols,🛜,wifi-stack,WiFi Stack,Beamforming WiFi
🌐,networking-protocols,Networking & Protocols,🛜,wifi-stack,WiFi Stack,MU MIMO WiFi
🌐,networking-protocols,Networking & Protocols,🛜,wifi-stack,WiFi Stack,OFDMA WiFi
🌐,networking-protocols,Networking & Protocols,📡,software-radio,Software Radio,IQ Sample Source
🌐,networking-protocols,Networking & Protocols,📡,software-radio,Software Radio,USRP Driver
🌐,networking-protocols,Networking & Protocols,📡,software-radio,Software Radio,RTL SDR Driver
🌐,networking-protocols,Networking & Protocols,📡,software-radio,Software Radio,HackRF Driver
🌐,networking-protocols,Networking & Protocols,📡,software-radio,Software Radio,LimeSDR Driver
🌐,networking-protocols,Networking & Protocols,📡,software-radio,Software Radio,IQ Demodulator
🌐,networking-protocols,Networking & Protocols,📡,software-radio,Software Radio,AM Demodulator
🌐,networking-protocols,Networking & Protocols,📡,software-radio,Software Radio,FM Demodulator
🌐,networking-protocols,Networking & Protocols,📡,software-radio,Software Radio,SSB Demodulator
🌐,networking-protocols,Networking & Protocols,📡,software-radio,Software Radio,CW Demodulator
🌐,networking-protocols,Networking & Protocols,📡,software-radio,Software Radio,IQ Modulator
🌐,networking-protocols,Networking & Protocols,📡,software-radio,Software Radio,AM Modulator
🌐,networking-protocols,Networking & Protocols,📡,software-radio,Software Radio,FM Modulator
🌐,networking-protocols,Networking & Protocols,📡,software-radio,Software Radio,SSB Modulator
🌐,networking-protocols,Networking & Protocols,📡,software-radio,Software Radio,CW Modulator
🌐,networking-protocols,Networking & Protocols,📡,software-radio,Software Radio,AGC SDR
🌐,networking-protocols,Networking & Protocols,📡,software-radio,Software Radio,PLL SDR
🌐,networking-protocols,Networking & Protocols,📡,software-radio,Software Radio,Costas Loop SDR
🌐,networking-protocols,Networking & Protocols,📡,software-radio,Software Radio,FIR Filter SDR
🌐,networking-protocols,Networking & Protocols,📡,software-radio,Software Radio,IIR Filter SDR
🌐,networking-protocols,Networking & Protocols,📡,software-radio,Software Radio,FFT SDR
🌐,networking-protocols,Networking & Protocols,📡,software-radio,Software Radio,Spectrum Analyzer
🌐,networking-protocols,Networking & Protocols,📡,software-radio,Software Radio,Waterfall Display
🌐,networking-protocols,Networking & Protocols,📡,software-radio,Software Radio,CW Decoder
🌐,networking-protocols,Networking & Protocols,📡,software-radio,Software Radio,RTTY Decoder
🌐,networking-protocols,Networking & Protocols,📡,software-radio,Software Radio,PSK31 Decoder
🌐,networking-protocols,Networking & Protocols,📡,software-radio,Software Radio,FT8 Decoder
🌐,networking-protocols,Networking & Protocols,📡,software-radio,Software Radio,WSPR Decoder
🌐,networking-protocols,Networking & Protocols,📡,software-radio,Software Radio,APRS Decoder
🌐,networking-protocols,Networking & Protocols,📡,software-radio,Software Radio,AX.25 Protocol
🌐,networking-protocols,Networking & Protocols,🌐,protocol-buffer,Protocol Buffer,Proto Parser
🌐,networking-protocols,Networking & Protocols,🌐,protocol-buffer,Protocol Buffer,Proto Compiler
🌐,networking-protocols,Networking & Protocols,🌐,protocol-buffer,Protocol Buffer,Code Generator Proto
🌐,networking-protocols,Networking & Protocols,🌐,protocol-buffer,Protocol Buffer,Lite Runtime Proto
🌐,networking-protocols,Networking & Protocols,🌐,protocol-buffer,Protocol Buffer,Full Runtime Proto
🌐,networking-protocols,Networking & Protocols,🌐,protocol-buffer,Protocol Buffer,Varint Encoding
🌐,networking-protocols,Networking & Protocols,🌐,protocol-buffer,Protocol Buffer,Zigzag Encoding
🌐,networking-protocols,Networking & Protocols,🌐,protocol-buffer,Protocol Buffer,Fixed Int Encoding
🌐,networking-protocols,Networking & Protocols,🌐,protocol-buffer,Protocol Buffer,String Encoding
🌐,networking-protocols,Networking & Protocols,🌐,protocol-buffer,Protocol Buffer,Bytes Encoding
🌐,networking-protocols,Networking & Protocols,🌐,protocol-buffer,Protocol Buffer,Embedded Message
🌐,networking-protocols,Networking & Protocols,🌐,protocol-buffer,Protocol Buffer,Packed Repeated
🌐,networking-protocols,Networking & Protocols,🌐,protocol-buffer,Protocol Buffer,Unpacked Repeated
🌐,networking-protocols,Networking & Protocols,🌐,protocol-buffer,Protocol Buffer,Oneof Support Proto
🌐,networking-protocols,Networking & Protocols,🌐,protocol-buffer,Protocol Buffer,Map Support Proto
🌐,networking-protocols,Networking & Protocols,🌐,protocol-buffer,Protocol Buffer,Enum Support Proto
🌐,networking-protocols,Networking & Protocols,🌐,protocol-buffer,Protocol Buffer,Default Values
🌐,networking-protocols,Networking & Protocols,🌐,protocol-buffer,Protocol Buffer,Unknown Fields
🌐,networking-protocols,Networking & Protocols,🌐,protocol-buffer,Protocol Buffer,Field Presence
🌐,networking-protocols,Networking & Protocols,🌐,protocol-buffer,Protocol Buffer,Proto2 Syntax
🌐,networking-protocols,Networking & Protocols,🌐,protocol-buffer,Protocol Buffer,Proto3 Syntax
🌐,networking-protocols,Networking & Protocols,🌐,protocol-buffer,Protocol Buffer,JSON Mapping Proto
🌐,networking-protocols,Networking & Protocols,🌐,protocol-buffer,Protocol Buffer,Proto Reflection
🌐,networking-protocols,Networking & Protocols,🌐,protocol-buffer,Protocol Buffer,Proto Merging
🌐,networking-protocols,Networking & Protocols,🌐,protocol-buffer,Protocol Buffer,Proto Serialize
🌐,networking-protocols,Networking & Protocols,🌐,protocol-buffer,Protocol Buffer,Proto Deserialize
🌐,networking-protocols,Networking & Protocols,🌐,protocol-buffer,Protocol Buffer,Size Calc Proto
🌐,networking-protocols,Networking & Protocols,🌐,protocol-buffer,Protocol Buffer,Zero Copy Proto
🌐,networking-protocols,Networking & Protocols,🌐,protocol-buffer,Protocol Buffer,Stream Proto
🌐,networking-protocols,Networking & Protocols,🌐,protocol-buffer,Protocol Buffer,Proto Extensions
🌐,networking-protocols,Networking & Protocols,🌐,http-client,HTTP Client,Connection Pool HC
🌐,networking-protocols,Networking & Protocols,🌐,http-client,HTTP Client,Request Builder HC
🌐,networking-protocols,Networking & Protocols,🌐,http-client,HTTP Client,Response Parser HC
🌐,networking-protocols,Networking & Protocols,🌐,http-client,HTTP Client,Header Manager HC
🌐,networking-protocols,Networking & Protocols,🌐,http-client,HTTP Client,Cookie Jar HC
🌐,networking-protocols,Networking & Protocols,🌐,http-client,HTTP Client,Redirect Follow HC
🌐,networking-protocols,Networking & Protocols,🌐,http-client,HTTP Client,Auth HC
🌐,networking-protocols,Networking & Protocols,🌐,http-client,HTTP Client,Basic Auth HC
🌐,networking-protocols,Networking & Protocols,🌐,http-client,HTTP Client,Bearer Auth HC
🌐,networking-protocols,Networking & Protocols,🌐,http-client,HTTP Client,Digest Auth HC
🌐,networking-protocols,Networking & Protocols,🌐,http-client,HTTP Client,Proxy Support HC
🌐,networking-protocols,Networking & Protocols,🌐,http-client,HTTP Client,SOCKS Proxy HC
🌐,networking-protocols,Networking & Protocols,🌐,http-client,HTTP Client,HTTP Proxy HC
🌐,networking-protocols,Networking & Protocols,🌐,http-client,HTTP Client,TLS Config HC
🌐,networking-protocols,Networking & Protocols,🌐,http-client,HTTP Client,Mutual TLS HC
🌐,networking-protocols,Networking & Protocols,🌐,http-client,HTTP Client,Timeout HC
🌐,networking-protocols,Networking & Protocols,🌐,http-client,HTTP Client,Retry HC
🌐,networking-protocols,Networking & Protocols,🌐,http-client,HTTP Client,Backoff HC
🌐,networking-protocols,Networking & Protocols,🌐,http-client,HTTP Client,Retry After HC
🌐,networking-protocols,Networking & Protocols,🌐,http-client,HTTP Client,Compression HC
🌐,networking-protocols,Networking & Protocols,🌐,http-client,HTTP Client,Gzip Decompress
🌐,networking-protocols,Networking & Protocols,🌐,http-client,HTTP Client,Deflate Decompress
🌐,networking-protocols,Networking & Protocols,🌐,http-client,HTTP Client,Brotli Decompress
🌐,networking-protocols,Networking & Protocols,🌐,http-client,HTTP Client,Keep Alive HC
🌐,networking-protocols,Networking & Protocols,🌐,http-client,HTTP Client,Idle Timeout HC
🌐,networking-protocols,Networking & Protocols,🌐,http-client,HTTP Client,Max Conn HC
🌐,networking-protocols,Networking & Protocols,🌐,http-client,HTTP Client,Max Idle HC
🌐,networking-protocols,Networking & Protocols,🌐,http-client,HTTP Client,Conn Per Host HC
🌐,networking-protocols,Networking & Protocols,🌐,http-client,HTTP Client,Pipeline HC
🌐,networking-protocols,Networking & Protocols,🌐,http-client,HTTP Client,Multipart HC
⚙️,operating-systems,Operating Systems,🧠,kernel,Kernel,Process Manager
⚙️,operating-systems,Operating Systems,🧠,kernel,Kernel,Thread Manager
⚙️,operating-systems,Operating Systems,🧠,kernel,Kernel,Context Switch
⚙️,operating-systems,Operating Systems,🧠,kernel,Kernel,Scheduler
⚙️,operating-systems,Operating Systems,🧠,kernel,Kernel,Round Robin Sched
⚙️,operating-systems,Operating Systems,🧠,kernel,Kernel,Priority Sched
⚙️,operating-systems,Operating Systems,🧠,kernel,Kernel,CFS Scheduler
⚙️,operating-systems,Operating Systems,🧠,kernel,Kernel,MLFQ Scheduler
⚙️,operating-systems,Operating Systems,🧠,kernel,Kernel,Virtual Memory
⚙️,operating-systems,Operating Systems,🧠,kernel,Kernel,Page Table
⚙️,operating-systems,Operating Systems,🧠,kernel,Kernel,Multi Level Page
⚙️,operating-systems,Operating Systems,🧠,kernel,Kernel,TLB Manager
⚙️,operating-systems,Operating Systems,🧠,kernel,Kernel,Page Fault Handler
⚙️,operating-systems,Operating Systems,🧠,kernel,Kernel,Swap Manager
⚙️,operating-systems,Operating Systems,🧠,kernel,Kernel,Physical Memory
⚙️,operating-systems,Operating Systems,🧠,kernel,Kernel,Page Allocator
⚙️,operating-systems,Operating Systems,🧠,kernel,Kernel,Buddy Allocator
⚙️,operating-systems,Operating Systems,🧠,kernel,Kernel,Slab Allocator
⚙️,operating-systems,Operating Systems,🧠,kernel,Kernel,Interrupt Handler
⚙️,operating-systems,Operating Systems,🧠,kernel,Kernel,IDT Setup
⚙️,operating-systems,Operating Systems,🧠,kernel,Kernel,ISR Dispatch
⚙️,operating-systems,Operating Systems,🧠,kernel,Kernel,IRQ Manager
⚙️,operating-systems,Operating Systems,🧠,kernel,Kernel,Syscall Handler
⚙️,operating-systems,Operating Systems,🧠,kernel,Kernel,Kernel Modules
⚙️,operating-systems,Operating Systems,🧠,kernel,Kernel,Kernel Debugger
⚙️,operating-systems,Operating Systems,🧠,kernel,Kernel,KLog System
⚙️,operating-systems,Operating Systems,🧠,kernel,Kernel,Spinlock Kernel
⚙️,operating-systems,Operating Systems,🧠,kernel,Kernel,Mutex Kernel
⚙️,operating-systems,Operating Systems,🧠,kernel,Kernel,Semaphore Kernel
⚙️,operating-systems,Operating Systems,🧠,kernel,Kernel,RCU Lock
⚙️,operating-systems,Operating Systems,💻,bootloader,Bootloader,BIOS Bootloader
⚙️,operating-systems,Operating Systems,💻,bootloader,Bootloader,UEFI Bootloader
⚙️,operating-systems,Operating Systems,💻,bootloader,Bootloader,MBR Partition
⚙️,operating-systems,Operating Systems,💻,bootloader,Bootloader,GPT Partition
⚙️,operating-systems,Operating Systems,💻,bootloader,Bootloader,Stage 1 Boot
⚙️,operating-systems,Operating Systems,💻,bootloader,Bootloader,Stage 2 Boot
⚙️,operating-systems,Operating Systems,💻,bootloader,Bootloader,File System Boot
⚙️,operating-systems,Operating Systems,💻,bootloader,Bootloader,FAT32 Boot Load
⚙️,operating-systems,Operating Systems,💻,bootloader,Bootloader,Boot Menu
⚙️,operating-systems,Operating Systems,💻,bootloader,Bootloader,Kernel Loader
⚙️,operating-systems,Operating Systems,💻,bootloader,Bootloader,ELF Loader BL
⚙️,operating-systems,Operating Systems,💻,bootloader,Bootloader,PE Loader BL
⚙️,operating-systems,Operating Systems,💻,bootloader,Bootloader,Multiboot Spec
⚙️,operating-systems,Operating Systems,💻,bootloader,Bootloader,Multiboot 2 Spec
⚙️,operating-systems,Operating Systems,💻,bootloader,Bootloader,Chain Loading BL
⚙️,operating-systems,Operating Systems,💻,bootloader,Bootloader,PXE Boot BL
⚙️,operating-systems,Operating Systems,💻,bootloader,Bootloader,Net Boot BL
⚙️,operating-systems,Operating Systems,💻,bootloader,Bootloader,Boot Config BL
⚙️,operating-systems,Operating Systems,💻,bootloader,Bootloader,Command Line BL
⚙️,operating-systems,Operating Systems,💻,bootloader,Bootloader,Graphical Boot
⚙️,operating-systems,Operating Systems,💻,bootloader,Bootloader,Boot Splash
⚙️,operating-systems,Operating Systems,💻,bootloader,Bootloader,Boot Progress
⚙️,operating-systems,Operating Systems,💻,bootloader,Bootloader,Boot Log
⚙️,operating-systems,Operating Systems,💻,bootloader,Bootloader,Boot Recovery
⚙️,operating-systems,Operating Systems,💻,bootloader,Bootloader,Fallback Boot BL
⚙️,operating-systems,Operating Systems,💻,bootloader,Bootloader,Secure Boot BL
⚙️,operating-systems,Operating Systems,💻,bootloader,Bootloader,Signature Verify
⚙️,operating-systems,Operating Systems,💻,bootloader,Bootloader,Boot Counter BL
⚙️,operating-systems,Operating Systems,💻,bootloader,Bootloader,Boot Timeout BL
⚙️,operating-systems,Operating Systems,💻,bootloader,Bootloader,Boot Selector
⚙️,operating-systems,Operating Systems,📁,file-system-driver,File System Driver,FAT12 Driver
⚙️,operating-systems,Operating Systems,📁,file-system-driver,File System Driver,FAT16 Driver
⚙️,operating-systems,Operating Systems,📁,file-system-driver,File System Driver,FAT32 Driver
⚙️,operating-systems,Operating Systems,📁,file-system-driver,File System Driver,NTFS Driver
⚙️,operating-systems,Operating Systems,📁,file-system-driver,File System Driver,Ext2 Driver
⚙️,operating-systems,Operating Systems,📁,file-system-driver,File System Driver,Ext3 Driver
⚙️,operating-systems,Operating Systems,📁,file-system-driver,File System Driver,Ext4 Driver
⚙️,operating-systems,Operating Systems,📁,file-system-driver,File System Driver,HFS+ Driver
⚙️,operating-systems,Operating Systems,📁,file-system-driver,File System Driver,APFS Driver
⚙️,operating-systems,Operating Systems,📁,file-system-driver,File System Driver,ISO9660 Driver
⚙️,operating-systems,Operating Systems,📁,file-system-driver,File System Driver,UDF Driver
⚙️,operating-systems,Operating Systems,📁,file-system-driver,File System Driver,Joliet Ext Driver
⚙️,operating-systems,Operating Systems,📁,file-system-driver,File System Driver,Rock Ridge Ext
⚙️,operating-systems,Operating Systems,📁,file-system-driver,File System Driver,FUSE Impl
⚙️,operating-systems,Operating Systems,📁,file-system-driver,File System Driver,VFS Layer
⚙️,operating-systems,Operating Systems,📁,file-system-driver,File System Driver,Superblock VFS
⚙️,operating-systems,Operating Systems,📁,file-system-driver,File System Driver,Inode VFS
⚙️,operating-systems,Operating Systems,📁,file-system-driver,File System Driver,Dentry VFS
⚙️,operating-systems,Operating Systems,📁,file-system-driver,File System Driver,File Op VFS
⚙️,operating-systems,Operating Systems,📁,file-system-driver,File System Driver,Read Write VFS
⚙️,operating-systems,Operating Systems,📁,file-system-driver,File System Driver,Seek VFS
⚙️,operating-systems,Operating Systems,📁,file-system-driver,File System Driver,MMap VFS
⚙️,operating-systems,Operating Systems,📁,file-system-driver,File System Driver,Ioctl VFS
⚙️,operating-systems,Operating Systems,📁,file-system-driver,File System Driver,Poll VFS
⚙️,operating-systems,Operating Systems,📁,file-system-driver,File System Driver,Sync VFS
⚙️,operating-systems,Operating Systems,📁,file-system-driver,File System Driver,File Lock VFS
⚙️,operating-systems,Operating Systems,📁,file-system-driver,File System Driver,Quota VFS
⚙️,operating-systems,Operating Systems,📁,file-system-driver,File System Driver,Xattr VFS
⚙️,operating-systems,Operating Systems,📁,file-system-driver,File System Driver,ACL VFS
⚙️,operating-systems,Operating Systems,📁,file-system-driver,File System Driver,Encryption VFS
⚙️,operating-systems,Operating Systems,🔌,device-driver,Device Driver,PCI Driver
⚙️,operating-systems,Operating Systems,🔌,device-driver,Device Driver,PCIe Driver
⚙️,operating-systems,Operating Systems,🔌,device-driver,Device Driver,USB Host Driver
⚙️,operating-systems,Operating Systems,🔌,device-driver,Device Driver,USB Device Driver
⚙️,operating-systems,Operating Systems,🔌,device-driver,Device Driver,AHCI Driver
⚙️,operating-systems,Operating Systems,🔌,device-driver,Device Driver,NVMe Driver
⚙️,operating-systems,Operating Systems,🔌,device-driver,Device Driver,SATA Driver
⚙️,operating-systems,Operating Systems,🔌,device-driver,Device Driver,IDE Driver
⚙️,operating-systems,Operating Systems,🔌,device-driver,Device Driver,VirtIO Driver
⚙️,operating-systems,Operating Systems,🔌,device-driver,Device Driver,GPU Driver FR
⚙️,operating-systems,Operating Systems,🔌,device-driver,Device Driver,DRM Driver
⚙️,operating-systems,Operating Systems,🔌,device-driver,Device Driver,KMS Driver
⚙️,operating-systems,Operating Systems,🔌,device-driver,Device Driver,Frame Buffer Dev
⚙️,operating-systems,Operating Systems,🔌,device-driver,Device Driver,Input Driver Kbd
⚙️,operating-systems,Operating Systems,🔌,device-driver,Device Driver,Input Driver Mouse
⚙️,operating-systems,Operating Systems,🔌,device-driver,Device Driver,Touchpad Driver
⚙️,operating-systems,Operating Systems,🔌,device-driver,Device Driver,Touchscreen Drv
⚙️,operating-systems,Operating Systems,🔌,device-driver,Device Driver,Audio Driver OS
⚙️,operating-systems,Operating Systems,🔌,device-driver,Device Driver,ALSA Driver
⚙️,operating-systems,Operating Systems,🔌,device-driver,Device Driver,HDA Driver
⚙️,operating-systems,Operating Systems,🔌,device-driver,Device Driver,AC97 Driver
⚙️,operating-systems,Operating Systems,🔌,device-driver,Device Driver,Network Driver
⚙️,operating-systems,Operating Systems,🔌,device-driver,Device Driver,E1000 Driver
⚙️,operating-systems,Operating Systems,🔌,device-driver,Device Driver,RTL8139 Driver
⚙️,operating-systems,Operating Systems,🔌,device-driver,Device Driver,VirtIO Net Drv
⚙️,operating-systems,Operating Systems,🔌,device-driver,Device Driver,RTC Driver
⚙️,operating-systems,Operating Systems,🔌,device-driver,Device Driver,Timer Driver
⚙️,operating-systems,Operating Systems,🔌,device-driver,Device Driver,HPET Driver
⚙️,operating-systems,Operating Systems,🔌,device-driver,Device Driver,APIC Driver
⚙️,operating-systems,Operating Systems,🔌,device-driver,Device Driver,IOAPIC Driver
⚙️,operating-systems,Operating Systems,📦,memory-allocator,Memory Allocator,Malloc Impl
⚙️,operating-systems,Operating Systems,📦,memory-allocator,Memory Allocator,Free List Alloc
⚙️,operating-systems,Operating Systems,📦,memory-allocator,Memory Allocator,Segregated List
⚙️,operating-systems,Operating Systems,📦,memory-allocator,Memory Allocator,Buddy Alloc MA
⚙️,operating-systems,Operating Systems,📦,memory-allocator,Memory Allocator,Slab Alloc MA
⚙️,operating-systems,Operating Systems,📦,memory-allocator,Memory Allocator,Slub Alloc MA
⚙️,operating-systems,Operating Systems,📦,memory-allocator,Memory Allocator,SLOB Alloc MA
⚙️,operating-systems,Operating Systems,📦,memory-allocator,Memory Allocator,Arena Alloc MA
⚙️,operating-systems,Operating Systems,📦,memory-allocator,Memory Allocator,Pool Alloc MA
⚙️,operating-systems,Operating Systems,📦,memory-allocator,Memory Allocator,Stack Alloc MA
⚙️,operating-systems,Operating Systems,📦,memory-allocator,Memory Allocator,Region Alloc MA
⚙️,operating-systems,Operating Systems,📦,memory-allocator,Memory Allocator,Page Aligned MA
⚙️,operating-systems,Operating Systems,📦,memory-allocator,Memory Allocator,Aligned Alloc MA
⚙️,operating-systems,Operating Systems,📦,memory-allocator,Memory Allocator,Calloc Impl
⚙️,operating-systems,Operating Systems,📦,memory-allocator,Memory Allocator,Realloc Impl
⚙️,operating-systems,Operating Systems,📦,memory-allocator,Memory Allocator,Memory Debug MA
⚙️,operating-systems,Operating Systems,📦,memory-allocator,Memory Allocator,Memory Guard MA
⚙️,operating-systems,Operating Systems,📦,memory-allocator,Memory Allocator,Canary MA
⚙️,operating-systems,Operating Systems,📦,memory-allocator,Memory Allocator,ASLR Alloc MA
⚙️,operating-systems,Operating Systems,📦,memory-allocator,Memory Allocator,Heap Overflow Det
⚙️,operating-systems,Operating Systems,📦,memory-allocator,Memory Allocator,Double Free Det
⚙️,operating-systems,Operating Systems,📦,memory-allocator,Memory Allocator,Use After Free
⚙️,operating-systems,Operating Systems,📦,memory-allocator,Memory Allocator,Memory Pool MA
⚙️,operating-systems,Operating Systems,📦,memory-allocator,Memory Allocator,TLSF Alloc MA
⚙️,operating-systems,Operating Systems,📦,memory-allocator,Memory Allocator,TCMalloc Clone
⚙️,operating-systems,Operating Systems,📦,memory-allocator,Memory Allocator,Jemalloc Clone
⚙️,operating-systems,Operating Systems,📦,memory-allocator,Memory Allocator,Hoard Alloc Clone
⚙️,operating-systems,Operating Systems,📦,memory-allocator,Memory Allocator,Alloc Profiler
⚙️,operating-systems,Operating Systems,📦,memory-allocator,Memory Allocator,Fragmentation Calc
⚙️,operating-systems,Operating Systems,📦,memory-allocator,Memory Allocator,Trim Heap
⚙️,operating-systems,Operating Systems,🧵,thread-pool,Thread Pool,Worker Thread TP
⚙️,operating-systems,Operating Systems,🧵,thread-pool,Thread Pool,Task Queue TP
⚙️,operating-systems,Operating Systems,🧵,thread-pool,Thread Pool,Priority Queue TP
⚙️,operating-systems,Operating Systems,🧵,thread-pool,Thread Pool,Stealing Queue TP
⚙️,operating-systems,Operating Systems,🧵,thread-pool,Thread Pool,Work Stealing TP
⚙️,operating-systems,Operating Systems,🧵,thread-pool,Thread Pool,Global Queue TP
⚙️,operating-systems,Operating Systems,🧵,thread-pool,Thread Pool,Local Queue TP
⚙️,operating-systems,Operating Systems,🧵,thread-pool,Thread Pool,Bounded Queue TP
⚙️,operating-systems,Operating Systems,🧵,thread-pool,Thread Pool,Unbounded Queue TP
⚙️,operating-systems,Operating Systems,🧵,thread-pool,Thread Pool,Blocking Queue TP
⚙️,operating-systems,Operating Systems,🧵,thread-pool,Thread Pool,Lock Free Queue
⚙️,operating-systems,Operating Systems,🧵,thread-pool,Thread Pool,Mutex Queue TP
⚙️,operating-systems,Operating Systems,🧵,thread-pool,Thread Pool,Semaphore Queue
⚙️,operating-systems,Operating Systems,🧵,thread-pool,Thread Pool,Condition Var TP
⚙️,operating-systems,Operating Systems,🧵,thread-pool,Thread Pool,Barrier TP
⚙️,operating-systems,Operating Systems,🧵,thread-pool,Thread Pool,Count Down Latch
⚙️,operating-systems,Operating Systems,🧵,thread-pool,Thread Pool,Future Task TP
⚙️,operating-systems,Operating Systems,🧵,thread-pool,Thread Pool,Async Task TP
⚙️,operating-systems,Operating Systems,🧵,thread-pool,Thread Pool,Periodic Task TP
⚙️,operating-systems,Operating Systems,🧵,thread-pool,Thread Pool,Delayed Task TP
⚙️,operating-systems,Operating Systems,🧵,thread-pool,Thread Pool,Cancel Task TP
⚙️,operating-systems,Operating Systems,🧵,thread-pool,Thread Pool,Shutdown Task TP
⚙️,operating-systems,Operating Systems,🧵,thread-pool,Thread Pool,Thread Factory TP
⚙️,operating-systems,Operating Systems,🧵,thread-pool,Thread Pool,Thread Name TP
⚙️,operating-systems,Operating Systems,🧵,thread-pool,Thread Pool,Stack Size TP
⚙️,operating-systems,Operating Systems,🧵,thread-pool,Thread Pool,Core Pool Size
⚙️,operating-systems,Operating Systems,🧵,thread-pool,Thread Pool,Max Pool Size TP
⚙️,operating-systems,Operating Systems,🧵,thread-pool,Thread Pool,Keep Alive TP
⚙️,operating-systems,Operating Systems,🧵,thread-pool,Thread Pool,Reject Handler TP
⚙️,operating-systems,Operating Systems,🧵,thread-pool,Thread Pool,Monitor TP
⚙️,operating-systems,Operating Systems,🔄,ipc-mechanism,IPC Mechanism,Pipe IPC
⚙️,operating-systems,Operating Systems,🔄,ipc-mechanism,IPC Mechanism,Named Pipe IPC
⚙️,operating-systems,Operating Systems,🔄,ipc-mechanism,IPC Mechanism,FIFO IPC
⚙️,operating-systems,Operating Systems,🔄,ipc-mechanism,IPC Mechanism,Unix Domain Socket
⚙️,operating-systems,Operating Systems,🔄,ipc-mechanism,IPC Mechanism,TCP Socket IPC
⚙️,operating-systems,Operating Systems,🔄,ipc-mechanism,IPC Mechanism,UDP Socket IPC
⚙️,operating-systems,Operating Systems,🔄,ipc-mechanism,IPC Mechanism,Sys V Message Q
⚙️,operating-systems,Operating Systems,🔄,ipc-mechanism,IPC Mechanism,POSIX Message Q
⚙️,operating-systems,Operating Systems,🔄,ipc-mechanism,IPC Mechanism,Sys V Shared Mem
⚙️,operating-systems,Operating Systems,🔄,ipc-mechanism,IPC Mechanism,POSIX Shared Mem
⚙️,operating-systems,Operating Systems,🔄,ipc-mechanism,IPC Mechanism,Memory Mapped IPC
⚙️,operating-systems,Operating Systems,🔄,ipc-mechanism,IPC Mechanism,mmap IPC
⚙️,operating-systems,Operating Systems,🔄,ipc-mechanism,IPC Mechanism,Semaphore Sys V
⚙️,operating-systems,Operating Systems,🔄,ipc-mechanism,IPC Mechanism,POSIX Semaphore
⚙️,operating-systems,Operating Systems,🔄,ipc-mechanism,IPC Mechanism,Named Semaphore
⚙️,operating-systems,Operating Systems,🔄,ipc-mechanism,IPC Mechanism,Signal Handler IPC
⚙️,operating-systems,Operating Systems,🔄,ipc-mechanism,IPC Mechanism,Signal Raise IPC
⚙️,operating-systems,Operating Systems,🔄,ipc-mechanism,IPC Mechanism,Eventfd IPC
⚙️,operating-systems,Operating Systems,🔄,ipc-mechanism,IPC Mechanism,Timerfd IPC
⚙️,operating-systems,Operating Systems,🔄,ipc-mechanism,IPC Mechanism,Signalfd IPC
⚙️,operating-systems,Operating Systems,🔄,ipc-mechanism,IPC Mechanism,Netlink IPC
⚙️,operating-systems,Operating Systems,🔄,ipc-mechanism,IPC Mechanism,DBus IPC
⚙️,operating-systems,Operating Systems,🔄,ipc-mechanism,IPC Mechanism,KDBus IPC
⚙️,operating-systems,Operating Systems,🔄,ipc-mechanism,IPC Mechanism,LPC Bus IPC
⚙️,operating-systems,Operating Systems,🔄,ipc-mechanism,IPC Mechanism,RPC Bus IPC
⚙️,operating-systems,Operating Systems,🔄,ipc-mechanism,IPC Mechanism,Socket Pair IPC
⚙️,operating-systems,Operating Systems,🔄,ipc-mechanism,IPC Mechanism,Byte Stream IPC
⚙️,operating-systems,Operating Systems,🔄,ipc-mechanism,IPC Mechanism,Datagram IPC
⚙️,operating-systems,Operating Systems,🔄,ipc-mechanism,IPC Mechanism,Seq Packet IPC
⚙️,operating-systems,Operating Systems,🔄,ipc-mechanism,IPC Mechanism,Credential Pass
⚙️,operating-systems,Operating Systems,🛡️,security-module,Security Module,SELinux Module
⚙️,operating-systems,Operating Systems,🛡️,security-module,Security Module,AppArmor Module
⚙️,operating-systems,Operating Systems,🛡️,security-module,Security Module,LSM Hook
⚙️,operating-systems,Operating Systems,🛡️,security-module,Security Module,Inode Perm Check
⚙️,operating-systems,Operating Systems,🛡️,security-module,Security Module,File Perm Check
⚙️,operating-systems,Operating Systems,🛡️,security-module,Security Module,Capability Check
⚙️,operating-systems,Operating Systems,🛡️,security-module,Security Module,Secure Boot OS
⚙️,operating-systems,Operating Systems,🛡️,security-module,Security Module,IMA Module
⚙️,operating-systems,Operating Systems,🛡️,security-module,Security Module,EVM Module
⚙️,operating-systems,Operating Systems,🛡️,security-module,Security Module,Audit Daemon
⚙️,operating-systems,Operating Systems,🛡️,security-module,Security Module,Audit Log OS
⚙️,operating-systems,Operating Systems,🛡️,security-module,Security Module,Audit Rule OS
⚙️,operating-systems,Operating Systems,🛡️,security-module,Security Module,Key Retention OS
⚙️,operating-systems,Operating Systems,🛡️,security-module,Security Module,Key Ring OS
⚙️,operating-systems,Operating Systems,🛡️,security-module,Security Module,Trusted Key OS
⚙️,operating-systems,Operating Systems,🛡️,security-module,Security Module,Encrypted Key OS
⚙️,operating-systems,Operating Systems,🛡️,security-module,Security Module,TPM 2.0 Driver
⚙️,operating-systems,Operating Systems,🛡️,security-module,Security Module,TPM Key Manage
⚙️,operating-systems,Operating Systems,🛡️,security-module,Security Module,Seccomp BPF
⚙️,operating-systems,Operating Systems,🛡️,security-module,Security Module,Seccomp Filter
⚙️,operating-systems,Operating Systems,🛡️,security-module,Security Module,Landlock LSM
⚙️,operating-systems,Operating Systems,🛡️,security-module,Security Module,Namespace OS
⚙️,operating-systems,Operating Systems,🛡️,security-module,Security Module,PID Namespace
⚙️,operating-systems,Operating Systems,🛡️,security-module,Security Module,Net Namespace
⚙️,operating-systems,Operating Systems,🛡️,security-module,Security Module,Mount Namespace
⚙️,operating-systems,Operating Systems,🛡️,security-module,Security Module,User Namespace
⚙️,operating-systems,Operating Systems,🛡️,security-module,Security Module,UTS Namespace
⚙️,operating-systems,Operating Systems,🛡️,security-module,Security Module,IPC Namespace
⚙️,operating-systems,Operating Systems,🛡️,security-module,Security Module,Cgroup OS
⚙️,operating-systems,Operating Systems,🛡️,security-module,Security Module,Cgroup V2 OS
⚙️,operating-systems,Operating Systems,🌐,network-stack,Network Stack,Socket API NS
⚙️,operating-systems,Operating Systems,🌐,network-stack,Network Stack,BSD Socket API
⚙️,operating-systems,Operating Systems,🌐,network-stack,Network Stack,TCP Stack Impl
⚙️,operating-systems,Operating Systems,🌐,network-stack,Network Stack,UDP Stack Impl
⚙️,operating-systems,Operating Systems,🌐,network-stack,Network Stack,IP Stack Impl
⚙️,operating-systems,Operating Systems,🌐,network-stack,Network Stack,ARP Stack Impl
⚙️,operating-systems,Operating Systems,🌐,network-stack,Network Stack,ICMP Stack Impl
⚙️,operating-systems,Operating Systems,🌐,network-stack,Network Stack,Raw Socket NS
⚙️,operating-systems,Operating Systems,🌐,network-stack,Network Stack,Packet Socket NS
⚙️,operating-systems,Operating Systems,🌐,network-stack,Network Stack,Netfilter NS
⚙️,operating-systems,Operating Systems,🌐,network-stack,Network Stack,IPTables Impl
⚙️,operating-systems,Operating Systems,🌐,network-stack,Network Stack,Nftables Impl
⚙️,operating-systems,Operating Systems,🌐,network-stack,Network Stack,Connection Track
⚙️,operating-systems,Operating Systems,🌐,network-stack,Network Stack,Netfilter Hook
⚙️,operating-systems,Operating Systems,🌐,network-stack,Network Stack,Packet Filter NS
⚙️,operating-systems,Operating Systems,🌐,network-stack,Network Stack,NAT Netfilter
⚙️,operating-systems,Operating Systems,🌐,network-stack,Network Stack,Masquerade NS
⚙️,operating-systems,Operating Systems,🌐,network-stack,Network Stack,Port Forward NS
⚙️,operating-systems,Operating Systems,🌐,network-stack,Network Stack,Traffic Control
⚙️,operating-systems,Operating Systems,🌐,network-stack,Network Stack,TC Qdisc NS
⚙️,operating-systems,Operating Systems,🌐,network-stack,Network Stack,TBF Qdisc
⚙️,operating-systems,Operating Systems,🌐,network-stack,Network Stack,HTB Qdisc
⚙️,operating-systems,Operating Systems,🌐,network-stack,Network Stack,FQ CoDel NS
⚙️,operating-systems,Operating Systems,🌐,network-stack,Network Stack,Net Poll NS
⚙️,operating-systems,Operating Systems,🌐,network-stack,Network Stack,RPS RFS NS
⚙️,operating-systems,Operating Systems,🌐,network-stack,Network Stack,XPS NS
⚙️,operating-systems,Operating Systems,🌐,network-stack,Network Stack,SO REUSEPORT
⚙️,operating-systems,Operating Systems,🌐,network-stack,Network Stack,TCP Segmentation
⚙️,operating-systems,Operating Systems,🌐,network-stack,Network Stack,GSO NS
⚙️,operating-systems,Operating Systems,🌐,network-stack,Network Stack,GRO NS
⚙️,operating-systems,Operating Systems,⏰,timer-subsystem,Timer Subsystem,Timer Wheel OS
⚙️,operating-systems,Operating Systems,⏰,timer-subsystem,Timer Subsystem,Timer List OS
⚙️,operating-systems,Operating Systems,⏰,timer-subsystem,Timer Subsystem,High Res Timer
⚙️,operating-systems,Operating Systems,⏰,timer-subsystem,Timer Subsystem,HR Timer OS
⚙️,operating-systems,Operating Systems,⏰,timer-subsystem,Timer Subsystem,Clock Source OS
⚙️,operating-systems,Operating Systems,⏰,timer-subsystem,Timer Subsystem,Clock Event OS
⚙️,operating-systems,Operating Systems,⏰,timer-subsystem,Timer Subsystem,Dynamic Tick
⚙️,operating-systems,Operating Systems,⏰,timer-subsystem,Timer Subsystem,NO HZ OS
⚙️,operating-systems,Operating Systems,⏰,timer-subsystem,Timer Subsystem,Tick Sched OS
⚙️,operating-systems,Operating Systems,⏰,timer-subsystem,Timer Subsystem,Jiffies Calib
⚙️,operating-systems,Operating Systems,⏰,timer-subsystem,Timer Subsystem,Timekeeping OS
⚙️,operating-systems,Operating Systems,⏰,timer-subsystem,Timer Subsystem,NTP Sync OS
⚙️,operating-systems,Operating Systems,⏰,timer-subsystem,Timer Subsystem,PTP Sync OS
⚙️,operating-systems,Operating Systems,⏰,timer-subsystem,Timer Subsystem,Clock Get Time
⚙️,operating-systems,Operating Systems,⏰,timer-subsystem,Timer Subsystem,Clock Set Time
⚙️,operating-systems,Operating Systems,⏰,timer-subsystem,Timer Subsystem,Timer Create OS
⚙️,operating-systems,Operating Systems,⏰,timer-subsystem,Timer Subsystem,Timer Set Time
⚙️,operating-systems,Operating Systems,⏰,timer-subsystem,Timer Subsystem,Timer Get Overrun
⚙️,operating-systems,Operating Systems,⏰,timer-subsystem,Timer Subsystem,Interval Timer OS
⚙️,operating-systems,Operating Systems,⏰,timer-subsystem,Timer Subsystem,ITIMER Real
⚙️,operating-systems,Operating Systems,⏰,timer-subsystem,Timer Subsystem,ITIMER Virtual
⚙️,operating-systems,Operating Systems,⏰,timer-subsystem,Timer Subsystem,ITIMER Prof
⚙️,operating-systems,Operating Systems,⏰,timer-subsystem,Timer Subsystem,POSIX Timer OS
⚙️,operating-systems,Operating Systems,⏰,timer-subsystem,Timer Subsystem,Timerfd Create
⚙️,operating-systems,Operating Systems,⏰,timer-subsystem,Timer Subsystem,Timerfd Set Time
⚙️,operating-systems,Operating Systems,⏰,timer-subsystem,Timer Subsystem,Alarm OS
⚙️,operating-systems,Operating Systems,⏰,timer-subsystem,Timer Subsystem,RTC Read OS
⚙️,operating-systems,Operating Systems,⏰,timer-subsystem,Timer Subsystem,RTC Set Alarm
⚙️,operating-systems,Operating Systems,⏰,timer-subsystem,Timer Subsystem,Watchdog Timer
⚙️,operating-systems,Operating Systems,⏰,timer-subsystem,Timer Subsystem,Soft Lockup Det
⚙️,operating-systems,Operating Systems,💾,block-layer,Block Layer,Block Device OS
⚙️,operating-systems,Operating Systems,💾,block-layer,Block Layer,Generic Block Layer
⚙️,operating-systems,Operating Systems,💾,block-layer,Block Layer,I/O Scheduler
⚙️,operating-systems,Operating Systems,💾,block-layer,Block Layer,CFQ Scheduler
⚙️,operating-systems,Operating Systems,💾,block-layer,Block Layer,Deadline Sched
⚙️,operating-systems,Operating Systems,💾,block-layer,Block Layer,NOOP Scheduler
⚙️,operating-systems,Operating Systems,💾,block-layer,Block Layer,MQ Deadline Sched
⚙️,operating-systems,Operating Systems,💾,block-layer,Block Layer,Blk MQ Layer
⚙️,operating-systems,Operating Systems,💾,block-layer,Block Layer,BIO Structure
⚙️,operating-systems,Operating Systems,💾,block-layer,Block Layer,Request Queue BL
⚙️,operating-systems,Operating Systems,💾,block-layer,Block Layer,Plugging BL
⚙️,operating-systems,Operating Systems,💾,block-layer,Block Layer,Unplugging BL
⚙️,operating-systems,Operating Systems,💾,block-layer,Block Layer,Merge BIO BL
⚙️,operating-systems,Operating Systems,💾,block-layer,Block Layer,Split Bio BL
⚙️,operating-systems,Operating Systems,💾,block-layer,Block Layer,Discard BL
⚙️,operating-systems,Operating Systems,💾,block-layer,Block Layer,Write Same BL
⚙️,operating-systems,Operating Systems,💾,block-layer,Block Layer,Write Zeroes BL
⚙️,operating-systems,Operating Systems,💾,block-layer,Block Layer,Flush BL
⚙️,operating-systems,Operating Systems,💾,block-layer,Block Layer,FUA BL
⚙️,operating-systems,Operating Systems,💾,block-layer,Block Layer,Barrier BL
⚙️,operating-systems,Operating Systems,💾,block-layer,Block Layer,Block Polling BL
⚙️,operating-systems,Operating Systems,💾,block-layer,Block Layer,Completion BL
⚙️,operating-systems,Operating Systems,💾,block-layer,Block Layer,Bounce Buffer BL
⚙️,operating-systems,Operating Systems,💾,block-layer,Block Layer,SG List BL
⚙️,operating-systems,Operating Systems,💾,block-layer,Block Layer,DMA BL
⚙️,operating-systems,Operating Systems,💾,block-layer,Block Layer,Block Encryption
⚙️,operating-systems,Operating Systems,💾,block-layer,Block Layer,Inline Encryption
⚙️,operating-systems,Operating Systems,💾,block-layer,Block Layer,Block Compress
⚙️,operating-systems,Operating Systems,💾,block-layer,Block Layer,Dedupe BL
⚙️,operating-systems,Operating Systems,💾,block-layer,Block Layer,Snapshot BL
⚙️,operating-systems,Operating Systems,📊,performance-monitor,Performance Monitor,PMC Driver
⚙️,operating-systems,Operating Systems,📊,performance-monitor,Performance Monitor,Perf Event PMU
⚙️,operating-systems,Operating Systems,📊,performance-monitor,Performance Monitor,Hardware Counter
⚙️,operating-systems,Operating Systems,📊,performance-monitor,Performance Monitor,SW Counter PM
⚙️,operating-systems,Operating Systems,📊,performance-monitor,Performance Monitor,Tracepoint PM
⚙️,operating-systems,Operating Systems,📊,performance-monitor,Performance Monitor,Kprobe PM
⚙️,operating-systems,Operating Systems,📊,performance-monitor,Performance Monitor,Uprobe PM
⚙️,operating-systems,Operating Systems,📊,performance-monitor,Performance Monitor,Perf Record PM
⚙️,operating-systems,Operating Systems,📊,performance-monitor,Performance Monitor,Perf Report PM
⚙️,operating-systems,Operating Systems,📊,performance-monitor,Performance Monitor,Perf Stat PM
⚙️,operating-systems,Operating Systems,📊,performance-monitor,Performance Monitor,Perf Top PM
⚙️,operating-systems,Operating Systems,📊,performance-monitor,Performance Monitor,Sampling PM
⚙️,operating-systems,Operating Systems,📊,performance-monitor,Performance Monitor,Call Chain PM
⚙️,operating-systems,Operating Systems,📊,performance-monitor,Performance Monitor,Branch Stack
⚙️,operating-systems,Operating Systems,📊,performance-monitor,Performance Monitor,Last Branch Rec
⚙️,operating-systems,Operating Systems,📊,performance-monitor,Performance Monitor,PEBS Driver
⚙️,operating-systems,Operating Systems,📊,performance-monitor,Performance Monitor,Instruction Retire
⚙️,operating-systems,Operating Systems,📊,performance-monitor,Performance Monitor,Cache Miss PM
⚙️,operating-systems,Operating Systems,📊,performance-monitor,Performance Monitor,Branch Miss PM
⚙️,operating-systems,Operating Systems,📊,performance-monitor,Performance Monitor,TLB Miss PM
⚙️,operating-systems,Operating Systems,📊,performance-monitor,Performance Monitor,Stalled Cycles
⚙️,operating-systems,Operating Systems,📊,performance-monitor,Performance Monitor,CPI Calc PM
⚙️,operating-systems,Operating Systems,📊,performance-monitor,Performance Monitor,Flame Graph Gen
⚙️,operating-systems,Operating Systems,📊,performance-monitor,Performance Monitor,Perf Annotate
⚙️,operating-systems,Operating Systems,📊,performance-monitor,Performance Monitor,Perf Diff PM
⚙️,operating-systems,Operating Systems,📊,performance-monitor,Performance Monitor,Perf Archive
⚙️,operating-systems,Operating Systems,📊,performance-monitor,Performance Monitor,Perf Inject PM
⚙️,operating-systems,Operating Systems,📊,performance-monitor,Performance Monitor,Perf Script PM
⚙️,operating-systems,Operating Systems,📊,performance-monitor,Performance Monitor,Perf Bench PM
⚙️,operating-systems,Operating Systems,📊,performance-monitor,Performance Monitor,Perf C2C PM
⚙️,operating-systems,Operating Systems,🖥️,process-manager,Process Manager,Fork Impl PM
⚙️,operating-systems,Operating Systems,🖥️,process-manager,Process Manager,Exec Impl PM
⚙️,operating-systems,Operating Systems,🖥️,process-manager,Process Manager,Exit Impl PM
⚙️,operating-systems,Operating Systems,🖥️,process-manager,Process Manager,Wait Impl PM
⚙️,operating-systems,Operating Systems,🖥️,process-manager,Process Manager,Clone Impl PM
⚙️,operating-systems,Operating Systems,🖥️,process-manager,Process Manager,Thread Create PM
⚙️,operating-systems,Operating Systems,🖥️,process-manager,Process Manager,Thread Join PM
⚙️,operating-systems,Operating Systems,🖥️,process-manager,Process Manager,Process Table PM
⚙️,operating-systems,Operating Systems,🖥️,process-manager,Process Manager,PID Allocator PM
⚙️,operating-systems,Operating Systems,🖥️,process-manager,Process Manager,PPID Link PM
⚙️,operating-systems,Operating Systems,🖥️,process-manager,Process Manager,Parent Child PM
⚙️,operating-systems,Operating Systems,🖥️,process-manager,Process Manager,Zombie Reaper
⚙️,operating-systems,Operating Systems,🖥️,process-manager,Process Manager,Orphan Handle PM
⚙️,operating-systems,Operating Systems,🖥️,process-manager,Process Manager,Process Group PM
⚙️,operating-systems,Operating Systems,🖥️,process-manager,Process Manager,Session PM
⚙️,operating-systems,Operating Systems,🖥️,process-manager,Process Manager,Daemonize PM
⚙️,operating-systems,Operating Systems,🖥️,process-manager,Process Manager,Nice Value PM
⚙️,operating-systems,Operating Systems,🖥️,process-manager,Process Manager,Scheduler Policy
⚙️,operating-systems,Operating Systems,🖥️,process-manager,Process Manager,Real Time Sched
⚙️,operating-systems,Operating Systems,🖥️,process-manager,Process Manager,Batch Sched PM
⚙️,operating-systems,Operating Systems,🖥️,process-manager,Process Manager,Idle Sched PM
⚙️,operating-systems,Operating Systems,🖥️,process-manager,Process Manager,CPU Affinity PM
⚙️,operating-systems,Operating Systems,🖥️,process-manager,Process Manager,Processor Set PM
⚙️,operating-systems,Operating Systems,🖥️,process-manager,Process Manager,Cgroup Process
⚙️,operating-systems,Operating Systems,🖥️,process-manager,Process Manager,Container PM
⚙️,operating-systems,Operating Systems,🖥️,process-manager,Process Manager,Process State PM
⚙️,operating-systems,Operating Systems,🖥️,process-manager,Process Manager,Task Struct PM
⚙️,operating-systems,Operating Systems,🖥️,process-manager,Process Manager,Thread Info PM
⚙️,operating-systems,Operating Systems,🖥️,process-manager,Process Manager,Process Limit PM
⚙️,operating-systems,Operating Systems,🖥️,process-manager,Process Manager,Rlimit Process
⚙️,operating-systems,Operating Systems,📥,system-call-handler,System Call Handler,Syscall Entry SCH
⚙️,operating-systems,Operating Systems,📥,system-call-handler,System Call Handler,Syscall Exit SCH
⚙️,operating-systems,Operating Systems,📥,system-call-handler,System Call Handler,Syscall Table SCH
⚙️,operating-systems,Operating Systems,📥,system-call-handler,System Call Handler,Syscall Dispatch
⚙️,operating-systems,Operating Systems,📥,system-call-handler,System Call Handler,Syscall Number
⚙️,operating-systems,Operating Systems,📥,system-call-handler,System Call Handler,Syscall Arg Copy
⚙️,operating-systems,Operating Systems,📥,system-call-handler,System Call Handler,Syscall Return
⚙️,operating-systems,Operating Systems,📥,system-call-handler,System Call Handler,Syscall Trace SCH
⚙️,operating-systems,Operating Systems,📥,system-call-handler,System Call Handler,Strace Clone
⚙️,operating-systems,Operating Systems,📥,system-call-handler,System Call Handler,Syscall Filter
⚙️,operating-systems,Operating Systems,📥,system-call-handler,System Call Handler,Seccomp Syscall
⚙️,operating-systems,Operating Systems,📥,system-call-handler,System Call Handler,Syscall Audit
⚙️,operating-systems,Operating Systems,📥,system-call-handler,System Call Handler,Syscall Stats
⚙️,operating-systems,Operating Systems,📥,system-call-handler,System Call Handler,Syscall Counters
⚙️,operating-systems,Operating Systems,📥,system-call-handler,System Call Handler,Fast Syscall SCH
⚙️,operating-systems,Operating Systems,📥,system-call-handler,System Call Handler,SYSENTER SYSEXIT
⚙️,operating-systems,Operating Systems,📥,system-call-handler,System Call Handler,SYSCALL SYSRET
⚙️,operating-systems,Operating Systems,📥,system-call-handler,System Call Handler,INT 80 Handler
⚙️,operating-systems,Operating Systems,📥,system-call-handler,System Call Handler,Syscall Compat SCH
⚙️,operating-systems,Operating Systems,📥,system-call-handler,System Call Handler,32 Bit Syscall
⚙️,operating-systems,Operating Systems,📥,system-call-handler,System Call Handler,64 Bit Syscall
⚙️,operating-systems,Operating Systems,📥,system-call-handler,System Call Handler,Syscall Vector
⚙️,operating-systems,Operating Systems,📥,system-call-handler,System Call Handler,Syscall Context
⚙️,operating-systems,Operating Systems,📥,system-call-handler,System Call Handler,Errno Handler
⚙️,operating-systems,Operating Systems,📥,system-call-handler,System Call Handler,Restart Syscall
⚙️,operating-systems,Operating Systems,📥,system-call-handler,System Call Handler,Signal Pending
⚙️,operating-systems,Operating Systems,📥,system-call-handler,System Call Handler,Restart Block SCH
⚙️,operating-systems,Operating Systems,📥,system-call-handler,System Call Handler,Syscall Latency
⚙️,operating-systems,Operating Systems,📥,system-call-handler,System Call Handler,Syscall Throughput
⚙️,operating-systems,Operating Systems,📥,system-call-handler,System Call Handler,Syscall Fuzzer
⚙️,operating-systems,Operating Systems,📂,virtual-file-system,Virtual File System,VFS Superblock
⚙️,operating-systems,Operating Systems,📂,virtual-file-system,Virtual File System,VFS Inode
⚙️,operating-systems,Operating Systems,📂,virtual-file-system,Virtual File System,VFS Dentry
⚙️,operating-systems,Operating Systems,📂,virtual-file-system,Virtual File System,VFS File Object
⚙️,operating-systems,Operating Systems,📂,virtual-file-system,Virtual File System,VFS Mount
⚙️,operating-systems,Operating Systems,📂,virtual-file-system,Virtual File System,VFS Namespace
⚙️,operating-systems,Operating Systems,📂,virtual-file-system,Virtual File System,VFS Path Walk
⚙️,operating-systems,Operating Systems,📂,virtual-file-system,Virtual File System,VFS Lookup
⚙️,operating-systems,Operating Systems,📂,virtual-file-system,Virtual File System,VFS Create
⚙️,operating-systems,Operating Systems,📂,virtual-file-system,Virtual File System,VFS Link
⚙️,operating-systems,Operating Systems,📂,virtual-file-system,Virtual File System,VFS Unlink
⚙️,operating-systems,Operating Systems,📂,virtual-file-system,Virtual File System,VFS Symlink
⚙️,operating-systems,Operating Systems,📂,virtual-file-system,Virtual File System,VFS Mkdir
⚙️,operating-systems,Operating Systems,📂,virtual-file-system,Virtual File System,VFS Rmdir
⚙️,operating-systems,Operating Systems,📂,virtual-file-system,Virtual File System,VFS Rename
⚙️,operating-systems,Operating Systems,📂,virtual-file-system,Virtual File System,VFS Read Write
⚙️,operating-systems,Operating Systems,📂,virtual-file-system,Virtual File System,VFS Iterate
⚙️,operating-systems,Operating Systems,📂,virtual-file-system,Virtual File System,VFS Lock
⚙️,operating-systems,Operating Systems,📂,virtual-file-system,Virtual File System,VFS Lease
⚙️,operating-systems,Operating Systems,📂,virtual-file-system,Virtual File System,VFS Fcntl
⚙️,operating-systems,Operating Systems,📂,virtual-file-system,Virtual File System,VFS Ioctl
⚙️,operating-systems,Operating Systems,📂,virtual-file-system,Virtual File System,VFS Poll Select
⚙️,operating-systems,Operating Systems,📂,virtual-file-system,Virtual File System,VFS Mmap
⚙️,operating-systems,Operating Systems,📂,virtual-file-system,Virtual File System,VFS Sendfile
⚙️,operating-systems,Operating Systems,📂,virtual-file-system,Virtual File System,VFS Splice
⚙️,operating-systems,Operating Systems,📂,virtual-file-system,Virtual File System,VFS Copy File Range
⚙️,operating-systems,Operating Systems,📂,virtual-file-system,Virtual File System,VFS Fallocate
⚙️,operating-systems,Operating Systems,📂,virtual-file-system,Virtual File System,VFS Fadvise
⚙️,operating-systems,Operating Systems,📂,virtual-file-system,Virtual File System,VFS Permission
⚙️,operating-systems,Operating Systems,📂,virtual-file-system,Virtual File System,VFS ACL
⚙️,operating-systems,Operating Systems,📟,tty-subsystem,TTY Subsystem,TTY Driver
⚙️,operating-systems,Operating Systems,📟,tty-subsystem,TTY Subsystem,TTY Core OS
⚙️,operating-systems,Operating Systems,📟,tty-subsystem,TTY Subsystem,Line Discipline
⚙️,operating-systems,Operating Systems,📟,tty-subsystem,TTY Subsystem,N_TTY Line Disc
⚙️,operating-systems,Operating Systems,📟,tty-subsystem,TTY Subsystem,Echo Processing
⚙️,operating-systems,Operating Systems,📟,tty-subsystem,TTY Subsystem,Canonical Mode
⚙️,operating-systems,Operating Systems,📟,tty-subsystem,TTY Subsystem,Noncanonical Mode
⚙️,operating-systems,Operating Systems,📟,tty-subsystem,TTY Subsystem,Raw Mode TTY
⚙️,operating-systems,Operating Systems,📟,tty-subsystem,TTY Subsystem,ICANON Flag
⚙️,operating-systems,Operating Systems,📟,tty-subsystem,TTY Subsystem,ECHO Flag TTY
⚙️,operating-systems,Operating Systems,📟,tty-subsystem,TTY Subsystem,ISIG Flag TTY
⚙️,operating-systems,Operating Systems,📟,tty-subsystem,TTY Subsystem,IEXTEN Flag TTY
⚙️,operating-systems,Operating Systems,📟,tty-subsystem,TTY Subsystem,VMIN VTIME
⚙️,operating-systems,Operating Systems,📟,tty-subsystem,TTY Subsystem,Control Char TTY
⚙️,operating-systems,Operating Systems,📟,tty-subsystem,TTY Subsystem,ERASE Char
⚙️,operating-systems,Operating Systems,📟,tty-subsystem,TTY Subsystem,KILL Char
⚙️,operating-systems,Operating Systems,📟,tty-subsystem,TTY Subsystem,INTR Char
⚙️,operating-systems,Operating Systems,📟,tty-subsystem,TTY Subsystem,QUIT Char
⚙️,operating-systems,Operating Systems,📟,tty-subsystem,TTY Subsystem,SUSP Char
⚙️,operating-systems,Operating Systems,📟,tty-subsystem,TTY Subsystem,EOF Char TTY
⚙️,operating-systems,Operating Systems,📟,tty-subsystem,TTY Subsystem,Serial TTY
⚙️,operating-systems,Operating Systems,📟,tty-subsystem,TTY Subsystem,PTY Master
⚙️,operating-systems,Operating Systems,📟,tty-subsystem,TTY Subsystem,PTY Slave
⚙️,operating-systems,Operating Systems,📟,tty-subsystem,TTY Subsystem,Console TTY
⚙️,operating-systems,Operating Systems,📟,tty-subsystem,TTY Subsystem,VT Console
⚙️,operating-systems,Operating Systems,📟,tty-subsystem,TTY Subsystem,Scrollback TTY
⚙️,operating-systems,Operating Systems,📟,tty-subsystem,TTY Subsystem,Terminal Emu
⚙️,operating-systems,Operating Systems,📟,tty-subsystem,TTY Subsystem,ANSI Escape Seq
⚙️,operating-systems,Operating Systems,📟,tty-subsystem,TTY Subsystem,Color TTY
⚙️,operating-systems,Operating Systems,📟,tty-subsystem,TTY Subsystem,Size TTY
⚙️,operating-systems,Operating Systems,🔗,linker-loader,Linker & Loader,ELF Parser
⚙️,operating-systems,Operating Systems,🔗,linker-loader,Linker & Loader,ELF Writer
⚙️,operating-systems,Operating Systems,🔗,linker-loader,Linker & Loader,PE Parser
⚙️,operating-systems,Operating Systems,🔗,linker-loader,Linker & Loader,Mach O Parser
⚙️,operating-systems,Operating Systems,🔗,linker-loader,Linker & Loader,Static Linker
⚙️,operating-systems,Operating Systems,🔗,linker-loader,Linker & Loader,Dynamic Linker LSD
⚙️,operating-systems,Operating Systems,🔗,linker-loader,Linker & Loader,Loadtime Linker
⚙️,operating-systems,Operating Systems,🔗,linker-loader,Linker & Loader,Runtim Linker LSD
⚙️,operating-systems,Operating Systems,🔗,linker-loader,Linker & Loader,Symbol Table LSD
⚙️,operating-systems,Operating Systems,🔗,linker-loader,Linker & Loader,String Table LSD
⚙️,operating-systems,Operating Systems,🔗,linker-loader,Linker & Loader,Relocation ELF
⚙️,operating-systems,Operating Systems,🔗,linker-loader,Linker & Loader,PLT GOT LSD
⚙️,operating-systems,Operating Systems,🔗,linker-loader,Linker & Loader,Lazy Binding LSD
⚙️,operating-systems,Operating Systems,🔗,linker-loader,Linker & Loader,Eager Binding LSD
⚙️,operating-systems,Operating Systems,🔗,linker-loader,Linker & Loader,Position Indep Code
⚙️,operating-systems,Operating Systems,🔗,linker-loader,Linker & Loader,Shared Library
⚙️,operating-systems,Operating Systems,🔗,linker-loader,Linker & Loader,Dynamic Section
⚙️,operating-systems,Operating Systems,🔗,linker-loader,Linker & Loader,Needed Lib List
⚙️,operating-systems,Operating Systems,🔗,linker-loader,Linker & Loader,Ld Preload LSD
⚙️,operating-systems,Operating Systems,🔗,linker-loader,Linker & Loader,Ld Library Path
⚙️,operating-systems,Operating Systems,🔗,linker-loader,Linker & Loader,Rpath LSD
⚙️,operating-systems,Operating Systems,🔗,linker-loader,Linker & Loader,Runpath LSD
⚙️,operating-systems,Operating Systems,🔗,linker-loader,Linker & Loader,Bsymbolic Flag
⚙️,operating-systems,Operating Systems,🔗,linker-loader,Linker & Loader,Version Script LSD
⚙️,operating-systems,Operating Systems,🔗,linker-loader,Linker & Loader,GNU Hash LSD
⚙️,operating-systems,Operating Systems,🔗,linker-loader,Linker & Loader,GNU Hash Lookup
⚙️,operating-systems,Operating Systems,🔗,linker-loader,Linker & Loader,Symbol Version LSD
⚙️,operating-systems,Operating Systems,🔗,linker-loader,Linker & Loader,Comdat Group LSD
⚙️,operating-systems,Operating Systems,🔗,linker-loader,Linker & Loader,Section Group LSD
⚙️,operating-systems,Operating Systems,🔗,linker-loader,Linker & Loader,Linker Script LSD
⚙️,operating-systems,Operating Systems,🛠️,debugger,Debugger,Ptrace Wrapper DB
⚙️,operating-systems,Operating Systems,🛠️,debugger,Debugger,Breakpoint DB SW
⚙️,operating-systems,Operating Systems,🛠️,debugger,Debugger,Breakpoint HW DB
⚙️,operating-systems,Operating Systems,🛠️,debugger,Debugger,Watchpoint DB
⚙️,operating-systems,Operating Systems,🛠️,debugger,Debugger,Single Step DB
⚙️,operating-systems,Operating Systems,🛠️,debugger,Debugger,Continue DB
⚙️,operating-systems,Operating Systems,🛠️,debugger,Debugger,Read Registers DB
⚙️,operating-systems,Operating Systems,🛠️,debugger,Debugger,Write Registers DB
⚙️,operating-systems,Operating Systems,🛠️,debugger,Debugger,Read Memory DB
⚙️,operating-systems,Operating Systems,🛠️,debugger,Debugger,Write Memory DB
⚙️,operating-systems,Operating Systems,🛠️,debugger,Debugger,Stack Trace DB
⚙️,operating-systems,Operating Systems,🛠️,debugger,Debugger,Backtrace DB
⚙️,operating-systems,Operating Systems,🛠️,debugger,Debugger,Frame Unwind DB
⚙️,operating-systems,Operating Systems,🛠️,debugger,Debugger,DWARF Parser DB
⚙️,operating-systems,Operating Systems,🛠️,debugger,Debugger,DWARF Line Table
⚙️,operating-systems,Operating Systems,🛠️,debugger,Debugger,DWARF CFI
⚙️,operating-systems,Operating Systems,🛠️,debugger,Debugger,Symbol Resolver DB
⚙️,operating-systems,Operating Systems,🛠️,debugger,Debugger,Source Line DB
⚙️,operating-systems,Operating Systems,🛠️,debugger,Debugger,Disassembler DB
⚙️,operating-systems,Operating Systems,🛠️,debugger,Debugger,GDB Remote Proto
⚙️,operating-systems,Operating Systems,🛠️,debugger,Debugger,LLDB Server
⚙️,operating-systems,Operating Systems,🛠️,debugger,Debugger,Step Over DB
⚙️,operating-systems,Operating Systems,🛠️,debugger,Debugger,Step Into DB
⚙️,operating-systems,Operating Systems,🛠️,debugger,Debugger,Step Out DB
⚙️,operating-systems,Operating Systems,🛠️,debugger,Debugger,Run Until DB
⚙️,operating-systems,Operating Systems,🛠️,debugger,Debugger,Jump To Line DB
⚙️,operating-systems,Operating Systems,🛠️,debugger,Debugger,Call Stack DB
⚙️,operating-systems,Operating Systems,🛠️,debugger,Debugger,Variable Inspect DB
⚙️,operating-systems,Operating Systems,🛠️,debugger,Debugger,Memory Dump DB
⚙️,operating-systems,Operating Systems,🛠️,debugger,Debugger,Core File Parse
⚙️,operating-systems,Operating Systems,📀,storage-stack,Storage Stack,SCSI Mid Layer
⚙️,operating-systems,Operating Systems,📀,storage-stack,Storage Stack,SCSI Low Level
⚙️,operating-systems,Operating Systems,📀,storage-stack,Storage Stack,SAS Transport
⚙️,operating-systems,Operating Systems,📀,storage-stack,Storage Stack,SATA Transport
⚙️,operating-systems,Operating Systems,📀,storage-stack,Storage Stack,FC Transport SS
⚙️,operating-systems,Operating Systems,📀,storage-stack,Storage Stack,NVMe Driver SS
⚙️,operating-systems,Operating Systems,📀,storage-stack,Storage Stack,NVMe over Fabrics
⚙️,operating-systems,Operating Systems,📀,storage-stack,Storage Stack,NVMe over TCP
⚙️,operating-systems,Operating Systems,📀,storage-stack,Storage Stack,NVMe over RDMA
⚙️,operating-systems,Operating Systems,📀,storage-stack,Storage Stack,NVMe over FC
⚙️,operating-systems,Operating Systems,📀,storage-stack,Storage Stack,iSCSI Init SS
⚙️,operating-systems,Operating Systems,📀,storage-stack,Storage Stack,iSCSI Target SS
⚙️,operating-systems,Operating Systems,📀,storage-stack,Storage Stack,FCoE Init SS
⚙️,operating-systems,Operating Systems,📀,storage-stack,Storage Stack,FCoE Target SS
⚙️,operating-systems,Operating Systems,📀,storage-stack,Storage Stack,Device Mapper SS
⚙️,operating-systems,Operating Systems,📀,storage-stack,Storage Stack,DM Linear SS
⚙️,operating-systems,Operating Systems,📀,storage-stack,Storage Stack,DM Stripe SS
⚙️,operating-systems,Operating Systems,📀,storage-stack,Storage Stack,DM Mirror SS
⚙️,operating-systems,Operating Systems,📀,storage-stack,Storage Stack,DM Snapshot SS
⚙️,operating-systems,Operating Systems,📀,storage-stack,Storage Stack,DM Cache SS
⚙️,operating-systems,Operating Systems,📀,storage-stack,Storage Stack,DM Thin Prov SS
⚙️,operating-systems,Operating Systems,📀,storage-stack,Storage Stack,LVM Tool SS
⚙️,operating-systems,Operating Systems,📀,storage-stack,Storage Stack,MD RAID 0
⚙️,operating-systems,Operating Systems,📀,storage-stack,Storage Stack,MD RAID 1
⚙️,operating-systems,Operating Systems,📀,storage-stack,Storage Stack,MD RAID 5
⚙️,operating-systems,Operating Systems,📀,storage-stack,Storage Stack,MD RAID 6
⚙️,operating-systems,Operating Systems,📀,storage-stack,Storage Stack,MD RAID 10
⚙️,operating-systems,Operating Systems,📀,storage-stack,Storage Stack,MDADM Clone
⚙️,operating-systems,Operating Systems,📀,storage-stack,Storage Stack,Multipath SS
⚙️,operating-systems,Operating Systems,📀,storage-stack,Storage Stack,Device Handler
⚙️,operating-systems,Operating Systems,🌡️,thermal-management,Thermal Management,Thermal Zone OS
⚙️,operating-systems,Operating Systems,🌡️,thermal-management,Thermal Management,Cooling Device OS
⚙️,operating-systems,Operating Systems,🌡️,thermal-management,Thermal Management,Trip Point OS
⚙️,operating-systems,Operating Systems,🌡️,thermal-management,Thermal Management,Passive Cooling
⚙️,operating-systems,Operating Systems,🌡️,thermal-management,Thermal Management,Active Cooling TM
⚙️,operating-systems,Operating Systems,🌡️,thermal-management,Thermal Management,Fan Control TM
⚙️,operating-systems,Operating Systems,🌡️,thermal-management,Thermal Management,CPU Freq Gov
⚙️,operating-systems,Operating Systems,🌡️,thermal-management,Thermal Management,Performance Gov
⚙️,operating-systems,Operating Systems,🌡️,thermal-management,Thermal Management,Power Save Gov
⚙️,operating-systems,Operating Systems,🌡️,thermal-management,Thermal Management,On Demand Gov
⚙️,operating-systems,Operating Systems,🌡️,thermal-management,Thermal Management,Conservative Gov
⚙️,operating-systems,Operating Systems,🌡️,thermal-management,Thermal Management,Schedutil Gov
⚙️,operating-systems,Operating Systems,🌡️,thermal-management,Thermal Management,CPUFreq Driver TM
⚙️,operating-systems,Operating Systems,🌡️,thermal-management,Thermal Management,ACPI Thermal
⚙️,operating-systems,Operating Systems,🌡️,thermal-management,Thermal Management,DTS Sensor TM
⚙️,operating-systems,Operating Systems,🌡️,thermal-management,Thermal Management,TCC Offset
⚙️,operating-systems,Operating Systems,🌡️,thermal-management,Thermal Management,Throttle TM
⚙️,operating-systems,Operating Systems,🌡️,thermal-management,Thermal Management,Thermal Throttle
⚙️,operating-systems,Operating Systems,🌡️,thermal-management,Thermal Management,Power Cap TM
⚙️,operating-systems,Operating Systems,🌡️,thermal-management,Thermal Management,RAPL Driver TM
⚙️,operating-systems,Operating Systems,🌡️,thermal-management,Thermal Management,Package Power Limit
⚙️,operating-systems,Operating Systems,🌡️,thermal-management,Thermal Management,DRAM Power Limit
⚙️,operating-systems,Operating Systems,🌡️,thermal-management,Thermal Management,Core Power Limit
⚙️,operating-systems,Operating Systems,🌡️,thermal-management,Thermal Management,TDP Manager TM
⚙️,operating-systems,Operating Systems,🌡️,thermal-management,Thermal Management,Thermal Sim
⚙️,operating-systems,Operating Systems,🌡️,thermal-management,Thermal Management,Temperature Log
⚙️,operating-systems,Operating Systems,🌡️,thermal-management,Thermal Management,Thermal Profile
⚙️,operating-systems,Operating Systems,🌡️,thermal-management,Thermal Management,Adaptive TM
⚙️,operating-systems,Operating Systems,🌡️,thermal-management,Thermal Management,Dynamic TM
⚙️,operating-systems,Operating Systems,🌡️,thermal-management,Thermal Management,Emergency Shutdown
⚙️,operating-systems,Operating Systems,🔋,power-management,Power Management,ACPI Driver PM
⚙️,operating-systems,Operating Systems,🔋,power-management,Power Management,ACPI Table Parse
⚙️,operating-systems,Operating Systems,🔋,power-management,Power Management,DSDT Parse PM
⚙️,operating-systems,Operating Systems,🔋,power-management,Power Management,SSDT Parse PM
⚙️,operating-systems,Operating Systems,🔋,power-management,Power Management,Power State PM
⚙️,operating-systems,Operating Systems,🔋,power-management,Power Management,S0ix States PM
⚙️,operating-systems,Operating Systems,🔋,power-management,Power Management,C State PM
⚙️,operating-systems,Operating Systems,🔋,power-management,Power Management,C1 State
⚙️,operating-systems,Operating Systems,🔋,power-management,Power Management,C2 State PM
⚙️,operating-systems,Operating Systems,🔋,power-management,Power Management,C3 State PM
⚙️,operating-systems,Operating Systems,🔋,power-management,Power Management,P State PM
⚙️,operating-systems,Operating Systems,🔋,power-management,Power Management,T State PM
⚙️,operating-systems,Operating Systems,🔋,power-management,Power Management,Wake Source PM
⚙️,operating-systems,Operating Systems,🔋,power-management,Power Management,Wake Interrupt PM
⚙️,operating-systems,Operating Systems,🔋,power-management,Power Management,Suspend to RAM
⚙️,operating-systems,Operating Systems,🔋,power-management,Power Management,Suspend to Disk
⚙️,operating-systems,Operating Systems,🔋,power-management,Power Management,Hibernate PM
⚙️,operating-systems,Operating Systems,🔋,power-management,Power Management,Resume PM
⚙️,operating-systems,Operating Systems,🔋,power-management,Power Management,PM QoS PM
⚙️,operating-systems,Operating Systems,🔋,power-management,Power Management,PM Qos CPU DMA
⚙️,operating-systems,Operating Systems,🔋,power-management,Power Management,PM Qos Network
⚙️,operating-systems,Operating Systems,🔋,power-management,Power Management,PM Qos Latency
⚙️,operating-systems,Operating Systems,🔋,power-management,Power Management,Runtime PM
⚙️,operating-systems,Operating Systems,🔋,power-management,Power Management,Autosuspend PM
⚙️,operating-systems,Operating Systems,🔋,power-management,Power Management,System Wake Lock
⚙️,operating-systems,Operating Systems,🔋,power-management,Power Management,DPM Suspend PM
⚙️,operating-systems,Operating Systems,🔋,power-management,Power Management,DPM Resume PM
⚙️,operating-systems,Operating Systems,🔋,power-management,Power Management,Device PM
⚙️,operating-systems,Operating Systems,🔋,power-management,Power Management,Clock Gate PM
⚙️,operating-systems,Operating Systems,🔋,power-management,Power Management,Power Gate PM
⚙️,operating-systems,Operating Systems,🧮,cpu-scheduler,CPU Scheduler,O(1) Scheduler
⚙️,operating-systems,Operating Systems,🧮,cpu-scheduler,CPU Scheduler,CFS Scheduler OS
⚙️,operating-systems,Operating Systems,🧮,cpu-scheduler,CPU Scheduler,CFS Virtual Runtime
⚙️,operating-systems,Operating Systems,🧮,cpu-scheduler,CPU Scheduler,CFS Red Black Tree
⚙️,operating-systems,Operating Systems,🧮,cpu-scheduler,CPU Scheduler,CFS Min Granularity
⚙️,operating-systems,Operating Systems,🧮,cpu-scheduler,CPU Scheduler,CFS Wakeup Preempt
⚙️,operating-systems,Operating Systems,🧮,cpu-scheduler,CPU Scheduler,CFS Load Balance
⚙️,operating-systems,Operating Systems,🧮,cpu-scheduler,CPU Scheduler,RT Scheduler OS
⚙️,operating-systems,Operating Systems,🧮,cpu-scheduler,CPU Scheduler,DL Scheduler OS
⚙️,operating-systems,Operating Systems,🧮,cpu-scheduler,CPU Scheduler,EDF Algorithm OS
⚙️,operating-systems,Operating Systems,🧮,cpu-scheduler,CPU Scheduler,CBS Algorithm OS
⚙️,operating-systems,Operating Systems,🧮,cpu-scheduler,CPU Scheduler,DL Server OS
⚙️,operating-systems,Operating Systems,🧮,cpu-scheduler,CPU Scheduler,BFS Scheduler OS
⚙️,operating-systems,Operating Systems,🧮,cpu-scheduler,CPU Scheduler,MuQSS Scheduler
⚙️,operating-systems,Operating Systems,🧮,cpu-scheduler,CPU Scheduler,BMQ Scheduler
⚙️,operating-systems,Operating Systems,🧮,cpu-scheduler,CPU Scheduler,PDS Scheduler
⚙️,operating-systems,Operating Systems,🧮,cpu-scheduler,CPU Scheduler,Sched Nice CS
⚙️,operating-systems,Operating Systems,🧮,cpu-scheduler,CPU Scheduler,Sched RT Priority
⚙️,operating-systems,Operating Systems,🧮,cpu-scheduler,CPU Scheduler,Sched Deadline CS
⚙️,operating-systems,Operating Systems,🧮,cpu-scheduler,CPU Scheduler,Sched Affinity CS
⚙️,operating-systems,Operating Systems,🧮,cpu-scheduler,CPU Scheduler,Sched Domain CS
⚙️,operating-systems,Operating Systems,🧮,cpu-scheduler,CPU Scheduler,Sched Group CS
⚙️,operating-systems,Operating Systems,🧮,cpu-scheduler,CPU Scheduler,Sched Cluster CS
⚙️,operating-systems,Operating Systems,🧮,cpu-scheduler,CPU Scheduler,Sched SMT CS
⚙️,operating-systems,Operating Systems,🧮,cpu-scheduler,CPU Scheduler,Sched MC CS
⚙️,operating-systems,Operating Systems,🧮,cpu-scheduler,CPU Scheduler,Sched DIE CS
⚙️,operating-systems,Operating Systems,🧮,cpu-scheduler,CPU Scheduler,Sched NUMA CS
⚙️,operating-systems,Operating Systems,🧮,cpu-scheduler,CPU Scheduler,NUMA Balancing
⚙️,operating-systems,Operating Systems,🧮,cpu-scheduler,CPU Scheduler,Load Tracking PELT
⚙️,operating-systems,Operating Systems,🧮,cpu-scheduler,CPU Scheduler,Run Queue CS
⚙️,operating-systems,Operating Systems,🛡️,aslr-module,ASLR Module,Stack Random ASLR
⚙️,operating-systems,Operating Systems,🛡️,aslr-module,ASLR Module,Heap Random ASLR
⚙️,operating-systems,Operating Systems,🛡️,aslr-module,ASLR Module,MMap Random ASLR
⚙️,operating-systems,Operating Systems,🛡️,aslr-module,ASLR Module,Exec Base Random
⚙️,operating-systems,Operating Systems,🛡️,aslr-module,ASLR Module,Library Random
⚙️,operating-systems,Operating Systems,🛡️,aslr-module,ASLR Module,PIE Random ASLR
⚙️,operating-systems,Operating Systems,🛡️,aslr-module,ASLR Module,VDSO Random ASLR
⚙️,operating-systems,Operating Systems,🛡️,aslr-module,ASLR Module,Brk Random ASLR
⚙️,operating-systems,Operating Systems,🛡️,aslr-module,ASLR Module,Full Random ASLR
⚙️,operating-systems,Operating Systems,🛡️,aslr-module,ASLR Module,Partial Random ASLR
⚙️,operating-systems,Operating Systems,🛡️,aslr-module,ASLR Module,Per Arch ASLR
⚙️,operating-systems,Operating Systems,🛡️,aslr-module,ASLR Module,x86_64 ASLR
⚙️,operating-systems,Operating Systems,🛡️,aslr-module,ASLR Module,ARM64 ASLR
⚙️,operating-systems,Operating Systems,🛡️,aslr-module,ASLR Module,x86 32 ASLR
⚙️,operating-systems,Operating Systems,🛡️,aslr-module,ASLR Module,Entropy Bits ASLR
⚙️,operating-systems,Operating Systems,🛡️,aslr-module,ASLR Module,Stack Entropy ASLR
⚙️,operating-systems,Operating Systems,🛡️,aslr-module,ASLR Module,Heap Entropy ASLR
⚙️,operating-systems,Operating Systems,🛡️,aslr-module,ASLR Module,MMap Entropy ASLR
⚙️,operating-systems,Operating Systems,🛡️,aslr-module,ASLR Module,Exec Entropy ASLR
⚙️,operating-systems,Operating Systems,🛡️,aslr-module,ASLR Module,KASLR OS
⚙️,operating-systems,Operating Systems,🛡️,aslr-module,ASLR Module,Kernel Text Random
⚙️,operating-systems,Operating Systems,🛡️,aslr-module,ASLR Module,Kernel Module Rand
⚙️,operating-systems,Operating Systems,🛡️,aslr-module,ASLR Module,Kernel Stack Rand
⚙️,operating-systems,Operating Systems,🛡️,aslr-module,ASLR Module,Kernel Heap Rand
⚙️,operating-systems,Operating Systems,🛡️,aslr-module,ASLR Module,VDSO KASLR
⚙️,operating-systems,Operating Systems,🛡️,aslr-module,ASLR Module,Gap Page ASLR
⚙️,operating-systems,Operating Systems,🛡️,aslr-module,ASLR Module,Guard Page ASLR
⚙️,operating-systems,Operating Systems,🛡️,aslr-module,ASLR Module,Side Channel Mit
⚙️,operating-systems,Operating Systems,🛡️,aslr-module,ASLR Module,ASLR Bypass Det
⚙️,operating-systems,Operating Systems,🛡️,aslr-module,ASLR Module,ASLR Test Suite
⚙️,operating-systems,Operating Systems,🧪,compatibility-layer,Compatibility Layer,Linux Syscall CL
⚙️,operating-systems,Operating Systems,🧪,compatibility-layer,Compatibility Layer,32 Bit Compat CL
⚙️,operating-systems,Operating Systems,🧪,compatibility-layer,Compatibility Layer,x86 Emulation CL
⚙️,operating-systems,Operating Systems,🧪,compatibility-layer,Compatibility Layer,Wine Lib CL
⚙️,operating-systems,Operating Systems,🧪,compatibility-layer,Compatibility Layer,Windows PE Load
⚙️,operating-systems,Operating Systems,🧪,compatibility-layer,Compatibility Layer,PE DLL Loader CL
⚙️,operating-systems,Operating Systems,🧪,compatibility-layer,Compatibility Layer,Win32 API Stub
⚙️,operating-systems,Operating Systems,🧪,compatibility-layer,Compatibility Layer,Win32 GDI Stub
⚙️,operating-systems,Operating Systems,🧪,compatibility-layer,Compatibility Layer,Win32 Kernel Stub
⚙️,operating-systems,Operating Systems,🧪,compatibility-layer,Compatibility Layer,Win32 User Stub
⚙️,operating-systems,Operating Systems,🧪,compatibility-layer,Compatibility Layer,Win32 Advapi Stub
⚙️,operating-systems,Operating Systems,🧪,compatibility-layer,Compatibility Layer,Registry Emu CL
⚙️,operating-systems,Operating Systems,🧪,compatibility-layer,Compatibility Layer,COM Layer CL
⚙️,operating-systems,Operating Systems,🧪,compatibility-layer,Compatibility Layer,OLE Layer CL
⚙️,operating-systems,Operating Systems,🧪,compatibility-layer,Compatibility Layer,DirectX Stub CL
⚙️,operating-systems,Operating Systems,🧪,compatibility-layer,Compatibility Layer,Winsock Stub CL
⚙️,operating-systems,Operating Systems,🧪,compatibility-layer,Compatibility Layer,FreeBSD Compat
⚙️,operating-systems,Operating Systems,🧪,compatibility-layer,Compatibility Layer,Syscall Map CL
⚙️,operating-systems,Operating Systems,🧪,compatibility-layer,Compatibility Layer,Signal Map CL
⚙️,operating-systems,Operating Systems,🧪,compatibility-layer,Compatibility Layer,Errno Map CL
⚙️,operating-systems,Operating Systems,🧪,compatibility-layer,Compatibility Layer,IOctl Map CL
⚙️,operating-systems,Operating Systems,🧪,compatibility-layer,Compatibility Layer,Struct Layout CL
⚙️,operating-systems,Operating Systems,🧪,compatibility-layer,Compatibility Layer,POSIX Compat CL
⚙️,operating-systems,Operating Systems,🧪,compatibility-layer,Compatibility Layer,C Library Compat
⚙️,operating-systems,Operating Systems,🧪,compatibility-layer,Compatibility Layer,Pthread Compat CL
⚙️,operating-systems,Operating Systems,🧪,compatibility-layer,Compatibility Layer,RTLD Compat CL
⚙️,operating-systems,Operating Systems,🧪,compatibility-layer,Compatibility Layer,Termios Compat CL
⚙️,operating-systems,Operating Systems,🧪,compatibility-layer,Compatibility Layer,Stat Compat CL
⚙️,operating-systems,Operating Systems,🧪,compatibility-layer,Compatibility Layer,Mount Compat CL
⚙️,operating-systems,Operating Systems,🧪,compatibility-layer,Compatibility Layer,User Compat CL
⚙️,operating-systems,Operating Systems,💿,live-cd-system,Live CD System,Initramfs Gen
⚙️,operating-systems,Operating Systems,💿,live-cd-system,Live CD System,Initramfs CPIO
⚙️,operating-systems,Operating Systems,💿,live-cd-system,Live CD System,Init Script LC
⚙️,operating-systems,Operating Systems,💿,live-cd-system,Live CD System,Early Userspace
⚙️,operating-systems,Operating Systems,💿,live-cd-system,Live CD System,Root FS Overlay
⚙️,operating-systems,Operating Systems,💿,live-cd-system,Live CD System,Squash FS LC
⚙️,operating-systems,Operating Systems,💿,live-cd-system,Live CD System,Overlay FS LC
⚙️,operating-systems,Operating Systems,💿,live-cd-system,Live CD System,Union Mount LC
⚙️,operating-systems,Operating Systems,💿,live-cd-system,Live CD System,Persistent Storage
⚙️,operating-systems,Operating Systems,💿,live-cd-system,Live CD System,Casper Clone LC
⚙️,operating-systems,Operating Systems,💿,live-cd-system,Live CD System,Live Boot LC
⚙️,operating-systems,Operating Systems,💿,live-cd-system,Live CD System,Live Config LC
⚙️,operating-systems,Operating Systems,💿,live-cd-system,Live CD System,Toram Option LC
⚙️,operating-systems,Operating Systems,💿,live-cd-system,Live CD System,Live USB Creator
⚙️,operating-systems,Operating Systems,💿,live-cd-system,Live CD System,ISO Hybrid LC
⚙️,operating-systems,Operating Systems,💿,live-cd-system,Live CD System,isohybrid Tool
⚙️,operating-systems,Operating Systems,💿,live-cd-system,Live CD System,Live CD Menu
⚙️,operating-systems,Operating Systems,💿,live-cd-system,Live CD System,Live Session LC
⚙️,operating-systems,Operating Systems,💿,live-cd-system,Live CD System,Live Install LC
⚙️,operating-systems,Operating Systems,💿,live-cd-system,Live CD System,Live Persistence
⚙️,operating-systems,Operating Systems,💿,live-cd-system,Live CD System,Snapshot Live LC
⚙️,operating-systems,Operating Systems,💿,live-cd-system,Live CD System,Remaster Live LC
⚙️,operating-systems,Operating Systems,💿,live-cd-system,Live CD System,Live Resize FS
⚙️,operating-systems,Operating Systems,💿,live-cd-system,Live CD System,Live Netboot
⚙️,operating-systems,Operating Systems,💿,live-cd-system,Live CD System,Live Debug LC
⚙️,operating-systems,Operating Systems,💿,live-cd-system,Live CD System,Live Log LC
⚙️,operating-systems,Operating Systems,💿,live-cd-system,Live CD System,Live Recovery
⚙️,operating-systems,Operating Systems,💿,live-cd-system,Live CD System,Live Rescue Mode
⚙️,operating-systems,Operating Systems,💿,live-cd-system,Live CD System,Live Memtest
⚙️,operating-systems,Operating Systems,💿,live-cd-system,Live CD System,Live Shell LC
⚙️,operating-systems,Operating Systems,🖥️,display-server,Display Server,Wayland Compos
⚙️,operating-systems,Operating Systems,🖥️,display-server,Display Server,X11 Server DS
⚙️,operating-systems,Operating Systems,🖥️,display-server,Display Server,X11 Input 2
⚙️,operating-systems,Operating Systems,🖥️,display-server,Display Server,X11 Render DS
⚙️,operating-systems,Operating Systems,🖥️,display-server,Display Server,X11 Extension
⚙️,operating-systems,Operating Systems,🖥️,display-server,Display Server,Composite Ext
⚙️,operating-systems,Operating Systems,🖥️,display-server,Display Server,Damage Ext DS
⚙️,operating-systems,Operating Systems,🖥️,display-server,Display Server,XFixes Ext DS
⚙️,operating-systems,Operating Systems,🖥️,display-server,Display Server,Render Ext DS
⚙️,operating-systems,Operating Systems,🖥️,display-server,Display Server,Shape Ext DS
⚙️,operating-systems,Operating Systems,🖥️,display-server,Display Server,Record Ext DS
⚙️,operating-systems,Operating Systems,🖥️,display-server,Display Server,Security Ext DS
⚙️,operating-systems,Operating Systems,🖥️,display-server,Display Server,MIT SHM Ext DS
⚙️,operating-systems,Operating Systems,🖥️,display-server,Display Server,DRI2 Ext DS
⚙️,operating-systems,Operating Systems,🖥️,display-server,Display Server,DRI3 Ext DS
⚙️,operating-systems,Operating Systems,🖥️,display-server,Display Server,Present Ext DS
⚙️,operating-systems,Operating Systems,🖥️,display-server,Display Server,GLamor Accel DS
⚙️,operating-systems,Operating Systems,🖥️,display-server,Display Server,EXA Accel DS
⚙️,operating-systems,Operating Systems,🖥️,display-server,Display Server,UXA Accel DS
⚙️,operating-systems,Operating Systems,🖥️,display-server,Display Server,SNA Accel DS
⚙️,operating-systems,Operating Systems,🖥️,display-server,Display Server,Atomic Mode Set
⚙️,operating-systems,Operating Systems,🖥️,display-server,Display Server,DRM Leasing DS
⚙️,operating-systems,Operating Systems,🖥️,display-server,Display Server,KMS Driver DS
⚙️,operating-systems,Operating Systems,🖥️,display-server,Display Server,Scanout DS
⚙️,operating-systems,Operating Systems,🖥️,display-server,Display Server,Page Flip DS
⚙️,operating-systems,Operating Systems,🖥️,display-server,Display Server,VSync Control DS
⚙️,operating-systems,Operating Systems,🖥️,display-server,Display Server,Gamma LUT DS
⚙️,operating-systems,Operating Systems,🖥️,display-server,Display Server,Cursor Plane DS
⚙️,operating-systems,Operating Systems,🖥️,display-server,Display Server,Overlay Plane DS
⚙️,operating-systems,Operating Systems,🖥️,display-server,Display Server,Compositor DS
⚙️,operating-systems,Operating Systems,📡,system-bus,System Bus,PCI Config Space
⚙️,operating-systems,Operating Systems,📡,system-bus,System Bus,PCIe Cap Struct
⚙️,operating-systems,Operating Systems,📡,system-bus,System Bus,PCI MSI SB
⚙️,operating-systems,Operating Systems,📡,system-bus,System Bus,PCIe MSI X SB
⚙️,operating-systems,Operating Systems,📡,system-bus,System Bus,PCI Bus Probe
⚙️,operating-systems,Operating Systems,📡,system-bus,System Bus,PCI BAR Space
⚙️,operating-systems,Operating Systems,📡,system-bus,System Bus,PCI IO Space
⚙️,operating-systems,Operating Systems,📡,system-bus,System Bus,PCI Mem Space
⚙️,operating-systems,Operating Systems,📡,system-bus,System Bus,PCI Bus Enum
⚙️,operating-systems,Operating Systems,📡,system-bus,System Bus,PCIe Hotplug SB
⚙️,operating-systems,Operating Systems,📡,system-bus,System Bus,PCIe AER SB
⚙️,operating-systems,Operating Systems,📡,system-bus,System Bus,PCIe DPC SB
⚙️,operating-systems,Operating Systems,📡,system-bus,System Bus,PCIe PTM SB
⚙️,operating-systems,Operating Systems,📡,system-bus,System Bus,ACPI Bus
⚙️,operating-systems,Operating Systems,📡,system-bus,System Bus,ACPI Device SB
⚙️,operating-systems,Operating Systems,📡,system-bus,System Bus,ACPI Power Res
⚙️,operating-systems,Operating Systems,📡,system-bus,System Bus,ACPI Interrupt SB
⚙️,operating-systems,Operating Systems,📡,system-bus,System Bus,Platform Bus SB
⚙️,operating-systems,Operating Systems,📡,system-bus,System Bus,I2C Bus SB
⚙️,operating-systems,Operating Systems,📡,system-bus,System Bus,SPI Bus SB
⚙️,operating-systems,Operating Systems,📡,system-bus,System Bus,USB Bus SB
⚙️,operating-systems,Operating Systems,📡,system-bus,System Bus,USB Device Enum
⚙️,operating-systems,Operating Systems,📡,system-bus,System Bus,USB Transfer SB
⚙️,operating-systems,Operating Systems,📡,system-bus,System Bus,MMIO Bus SB
⚙️,operating-systems,Operating Systems,📡,system-bus,System Bus,IO Port Bus SB
⚙️,operating-systems,Operating Systems,📡,system-bus,System Bus,ISA Bus SB
⚙️,operating-systems,Operating Systems,📡,system-bus,System Bus,EISA Bus SB
⚙️,operating-systems,Operating Systems,📡,system-bus,System Bus,MCA Bus SB
⚙️,operating-systems,Operating Systems,📡,system-bus,System Bus,SB Bus Driver
⚙️,operating-systems,Operating Systems,📡,system-bus,System Bus,Bus Probe Order
⚙️,operating-systems,Operating Systems,🔍,kernel-debugger,Kernel Debugger,KGDB Stub
⚙️,operating-systems,Operating Systems,🔍,kernel-debugger,Kernel Debugger,KDB Shell
⚙️,operating-systems,Operating Systems,🔍,kernel-debugger,Kernel Debugger,KDB Breakpoint
⚙️,operating-systems,Operating Systems,🔍,kernel-debugger,Kernel Debugger,KDB Step KD
⚙️,operating-systems,Operating Systems,🔍,kernel-debugger,Kernel Debugger,KDB Regs KD
⚙️,operating-systems,Operating Systems,🔍,kernel-debugger,Kernel Debugger,KDB Memory KD
⚙️,operating-systems,Operating Systems,🔍,kernel-debugger,Kernel Debugger,KDB Dmesg KD
⚙️,operating-systems,Operating Systems,🔍,kernel-debugger,Kernel Debugger,KDB Tasks KD
⚙️,operating-systems,Operating Systems,🔍,kernel-debugger,Kernel Debugger,KDB Mods KD
⚙️,operating-systems,Operating Systems,🔍,kernel-debugger,Kernel Debugger,KDB Grep KD
⚙️,operating-systems,Operating Systems,🔍,kernel-debugger,Kernel Debugger,KDB Python KD
⚙️,operating-systems,Operating Systems,🔍,kernel-debugger,Kernel Debugger,sysrq Trigger KD
⚙️,operating-systems,Operating Systems,🔍,kernel-debugger,Kernel Debugger,Magic SysRq KD
⚙️,operating-systems,Operating Systems,🔍,kernel-debugger,Kernel Debugger,SysRq Reboot
⚙️,operating-systems,Operating Systems,🔍,kernel-debugger,Kernel Debugger,SysRq Sync KD
⚙️,operating-systems,Operating Systems,🔍,kernel-debugger,Kernel Debugger,SysRq Unmount
⚙️,operating-systems,Operating Systems,🔍,kernel-debugger,Kernel Debugger,SysRq Crash KD
⚙️,operating-systems,Operating Systems,🔍,kernel-debugger,Kernel Debugger,SysRq Term KD
⚙️,operating-systems,Operating Systems,🔍,kernel-debugger,Kernel Debugger,SysRq Kill KD
⚙️,operating-systems,Operating Systems,🔍,kernel-debugger,Kernel Debugger,SysRq Show Mem
⚙️,operating-systems,Operating Systems,🔍,kernel-debugger,Kernel Debugger,SysRq Show Tasks
⚙️,operating-systems,Operating Systems,🔍,kernel-debugger,Kernel Debugger,SysRq Show Locks
⚙️,operating-systems,Operating Systems,🔍,kernel-debugger,Kernel Debugger,SysRq Show Timers
⚙️,operating-systems,Operating Systems,🔍,kernel-debugger,Kernel Debugger,SysRq Show Regs
⚙️,operating-systems,Operating Systems,🔍,kernel-debugger,Kernel Debugger,SysRq Show PC
⚙️,operating-systems,Operating Systems,🔍,kernel-debugger,Kernel Debugger,SysRq Dmesg
⚙️,operating-systems,Operating Systems,🔍,kernel-debugger,Kernel Debugger,SysRq Nice
⚙️,operating-systems,Operating Systems,🔍,kernel-debugger,Kernel Debugger,SysRq Power Off
⚙️,operating-systems,Operating Systems,🔍,kernel-debugger,Kernel Debugger,SysRq SAK
⚙️,operating-systems,Operating Systems,🔍,kernel-debugger,Kernel Debugger,SysRq Trigger
⚙️,operating-systems,Operating Systems,🖧,container-runtime,Container Runtime,Namespace CR
⚙️,operating-systems,Operating Systems,🖧,container-runtime,Container Runtime,PID Namespace CR
⚙️,operating-systems,Operating Systems,🖧,container-runtime,Container Runtime,Net Namespace CR
⚙️,operating-systems,Operating Systems,🖧,container-runtime,Container Runtime,Mount Namespace CR
⚙️,operating-systems,Operating Systems,🖧,container-runtime,Container Runtime,User Namespace CR
⚙️,operating-systems,Operating Systems,🖧,container-runtime,Container Runtime,IPC Namespace CR
⚙️,operating-systems,Operating Systems,🖧,container-runtime,Container Runtime,UTS Namespace CR
⚙️,operating-systems,Operating Systems,🖧,container-runtime,Container Runtime,Cgroup CR
⚙️,operating-systems,Operating Systems,🖧,container-runtime,Container Runtime,Cgroup V2 CR
⚙️,operating-systems,Operating Systems,🖧,container-runtime,Container Runtime,Cpu Cgroup CR
⚙️,operating-systems,Operating Systems,🖧,container-runtime,Container Runtime,Memory Cgroup
⚙️,operating-systems,Operating Systems,🖧,container-runtime,Container Runtime,IO Cgroup CR
⚙️,operating-systems,Operating Systems,🖧,container-runtime,Container Runtime,Pids Cgroup CR
⚙️,operating-systems,Operating Systems,🖧,container-runtime,Container Runtime,Devices Cgroup
⚙️,operating-systems,Operating Systems,🖧,container-runtime,Container Runtime,Freezer Cgroup CR
⚙️,operating-systems,Operating Systems,🖧,container-runtime,Container Runtime,Huge Tlb Cgroup
⚙️,operating-systems,Operating Systems,🖧,container-runtime,Container Runtime,Rdma Cgroup CR
⚙️,operating-systems,Operating Systems,🖧,container-runtime,Container Runtime,Misc Cgroup CR
⚙️,operating-systems,Operating Systems,🖧,container-runtime,Container Runtime,Chroot FS CR
⚙️,operating-systems,Operating Systems,🖧,container-runtime,Container Runtime,Pivot Root CR
⚙️,operating-systems,Operating Systems,🖧,container-runtime,Container Runtime,Overlay FS CR
⚙️,operating-systems,Operating Systems,🖧,container-runtime,Container Runtime,Union Mount CR
⚙️,operating-systems,Operating Systems,🖧,container-runtime,Container Runtime,Copy On Write CR
⚙️,operating-systems,Operating Systems,🖧,container-runtime,Container Runtime,Seccomp Profile
⚙️,operating-systems,Operating Systems,🖧,container-runtime,Container Runtime,Capability Drop
⚙️,operating-systems,Operating Systems,🖧,container-runtime,Container Runtime,Rlimit Container
⚙️,operating-systems,Operating Systems,🖧,container-runtime,Container Runtime,AppArmor CR
⚙️,operating-systems,Operating Systems,🖧,container-runtime,Container Runtime,SELinux Context
⚙️,operating-systems,Operating Systems,🖧,container-runtime,Container Runtime,Container Checkpoint
⚙️,operating-systems,Operating Systems,🖧,container-runtime,Container Runtime,CRIU Clone
⚙️,operating-systems,Operating Systems,🖧,network-namespace,Network Namespace,Net NS Create NN
⚙️,operating-systems,Operating Systems,🖧,network-namespace,Network Namespace,Net NS Delete NN
⚙️,operating-systems,Operating Systems,🖧,network-namespace,Network Namespace,Net NS Exec NN
⚙️,operating-systems,Operating Systems,🖧,network-namespace,Network Namespace,Veth Pair NN
⚙️,operating-systems,Operating Systems,🖧,network-namespace,Network Namespace,Veth Create NN
⚙️,operating-systems,Operating Systems,🖧,network-namespace,Network Namespace,Bridge NN
⚙️,operating-systems,Operating Systems,🖧,network-namespace,Network Namespace,Bridge Add NN
⚙️,operating-systems,Operating Systems,🖧,network-namespace,Network Namespace,Bridge FDB NN
⚙️,operating-systems,Operating Systems,🖧,network-namespace,Network Namespace,Bridge STP NN
⚙️,operating-systems,Operating Systems,🖧,network-namespace,Network Namespace,OVS Bridge NN
⚙️,operating-systems,Operating Systems,🖧,network-namespace,Network Namespace,OVS Port NN
⚙️,operating-systems,Operating Systems,🖧,network-namespace,Network Namespace,OVS Flow NN
⚙️,operating-systems,Operating Systems,🖧,network-namespace,Network Namespace,Iptables Net NS
⚙️,operating-systems,Operating Systems,🖧,network-namespace,Network Namespace,Nftables Net NS
⚙️,operating-systems,Operating Systems,🖧,network-namespace,Network Namespace,Routing Table NS
⚙️,operating-systems,Operating Systems,🖧,network-namespace,Network Namespace,Default Route NS
⚙️,operating-systems,Operating Systems,🖧,network-namespace,Network Namespace,Policy Route NS
⚙️,operating-systems,Operating Systems,🖧,network-namespace,Network Namespace,IP Rule NS
⚙️,operating-systems,Operating Systems,🖧,network-namespace,Network Namespace,MAC VLAN NN
⚙️,operating-systems,Operating Systems,🖧,network-namespace,Network Namespace,IP VLAN NN
⚙️,operating-systems,Operating Systems,🖧,network-namespace,Network Namespace,VXLAN NN
⚙️,operating-systems,Operating Systems,🖧,network-namespace,Network Namespace,Geneve Tunnel NN
⚙️,operating-systems,Operating Systems,🖧,network-namespace,Network Namespace,GRE Tunnel NN
⚙️,operating-systems,Operating Systems,🖧,network-namespace,Network Namespace,WireGuard NS
⚙️,operating-systems,Operating Systems,🖧,network-namespace,Network Namespace,Bandwidth Limit
⚙️,operating-systems,Operating Systems,🖧,network-namespace,Network Namespace,TC Net NS
⚙️,operating-systems,Operating Systems,🖧,network-namespace,Network Namespace,HTB Qdisc NS
⚙️,operating-systems,Operating Systems,🖧,network-namespace,Network Namespace,Net Em Qdisc NS
⚙️,operating-systems,Operating Systems,🖧,network-namespace,Network Namespace,Ingress Qdisc NS
⚙️,operating-systems,Operating Systems,🖧,network-namespace,Network Namespace,Net NS Monitor
🔤,programming-languages,Programming Languages,⚙️,compiler,Compiler,Tiny C Compiler
🔤,programming-languages,Programming Languages,⚙️,compiler,Compiler,Minimal Rust Compiler
🔤,programming-languages,Programming Languages,⚙️,compiler,Compiler,JavaScript Compiler
🔤,programming-languages,Programming Languages,⚙️,compiler,Compiler,TypeScript Compiler
🔤,programming-languages,Programming Languages,⚙️,compiler,Compiler,Python Compiler
🔤,programming-languages,Programming Languages,⚙️,compiler,Compiler,Go Compiler
🔤,programming-languages,Programming Languages,⚙️,compiler,Compiler,Haskell Compiler
🔤,programming-languages,Programming Languages,⚙️,compiler,Compiler,Scheme Compiler
🔤,programming-languages,Programming Languages,⚙️,compiler,Compiler,Lisp Compiler
🔤,programming-languages,Programming Languages,⚙️,compiler,Compiler,Java Compiler Clone
🔤,programming-languages,Programming Languages,⚙️,compiler,Compiler,Kotlin Compiler
🔤,programming-languages,Programming Languages,⚙️,compiler,Compiler,Swift Compiler
🔤,programming-languages,Programming Languages,⚙️,compiler,Compiler,WebAssembly Compiler
🔤,programming-languages,Programming Languages,⚙️,compiler,Compiler,LLVM Frontend
🔤,programming-languages,Programming Languages,⚙️,compiler,Compiler,Source to Source
🔤,programming-languages,Programming Languages,⚙️,compiler,Compiler,Transpiler Tool
🔤,programming-languages,Programming Languages,⚙️,compiler,Compiler,Ahead of Time Compiler
🔤,programming-languages,Programming Languages,⚙️,compiler,Compiler,Just in Time Compiler
🔤,programming-languages,Programming Languages,⚙️,compiler,Compiler,Bytecode Compiler
🔤,programming-languages,Programming Languages,⚙️,compiler,Compiler,Native Compiler
🔤,programming-languages,Programming Languages,⚙️,compiler,Compiler,Cross Compiler
🔤,programming-languages,Programming Languages,⚙️,compiler,Compiler,Bootstrapping Compiler
🔤,programming-languages,Programming Languages,⚙️,compiler,Compiler,Self Hosting Compiler
🔤,programming-languages,Programming Languages,⚙️,compiler,Compiler,Tiny BASIC Compiler
🔤,programming-languages,Programming Languages,⚙️,compiler,Compiler,Forth Compiler
🔤,programming-languages,Programming Languages,⚙️,compiler,Compiler,ML Compiler
🔤,programming-languages,Programming Languages,⚙️,compiler,Compiler,Prolog Compiler
🔤,programming-languages,Programming Languages,⚙️,compiler,Compiler,SQL Compiler
🔤,programming-languages,Programming Languages,⚙️,compiler,Compiler,Regex Compiler
🔤,programming-languages,Programming Languages,⚙️,compiler,Compiler,Template Compiler
🔤,programming-languages,Programming Languages,🔍,interpreter,Interpreter,Tree Walk Interpreter
🔤,programming-languages,Programming Languages,🔍,interpreter,Interpreter,Bytecode Interpreter
🔤,programming-languages,Programming Languages,🔍,interpreter,Interpreter,Stack Based VM
🔤,programming-languages,Programming Languages,🔍,interpreter,Interpreter,Register Based VM
🔤,programming-languages,Programming Languages,🔍,interpreter,Interpreter,Lisp Interpreter
🔤,programming-languages,Programming Languages,🔍,interpreter,Interpreter,Scheme Interpreter
🔤,programming-languages,Programming Languages,🔍,interpreter,Interpreter,Python Interpreter
🔤,programming-languages,Programming Languages,🔍,interpreter,Interpreter,Ruby Interpreter
🔤,programming-languages,Programming Languages,🔍,interpreter,Interpreter,PHP Interpreter
🔤,programming-languages,Programming Languages,🔍,interpreter,Interpreter,Tcl Interpreter
🔤,programming-languages,Programming Languages,🔍,interpreter,Interpreter,Julia Interpreter
🔤,programming-languages,Programming Languages,🔍,interpreter,Interpreter,Lua Interpreter
🔤,programming-languages,Programming Languages,🔍,interpreter,Interpreter,ML Interpreter
🔤,programming-languages,Programming Languages,🔍,interpreter,Interpreter,Lambda Calculus
🔤,programming-languages,Programming Languages,🔍,interpreter,Interpreter,Combinator Interpreter
🔤,programming-languages,Programming Languages,🔍,interpreter,Interpreter,Prolog Interpreter
🔤,programming-languages,Programming Languages,🔍,interpreter,Interpreter,Smalltalk Interpreter
🔤,programming-languages,Programming Languages,🔍,interpreter,Interpreter,Forth Interpreter
🔤,programming-languages,Programming Languages,🔍,interpreter,Interpreter,Logo Interpreter
🔤,programming-languages,Programming Languages,🔍,interpreter,Interpreter,Basic Interpreter
🔤,programming-languages,Programming Languages,🔍,interpreter,Interpreter,SQL Interpreter
🔤,programming-languages,Programming Languages,🔍,interpreter,Interpreter,Math Expression Eval
🔤,programming-languages,Programming Languages,🔍,interpreter,Interpreter,Config Language Parser
🔤,programming-languages,Programming Languages,🔍,interpreter,Interpreter,DSL Interpreter
🔤,programming-languages,Programming Languages,🔍,interpreter,Interpreter,Template Interpreter
🔤,programming-languages,Programming Languages,🔍,interpreter,Interpreter,CSP Interpreter
🔤,programming-languages,Programming Languages,🔍,interpreter,Interpreter,Actor Model Runner
🔤,programming-languages,Programming Languages,🔍,interpreter,Interpreter,Logic Engine
🔤,programming-languages,Programming Languages,🔍,interpreter,Interpreter,Constraint Solver
🔤,programming-languages,Programming Languages,🔍,interpreter,Interpreter,Proof Assistant
🔤,programming-languages,Programming Languages,📖,parser,Parser,Recursive Descent Parser
🔤,programming-languages,Programming Languages,📖,parser,Parser,LL Parser
🔤,programming-languages,Programming Languages,📖,parser,Parser,LR Parser
🔤,programming-languages,Programming Languages,📖,parser,Parser,LALR Parser
🔤,programming-languages,Programming Languages,📖,parser,Parser,GLR Parser
🔤,programming-languages,Programming Languages,📖,parser,Parser,Packrat Parser
🔤,programming-languages,Programming Languages,📖,parser,Parser,Parser Combinator
🔤,programming-languages,Programming Languages,📖,parser,Parser,Top Down Parser
🔤,programming-languages,Programming Languages,📖,parser,Parser,Bottom Up Parser
🔤,programming-languages,Programming Languages,📖,parser,Parser,Pratt Parser
🔤,programming-languages,Programming Languages,📖,parser,Parser,Operator Precedence
🔤,programming-languages,Programming Languages,📖,parser,Parser,Shunting Yard
🔤,programming-languages,Programming Languages,📖,parser,Parser,Infix to Postfix
🔤,programming-languages,Programming Languages,📖,parser,Parser,JSON Parser
🔤,programming-languages,Programming Languages,📖,parser,Parser,XML Parser
🔤,programming-languages,Programming Languages,📖,parser,Parser,YAML Parser
🔤,programming-languages,Programming Languages,📖,parser,Parser,TOML Parser
🔤,programming-languages,Programming Languages,📖,parser,Parser,INI Parser
🔤,programming-languages,Programming Languages,📖,parser,Parser,CSV Parser
🔤,programming-languages,Programming Languages,📖,parser,Parser,Markdown Parser
🔤,programming-languages,Programming Languages,📖,parser,Parser,HTML Parser
🔤,programming-languages,Programming Languages,📖,parser,Parser,CSS Parser
🔤,programming-languages,Programming Languages,📖,parser,Parser,SQL Parser
🔤,programming-languages,Programming Languages,📖,parser,Parser,Regex Parser
🔤,programming-languages,Programming Languages,📖,parser,Parser,Glob Parser
🔤,programming-languages,Programming Languages,📖,parser,Parser,URL Parser
🔤,programming-languages,Programming Languages,📖,parser,Parser,Query String Parser
🔤,programming-languages,Programming Languages,📖,parser,Parser,HTTP Parser
🔤,programming-languages,Programming Languages,📖,parser,Parser,Cookie Parser
🔤,programming-languages,Programming Languages,📖,parser,Parser,Math Parser
🔤,programming-languages,Programming Languages,🧹,lexer-tokenizer,Lexer & Tokenizer,Regex Lexer
🔤,programming-languages,Programming Languages,🧹,lexer-tokenizer,Lexer & Tokenizer,Handwritten Lexer
🔤,programming-languages,Programming Languages,🧹,lexer-tokenizer,Lexer & Tokenizer,DFA Based Lexer
🔤,programming-languages,Programming Languages,🧹,lexer-tokenizer,Lexer & Tokenizer,NFA Simulator
🔤,programming-languages,Programming Languages,🧹,lexer-tokenizer,Lexer & Tokenizer,Lexer Generator
🔤,programming-languages,Programming Languages,🧹,lexer-tokenizer,Lexer & Tokenizer,Token Streamer
🔤,programming-languages,Programming Languages,🧹,lexer-tokenizer,Lexer & Tokenizer,String Tokenizer
🔤,programming-languages,Programming Languages,🧹,lexer-tokenizer,Lexer & Tokenizer,Whitespace Splitter
🔤,programming-languages,Programming Languages,🧹,lexer-tokenizer,Lexer & Tokenizer,Comment Stripper
🔤,programming-languages,Programming Languages,🧹,lexer-tokenizer,Lexer & Tokenizer,String Escaper
🔤,programming-languages,Programming Languages,🧹,lexer-tokenizer,Lexer & Tokenizer,Unicode Normalizer
🔤,programming-languages,Programming Languages,🧹,lexer-tokenizer,Lexer & Tokenizer,Byte Order Marker
🔤,programming-languages,Programming Languages,🧹,lexer-tokenizer,Lexer & Tokenizer,Source Code Scanner
🔤,programming-languages,Programming Languages,🧹,lexer-tokenizer,Lexer & Tokenizer,Keyword Matcher
🔤,programming-languages,Programming Languages,🧹,lexer-tokenizer,Lexer & Tokenizer,Operator Matcher
🔤,programming-languages,Programming Languages,🧹,lexer-tokenizer,Lexer & Tokenizer,Delimiter Matcher
🔤,programming-languages,Programming Languages,🧹,lexer-tokenizer,Lexer & Tokenizer,Literal Parser
🔤,programming-languages,Programming Languages,🧹,lexer-tokenizer,Lexer & Tokenizer,Number Parser
🔤,programming-languages,Programming Languages,🧹,lexer-tokenizer,Lexer & Tokenizer,String Parser
🔤,programming-languages,Programming Languages,🧹,lexer-tokenizer,Lexer & Tokenizer,Identifier Parser
🔤,programming-languages,Programming Languages,🧹,lexer-tokenizer,Lexer & Tokenizer,Regex Tokenizer
🔤,programming-languages,Programming Languages,🧹,lexer-tokenizer,Lexer & Tokenizer,Glob Tokenizer
🔤,programming-languages,Programming Languages,🧹,lexer-tokenizer,Lexer & Tokenizer,HTML Tokenizer
🔤,programming-languages,Programming Languages,🧹,lexer-tokenizer,Lexer & Tokenizer,CSS Tokenizer
🔤,programming-languages,Programming Languages,🧹,lexer-tokenizer,Lexer & Tokenizer,JS Tokenizer
🔤,programming-languages,Programming Languages,🧹,lexer-tokenizer,Lexer & Tokenizer,JSON Tokenizer
🔤,programming-languages,Programming Languages,🧹,lexer-tokenizer,Lexer & Tokenizer,SQL Tokenizer
🔤,programming-languages,Programming Languages,🧹,lexer-tokenizer,Lexer & Tokenizer,URL Tokenizer
🔤,programming-languages,Programming Languages,🧹,lexer-tokenizer,Lexer & Tokenizer,Escaped String
🔤,programming-languages,Programming Languages,🧹,lexer-tokenizer,Lexer & Tokenizer,Template Tokenizer
🔤,programming-languages,Programming Languages,🎨,syntax-highlighter,Syntax Highlighter,Code Highlighter
🔤,programming-languages,Programming Languages,🎨,syntax-highlighter,Syntax Highlighter,Theme Engine
🔤,programming-languages,Programming Languages,🎨,syntax-highlighter,Syntax Highlighter,Language Grammar
🔤,programming-languages,Programming Languages,🎨,syntax-highlighter,Syntax Highlighter,Semantic Tokens
🔤,programming-languages,Programming Languages,🎨,syntax-highlighter,Syntax Highlighter,Tree Sitter Query
🔤,programming-languages,Programming Languages,🎨,syntax-highlighter,Syntax Highlighter,Highlight CLI
🔤,programming-languages,Programming Languages,🎨,syntax-highlighter,Syntax Highlighter,Web Highlighter
🔤,programming-languages,Programming Languages,🎨,syntax-highlighter,Syntax Highlighter,Editor Plugin
🔤,programming-languages,Programming Languages,🎨,syntax-highlighter,Syntax Highlighter,Color Scheme
🔤,programming-languages,Programming Languages,🎨,syntax-highlighter,Syntax Highlighter,Dark Theme
🔤,programming-languages,Programming Languages,🎨,syntax-highlighter,Syntax Highlighter,Light Theme
🔤,programming-languages,Programming Languages,🎨,syntax-highlighter,Syntax Highlighter,Contrast Analyzer
🔤,programming-languages,Programming Languages,🎨,syntax-highlighter,Syntax Highlighter,Scope Matcher
🔤,programming-languages,Programming Languages,🎨,syntax-highlighter,Syntax Highlighter,Line Highlighter
🔤,programming-languages,Programming Languages,🎨,syntax-highlighter,Syntax Highlighter,Diff Highlighter
🔤,programming-languages,Programming Languages,🎨,syntax-highlighter,Syntax Highlighter,Injection Grammar
🔤,programming-languages,Programming Languages,🎨,syntax-highlighter,Syntax Highlighter,Nested Language
🔤,programming-languages,Programming Languages,🎨,syntax-highlighter,Syntax Highlighter,Multi Cursor Highlight
🔤,programming-languages,Programming Languages,🎨,syntax-highlighter,Syntax Highlighter,Bracket Matcher
🔤,programming-languages,Programming Languages,🎨,syntax-highlighter,Syntax Highlighter,Pair Colorizer
🔤,programming-languages,Programming Languages,🎨,syntax-highlighter,Syntax Highlighter,Rainbow Indent
🔤,programming-languages,Programming Languages,🎨,syntax-highlighter,Syntax Highlighter,Minimap
🔤,programming-languages,Programming Languages,🎨,syntax-highlighter,Syntax Highlighter,Line Number Gutter
🔤,programming-languages,Programming Languages,🎨,syntax-highlighter,Syntax Highlighter,Active Line Highlight
🔤,programming-languages,Programming Languages,🎨,syntax-highlighter,Syntax Highlighter,Selection Highlight
🔤,programming-languages,Programming Languages,🎨,syntax-highlighter,Syntax Highlighter,Search Match Highlight
🔤,programming-languages,Programming Languages,🎨,syntax-highlighter,Syntax Highlighter,Error Highlight
🔤,programming-languages,Programming Languages,🎨,syntax-highlighter,Syntax Highlighter,Warning Highlight
🔤,programming-languages,Programming Languages,🎨,syntax-highlighter,Syntax Highlighter,Info Highlight
🔤,programming-languages,Programming Languages,🎨,syntax-highlighter,Syntax Highlighter,Deprecated Highlight
🔤,programming-languages,Programming Languages,🔍,type-system,Type System,Hindley Milner
🔤,programming-languages,Programming Languages,🔍,type-system,Type System,Damas Milner
🔤,programming-languages,Programming Languages,🔍,type-system,Type System,Bidirectional Check
🔤,programming-languages,Programming Languages,🔍,type-system,Type System,Type Inference Engine
🔤,programming-languages,Programming Languages,🔍,type-system,Type System,Unification Algorithm
🔤,programming-languages,Programming Languages,🔍,type-system,Type System,Subtype Checker
🔤,programming-languages,Programming Languages,🔍,type-system,Type System,Row Polymorphism
🔤,programming-languages,Programming Languages,🔍,type-system,Type System,Structural Typing
🔤,programming-languages,Programming Languages,🔍,type-system,Type System,Nominal Typing
🔤,programming-languages,Programming Languages,🔍,type-system,Type System,Duck Typing
🔤,programming-languages,Programming Languages,🔍,type-system,Type System,Gradual Typing
🔤,programming-languages,Programming Languages,🔍,type-system,Type System,Dependent Types
🔤,programming-languages,Programming Languages,🔍,type-system,Type System,Refinement Types
🔤,programming-languages,Programming Languages,🔍,type-system,Type System,Intersection Types
🔤,programming-languages,Programming Languages,🔍,type-system,Type System,Union Types
🔤,programming-languages,Programming Languages,🔍,type-system,Type System,Generic Inference
🔤,programming-languages,Programming Languages,🔍,type-system,Type System,Type Constructor
🔤,programming-languages,Programming Languages,🔍,type-system,Type System,Kind System
🔤,programming-languages,Programming Languages,🔍,type-system,Type System,Type Class Resolver
🔤,programming-languages,Programming Languages,🔍,type-system,Type System,Trait Resolver
🔤,programming-languages,Programming Languages,🔍,type-system,Type System,Implied Bounds
🔤,programming-languages,Programming Languages,🔍,type-system,Type System,Covariance Checker
🔤,programming-languages,Programming Languages,🔍,type-system,Type System,Contravariance Check
🔤,programming-languages,Programming Languages,🔍,type-system,Type System,Invariance Check
🔤,programming-languages,Programming Languages,🔍,type-system,Type System,Variance Annotation
🔤,programming-languages,Programming Languages,🔍,type-system,Type System,Type Alias
🔤,programming-languages,Programming Languages,🔍,type-system,Type System,Associated Type
🔤,programming-languages,Programming Languages,🔍,type-system,Type System,Existential Type
🔤,programming-languages,Programming Languages,🔍,type-system,Type System,Quantified Type
🔤,programming-languages,Programming Languages,🔍,type-system,Type System,Lifetime Checker
🔤,programming-languages,Programming Languages,🧪,formal-verification,Formal Verification,Theorem Prover
🔤,programming-languages,Programming Languages,🧪,formal-verification,Formal Verification,SMT Solver
🔤,programming-languages,Programming Languages,🧪,formal-verification,Formal Verification,SAT Solver
🔤,programming-languages,Programming Languages,🧪,formal-verification,Formal Verification,DPLL Algorithm
🔤,programming-languages,Programming Languages,🧪,formal-verification,Formal Verification,CDCL Solver
🔤,programming-languages,Programming Languages,🧪,formal-verification,Formal Verification,Model Checker
🔤,programming-languages,Programming Languages,🧪,formal-verification,Formal Verification,Abstract Interpreter
🔤,programming-languages,Programming Languages,🧪,formal-verification,Formal Verification,Symbolic Executor
🔤,programming-languages,Programming Languages,🧪,formal-verification,Formal Verification,Concolic Tester
🔤,programming-languages,Programming Languages,🧪,formal-verification,Formal Verification,TLA Plus Model
🔤,programming-languages,Programming Languages,🧪,formal-verification,Formal Verification,Coq Proof Assistant
🔤,programming-languages,Programming Languages,🧪,formal-verification,Formal Verification,Lean Theorem Prover
🔤,programming-languages,Programming Languages,🧪,formal-verification,Formal Verification,Isabelle Proof
🔤,programming-languages,Programming Languages,🧪,formal-verification,Formal Verification,HOL Theorem Prover
🔤,programming-languages,Programming Languages,🧪,formal-verification,Formal Verification,Type Checker Formal
🔤,programming-languages,Programming Languages,🧪,formal-verification,Formal Verification,Hoare Logic
🔤,programming-languages,Programming Languages,🧪,formal-verification,Formal Verification,Separation Logic
🔤,programming-languages,Programming Languages,🧪,formal-verification,Formal Verification,Predicate Transformer
🔤,programming-languages,Programming Languages,🧪,formal-verification,Formal Verification,Weakest Precondition
🔤,programming-languages,Programming Languages,🧪,formal-verification,Formal Verification,Loop Invariant
🔤,programming-languages,Programming Languages,🧪,formal-verification,Formal Verification,Contract Checker
🔤,programming-languages,Programming Languages,🧪,formal-verification,Formal Verification,LTL Model Checker
🔤,programming-languages,Programming Languages,🧪,formal-verification,Formal Verification,CTL Model Checker
🔤,programming-languages,Programming Languages,🧪,formal-verification,Formal Verification,Temporal Logic
🔤,programming-languages,Programming Languages,🧪,formal-verification,Formal Verification,Termination Checker
🔤,programming-languages,Programming Languages,🧪,formal-verification,Formal Verification,Well Founded Order
🔤,programming-languages,Programming Languages,🧪,formal-verification,Formal Verification,Algebraic Datatype
🔤,programming-languages,Programming Languages,🧪,formal-verification,Formal Verification,Pattern Match Check
🔤,programming-languages,Programming Languages,🧪,formal-verification,Formal Verification,Totality Checker
🔤,programming-languages,Programming Languages,🧪,formal-verification,Formal Verification,Term Rewriting
🔤,programming-languages,Programming Languages,📊,static-analysis,Static Analysis,Linter Engine
🔤,programming-languages,Programming Languages,📊,static-analysis,Static Analysis,Control Flow Graph
🔤,programming-languages,Programming Languages,📊,static-analysis,Static Analysis,Data Flow Analysis
🔤,programming-languages,Programming Languages,📊,static-analysis,Static Analysis,Reaching Definition
🔤,programming-languages,Programming Languages,📊,static-analysis,Static Analysis,Live Variable Analysis
🔤,programming-languages,Programming Languages,📊,static-analysis,Static Analysis,Available Expression
🔤,programming-languages,Programming Languages,📊,static-analysis,Static Analysis,Constant Propagation
🔤,programming-languages,Programming Languages,📊,static-analysis,Static Analysis,Copy Propagation
🔤,programming-languages,Programming Languages,📊,static-analysis,Static Analysis,Dead Code Detector
🔤,programming-languages,Programming Languages,📊,static-analysis,Static Analysis,Unreachable Code
🔤,programming-languages,Programming Languages,📊,static-analysis,Static Analysis,Null Safety Checker
🔤,programming-languages,Programming Languages,📊,static-analysis,Static Analysis,Bound Checker
🔤,programming-languages,Programming Languages,📊,static-analysis,Static Analysis,Array Access Safe
🔤,programming-languages,Programming Languages,📊,static-analysis,Static Analysis,Thread Safety Check
🔤,programming-languages,Programming Languages,📊,static-analysis,Static Analysis,Race Detector
🔤,programming-languages,Programming Languages,📊,static-analysis,Static Analysis,Deadlock Detector
🔤,programming-languages,Programming Languages,📊,static-analysis,Static Analysis,API Misuse Detector
🔤,programming-languages,Programming Languages,📊,static-analysis,Static Analysis,Security Linter
🔤,programming-languages,Programming Languages,📊,static-analysis,Static Analysis,SQL Injection Check
🔤,programming-languages,Programming Languages,📊,static-analysis,Static Analysis,XSS Detector
🔤,programming-languages,Programming Languages,📊,static-analysis,Static Analysis,Command Injection
🔤,programming-languages,Programming Languages,📊,static-analysis,Static Analysis,Path Traversal Check
🔤,programming-languages,Programming Languages,📊,static-analysis,Static Analysis,Memory Leak Detector
🔤,programming-languages,Programming Languages,📊,static-analysis,Static Analysis,Resource Leak Check
🔤,programming-languages,Programming Languages,📊,static-analysis,Static Analysis,Clone Detector
🔤,programming-languages,Programming Languages,📊,static-analysis,Static Analysis,Cyclomatic Check
🔤,programming-languages,Programming Languages,📊,static-analysis,Static Analysis,Complexity Analyzer
🔤,programming-languages,Programming Languages,📊,static-analysis,Static Analysis,Code Smell Finder
🔤,programming-languages,Programming Languages,📊,static-analysis,Static Analysis,Architecture Linter
🔤,programming-languages,Programming Languages,📊,static-analysis,Static Analysis,Dependency Graph
🔤,programming-languages,Programming Languages,🧩,language-server,Language Server,LSP Server
🔤,programming-languages,Programming Languages,🧩,language-server,Language Server,Completion Provider
🔤,programming-languages,Programming Languages,🧩,language-server,Language Server,Hover Provider
🔤,programming-languages,Programming Languages,🧩,language-server,Language Server,Go To Definition
🔤,programming-languages,Programming Languages,🧩,language-server,Language Server,Find References
🔤,programming-languages,Programming Languages,🧩,language-server,Language Server,Rename Provider
🔤,programming-languages,Programming Languages,🧩,language-server,Language Server,Diagnostic Reporter
🔤,programming-languages,Programming Languages,🧩,language-server,Language Server,Code Action
🔤,programming-languages,Programming Languages,🧩,language-server,Language Server,Quick Fix
🔤,programming-languages,Programming Languages,🧩,language-server,Language Server,Refactoring Tool
🔤,programming-languages,Programming Languages,🧩,language-server,Language Server,Extract Function
🔤,programming-languages,Programming Languages,🧩,language-server,Language Server,Inline Variable
🔤,programming-languages,Programming Languages,🧩,language-server,Language Server,Rename Symbol
🔤,programming-languages,Programming Languages,🧩,language-server,Language Server,Organize Imports
🔤,programming-languages,Programming Languages,🧩,language-server,Language Server,Auto Import
🔤,programming-languages,Programming Languages,🧩,language-server,Language Server,Format Provider
🔤,programming-languages,Programming Languages,🧩,language-server,Language Server,Folding Provider
🔤,programming-languages,Programming Languages,🧩,language-server,Language Server,Highlight Provider
🔤,programming-languages,Programming Languages,🧩,language-server,Language Server,Symbol Provider
🔤,programming-languages,Programming Languages,🧩,language-server,Language Server,Document Link
🔤,programming-languages,Programming Languages,🧩,language-server,Language Server,Color Provider
🔤,programming-languages,Programming Languages,🧩,language-server,Language Server,Call Hierarchy
🔤,programming-languages,Programming Languages,🧩,language-server,Language Server,Type Hierarchy
🔤,programming-languages,Programming Languages,🧩,language-server,Language Server,Inlay Hints
🔤,programming-languages,Programming Languages,🧩,language-server,Language Server,Parameter Hints
🔤,programming-languages,Programming Languages,🧩,language-server,Language Server,Signature Help
🔤,programming-languages,Programming Languages,🧩,language-server,Language Server,Semantic Tokens LSP
🔤,programming-languages,Programming Languages,🧩,language-server,Language Server,Document Sync
🔤,programming-languages,Programming Languages,🧩,language-server,Language Server,Workspace Symbol
🔤,programming-languages,Programming Languages,🧩,language-server,Language Server,File Watcher
🔤,programming-languages,Programming Languages,🧬,domain-specific-language,Domain Specific Language,SQL Dialect
🔤,programming-languages,Programming Languages,🧬,domain-specific-language,Domain Specific Language,GraphQL Schema
🔤,programming-languages,Programming Languages,🧬,domain-specific-language,Domain Specific Language,Regex Language
🔤,programming-languages,Programming Languages,🧬,domain-specific-language,Domain Specific Language,Glob Language
🔤,programming-languages,Programming Languages,🧬,domain-specific-language,Domain Specific Language,CSS Preprocessor
🔤,programming-languages,Programming Languages,🧬,domain-specific-language,Domain Specific Language,HTML Template
🔤,programming-languages,Programming Languages,🧬,domain-specific-language,Domain Specific Language,Markdown Extension
🔤,programming-languages,Programming Languages,🧬,domain-specific-language,Domain Specific Language,Latex Package
🔤,programming-languages,Programming Languages,🧬,domain-specific-language,Domain Specific Language,Math Notation
🔤,programming-languages,Programming Languages,🧬,domain-specific-language,Domain Specific Language,Music Notation
🔤,programming-languages,Programming Languages,🧬,domain-specific-language,Domain Specific Language,Chart Language
🔤,programming-languages,Programming Languages,🧬,domain-specific-language,Domain Specific Language,Flow Chart DSL
🔤,programming-languages,Programming Languages,🧬,domain-specific-language,Domain Specific Language,State Machine DSL
🔤,programming-languages,Programming Languages,🧬,domain-specific-language,Domain Specific Language,Animation DSL
🔤,programming-languages,Programming Languages,🧬,domain-specific-language,Domain Specific Language,UI Description
🔤,programming-languages,Programming Languages,🧬,domain-specific-language,Domain Specific Language,Form Description
🔤,programming-languages,Programming Languages,🧬,domain-specific-language,Domain Specific Language,Validation Rule
🔤,programming-languages,Programming Languages,🧬,domain-specific-language,Domain Specific Language,Business Rule
🔤,programming-languages,Programming Languages,🧬,domain-specific-language,Domain Specific Language,Workflow Language
🔤,programming-languages,Programming Languages,🧬,domain-specific-language,Domain Specific Language,Pipeline Language
🔤,programming-languages,Programming Languages,🧬,domain-specific-language,Domain Specific Language,Build Language
🔤,programming-languages,Programming Languages,🧬,domain-specific-language,Domain Specific Language,Config Language
🔤,programming-languages,Programming Languages,🧬,domain-specific-language,Domain Specific Language,Feature Flag DSL
🔤,programming-languages,Programming Languages,🧬,domain-specific-language,Domain Specific Language,Test Scenario DSL
🔤,programming-languages,Programming Languages,🧬,domain-specific-language,Domain Specific Language,Mock Definition
🔤,programming-languages,Programming Languages,🧬,domain-specific-language,Domain Specific Language,Stub Language
🔤,programming-languages,Programming Languages,🧬,domain-specific-language,Domain Specific Language,Contract Language
🔤,programming-languages,Programming Languages,🧬,domain-specific-language,Domain Specific Language,Migration DSL
🔤,programming-languages,Programming Languages,🧬,domain-specific-language,Domain Specific Language,Seed Language
🔤,programming-languages,Programming Languages,🧬,domain-specific-language,Domain Specific Language,Query Language
🔤,programming-languages,Programming Languages,🧮,lambda-calculus-engine,Lambda Calculus Engine,Lambda Reducer
🔤,programming-languages,Programming Languages,🧮,lambda-calculus-engine,Lambda Calculus Engine,Beta Reduction
🔤,programming-languages,Programming Languages,🧮,lambda-calculus-engine,Lambda Calculus Engine,Alpha Conversion
🔤,programming-languages,Programming Languages,🧮,lambda-calculus-engine,Lambda Calculus Engine,Eta Conversion
🔤,programming-languages,Programming Languages,🧮,lambda-calculus-engine,Lambda Calculus Engine,Church Numeral
🔤,programming-languages,Programming Languages,🧮,lambda-calculus-engine,Lambda Calculus Engine,Boolean Logic Lambda
🔤,programming-languages,Programming Languages,🧮,lambda-calculus-engine,Lambda Calculus Engine,Pair Construction
🔤,programming-languages,Programming Languages,🧮,lambda-calculus-engine,Lambda Calculus Engine,List Encoding
🔤,programming-languages,Programming Languages,🧮,lambda-calculus-engine,Lambda Calculus Engine,Fixed Point Combinator
🔤,programming-languages,Programming Languages,🧮,lambda-calculus-engine,Lambda Calculus Engine,Y Combinator
🔤,programming-languages,Programming Languages,🧮,lambda-calculus-engine,Lambda Calculus Engine,Z Combinator
🔤,programming-languages,Programming Languages,🧮,lambda-calculus-engine,Lambda Calculus Engine,Church Encoding
🔤,programming-languages,Programming Languages,🧮,lambda-calculus-engine,Lambda Calculus Engine,Scott Encoding
🔤,programming-languages,Programming Languages,🧮,lambda-calculus-engine,Lambda Calculus Engine,De Bruijn Index
🔤,programming-languages,Programming Languages,🧮,lambda-calculus-engine,Lambda Calculus Engine,Normal Order Eval
🔤,programming-languages,Programming Languages,🧮,lambda-calculus-engine,Lambda Calculus Engine,Applicative Order
🔤,programming-languages,Programming Languages,🧮,lambda-calculus-engine,Lambda Calculus Engine,Lazy Evaluator
🔤,programming-languages,Programming Languages,🧮,lambda-calculus-engine,Lambda Calculus Engine,Strict Evaluator
🔤,programming-languages,Programming Languages,🧮,lambda-calculus-engine,Lambda Calculus Engine,Call By Name
🔤,programming-languages,Programming Languages,🧮,lambda-calculus-engine,Lambda Calculus Engine,Call By Value
🔤,programming-languages,Programming Languages,🧮,lambda-calculus-engine,Lambda Calculus Engine,Call By Need
🔤,programming-languages,Programming Languages,🧮,lambda-calculus-engine,Lambda Calculus Engine,CPS Transform
🔤,programming-languages,Programming Languages,🧮,lambda-calculus-engine,Lambda Calculus Engine,De Bruijn Level
🔤,programming-languages,Programming Languages,🧮,lambda-calculus-engine,Lambda Calculus Engine,SKI Combinator
🔤,programming-languages,Programming Languages,🧮,lambda-calculus-engine,Lambda Calculus Engine,BCKW Combinator
🔤,programming-languages,Programming Languages,🧮,lambda-calculus-engine,Lambda Calculus Engine,Lambda Lift
🔤,programming-languages,Programming Languages,🧮,lambda-calculus-engine,Lambda Calculus Engine,Super Combinator
🔤,programming-languages,Programming Languages,🧮,lambda-calculus-engine,Lambda Calculus Engine,Graph Reduction
🔤,programming-languages,Programming Languages,🧮,lambda-calculus-engine,Lambda Calculus Engine,Term Graph
🔤,programming-languages,Programming Languages,🧮,lambda-calculus-engine,Lambda Calculus Engine,Lambda Calculus REPL
🔤,programming-languages,Programming Languages,🧵,concurrency-model,Concurrency Model,Actor Model Runtime
🔤,programming-languages,Programming Languages,🧵,concurrency-model,Concurrency Model,CSP Implementation
🔤,programming-languages,Programming Languages,🧵,concurrency-model,Concurrency Model,Go Routine Pool
🔤,programming-languages,Programming Languages,🧵,concurrency-model,Concurrency Model,Erlang Process
🔤,programming-languages,Programming Languages,🧵,concurrency-model,Concurrency Model,Petri Net Sim
🔤,programming-languages,Programming Languages,🧵,concurrency-model,Concurrency Model,Thread Pool Manager
🔤,programming-languages,Programming Languages,🧵,concurrency-model,Concurrency Model,Fiber Scheduler
🔤,programming-languages,Programming Languages,🧵,concurrency-model,Concurrency Model,Coroutine Library
🔤,programming-languages,Programming Languages,🧵,concurrency-model,Concurrency Model,Async Runtime
🔤,programming-languages,Programming Languages,🧵,concurrency-model,Concurrency Model,Event Loop Engine
🔤,programming-languages,Programming Languages,🧵,concurrency-model,Concurrency Model,Reactor Pattern
🔤,programming-languages,Programming Languages,🧵,concurrency-model,Concurrency Model,Proactor Pattern
🔤,programming-languages,Programming Languages,🧵,concurrency-model,Concurrency Model,Leader Follower
🔤,programming-languages,Programming Languages,🧵,concurrency-model,Concurrency Model,Half Sync Half Async
🔤,programming-languages,Programming Languages,🧵,concurrency-model,Concurrency Model,Pipeline Pattern
🔤,programming-languages,Programming Languages,🧵,concurrency-model,Concurrency Model,Worker Queue
🔤,programming-languages,Programming Languages,🧵,concurrency-model,Concurrency Model,Thread Safe Queue
🔤,programming-languages,Programming Languages,🧵,concurrency-model,Concurrency Model,Lock Free Stack
🔤,programming-languages,Programming Languages,🧵,concurrency-model,Concurrency Model,Read Write Lock
🔤,programming-languages,Programming Languages,🧵,concurrency-model,Concurrency Model,Barrier Sync
🔤,programming-languages,Programming Languages,🧵,concurrency-model,Concurrency Model,Semaphore Manager
🔤,programming-languages,Programming Languages,🧵,concurrency-model,Concurrency Model,Mutex Implementation
🔤,programming-languages,Programming Languages,🧵,concurrency-model,Concurrency Model,Spin Lock
🔤,programming-languages,Programming Languages,🧵,concurrency-model,Concurrency Model,Futex Wrapper
🔤,programming-languages,Programming Languages,🧵,concurrency-model,Concurrency Model,CAS Operation
🔤,programming-languages,Programming Languages,🧵,concurrency-model,Concurrency Model,Memory Barrier
🔤,programming-languages,Programming Languages,🧵,concurrency-model,Concurrency Model,Fence Instruction
🔤,programming-languages,Programming Languages,🧵,concurrency-model,Concurrency Model,Atomic Operation
🔤,programming-languages,Programming Languages,🧵,concurrency-model,Concurrency Model,Transaction Memory
🔤,programming-languages,Programming Languages,🧵,concurrency-model,Concurrency Model,STM Engine
🔤,programming-languages,Programming Languages,🗑️,garbage-collector,Garbage Collector,Mark Sweep GC
🔤,programming-languages,Programming Languages,🗑️,garbage-collector,Garbage Collector,Copying Collector
🔤,programming-languages,Programming Languages,🗑️,garbage-collector,Garbage Collector,Generational GC
🔤,programming-languages,Programming Languages,🗑️,garbage-collector,Garbage Collector,Incremental GC
🔤,programming-languages,Programming Languages,🗑️,garbage-collector,Garbage Collector,Concurrent Mark
🔤,programming-languages,Programming Languages,🗑️,garbage-collector,Garbage Collector,Tri Color Mark
🔤,programming-languages,Programming Languages,🗑️,garbage-collector,Garbage Collector,Reference Counting
🔤,programming-languages,Programming Languages,🗑️,garbage-collector,Garbage Collector,Cycle Detector
🔤,programming-languages,Programming Languages,🗑️,garbage-collector,Garbage Collector,Tracing Collector
🔤,programming-languages,Programming Languages,🗑️,garbage-collector,Garbage Collector,Compact Collector
🔤,programming-languages,Programming Languages,🗑️,garbage-collector,Garbage Collector,Semi Space GC
🔤,programming-languages,Programming Languages,🗑️,garbage-collector,Garbage Collector,Baker Treadmill
🔤,programming-languages,Programming Languages,🗑️,garbage-collector,Garbage Collector,Cheney Copying
🔤,programming-languages,Programming Languages,🗑️,garbage-collector,Garbage Collector,Stop The World
🔤,programming-languages,Programming Languages,🗑️,garbage-collector,Garbage Collector,Real Time GC
🔤,programming-languages,Programming Languages,🗑️,garbage-collector,Garbage Collector,Parallel GC
🔤,programming-languages,Programming Languages,🗑️,garbage-collector,Garbage Collector,G1 Style GC
🔤,programming-languages,Programming Languages,🗑️,garbage-collector,Garbage Collector,ZGC Style GC
🔤,programming-languages,Programming Languages,🗑️,garbage-collector,Garbage Collector,Shenandoah GC
🔤,programming-languages,Programming Languages,🗑️,garbage-collector,Garbage Collector,Region Based GC
🔤,programming-languages,Programming Languages,🗑️,garbage-collector,Garbage Collector,Arena Allocator
🔤,programming-languages,Programming Languages,🗑️,garbage-collector,Garbage Collector,Bump Allocator
🔤,programming-languages,Programming Languages,🗑️,garbage-collector,Garbage Collector,Free List Alloc
🔤,programming-languages,Programming Languages,🗑️,garbage-collector,Garbage Collector,Buddy Allocator
🔤,programming-languages,Programming Languages,🗑️,garbage-collector,Garbage Collector,Slab Allocator
🔤,programming-languages,Programming Languages,🗑️,garbage-collector,Garbage Collector,Pool Allocator
🔤,programming-languages,Programming Languages,🗑️,garbage-collector,Garbage Collector,Stack Allocator
🔤,programming-languages,Programming Languages,🗑️,garbage-collector,Garbage Collector,Page Aligned Alloc
🔤,programming-languages,Programming Languages,🗑️,garbage-collector,Garbage Collector,GC Root Scanner
🔤,programming-languages,Programming Languages,🗑️,garbage-collector,Garbage Collector,Write Barrier
🔤,programming-languages,Programming Languages,⚡,jit-compiler,JIT Compiler,Tracing JIT
🔤,programming-languages,Programming Languages,⚡,jit-compiler,JIT Compiler,Method JIT
🔤,programming-languages,Programming Languages,⚡,jit-compiler,JIT Compiler,Baseline Compiler
🔤,programming-languages,Programming Languages,⚡,jit-compiler,JIT Compiler,Optimizing Compiler
🔤,programming-languages,Programming Languages,⚡,jit-compiler,JIT Compiler,Inline Cache
🔤,programming-languages,Programming Languages,⚡,jit-compiler,JIT Compiler,Polymorphic Inline
🔤,programming-languages,Programming Languages,⚡,jit-compiler,JIT Compiler,Megamorphic Cache
🔤,programming-languages,Programming Languages,⚡,jit-compiler,JIT Compiler,HotSpot Detector
🔤,programming-languages,Programming Languages,⚡,jit-compiler,JIT Compiler,On Stack Replace
🔤,programming-languages,Programming Languages,⚡,jit-compiler,JIT Compiler,Deoptimization
🔤,programming-languages,Programming Languages,⚡,jit-compiler,JIT Compiler,Bailout Handler
🔤,programming-languages,Programming Languages,⚡,jit-compiler,JIT Compiler,Safepoint Manager
🔤,programming-languages,Programming Languages,⚡,jit-compiler,JIT Compiler,OSR Compilation
🔤,programming-languages,Programming Languages,⚡,jit-compiler,JIT Compiler,Tiered Compilation
🔤,programming-languages,Programming Languages,⚡,jit-compiler,JIT Compiler,Interpreter JIT
🔤,programming-languages,Programming Languages,⚡,jit-compiler,JIT Compiler,Baseline JIT
🔤,programming-languages,Programming Languages,⚡,jit-compiler,JIT Compiler,Optimizing JIT
🔤,programming-languages,Programming Languages,⚡,jit-compiler,JIT Compiler,Code Cache
🔤,programming-languages,Programming Languages,⚡,jit-compiler,JIT Compiler,Code Relocation
🔤,programming-languages,Programming Languages,⚡,jit-compiler,JIT Compiler,Backpatch System
🔤,programming-languages,Programming Languages,⚡,jit-compiler,JIT Compiler,Jump Threading
🔤,programming-languages,Programming Languages,⚡,jit-compiler,JIT Compiler,Loop Unrolling
🔤,programming-languages,Programming Languages,⚡,jit-compiler,JIT Compiler,Inline Expansion
🔤,programming-languages,Programming Languages,⚡,jit-compiler,JIT Compiler,Devirtualization
🔤,programming-languages,Programming Languages,⚡,jit-compiler,JIT Compiler,Escape Analysis
🔤,programming-languages,Programming Languages,⚡,jit-compiler,JIT Compiler,Lock Coarsening
🔤,programming-languages,Programming Languages,⚡,jit-compiler,JIT Compiler,Lock Elision
🔤,programming-languages,Programming Languages,⚡,jit-compiler,JIT Compiler,Null Check Elimination
🔤,programming-languages,Programming Languages,⚡,jit-compiler,JIT Compiler,Bounds Check Elim
🔤,programming-languages,Programming Languages,⚡,jit-compiler,JIT Compiler,Type Profile
🔤,programming-languages,Programming Languages,🔄,macro-system,Macro System,C Preprocessor
🔤,programming-languages,Programming Languages,🔄,macro-system,Macro System,Rust Macro By Example
🔤,programming-languages,Programming Languages,🔄,macro-system,Macro System,Procedural Macro
🔤,programming-languages,Programming Languages,🔄,macro-system,Macro System,Lisp Macro
🔤,programming-languages,Programming Languages,🔄,macro-system,Macro System,Scheme Hygienic Macro
🔤,programming-languages,Programming Languages,🔄,macro-system,Macro System,Template Haskell
🔤,programming-languages,Programming Languages,🔄,macro-system,Macro System,C Template Engine
🔤,programming-languages,Programming Languages,🔄,macro-system,Macro System,C++ Template Meta
🔤,programming-languages,Programming Languages,🔄,macro-system,Macro System,Template Specialization
🔤,programming-languages,Programming Languages,🔄,macro-system,Macro System,Variable Argument
🔤,programming-languages,Programming Languages,🔄,macro-system,Macro System,Token Tree Macro
🔤,programming-languages,Programming Languages,🔄,macro-system,Macro System,AST Macro
🔤,programming-languages,Programming Languages,🔄,macro-system,Macro System,Quasiquotation
🔤,programming-languages,Programming Languages,🔄,macro-system,Macro System,Unquote System
🔤,programming-languages,Programming Languages,🔄,macro-system,Macro System,Splice Operator
🔤,programming-languages,Programming Languages,🔄,macro-system,Macro System,Macro Expander
🔤,programming-languages,Programming Languages,🔄,macro-system,Macro System,Macro Recursion
🔤,programming-languages,Programming Languages,🔄,macro-system,Macro System,Generate Function
🔤,programming-languages,Programming Languages,🔄,macro-system,Macro System,Derive Macro
🔤,programming-languages,Programming Languages,🔄,macro-system,Macro System,Attribute Macro
🔤,programming-languages,Programming Languages,🔄,macro-system,Macro System,Custom Annotation
🔤,programming-languages,Programming Languages,🔄,macro-system,Macro System,Decorator Pattern
🔤,programming-languages,Programming Languages,🔄,macro-system,Macro System,Code Generator
🔤,programming-languages,Programming Languages,🔄,macro-system,Macro System,Boilerplate Reducer
🔤,programming-languages,Programming Languages,🔄,macro-system,Macro System,Trait Derive
🔤,programming-languages,Programming Languages,🔄,macro-system,Macro System,Enum Variant Macro
🔤,programming-languages,Programming Languages,🔄,macro-system,Macro System,Struct Field Macro
🔤,programming-languages,Programming Languages,🔄,macro-system,Macro System,Match Expansion
🔤,programming-languages,Programming Languages,🔄,macro-system,Macro System,Pattern Macro
🔤,programming-languages,Programming Languages,🔄,macro-system,Macro System,Repetition Macro
🔤,programming-languages,Programming Languages,🎯,module-system,Module System,Module Resolver
🔤,programming-languages,Programming Languages,🎯,module-system,Module System,Namespace Manager
🔤,programming-languages,Programming Languages,🎯,module-system,Module System,Import Resolver
🔤,programming-languages,Programming Languages,🎯,module-system,Module System,Export Checker
🔤,programming-languages,Programming Languages,🎯,module-system,Module System,Circular Dependency
🔤,programming-languages,Programming Languages,🎯,module-system,Module System,Module Bundler
🔤,programming-languages,Programming Languages,🎯,module-system,Module System,Tree Shaking
🔤,programming-languages,Programming Languages,🎯,module-system,Module System,Dead Code Elim
🔤,programming-languages,Programming Languages,🎯,module-system,Module System,Scope Hoisting
🔤,programming-languages,Programming Languages,🎯,module-system,Module System,Module Graph
🔤,programming-languages,Programming Languages,🎯,module-system,Module System,Dependency Graph Mod
🔤,programming-languages,Programming Languages,🎯,module-system,Module System,Version Resolver
🔤,programming-languages,Programming Languages,🎯,module-system,Module System,Semver Checker
🔤,programming-languages,Programming Languages,🎯,module-system,Module System,Package Manager Mod
🔤,programming-languages,Programming Languages,🎯,module-system,Module System,Lock File Parser
🔤,programming-languages,Programming Languages,🎯,module-system,Module System,Entry Point Find
🔤,programming-languages,Programming Languages,🎯,module-system,Module System,Type Module Resolve
🔤,programming-languages,Programming Languages,🎯,module-system,Module System,Path Alias Resolver
🔤,programming-languages,Programming Languages,🎯,module-system,Module System,External Module
🔤,programming-languages,Programming Languages,🎯,module-system,Module System,Internal Module
🔤,programming-languages,Programming Languages,🎯,module-system,Module System,Public Interface
🔤,programming-languages,Programming Languages,🎯,module-system,Module System,Private Module
🔤,programming-languages,Programming Languages,🎯,module-system,Module System,Friend Module
🔤,programming-languages,Programming Languages,🎯,module-system,Module System,Module Visibility
🔤,programming-languages,Programming Languages,🎯,module-system,Module System,Export Set
🔤,programming-languages,Programming Languages,🎯,module-system,Module System,Import Set
🔤,programming-languages,Programming Languages,🎯,module-system,Module System,Re Export Module
🔤,programming-languages,Programming Languages,🎯,module-system,Module System,Wildcard Import
🔤,programming-languages,Programming Languages,🎯,module-system,Module System,Named Import
🔤,programming-languages,Programming Languages,🎯,module-system,Module System,Default Import
🔤,programming-languages,Programming Languages,🧪,trait-type-class,Trait & Type Class,Type Class Resolver
🔤,programming-languages,Programming Languages,🧪,trait-type-class,Trait & Type Class,Instance Finder
🔤,programming-languages,Programming Languages,🧪,trait-type-class,Trait & Type Class,Coherence Checker
🔤,programming-languages,Programming Languages,🧪,trait-type-class,Trait & Type Class,Orphan Checker
🔤,programming-languages,Programming Languages,🧪,trait-type-class,Trait & Type Class,Overlap Checker
🔤,programming-languages,Programming Languages,🧪,trait-type-class,Trait & Type Class,Ambiguity Checker
🔤,programming-languages,Programming Languages,🧪,trait-type-class,Trait & Type Class,Generic Derivation
🔤,programming-languages,Programming Languages,🧪,trait-type-class,Trait & Type Class,Deriving Via
🔤,programming-languages,Programming Languages,🧪,trait-type-class,Trait & Type Class,Newtype Derive
🔤,programming-languages,Programming Languages,🧪,trait-type-class,Trait & Type Class,Generalized Newtype
🔤,programming-languages,Programming Languages,🧪,trait-type-class,Trait & Type Class,Associated Type Impl
🔤,programming-languages,Programming Languages,🧪,trait-type-class,Trait & Type Class,Default Implementation
🔤,programming-languages,Programming Languages,🧪,trait-type-class,Trait & Type Class,Superclass Check
🔤,programming-languages,Programming Languages,🧪,trait-type-class,Trait & Type Class,Constraint Solver
🔤,programming-languages,Programming Languages,🧪,trait-type-class,Trait & Type Class,Instance Chain
🔤,programming-languages,Programming Languages,🧪,trait-type-class,Trait & Type Class,Implicit Parameter
🔤,programming-languages,Programming Languages,🧪,trait-type-class,Trait & Type Class,Context Bound
🔤,programming-languages,Programming Languages,🧪,trait-type-class,Trait & Type Class,View Pattern
🔤,programming-languages,Programming Languages,🧪,trait-type-class,Trait & Type Class,Typeable Impl
🔤,programming-languages,Programming Languages,🧪,trait-type-class,Trait & Type Class,Show Instance Gen
🔤,programming-languages,Programming Languages,🧪,trait-type-class,Trait & Type Class,Eq Instance Gen
🔤,programming-languages,Programming Languages,🧪,trait-type-class,Trait & Type Class,Ord Instance Gen
🔤,programming-languages,Programming Languages,🧪,trait-type-class,Trait & Type Class,Hash Instance Gen
🔤,programming-languages,Programming Languages,🧪,trait-type-class,Trait & Type Class,Serialize Impl
🔤,programming-languages,Programming Languages,🧪,trait-type-class,Trait & Type Class,Deserialize Impl
🔤,programming-languages,Programming Languages,🧪,trait-type-class,Trait & Type Class,Copy Clone Derive
🔤,programming-languages,Programming Languages,🧪,trait-type-class,Trait & Type Class,Default Instance
🔤,programming-languages,Programming Languages,🧪,trait-type-class,Trait & Type Class,Debug Impl Gen
🔤,programming-languages,Programming Languages,🧪,trait-type-class,Trait & Type Class,Display Impl Gen
🔤,programming-languages,Programming Languages,🧪,trait-type-class,Trait & Type Class,Error Instance
🔤,programming-languages,Programming Languages,🖥️,code-generator,Code Generator,Three Address Code
🔤,programming-languages,Programming Languages,🖥️,code-generator,Code Generator,SSA Form Builder
🔤,programming-languages,Programming Languages,🖥️,code-generator,Code Generator,Phi Function Inserter
🔤,programming-languages,Programming Languages,🖥️,code-generator,Code Generator,Dominance Frontier
🔤,programming-languages,Programming Languages,🖥️,code-generator,Code Generator,Instruction Select
🔤,programming-languages,Programming Languages,🖥️,code-generator,Code Generator,Register Allocator
🔤,programming-languages,Programming Languages,🖥️,code-generator,Code Generator,Graph Coloring Reg
🔤,programming-languages,Programming Languages,🖥️,code-generator,Code Generator,Linear Scan Reg
🔤,programming-languages,Programming Languages,🖥️,code-generator,Code Generator,Instruction Sched
🔤,programming-languages,Programming Languages,🖥️,code-generator,Code Generator,Peephole Optimizer
🔤,programming-languages,Programming Languages,🖥️,code-generator,Code Generator,Constant Folding
🔤,programming-languages,Programming Languages,🖥️,code-generator,Code Generator,Algebraic Simplify
🔤,programming-languages,Programming Languages,🖥️,code-generator,Code Generator,Strength Reduction
🔤,programming-languages,Programming Languages,🖥️,code-generator,Code Generator,Dead Store Elim
🔤,programming-languages,Programming Languages,🖥️,code-generator,Code Generator,Common Subexpr Elim
🔤,programming-languages,Programming Languages,🖥️,code-generator,Code Generator,Loop Invariant Move
🔤,programming-languages,Programming Languages,🖥️,code-generator,Code Generator,Induction Variable
🔤,programming-languages,Programming Languages,🖥️,code-generator,Code Generator,Loop Unswitching
🔤,programming-languages,Programming Languages,🖥️,code-generator,Code Generator,Software Pipeline
🔤,programming-languages,Programming Languages,🖥️,code-generator,Code Generator,Tail Call Optimize
🔤,programming-languages,Programming Languages,🖥️,code-generator,Code Generator,Inlining Heuristic
🔤,programming-languages,Programming Languages,🖥️,code-generator,Code Generator,Function Outlining
🔤,programming-languages,Programming Languages,🖥️,code-generator,Code Generator,Cold Code Split
🔤,programming-languages,Programming Languages,🖥️,code-generator,Code Generator,Basic Block Reorder
🔤,programming-languages,Programming Languages,🖥️,code-generator,Code Generator,Branch Folding
🔤,programming-languages,Programming Languages,🖥️,code-generator,Code Generator,Jump Table Gen
🔤,programming-languages,Programming Languages,🖥️,code-generator,Code Generator,Dispatch Table Gen
🔤,programming-languages,Programming Languages,🖥️,code-generator,Code Generator,VTable Generator
🔤,programming-languages,Programming Languages,🖥️,code-generator,Code Generator,Trampoline Gen
🔤,programming-languages,Programming Languages,🖥️,code-generator,Code Generator,Stub Generator
🔤,programming-languages,Programming Languages,🔄,package-ecosystem,Package Ecosystem,Package Registry
🔤,programming-languages,Programming Languages,🔄,package-ecosystem,Package Ecosystem,Version Manager
🔤,programming-languages,Programming Languages,🔄,package-ecosystem,Package Ecosystem,Dependency Solver
🔤,programming-languages,Programming Languages,🔄,package-ecosystem,Package Ecosystem,Lock File Gen
🔤,programming-languages,Programming Languages,🔄,package-ecosystem,Package Ecosystem,Cache System
🔤,programming-languages,Programming Languages,🔄,package-ecosystem,Package Ecosystem,Mirror Registry
🔤,programming-languages,Programming Languages,🔄,package-ecosystem,Package Ecosystem,Private Registry
🔤,programming-languages,Programming Languages,🔄,package-ecosystem,Package Ecosystem,Package Publisher
🔤,programming-languages,Programming Languages,🔄,package-ecosystem,Package Ecosystem,Package Installer
🔤,programming-languages,Programming Languages,🔄,package-ecosystem,Package Ecosystem,Package Updater
🔤,programming-languages,Programming Languages,🔄,package-ecosystem,Package Ecosystem,Uninstaller Tool
🔤,programming-languages,Programming Languages,🔄,package-ecosystem,Package Ecosystem,Bin Linker
🔤,programming-languages,Programming Languages,🔄,package-ecosystem,Package Ecosystem,Shell Completion
🔤,programming-languages,Programming Languages,🔄,package-ecosystem,Package Ecosystem,Package Auditor
🔤,programming-languages,Programming Languages,🔄,package-ecosystem,Package Ecosystem,Vulnerability Scan
🔤,programming-languages,Programming Languages,🔄,package-ecosystem,Package Ecosystem,License Checker
🔤,programming-languages,Programming Languages,🔄,package-ecosystem,Package Ecosystem,Size Analyzer
🔤,programming-languages,Programming Languages,🔄,package-ecosystem,Package Ecosystem,Dependency Graph Pkg
🔤,programming-languages,Programming Languages,🔄,package-ecosystem,Package Ecosystem,Tree Visualizer
🔤,programming-languages,Programming Languages,🔄,package-ecosystem,Package Ecosystem,Update Checker
🔤,programming-languages,Programming Languages,🔄,package-ecosystem,Package Ecosystem,Changelog Parser
🔤,programming-languages,Programming Languages,🔄,package-ecosystem,Package Ecosystem,Breaking Change Det
🔤,programming-languages,Programming Languages,🔄,package-ecosystem,Package Ecosystem,Peer Dependency
🔤,programming-languages,Programming Languages,🔄,package-ecosystem,Package Ecosystem,Optional Dependency
🔤,programming-languages,Programming Languages,🔄,package-ecosystem,Package Ecosystem,Dev Dependency
🔤,programming-languages,Programming Languages,🔄,package-ecosystem,Package Ecosystem,Build Dependency
🔤,programming-languages,Programming Languages,🔄,package-ecosystem,Package Ecosystem,Runtime Dependency
🔤,programming-languages,Programming Languages,🔄,package-ecosystem,Package Ecosystem,Bundle Dependency
🔤,programming-languages,Programming Languages,🔄,package-ecosystem,Package Ecosystem,Transitive Dep
🔤,programming-languages,Programming Languages,🔄,package-ecosystem,Package Ecosystem,Circular Dep Check
🔤,programming-languages,Programming Languages,📏,formatter-linter,Formatter & Linter,AST Formatter
🔤,programming-languages,Programming Languages,📏,formatter-linter,Formatter & Linter,Pretty Printer
🔤,programming-languages,Programming Languages,📏,formatter-linter,Formatter & Linter,Indentation Engine
🔤,programming-languages,Programming Languages,📏,formatter-linter,Formatter & Linter,Line Wrapper
🔤,programming-languages,Programming Languages,📏,formatter-linter,Formatter & Linter,Column Aligner
🔤,programming-languages,Programming Languages,📏,formatter-linter,Formatter & Linter,Trailing Comma
🔤,programming-languages,Programming Languages,📏,formatter-linter,Formatter & Linter,Quote Style
🔤,programming-languages,Programming Languages,📏,formatter-linter,Formatter & Linter,Brace Style
🔤,programming-languages,Programming Languages,📏,formatter-linter,Formatter & Linter,Semicolon Policy
🔤,programming-languages,Programming Languages,📏,formatter-linter,Formatter & Linter,Space Policy
🔤,programming-languages,Programming Languages,📏,formatter-linter,Formatter & Linter,Newline Policy
🔤,programming-languages,Programming Languages,📏,formatter-linter,Formatter & Linter,Import Sorter
🔤,programming-languages,Programming Languages,📏,formatter-linter,Formatter & Linter,Member Sorter
🔤,programming-languages,Programming Languages,📏,formatter-linter,Formatter & Linter,Visibility Sorter
🔤,programming-languages,Programming Languages,📏,formatter-linter,Formatter & Linter,Variable Naming
🔤,programming-languages,Programming Languages,📏,formatter-linter,Formatter & Linter,Case Convention
🔤,programming-languages,Programming Languages,📏,formatter-linter,Formatter & Linter,Max Line Length
🔤,programming-languages,Programming Languages,📏,formatter-linter,Formatter & Linter,Max File Length
🔤,programming-languages,Programming Languages,📏,formatter-linter,Formatter & Linter,Complexity Limit
🔤,programming-languages,Programming Languages,📏,formatter-linter,Formatter & Linter,Nesting Limit
🔤,programming-languages,Programming Languages,📏,formatter-linter,Formatter & Linter,Argument Count
🔤,programming-languages,Programming Languages,📏,formatter-linter,Formatter & Linter,Parameter Count
🔤,programming-languages,Programming Languages,📏,formatter-linter,Formatter & Linter,Cognitive Complex
🔤,programming-languages,Programming Languages,📏,formatter-linter,Formatter & Linter,Docstring Required
🔤,programming-languages,Programming Languages,📏,formatter-linter,Formatter & Linter,Annotation Required
🔤,programming-languages,Programming Languages,📏,formatter-linter,Formatter & Linter,Type Annotation
🔤,programming-languages,Programming Languages,📏,formatter-linter,Formatter & Linter,Return Type Check
🔤,programming-languages,Programming Languages,📏,formatter-linter,Formatter & Linter,Var Type Check
🔤,programming-languages,Programming Languages,📏,formatter-linter,Formatter & Linter,Unused Variable
🔤,programming-languages,Programming Languages,📏,formatter-linter,Formatter & Linter,Unused Import
🔤,programming-languages,Programming Languages,🛠️,build-system,Build System,Make Clone
🔤,programming-languages,Programming Languages,🛠️,build-system,Build System,Ninja Clone
🔤,programming-languages,Programming Languages,🛠️,build-system,Build System,Bazel Style Build
🔤,programming-languages,Programming Languages,🛠️,build-system,Build System,Buck Build Tool
🔤,programming-languages,Programming Languages,🛠️,build-system,Build System,Pants Build System
🔤,programming-languages,Programming Languages,🛠️,build-system,Build System,Gradle Style Build
🔤,programming-languages,Programming Languages,🛠️,build-system,Build System,Maven Style Build
🔤,programming-languages,Programming Languages,🛠️,build-system,Build System,Cargo Style Build
🔤,programming-languages,Programming Languages,🛠️,build-system,Build System,Task Runner Build
🔤,programming-languages,Programming Languages,🛠️,build-system,Build System,Script Runner
🔤,programming-languages,Programming Languages,🛠️,build-system,Build System,Build Cache
🔤,programming-languages,Programming Languages,🛠️,build-system,Build System,Distributed Build
🔤,programming-languages,Programming Languages,🛠️,build-system,Build System,Incremental Build
🔤,programming-languages,Programming Languages,🛠️,build-system,Build System,Dependency Graph Build
🔤,programming-languages,Programming Languages,🛠️,build-system,Build System,Topological Sort
🔤,programming-languages,Programming Languages,🛠️,build-system,Build System,Parallel Executor
🔤,programming-languages,Programming Languages,🛠️,build-system,Build System,Job Server
🔤,programming-languages,Programming Languages,🛠️,build-system,Build System,Build Profile
🔤,programming-languages,Programming Languages,🛠️,build-system,Build System,Build Report
🔤,programming-languages,Programming Languages,🛠️,build-system,Build System,Error Reporter
🔤,programming-languages,Programming Languages,🛠️,build-system,Build System,Warning Reporter
🔤,programming-languages,Programming Languages,🛠️,build-system,Build System,Test Integration
🔤,programming-languages,Programming Languages,🛠️,build-system,Build System,Bench Integration
🔤,programming-languages,Programming Languages,🛠️,build-system,Build System,Doc Integration
🔤,programming-languages,Programming Languages,🛠️,build-system,Build System,Deploy Integration
🔤,programming-languages,Programming Languages,🛠️,build-system,Build System,Build Matrix
🔤,programming-languages,Programming Languages,🛠️,build-system,Build System,Cross Build
🔤,programming-languages,Programming Languages,🛠️,build-system,Build System,Target Specific
🔤,programming-languages,Programming Languages,🛠️,build-system,Build System,Feature Flag Build
🔤,programming-languages,Programming Languages,🛠️,build-system,Build System,Module Selector
🔤,programming-languages,Programming Languages,🧰,standard-library,Standard Library,String Library
🔤,programming-languages,Programming Languages,🧰,standard-library,Standard Library,Collection Library
🔤,programming-languages,Programming Languages,🧰,standard-library,Standard Library,IO Library
🔤,programming-languages,Programming Languages,🧰,standard-library,Standard Library,File System Lib
🔤,programming-languages,Programming Languages,🧰,standard-library,Standard Library,Network Library
🔤,programming-languages,Programming Languages,🧰,standard-library,Standard Library,Thread Library
🔤,programming-languages,Programming Languages,🧰,standard-library,Standard Library,Sync Primitive
🔤,programming-languages,Programming Languages,🧰,standard-library,Standard Library,Time Library
🔤,programming-languages,Programming Languages,🧰,standard-library,Standard Library,Math Library
🔤,programming-languages,Programming Languages,🧰,standard-library,Standard Library,Random Library
🔤,programming-languages,Programming Languages,🧰,standard-library,Standard Library,Crypto Library
🔤,programming-languages,Programming Languages,🧰,standard-library,Standard Library,Hash Library
🔤,programming-languages,Programming Languages,🧰,standard-library,Standard Library,Encode Library
🔤,programming-languages,Programming Languages,🧰,standard-library,Standard Library,Serialize Library
🔤,programming-languages,Programming Languages,🧰,standard-library,Standard Library,Logger Library
🔤,programming-languages,Programming Languages,🧰,standard-library,Standard Library,Testing Library
🔤,programming-languages,Programming Languages,🧰,standard-library,Standard Library,Benchmark Lib
🔤,programming-languages,Programming Languages,🧰,standard-library,Standard Library,Regex Library
🔤,programming-languages,Programming Languages,🧰,standard-library,Standard Library,Glob Library
🔤,programming-languages,Programming Languages,🧰,standard-library,Standard Library,Path Library
🔤,programming-languages,Programming Languages,🧰,standard-library,Standard Library,URL Library
🔤,programming-languages,Programming Languages,🧰,standard-library,Standard Library,MIME Library
🔤,programming-languages,Programming Languages,🧰,standard-library,Standard Library,Base64 Library
🔤,programming-languages,Programming Languages,🧰,standard-library,Standard Library,Hex Library
🔤,programming-languages,Programming Languages,🧰,standard-library,Standard Library,JSON Library
🔤,programming-languages,Programming Languages,🧰,standard-library,Standard Library,XML Library
🔤,programming-languages,Programming Languages,🧰,standard-library,Standard Library,CSV Library
🔤,programming-languages,Programming Languages,🧰,standard-library,Standard Library,YAML Library
🔤,programming-languages,Programming Languages,🧰,standard-library,Standard Library,TOML Library
🔤,programming-languages,Programming Languages,🧰,standard-library,Standard Library,Config Library
🔤,programming-languages,Programming Languages,🌍,foreign-function-interface,Foreign Function Interface,C FFI Generator
🔤,programming-languages,Programming Languages,🌍,foreign-function-interface,Foreign Function Interface,JNI Wrapper
🔤,programming-languages,Programming Languages,🌍,foreign-function-interface,Foreign Function Interface,Python C Extension
🔤,programming-languages,Programming Languages,🌍,foreign-function-interface,Foreign Function Interface,Node NAPI Module
🔤,programming-languages,Programming Languages,🌍,foreign-function-interface,Foreign Function Interface,Rust FFI Bindings
🔤,programming-languages,Programming Languages,🌍,foreign-function-interface,Foreign Function Interface,C# P/Invoke Tool
🔤,programming-languages,Programming Languages,🌍,foreign-function-interface,Foreign Function Interface,Go CGo Helper
🔤,programming-languages,Programming Languages,🌍,foreign-function-interface,Foreign Function Interface,Lua FFI Module
🔤,programming-languages,Programming Languages,🌍,foreign-function-interface,Foreign Function Interface,FFI Type Mapping
🔤,programming-languages,Programming Languages,🌍,foreign-function-interface,Foreign Function Interface,Pointer Manager
🔤,programming-languages,Programming Languages,🌍,foreign-function-interface,Foreign Function Interface,Memory Layout Mapper
🔤,programming-languages,Programming Languages,🌍,foreign-function-interface,Foreign Function Interface,Struct Layout Calc
🔤,programming-languages,Programming Languages,🌍,foreign-function-interface,Foreign Function Interface,Union Type Bridge
🔤,programming-languages,Programming Languages,🌍,foreign-function-interface,Foreign Function Interface,Callback Adapter
🔤,programming-languages,Programming Languages,🌍,foreign-function-interface,Foreign Function Interface,Async FFI
🔤,programming-languages,Programming Languages,🌍,foreign-function-interface,Foreign Function Interface,Error Translation
🔤,programming-languages,Programming Languages,🌍,foreign-function-interface,Foreign Function Interface,Exception Bridge
🔤,programming-languages,Programming Languages,🌍,foreign-function-interface,Foreign Function Interface,Opaque Pointer
🔤,programming-languages,Programming Languages,🌍,foreign-function-interface,Foreign Function Interface,Resource Release
🔤,programming-languages,Programming Languages,🌍,foreign-function-interface,Foreign Function Interface,Finalization Queue
🔤,programming-languages,Programming Languages,🌍,foreign-function-interface,Foreign Function Interface,Cross Lang Array
🔤,programming-languages,Programming Languages,🌍,foreign-function-interface,Foreign Function Interface,String Encoding Conv
🔤,programming-languages,Programming Languages,🌍,foreign-function-interface,Foreign Function Interface,ABI Compliance
🔤,programming-languages,Programming Languages,🌍,foreign-function-interface,Foreign Function Interface,Calling Convention
🔤,programming-languages,Programming Languages,🌍,foreign-function-interface,Foreign Function Interface,Name Mangling
🔤,programming-languages,Programming Languages,🌍,foreign-function-interface,Foreign Function Interface,Export Table Gen
🔤,programming-languages,Programming Languages,🌍,foreign-function-interface,Foreign Function Interface,Import Table Gen
🔤,programming-languages,Programming Languages,🌍,foreign-function-interface,Foreign Function Interface,Dynamic Library Load
🔤,programming-languages,Programming Languages,🌍,foreign-function-interface,Foreign Function Interface,Static Library Link
🔤,programming-languages,Programming Languages,🌍,foreign-function-interface,Foreign Function Interface,Link Time Optimize
🔤,programming-languages,Programming Languages,📦,package-manager,Package Manager,Registry Client
🔤,programming-languages,Programming Languages,📦,package-manager,Package Manager,Metadata Fetcher
🔤,programming-languages,Programming Languages,📦,package-manager,Package Manager,Tarball Extractor
🔤,programming-languages,Programming Languages,📦,package-manager,Package Manager,Dependency Resolver
🔤,programming-languages,Programming Languages,📦,package-manager,Package Manager,Version Solver
🔤,programming-languages,Programming Languages,📦,package-manager,Package Manager,Constraint Parser
🔤,programming-languages,Programming Languages,📦,package-manager,Package Manager,Range Matcher
🔤,programming-languages,Programming Languages,📦,package-manager,Package Manager,Pre Release Sort
🔤,programming-languages,Programming Languages,📦,package-manager,Package Manager,Lock File Writer
🔤,programming-languages,Programming Languages,📦,package-manager,Package Manager,Shasum Verifier
🔤,programming-languages,Programming Languages,📦,package-manager,Package Manager,GPG Signer
🔤,programming-languages,Programming Languages,📦,package-manager,Package Manager,Integrity Check
🔤,programming-languages,Programming Languages,📦,package-manager,Package Manager,Offline Mirror
🔤,programming-languages,Programming Languages,📦,package-manager,Package Manager,Vendor Directory
🔤,programming-languages,Programming Languages,📦,package-manager,Package Manager,Global Install
🔤,programming-languages,Programming Languages,📦,package-manager,Package Manager,Local Install
🔤,programming-languages,Programming Languages,📦,package-manager,Package Manager,Per User Install
🔤,programming-languages,Programming Languages,📦,package-manager,Package Manager,Link Manager
🔤,programming-languages,Programming Languages,📦,package-manager,Package Manager,Binary Shims
🔤,programming-languages,Programming Languages,📦,package-manager,Package Manager,Shell Shim Gen
🔤,programming-languages,Programming Languages,📦,package-manager,Package Manager,Path Manager
🔤,programming-languages,Programming Languages,📦,package-manager,Package Manager,Environment Setup
🔤,programming-languages,Programming Languages,📦,package-manager,Package Manager,Activation Script
🔤,programming-languages,Programming Languages,📦,package-manager,Package Manager,Pre Install Hook
🔤,programming-languages,Programming Languages,📦,package-manager,Package Manager,Post Install Hook
🔤,programming-languages,Programming Languages,📦,package-manager,Package Manager,Uninstall Hook
🔤,programming-languages,Programming Languages,📦,package-manager,Package Manager,Update Notifier
🔤,programming-languages,Programming Languages,📦,package-manager,Package Manager,Rollback Handler
🔤,programming-languages,Programming Languages,📦,package-manager,Package Manager,Conflict Resolver
🔤,programming-languages,Programming Languages,📦,package-manager,Package Manager,Peer Dep Warn
🔤,programming-languages,Programming Languages,🖥️,virtual-machine,Virtual Machine,Stack VM
🔤,programming-languages,Programming Languages,🖥️,virtual-machine,Virtual Machine,Register VM
🔤,programming-languages,Programming Languages,🖥️,virtual-machine,Virtual Machine,Bytecode Interpreter
🔤,programming-languages,Programming Languages,🖥️,virtual-machine,Virtual Machine,JIT Compiler VM
🔤,programming-languages,Programming Languages,🖥️,virtual-machine,Virtual Machine,Object Header
🔤,programming-languages,Programming Languages,🖥️,virtual-machine,Virtual Machine,Method Table
🔤,programming-languages,Programming Languages,🖥️,virtual-machine,Virtual Machine,VTable Dispatch
🔤,programming-languages,Programming Languages,🖥️,virtual-machine,Virtual Machine,Interface Dispatch
🔤,programming-languages,Programming Languages,🖥️,virtual-machine,Virtual Machine,Class Loader
🔤,programming-languages,Programming Languages,🖥️,virtual-machine,Virtual Machine,Bytecode Verifier
🔤,programming-languages,Programming Languages,🖥️,virtual-machine,Virtual Machine,Security Manager
🔤,programming-languages,Programming Languages,🖥️,virtual-machine,Virtual Machine,Heap Manager
🔤,programming-languages,Programming Languages,🖥️,virtual-machine,Virtual Machine,Stack Walker
🔤,programming-languages,Programming Languages,🖥️,virtual-machine,Virtual Machine,Frame Builder
🔤,programming-languages,Programming Languages,🖥️,virtual-machine,Virtual Machine,Operand Stack
🔤,programming-languages,Programming Languages,🖥️,virtual-machine,Virtual Machine,Local Variable Array
🔤,programming-languages,Programming Languages,🖥️,virtual-machine,Virtual Machine,Constant Pool
🔤,programming-languages,Programming Languages,🖥️,virtual-machine,Virtual Machine,String Intern Pool
🔤,programming-languages,Programming Languages,🖥️,virtual-machine,Virtual Machine,Class Cache
🔤,programming-languages,Programming Languages,🖥️,virtual-machine,Virtual Machine,Method Area
🔤,programming-languages,Programming Languages,🖥️,virtual-machine,Virtual Machine,Native Method Stack
🔤,programming-languages,Programming Languages,🖥️,virtual-machine,Virtual Machine,PC Register
🔤,programming-languages,Programming Languages,🖥️,virtual-machine,Virtual Machine,VM Thread
🔤,programming-languages,Programming Languages,🖥️,virtual-machine,Virtual Machine,GC Interface
🔤,programming-languages,Programming Languages,🖥️,virtual-machine,Virtual Machine,JNI Bridge
🔤,programming-languages,Programming Languages,🖥️,virtual-machine,Virtual Machine,Debug Interface
🔤,programming-languages,Programming Languages,🖥️,virtual-machine,Virtual Machine,Profiling Interface
🔤,programming-languages,Programming Languages,🖥️,virtual-machine,Virtual Machine,Attach API
🔤,programming-languages,Programming Languages,🖥️,virtual-machine,Virtual Machine,Agent Interface
🔤,programming-languages,Programming Languages,🖥️,virtual-machine,Virtual Machine,Tool Interface
🔤,programming-languages,Programming Languages,🔍,debugger-profiler,Debugger & Profiler,Source Level Debug
🔤,programming-languages,Programming Languages,🔍,debugger-profiler,Debugger & Profiler,Breakpoint Manager
🔤,programming-languages,Programming Languages,🔍,debugger-profiler,Debugger & Profiler,Watchpoint System
🔤,programming-languages,Programming Languages,🔍,debugger-profiler,Debugger & Profiler,Call Stack Viewer
🔤,programming-languages,Programming Languages,🔍,debugger-profiler,Debugger & Profiler,Variable Inspector
🔤,programming-languages,Programming Languages,🔍,debugger-profiler,Debugger & Profiler,Memory Viewer
🔤,programming-languages,Programming Languages,🔍,debugger-profiler,Debugger & Profiler,Register Viewer
🔤,programming-languages,Programming Languages,🔍,debugger-profiler,Debugger & Profiler,Disassembler View
🔤,programming-languages,Programming Languages,🔍,debugger-profiler,Debugger & Profiler,Step Over Func
🔤,programming-languages,Programming Languages,🔍,debugger-profiler,Debugger & Profiler,Step Into Func
🔤,programming-languages,Programming Languages,🔍,debugger-profiler,Debugger & Profiler,Step Out Func
🔤,programming-languages,Programming Languages,🔍,debugger-profiler,Debugger & Profiler,Continue Execution
🔤,programming-languages,Programming Languages,🔍,debugger-profiler,Debugger & Profiler,Conditional Break
🔤,programming-languages,Programming Languages,🔍,debugger-profiler,Debugger & Profiler,Logpoint System
🔤,programming-languages,Programming Languages,🔍,debugger-profiler,Debugger & Profiler,Tracepoint System
🔤,programming-languages,Programming Languages,🔍,debugger-profiler,Debugger & Profiler,Exception Break
🔤,programming-languages,Programming Languages,🔍,debugger-profiler,Debugger & Profiler,Debug Expression
🔤,programming-languages,Programming Languages,🔍,debugger-profiler,Debugger & Profiler,Evaluate In Context
🔤,programming-languages,Programming Languages,🔍,debugger-profiler,Debugger & Profiler,Hot Swap Code
🔤,programming-languages,Programming Languages,🔍,debugger-profiler,Debugger & Profiler,Frame Selector
🔤,programming-languages,Programming Languages,🔍,debugger-profiler,Debugger & Profiler,Thread Selector
🔤,programming-languages,Programming Languages,🔍,debugger-profiler,Debugger & Profiler,Core Dump Reader
🔤,programming-languages,Programming Languages,🔍,debugger-profiler,Debugger & Profiler,Heap Profiler
🔤,programming-languages,Programming Languages,🔍,debugger-profiler,Debugger & Profiler,CPU Profiler
🔤,programming-languages,Programming Languages,🔍,debugger-profiler,Debugger & Profiler,Flame Graph Gen
🔤,programming-languages,Programming Languages,🔍,debugger-profiler,Debugger & Profiler,Call Tree Viewer
🔤,programming-languages,Programming Languages,🔍,debugger-profiler,Debugger & Profiler,Memory Profiler
🔤,programming-languages,Programming Languages,🔍,debugger-profiler,Debugger & Profiler,Allocation Sampler
🔤,programming-languages,Programming Languages,🔍,debugger-profiler,Debugger & Profiler,Garbage Collection Log
🔤,programming-languages,Programming Languages,🔍,debugger-profiler,Debugger & Profiler,Method Trace
🔤,programming-languages,Programming Languages,📑,documentation-generator,Documentation Generator,API Doc Generator
🔤,programming-languages,Programming Languages,📑,documentation-generator,Documentation Generator,Markdown Doc Gen
🔤,programming-languages,Programming Languages,📑,documentation-generator,Documentation Generator,HTML Doc Generator
🔤,programming-languages,Programming Languages,📑,documentation-generator,Documentation Generator,PDF Doc Generator
🔤,programming-languages,Programming Languages,📑,documentation-generator,Documentation Generator,Typedoc Clone
🔤,programming-languages,Programming Languages,📑,documentation-generator,Documentation Generator,JSDoc Parser
🔤,programming-languages,Programming Languages,📑,documentation-generator,Documentation Generator,Docstring Extractor
🔤,programming-languages,Programming Languages,📑,documentation-generator,Documentation Generator,Signature Extractor
🔤,programming-languages,Programming Languages,📑,documentation-generator,Documentation Generator,Comment Parser
🔤,programming-languages,Programming Languages,📑,documentation-generator,Documentation Generator,Code Example Run
🔤,programming-languages,Programming Languages,📑,documentation-generator,Documentation Generator,Search Indexer
🔤,programming-languages,Programming Languages,📑,documentation-generator,Documentation Generator,Cross Reference
🔤,programming-languages,Programming Languages,📑,documentation-generator,Documentation Generator,Inheritance Doc
🔤,programming-languages,Programming Languages,📑,documentation-generator,Documentation Generator,Module Doc Page
🔤,programming-languages,Programming Languages,📑,documentation-generator,Documentation Generator,Namespace Doc
🔤,programming-languages,Programming Languages,📑,documentation-generator,Documentation Generator,Class Hierarchy
🔤,programming-languages,Programming Languages,📑,documentation-generator,Documentation Generator,Interface List
🔤,programming-languages,Programming Languages,📑,documentation-generator,Documentation Generator,Enum Doc Gen
🔤,programming-languages,Programming Languages,📑,documentation-generator,Documentation Generator,Function Doc Gen
🔤,programming-languages,Programming Languages,📑,documentation-generator,Documentation Generator,Variable Doc Gen
🔤,programming-languages,Programming Languages,📑,documentation-generator,Documentation Generator,Type Doc Gen
🔤,programming-languages,Programming Languages,📑,documentation-generator,Documentation Generator,Deprecation Tag
🔤,programming-languages,Programming Languages,📑,documentation-generator,Documentation Generator,See Also Tag
🔤,programming-languages,Programming Languages,📑,documentation-generator,Documentation Generator,Example Tag
🔤,programming-languages,Programming Languages,📑,documentation-generator,Documentation Generator,Note Tag
🔤,programming-languages,Programming Languages,📑,documentation-generator,Documentation Generator,Warning Tag
🔤,programming-languages,Programming Languages,📑,documentation-generator,Documentation Generator,Todo Tag
🔤,programming-languages,Programming Languages,📑,documentation-generator,Documentation Generator,Version Tag
🔤,programming-languages,Programming Languages,📑,documentation-generator,Documentation Generator,Since Tag
🔤,programming-languages,Programming Languages,📑,documentation-generator,Documentation Generator,Author Tag
🔤,programming-languages,Programming Languages,🧩,plugin-system,Plugin System,Plugin Loader
🔤,programming-languages,Programming Languages,🧩,plugin-system,Plugin System,Extension Point
🔤,programming-languages,Programming Languages,🧩,plugin-system,Plugin System,Service Registry
🔤,programming-languages,Programming Languages,🧩,plugin-system,Plugin System,Dependency Inj Plugin
🔤,programming-languages,Programming Languages,🧩,plugin-system,Plugin System,Plugin Manager
🔤,programming-languages,Programming Languages,🧩,plugin-system,Plugin System,Plugin Installer
🔤,programming-languages,Programming Languages,🧩,plugin-system,Plugin System,Plugin Updater
🔤,programming-languages,Programming Languages,🧩,plugin-system,Plugin System,Sandbox Manager
🔤,programming-languages,Programming Languages,🧩,plugin-system,Plugin System,Permission Check
🔤,programming-languages,Programming Languages,🧩,plugin-system,Plugin System,Version Compat
🔤,programming-languages,Programming Languages,🧩,plugin-system,Plugin System,API Adapter
🔤,programming-languages,Programming Languages,🧩,plugin-system,Plugin System,Hook System
🔤,programming-languages,Programming Languages,🧩,plugin-system,Plugin System,Event Bus Plugin
🔤,programming-languages,Programming Languages,🧩,plugin-system,Plugin System,Filter Chain
🔤,programming-languages,Programming Languages,🧩,plugin-system,Plugin System,Interceptor Stack
🔤,programming-languages,Programming Languages,🧩,plugin-system,Plugin System,Decorator Pipeline
🔤,programming-languages,Programming Languages,🧩,plugin-system,Plugin System,Strategy Registry
🔤,programming-languages,Programming Languages,🧩,plugin-system,Plugin System,Factory Registry
🔤,programming-languages,Programming Languages,🧩,plugin-system,Plugin System,Command Registry
🔤,programming-languages,Programming Languages,🧩,plugin-system,Plugin System,Tool Provider
🔤,programming-languages,Programming Languages,🧩,plugin-system,Plugin System,Panel Provider
🔤,programming-languages,Programming Languages,🧩,plugin-system,Plugin System,View Provider
🔤,programming-languages,Programming Languages,🧩,plugin-system,Plugin System,Editor Provider
🔤,programming-languages,Programming Languages,🧩,plugin-system,Plugin System,Completion Provider
🔤,programming-languages,Programming Languages,🧩,plugin-system,Plugin System,Validation Provider
🔤,programming-languages,Programming Languages,🧩,plugin-system,Plugin System,Format Provider
🔤,programming-languages,Programming Languages,🧩,plugin-system,Plugin System,Refactor Provider
🔤,programming-languages,Programming Languages,🧩,plugin-system,Plugin System,Code Action Provider
🔤,programming-languages,Programming Languages,🧩,plugin-system,Plugin System,Hover Provider
🔤,programming-languages,Programming Languages,🧩,plugin-system,Plugin System,Navigation Provider
🔤,programming-languages,Programming Languages,⚙️,toolchain-manager,Toolchain Manager,SDK Manager
🔤,programming-languages,Programming Languages,⚙️,toolchain-manager,Toolchain Manager,Version Switcher
🔤,programming-languages,Programming Languages,⚙️,toolchain-manager,Toolchain Manager,Channel Manager
🔤,programming-languages,Programming Languages,⚙️,toolchain-manager,Toolchain Manager,Update Checker
🔤,programming-languages,Programming Languages,⚙️,toolchain-manager,Toolchain Manager,Nightly Build
🔤,programming-languages,Programming Languages,⚙️,toolchain-manager,Toolchain Manager,Stable Build
🔤,programming-languages,Programming Languages,⚙️,toolchain-manager,Toolchain Manager,Beta Build
🔤,programming-languages,Programming Languages,⚙️,toolchain-manager,Toolchain Manager,Component Install
🔤,programming-languages,Programming Languages,⚙️,toolchain-manager,Toolchain Manager,Target Triplet
🔤,programming-languages,Programming Languages,⚙️,toolchain-manager,Toolchain Manager,Cross Compile Config
🔤,programming-languages,Programming Languages,⚙️,toolchain-manager,Toolchain Manager,Tool Symlink
🔤,programming-languages,Programming Languages,⚙️,toolchain-manager,Toolchain Manager,Path Config Tool
🔤,programming-languages,Programming Languages,⚙️,toolchain-manager,Toolchain Manager,Environment Export
🔤,programming-languages,Programming Languages,⚙️,toolchain-manager,Toolchain Manager,Init Shell
🔤,programming-languages,Programming Languages,⚙️,toolchain-manager,Toolchain Manager,Config File Gen
🔤,programming-languages,Programming Languages,⚙️,toolchain-manager,Toolchain Manager,Profiles Manager
🔤,programming-languages,Programming Languages,⚙️,toolchain-manager,Toolchain Manager,Custom Toolchain
🔤,programming-languages,Programming Languages,⚙️,toolchain-manager,Toolchain Manager,Override Manager
🔤,programming-languages,Programming Languages,⚙️,toolchain-manager,Toolchain Manager,Pin Version
🔤,programming-languages,Programming Languages,⚙️,toolchain-manager,Toolchain Manager,Channel Add
🔤,programming-languages,Programming Languages,⚙️,toolchain-manager,Toolchain Manager,Channel Remove
🔤,programming-languages,Programming Languages,⚙️,toolchain-manager,Toolchain Manager,List Installed
🔤,programming-languages,Programming Languages,⚙️,toolchain-manager,Toolchain Manager,List Available
🔤,programming-languages,Programming Languages,⚙️,toolchain-manager,Toolchain Manager,Search Toolchain
🔤,programming-languages,Programming Languages,⚙️,toolchain-manager,Toolchain Manager,Toolchain Verify
🔤,programming-languages,Programming Languages,⚙️,toolchain-manager,Toolchain Manager,Checksum Verify
🔤,programming-languages,Programming Languages,⚙️,toolchain-manager,Toolchain Manager,GPG Verify
🔤,programming-languages,Programming Languages,⚙️,toolchain-manager,Toolchain Manager,Archive Extract
🔤,programming-languages,Programming Languages,⚙️,toolchain-manager,Toolchain Manager,Temp Dir Clean
🔤,programming-languages,Programming Languages,⚙️,toolchain-manager,Toolchain Manager,Cache Manager
🔤,programming-languages,Programming Languages,🧮,category-theory-engine,Category Theory Engine,Functor Impl
🔤,programming-languages,Programming Languages,🧮,category-theory-engine,Category Theory Engine,Applicative Functor
🔤,programming-languages,Programming Languages,🧮,category-theory-engine,Category Theory Engine,Monad Implementation
🔤,programming-languages,Programming Languages,🧮,category-theory-engine,Category Theory Engine,Monoid Builder
🔤,programming-languages,Programming Languages,🧮,category-theory-engine,Category Theory Engine,Semigroup Engine
🔤,programming-languages,Programming Languages,🧮,category-theory-engine,Category Theory Engine,Category Definition
🔤,programming-languages,Programming Languages,🧮,category-theory-engine,Category Theory Engine,Natural Transform
🔤,programming-languages,Programming Languages,🧮,category-theory-engine,Category Theory Engine,Isomorphism Gen
🔤,programming-languages,Programming Languages,🧮,category-theory-engine,Category Theory Engine,Hom Functor
🔤,programming-languages,Programming Languages,🧮,category-theory-engine,Category Theory Engine,Limit Colimit
🔤,programming-languages,Programming Languages,🧮,category-theory-engine,Category Theory Engine,Product Coproduct
🔤,programming-languages,Programming Languages,🧮,category-theory-engine,Category Theory Engine,Exponential Object
🔤,programming-languages,Programming Languages,🧮,category-theory-engine,Category Theory Engine,Comma Category
🔤,programming-languages,Programming Languages,🧮,category-theory-engine,Category Theory Engine,Slice Category
🔤,programming-languages,Programming Languages,🧮,category-theory-engine,Category Theory Engine,Group Object
🔤,programming-languages,Programming Languages,🧮,category-theory-engine,Category Theory Engine,Monad Transformer
🔤,programming-languages,Programming Languages,🧮,category-theory-engine,Category Theory Engine,Reader Monad
🔤,programming-languages,Programming Languages,🧮,category-theory-engine,Category Theory Engine,Writer Monad
🔤,programming-languages,Programming Languages,🧮,category-theory-engine,Category Theory Engine,State Monad
🔤,programming-languages,Programming Languages,🧮,category-theory-engine,Category Theory Engine,Maybe Monad
🔤,programming-languages,Programming Languages,🧮,category-theory-engine,Category Theory Engine,Either Monad
🔤,programming-languages,Programming Languages,🧮,category-theory-engine,Category Theory Engine,List Monad
🔤,programming-languages,Programming Languages,🧮,category-theory-engine,Category Theory Engine,Cont Monad
🔤,programming-languages,Programming Languages,🧮,category-theory-engine,Category Theory Engine,Free Monad
🔤,programming-languages,Programming Languages,🧮,category-theory-engine,Category Theory Engine,Cofree Comonad
🔤,programming-languages,Programming Languages,🧮,category-theory-engine,Category Theory Engine,Yoneda Lemma
🔤,programming-languages,Programming Languages,🧮,category-theory-engine,Category Theory Engine,Coyoneda Lemma
🔤,programming-languages,Programming Languages,🧮,category-theory-engine,Category Theory Engine,Kleisli Category
🔤,programming-languages,Programming Languages,🧮,category-theory-engine,Category Theory Engine,Arrow Pattern
🔤,programming-languages,Programming Languages,🧮,category-theory-engine,Category Theory Engine,Lens Category
🔒,security-crypto,Security & Crypto,🔐,symmetric-cipher,Symmetric Cipher,AES Encrypt SC
🔒,security-crypto,Security & Crypto,🔐,symmetric-cipher,Symmetric Cipher,AES Decrypt SC
🔒,security-crypto,Security & Crypto,🔐,symmetric-cipher,Symmetric Cipher,AES 128 SC
🔒,security-crypto,Security & Crypto,🔐,symmetric-cipher,Symmetric Cipher,AES 192 SC
🔒,security-crypto,Security & Crypto,🔐,symmetric-cipher,Symmetric Cipher,AES 256 SC
🔒,security-crypto,Security & Crypto,🔐,symmetric-cipher,Symmetric Cipher,AES ECB Mode
🔒,security-crypto,Security & Crypto,🔐,symmetric-cipher,Symmetric Cipher,AES CBC Mode
🔒,security-crypto,Security & Crypto,🔐,symmetric-cipher,Symmetric Cipher,AES CFB Mode
🔒,security-crypto,Security & Crypto,🔐,symmetric-cipher,Symmetric Cipher,AES OFB Mode
🔒,security-crypto,Security & Crypto,🔐,symmetric-cipher,Symmetric Cipher,AES CTR Mode
🔒,security-crypto,Security & Crypto,🔐,symmetric-cipher,Symmetric Cipher,AES GCM Mode SC
🔒,security-crypto,Security & Crypto,🔐,symmetric-cipher,Symmetric Cipher,AES CCM Mode
🔒,security-crypto,Security & Crypto,🔐,symmetric-cipher,Symmetric Cipher,AES Key Schedule
🔒,security-crypto,Security & Crypto,🔐,symmetric-cipher,Symmetric Cipher,AES S Box Impl SC
🔒,security-crypto,Security & Crypto,🔐,symmetric-cipher,Symmetric Cipher,AES Inv S Box SC
🔒,security-crypto,Security & Crypto,🔐,symmetric-cipher,Symmetric Cipher,AES Mix Cols SC
🔒,security-crypto,Security & Crypto,🔐,symmetric-cipher,Symmetric Cipher,AES Inv Mix Cols
🔒,security-crypto,Security & Crypto,🔐,symmetric-cipher,Symmetric Cipher,AES Shift Rows SC
🔒,security-crypto,Security & Crypto,🔐,symmetric-cipher,Symmetric Cipher,AES Inv Shift Rows
🔒,security-crypto,Security & Crypto,🔐,symmetric-cipher,Symmetric Cipher,ChaCha20 Cipher SC
🔒,security-crypto,Security & Crypto,🔐,symmetric-cipher,Symmetric Cipher,ChaCha Quarter Round
🔒,security-crypto,Security & Crypto,🔐,symmetric-cipher,Symmetric Cipher,ChaCha Block Func
🔒,security-crypto,Security & Crypto,🔐,symmetric-cipher,Symmetric Cipher,ChaCha20 Encrypt
🔒,security-crypto,Security & Crypto,🔐,symmetric-cipher,Symmetric Cipher,ChaCha20 Decrypt
🔒,security-crypto,Security & Crypto,🔐,symmetric-cipher,Symmetric Cipher,Salsa20 Cipher SC
🔒,security-crypto,Security & Crypto,🔐,symmetric-cipher,Symmetric Cipher,XSalsa20 SC
🔒,security-crypto,Security & Crypto,🔐,symmetric-cipher,Symmetric Cipher,Blowfish Cipher
🔒,security-crypto,Security & Crypto,🔐,symmetric-cipher,Symmetric Cipher,Twofish Cipher SC
🔒,security-crypto,Security & Crypto,🔐,symmetric-cipher,Symmetric Cipher,Serpent Cipher SC
🔒,security-crypto,Security & Crypto,🔐,symmetric-cipher,Symmetric Cipher,Camellia Cipher
🔒,security-crypto,Security & Crypto,🔑,asymmetric-cipher,Asymmetric Cipher,RSA Key Gen AC
🔒,security-crypto,Security & Crypto,🔑,asymmetric-cipher,Asymmetric Cipher,RSA Encrypt AC
🔒,security-crypto,Security & Crypto,🔑,asymmetric-cipher,Asymmetric Cipher,RSA Decrypt AC
🔒,security-crypto,Security & Crypto,🔑,asymmetric-cipher,Asymmetric Cipher,RSA Sign AC
🔒,security-crypto,Security & Crypto,🔑,asymmetric-cipher,Asymmetric Cipher,RSA Verify AC
🔒,security-crypto,Security & Crypto,🔑,asymmetric-cipher,Asymmetric Cipher,RSA Blind Sign
🔒,security-crypto,Security & Crypto,🔑,asymmetric-cipher,Asymmetric Cipher,RSA OAEP Padding
🔒,security-crypto,Security & Crypto,🔑,asymmetric-cipher,Asymmetric Cipher,RSA PSS Padding
🔒,security-crypto,Security & Crypto,🔑,asymmetric-cipher,Asymmetric Cipher,RSA CRT AC
🔒,security-crypto,Security & Crypto,🔑,asymmetric-cipher,Asymmetric Cipher,ECC Key Gen AC
🔒,security-crypto,Security & Crypto,🔑,asymmetric-cipher,Asymmetric Cipher,ECC Point Add AC
🔒,security-crypto,Security & Crypto,🔑,asymmetric-cipher,Asymmetric Cipher,ECC Point Mul AC
🔒,security-crypto,Security & Crypto,🔑,asymmetric-cipher,Asymmetric Cipher,ECDH Key Exchange
🔒,security-crypto,Security & Crypto,🔑,asymmetric-cipher,Asymmetric Cipher,ECDSA Sign AC
🔒,security-crypto,Security & Crypto,🔑,asymmetric-cipher,Asymmetric Cipher,ECDSA Verify AC
🔒,security-crypto,Security & Crypto,🔑,asymmetric-cipher,Asymmetric Cipher,EdDSA Sign AC
🔒,security-crypto,Security & Crypto,🔑,asymmetric-cipher,Asymmetric Cipher,EdDSA Verify AC
🔒,security-crypto,Security & Crypto,🔑,asymmetric-cipher,Asymmetric Cipher,Ed25519 AC
🔒,security-crypto,Security & Crypto,🔑,asymmetric-cipher,Asymmetric Cipher,Ed448 AC
🔒,security-crypto,Security & Crypto,🔑,asymmetric-cipher,Asymmetric Cipher,X25519 Key Exch
🔒,security-crypto,Security & Crypto,🔑,asymmetric-cipher,Asymmetric Cipher,X448 Key Exchange
🔒,security-crypto,Security & Crypto,🔑,asymmetric-cipher,Asymmetric Cipher,ElGamal Encrypt
🔒,security-crypto,Security & Crypto,🔑,asymmetric-cipher,Asymmetric Cipher,ElGamal Decrypt
🔒,security-crypto,Security & Crypto,🔑,asymmetric-cipher,Asymmetric Cipher,DSA Sign AC
🔒,security-crypto,Security & Crypto,🔑,asymmetric-cipher,Asymmetric Cipher,DSA Verify AC
🔒,security-crypto,Security & Crypto,🔑,asymmetric-cipher,Asymmetric Cipher,Diffie Hellman AC
🔒,security-crypto,Security & Crypto,🔑,asymmetric-cipher,Asymmetric Cipher,DH Key Exchange
🔒,security-crypto,Security & Crypto,🔑,asymmetric-cipher,Asymmetric Cipher,DH Param Gen AC
🔒,security-crypto,Security & Crypto,🔑,asymmetric-cipher,Asymmetric Cipher,NTRU Encrypt AC
🔒,security-crypto,Security & Crypto,🔑,asymmetric-cipher,Asymmetric Cipher,McEliece AC
🔒,security-crypto,Security & Crypto,🔑,key-management,Key Management,Key Gen KM
🔒,security-crypto,Security & Crypto,🔑,key-management,Key Management,Key Derivation KM
🔒,security-crypto,Security & Crypto,🔑,key-management,Key Management,PBKDF2 KM
🔒,security-crypto,Security & Crypto,🔑,key-management,Key Management,bcrypt KM Clone
🔒,security-crypto,Security & Crypto,🔑,key-management,Key Management,scrypt KM Clone
🔒,security-crypto,Security & Crypto,🔑,key-management,Key Management,Argon2 KM Clone
🔒,security-crypto,Security & Crypto,🔑,key-management,Key Management,Argon2d KM
🔒,security-crypto,Security & Crypto,🔑,key-management,Key Management,Argon2i KM
🔒,security-crypto,Security & Crypto,🔑,key-management,Key Management,Argon2id KM
🔒,security-crypto,Security & Crypto,🔑,key-management,Key Management,HKDF KM
🔒,security-crypto,Security & Crypto,🔑,key-management,Key Management,Key Wrap KM
🔒,security-crypto,Security & Crypto,🔑,key-management,Key Management,AES Key Wrap KM
🔒,security-crypto,Security & Crypto,🔑,key-management,Key Management,TDEA Key Wrap KM
🔒,security-crypto,Security & Crypto,🔑,key-management,Key Management,Key Split KM
🔒,security-crypto,Security & Crypto,🔑,key-management,Key Management,Shamir Secret KM
🔒,security-crypto,Security & Crypto,🔑,key-management,Key Management,Key Combine KM
🔒,security-crypto,Security & Crypto,🔑,key-management,Key Management,Key Rotation KM
🔒,security-crypto,Security & Crypto,🔑,key-management,Key Management,Key Expiry KM
🔒,security-crypto,Security & Crypto,🔑,key-management,Key Management,Key Revoke KM
🔒,security-crypto,Security & Crypto,🔑,key-management,Key Management,Key Archive KM
🔒,security-crypto,Security & Crypto,🔑,key-management,Key Management,Key Backup KM
🔒,security-crypto,Security & Crypto,🔑,key-management,Key Management,Key Restore KM
🔒,security-crypto,Security & Crypto,🔑,key-management,Key Management,Key Audit KM
🔒,security-crypto,Security & Crypto,🔑,key-management,Key Management,Key Inventory KM
🔒,security-crypto,Security & Crypto,🔑,key-management,Key Management,Key Recovery KM
🔒,security-crypto,Security & Crypto,🔑,key-management,Key Management,Key Escrow KM
🔒,security-crypto,Security & Crypto,🔑,key-management,Key Management,HSM Interface KM
🔒,security-crypto,Security & Crypto,🔑,key-management,Key Management,PKCS #11 KM
🔒,security-crypto,Security & Crypto,🔑,key-management,Key Management,KMIP Protocol KM
🔒,security-crypto,Security & Crypto,🔑,key-management,Key Management,Key Server KM
🔒,security-crypto,Security & Crypto,🛡️,hash-function,Hash Function,SHA 1 Hash
🔒,security-crypto,Security & Crypto,🛡️,hash-function,Hash Function,SHA 224 Hash
🔒,security-crypto,Security & Crypto,🛡️,hash-function,Hash Function,SHA 256 Hash
🔒,security-crypto,Security & Crypto,🛡️,hash-function,Hash Function,SHA 384 Hash
🔒,security-crypto,Security & Crypto,🛡️,hash-function,Hash Function,SHA 512 Hash
🔒,security-crypto,Security & Crypto,🛡️,hash-function,Hash Function,SHA 512 224 HF
🔒,security-crypto,Security & Crypto,🛡️,hash-function,Hash Function,SHA 512 256 HF
🔒,security-crypto,Security & Crypto,🛡️,hash-function,Hash Function,SHA 3 224 HF
🔒,security-crypto,Security & Crypto,🛡️,hash-function,Hash Function,SHA 3 256 HF
🔒,security-crypto,Security & Crypto,🛡️,hash-function,Hash Function,SHA 3 384 HF
🔒,security-crypto,Security & Crypto,🛡️,hash-function,Hash Function,SHA 3 512 HF
🔒,security-crypto,Security & Crypto,🛡️,hash-function,Hash Function,SHAKE128 HF
🔒,security-crypto,Security & Crypto,🛡️,hash-function,Hash Function,SHAKE256 HF
🔒,security-crypto,Security & Crypto,🛡️,hash-function,Hash Function,MD5 Hash HF
🔒,security-crypto,Security & Crypto,🛡️,hash-function,Hash Function,MD4 Hash HF
🔒,security-crypto,Security & Crypto,🛡️,hash-function,Hash Function,MD2 Hash HF
🔒,security-crypto,Security & Crypto,🛡️,hash-function,Hash Function,RIPEMD 160 HF
🔒,security-crypto,Security & Crypto,🛡️,hash-function,Hash Function,RIPEMD 256 HF
🔒,security-crypto,Security & Crypto,🛡️,hash-function,Hash Function,RIPEMD 320 HF
🔒,security-crypto,Security & Crypto,🛡️,hash-function,Hash Function,BLAKE2 HF
🔒,security-crypto,Security & Crypto,🛡️,hash-function,Hash Function,BLAKE2s HF
🔒,security-crypto,Security & Crypto,🛡️,hash-function,Hash Function,BLAKE2b HF
🔒,security-crypto,Security & Crypto,🛡️,hash-function,Hash Function,BLAKE3 HF
🔒,security-crypto,Security & Crypto,🛡️,hash-function,Hash Function,Whirlpool HF
🔒,security-crypto,Security & Crypto,🛡️,hash-function,Hash Function,SM3 Hash HF
🔒,security-crypto,Security & Crypto,🛡️,hash-function,Hash Function,Tiger Hash HF
🔒,security-crypto,Security & Crypto,🛡️,hash-function,Hash Function,GOST Hash HF
🔒,security-crypto,Security & Crypto,🛡️,hash-function,Hash Function,HMAC HF
🔒,security-crypto,Security & Crypto,🛡️,hash-function,Hash Function,NMAC HF
🔒,security-crypto,Security & Crypto,🛡️,hash-function,Hash Function,KMAC HF
🔒,security-crypto,Security & Crypto,🔎,cryptanalysis,Cryptanalysis,Brute Force CA
🔒,security-crypto,Security & Crypto,🔎,cryptanalysis,Cryptanalysis,Dictionary Attack
🔒,security-crypto,Security & Crypto,🔎,cryptanalysis,Cryptanalysis,Rainbow Table CA
🔒,security-crypto,Security & Crypto,🔎,cryptanalysis,Cryptanalysis,Time Mem Tradeoff
🔒,security-crypto,Security & Crypto,🔎,cryptanalysis,Cryptanalysis,Frequency Anal CA
🔒,security-crypto,Security & Crypto,🔎,cryptanalysis,Cryptanalysis,Letter Freq CA
🔒,security-crypto,Security & Crypto,🔎,cryptanalysis,Cryptanalysis,Digraph Freq CA
🔒,security-crypto,Security & Crypto,🔎,cryptanalysis,Cryptanalysis,Trigraph Freq CA
🔒,security-crypto,Security & Crypto,🔎,cryptanalysis,Cryptanalysis,Kasiski Exam CA
🔒,security-crypto,Security & Crypto,🔎,cryptanalysis,Cryptanalysis,Index Coincidence
🔒,security-crypto,Security & Crypto,🔎,cryptanalysis,Cryptanalysis,Chi Squared CA
🔒,security-crypto,Security & Crypto,🔎,cryptanalysis,Cryptanalysis,Entropy Calc CA
🔒,security-crypto,Security & Crypto,🔎,cryptanalysis,Cryptanalysis,Differential CA
🔒,security-crypto,Security & Crypto,🔎,cryptanalysis,Cryptanalysis,Linear CA
🔒,security-crypto,Security & Crypto,🔎,cryptanalysis,Cryptanalysis,Side Channel CA
🔒,security-crypto,Security & Crypto,🔎,cryptanalysis,Cryptanalysis,Timing Attack CA
🔒,security-crypto,Security & Crypto,🔎,cryptanalysis,Cryptanalysis,Power Analysis CA
🔒,security-crypto,Security & Crypto,🔎,cryptanalysis,Cryptanalysis,Simple Power CA
🔒,security-crypto,Security & Crypto,🔎,cryptanalysis,Cryptanalysis,Diff Power CA
🔒,security-crypto,Security & Crypto,🔎,cryptanalysis,Cryptanalysis,Cache Attack CA
🔒,security-crypto,Security & Crypto,🔎,cryptanalysis,Cryptanalysis,Spectre Attack CA
🔒,security-crypto,Security & Crypto,🔎,cryptanalysis,Cryptanalysis,Meltdown Attack
🔒,security-crypto,Security & Crypto,🔎,cryptanalysis,Cryptanalysis,Padding Oracle CA
🔒,security-crypto,Security & Crypto,🔎,cryptanalysis,Cryptanalysis,Bleichenbacher CA
🔒,security-crypto,Security & Crypto,🔎,cryptanalysis,Cryptanalysis,Manger Attack CA
🔒,security-crypto,Security & Crypto,🔎,cryptanalysis,Cryptanalysis,Hash Collision CA
🔒,security-crypto,Security & Crypto,🔎,cryptanalysis,Cryptanalysis,Birthday Attack CA
🔒,security-crypto,Security & Crypto,🔎,cryptanalysis,Cryptanalysis,Meet In Middle CA
🔒,security-crypto,Security & Crypto,🔎,cryptanalysis,Cryptanalysis,Related Key CA
🔒,security-crypto,Security & Crypto,🔎,cryptanalysis,Cryptanalysis,Slide Attack CA
🔒,security-crypto,Security & Crypto,🧪,random-number-gen,Random Number Gen,PRNG RNG
🔒,security-crypto,Security & Crypto,🧪,random-number-gen,Random Number Gen,LCG RNG
🔒,security-crypto,Security & Crypto,🧪,random-number-gen,Random Number Gen,Xorshift RNG
🔒,security-crypto,Security & Crypto,🧪,random-number-gen,Random Number Gen,Xoroshiro RNG
🔒,security-crypto,Security & Crypto,🧪,random-number-gen,Random Number Gen,SplitMix RNG
🔒,security-crypto,Security & Crypto,🧪,random-number-gen,Random Number Gen,MT19937 RNG
🔒,security-crypto,Security & Crypto,🧪,random-number-gen,Random Number Gen,PCG RNG
🔒,security-crypto,Security & Crypto,🧪,random-number-gen,Random Number Gen,ChaCha RNG
🔒,security-crypto,Security & Crypto,🧪,random-number-gen,Random Number Gen,Fortuna RNG
🔒,security-crypto,Security & Crypto,🧪,random-number-gen,Random Number Gen,Yarrow RNG
🔒,security-crypto,Security & Crypto,🧪,random-number-gen,Random Number Gen,HMAC DRBG
🔒,security-crypto,Security & Crypto,🧪,random-number-gen,Random Number Gen,Hash DRBG
🔒,security-crypto,Security & Crypto,🧪,random-number-gen,Random Number Gen,CTR DRBG
🔒,security-crypto,Security & Crypto,🧪,random-number-gen,Random Number Gen,Entropy Source RNG
🔒,security-crypto,Security & Crypto,🧪,random-number-gen,Random Number Gen,Hardware RNG
🔒,security-crypto,Security & Crypto,🧪,random-number-gen,Random Number Gen,RDSEED RNG
🔒,security-crypto,Security & Crypto,🧪,random-number-gen,Random Number Gen,RDRAND RNG
🔒,security-crypto,Security & Crypto,🧪,random-number-gen,Random Number Gen,Get Random RNG
🔒,security-crypto,Security & Crypto,🧪,random-number-gen,Random Number Gen,Jitter Entropy
🔒,security-crypto,Security & Crypto,🧪,random-number-gen,Random Number Gen,Ring Oscillator
🔒,security-crypto,Security & Crypto,🧪,random-number-gen,Random Number Gen,ADC Noise RNG
🔒,security-crypto,Security & Crypto,🧪,random-number-gen,Random Number Gen,Seed Manager RNG
🔒,security-crypto,Security & Crypto,🧪,random-number-gen,Random Number Gen,Seed File RNG
🔒,security-crypto,Security & Crypto,🧪,random-number-gen,Random Number Gen,Seed Reseed RNG
🔒,security-crypto,Security & Crypto,🧪,random-number-gen,Random Number Gen,State Save RNG
🔒,security-crypto,Security & Crypto,🧪,random-number-gen,Random Number Gen,State Load RNG
🔒,security-crypto,Security & Crypto,🧪,random-number-gen,Random Number Gen,Test Vector RNG
🔒,security-crypto,Security & Crypto,🧪,random-number-gen,Random Number Gen,Statistical Test
🔒,security-crypto,Security & Crypto,🧪,random-number-gen,Random Number Gen,Diehard Test RNG
🔒,security-crypto,Security & Crypto,🧪,random-number-gen,Random Number Gen,NIST STS RNG
🔒,security-crypto,Security & Crypto,🔒,pki-infrastructure,PKI Infrastructure,X509 Cert Gen
🔒,security-crypto,Security & Crypto,🔒,pki-infrastructure,PKI Infrastructure,X509 Cert Parse
🔒,security-crypto,Security & Crypto,🔒,pki-infrastructure,PKI Infrastructure,X509 Cert Verify
🔒,security-crypto,Security & Crypto,🔒,pki-infrastructure,PKI Infrastructure,X509 Chain Build
🔒,security-crypto,Security & Crypto,🔒,pki-infrastructure,PKI Infrastructure,X509 Chain Verify
🔒,security-crypto,Security & Crypto,🔒,pki-infrastructure,PKI Infrastructure,Self Signed PKI
🔒,security-crypto,Security & Crypto,🔒,pki-infrastructure,PKI Infrastructure,Root CA PKI
🔒,security-crypto,Security & Crypto,🔒,pki-infrastructure,PKI Infrastructure,Intermediate CA PKI
🔒,security-crypto,Security & Crypto,🔒,pki-infrastructure,PKI Infrastructure,Leaf Cert PKI
🔒,security-crypto,Security & Crypto,🔒,pki-infrastructure,PKI Infrastructure,CRL Generator PKI
🔒,security-crypto,Security & Crypto,🔒,pki-infrastructure,PKI Infrastructure,CRL Parser PKI
🔒,security-crypto,Security & Crypto,🔒,pki-infrastructure,PKI Infrastructure,OCSP Responder PKI
🔒,security-crypto,Security & Crypto,🔒,pki-infrastructure,PKI Infrastructure,OCSP Request PKI
🔒,security-crypto,Security & Crypto,🔒,pki-infrastructure,PKI Infrastructure,OCSP Verify PKI
🔒,security-crypto,Security & Crypto,🔒,pki-infrastructure,PKI Infrastructure,CSR Generator
🔒,security-crypto,Security & Crypto,🔒,pki-infrastructure,PKI Infrastructure,CSR Parser PKI
🔒,security-crypto,Security & Crypto,🔒,pki-infrastructure,PKI Infrastructure,CSR Verify PKI
🔒,security-crypto,Security & Crypto,🔒,pki-infrastructure,PKI Infrastructure,Certificate Store
🔒,security-crypto,Security & Crypto,🔒,pki-infrastructure,PKI Infrastructure,Cert Validation PKI
🔒,security-crypto,Security & Crypto,🔒,pki-infrastructure,PKI Infrastructure,Cert Revocation PKI
🔒,security-crypto,Security & Crypto,🔒,pki-infrastructure,PKI Infrastructure,Cert Renewal PKI
🔒,security-crypto,Security & Crypto,🔒,pki-infrastructure,PKI Infrastructure,Cert Expiry Check
🔒,security-crypto,Security & Crypto,🔒,pki-infrastructure,PKI Infrastructure,Key Pair Gen PKI
🔒,security-crypto,Security & Crypto,🔒,pki-infrastructure,PKI Infrastructure,PKCS #12 PKI
🔒,security-crypto,Security & Crypto,🔒,pki-infrastructure,PKI Infrastructure,PKCS #7 PKI
🔒,security-crypto,Security & Crypto,🔒,pki-infrastructure,PKI Infrastructure,PKCS #10 PKI
🔒,security-crypto,Security & Crypto,🔒,pki-infrastructure,PKI Infrastructure,CMP Protocol PKI
🔒,security-crypto,Security & Crypto,🔒,pki-infrastructure,PKI Infrastructure,CMC Protocol PKI
🔒,security-crypto,Security & Crypto,🔒,pki-infrastructure,PKI Infrastructure,SCEP Protocol PKI
🔒,security-crypto,Security & Crypto,🔒,pki-infrastructure,PKI Infrastructure,EST Protocol PKI
🔒,security-crypto,Security & Crypto,🔒,zero-knowledge-proof,Zero Knowledge Proof,ZK SNARK ZKP
🔒,security-crypto,Security & Crypto,🔒,zero-knowledge-proof,Zero Knowledge Proof,Gro16 ZKP
🔒,security-crypto,Security & Crypto,🔒,zero-knowledge-proof,Zero Knowledge Proof,PGHR13 ZKP
🔒,security-crypto,Security & Crypto,🔒,zero-knowledge-proof,Zero Knowledge Proof,BCTV14 ZKP
🔒,security-crypto,Security & Crypto,🔒,zero-knowledge-proof,Zero Knowledge Proof,Groth16 Prover
🔒,security-crypto,Security & Crypto,🔒,zero-knowledge-proof,Zero Knowledge Proof,Groth16 Verify
🔒,security-crypto,Security & Crypto,🔒,zero-knowledge-proof,Zero Knowledge Proof,ZK STARK ZKP
🔒,security-crypto,Security & Crypto,🔒,zero-knowledge-proof,Zero Knowledge Proof,FRI Protocol ZKP
🔒,security-crypto,Security & Crypto,🔒,zero-knowledge-proof,Zero Knowledge Proof,Ligero ZKP
🔒,security-crypto,Security & Crypto,🔒,zero-knowledge-proof,Zero Knowledge Proof,Aurora ZKP
🔒,security-crypto,Security & Crypto,🔒,zero-knowledge-proof,Zero Knowledge Proof,Bulletproofs ZKP
🔒,security-crypto,Security & Crypto,🔒,zero-knowledge-proof,Zero Knowledge Proof,Range Proof ZKP
🔒,security-crypto,Security & Crypto,🔒,zero-knowledge-proof,Zero Knowledge Proof,Inner Product Arg
🔒,security-crypto,Security & Crypto,🔒,zero-knowledge-proof,Zero Knowledge Proof,Sigma Protocol ZKP
🔒,security-crypto,Security & Crypto,🔒,zero-knowledge-proof,Zero Knowledge Proof,Schnorr Proof ZKP
🔒,security-crypto,Security & Crypto,🔒,zero-knowledge-proof,Zero Knowledge Proof,Chaum Pedersen ZKP
🔒,security-crypto,Security & Crypto,🔒,zero-knowledge-proof,Zero Knowledge Proof,Discrete Log ZKP
🔒,security-crypto,Security & Crypto,🔒,zero-knowledge-proof,Zero Knowledge Proof,Equality Proof ZKP
🔒,security-crypto,Security & Crypto,🔒,zero-knowledge-proof,Zero Knowledge Proof,Membership Proof
🔒,security-crypto,Security & Crypto,🔒,zero-knowledge-proof,Zero Knowledge Proof,Non Membership ZKP
🔒,security-crypto,Security & Crypto,🔒,zero-knowledge-proof,Zero Knowledge Proof,Set Membership ZKP
🔒,security-crypto,Security & Crypto,🔒,zero-knowledge-proof,Zero Knowledge Proof,Commitment Scheme
🔒,security-crypto,Security & Crypto,🔒,zero-knowledge-proof,Zero Knowledge Proof,Pedersen Commit
🔒,security-crypto,Security & Crypto,🔒,zero-knowledge-proof,Zero Knowledge Proof,ElGamal Commit ZKP
🔒,security-crypto,Security & Crypto,🔒,zero-knowledge-proof,Zero Knowledge Proof,Hash Based Commit
🔒,security-crypto,Security & Crypto,🔒,zero-knowledge-proof,Zero Knowledge Proof,KZG Commitment
🔒,security-crypto,Security & Crypto,🔒,zero-knowledge-proof,Zero Knowledge Proof,Polynomial Commit
🔒,security-crypto,Security & Crypto,🔒,zero-knowledge-proof,Zero Knowledge Proof,PLONK ZKP
🔒,security-crypto,Security & Crypto,🔒,zero-knowledge-proof,Zero Knowledge Proof,Marlin ZKP
🔒,security-crypto,Security & Crypto,🔒,zero-knowledge-proof,Zero Knowledge Proof,Fractal ZKP
🔒,security-crypto,Security & Crypto,🔗,blockchain,Blockchain,Block Structure BC
🔒,security-crypto,Security & Crypto,🔗,blockchain,Blockchain,Chain Manager BC
🔒,security-crypto,Security & Crypto,🔗,blockchain,Blockchain,Merkle Tree BC
🔒,security-crypto,Security & Crypto,🔗,blockchain,Blockchain,Merkle Proof BC
🔒,security-crypto,Security & Crypto,🔗,blockchain,Blockchain,Block Header BC
🔒,security-crypto,Security & Crypto,🔗,blockchain,Blockchain,Block Body BC
🔒,security-crypto,Security & Crypto,🔗,blockchain,Blockchain,Genesis Block BC
🔒,security-crypto,Security & Crypto,🔗,blockchain,Blockchain,Pow Consensus BC
🔒,security-crypto,Security & Crypto,🔗,blockchain,Blockchain,SHA256 Mining BC
🔒,security-crypto,Security & Crypto,🔗,blockchain,Blockchain,Difficulty Adjust
🔒,security-crypto,Security & Crypto,🔗,blockchain,Blockchain,Target Calc BC
🔒,security-crypto,Security & Crypto,🔗,blockchain,Blockchain,Nonce Find BC
🔒,security-crypto,Security & Crypto,🔗,blockchain,Blockchain,Ethash BC Clone
🔒,security-crypto,Security & Crypto,🔗,blockchain,Blockchain,POS Consensus BC
🔒,security-crypto,Security & Crypto,🔗,blockchain,Blockchain,Validator Select BC
🔒,security-crypto,Security & Crypto,🔗,blockchain,Blockchain,Staking BC
🔒,security-crypto,Security & Crypto,🔗,blockchain,Blockchain,Slashing BC
🔒,security-crypto,Security & Crypto,🔗,blockchain,Blockchain,Epoch BC
🔒,security-crypto,Security & Crypto,🔗,blockchain,Blockchain,Finality BC
🔒,security-crypto,Security & Crypto,🔗,blockchain,Blockchain,Casper FFG BC
🔒,security-crypto,Security & Crypto,🔗,blockchain,Blockchain,Tendermint BC
🔒,security-crypto,Security & Crypto,🔗,blockchain,Blockchain,PBFT BC Clone
🔒,security-crypto,Security & Crypto,🔗,blockchain,Blockchain,HotStuff BFT BC
🔒,security-crypto,Security & Crypto,🔗,blockchain,Blockchain,Transaction BC
🔒,security-crypto,Security & Crypto,🔗,blockchain,Blockchain,Tx Pool BC
🔒,security-crypto,Security & Crypto,🔗,blockchain,Blockchain,Tx Sign BC
🔒,security-crypto,Security & Crypto,🔗,blockchain,Blockchain,Tx Verify BC
🔒,security-crypto,Security & Crypto,🔗,blockchain,Blockchain,Account State BC
🔒,security-crypto,Security & Crypto,🔗,blockchain,Blockchain,UTXO Model BC
🔒,security-crypto,Security & Crypto,🔗,blockchain,Blockchain,Smart Contract BC
🔒,security-crypto,Security & Crypto,🌐,web3-library,Web3 Library,Ethereum RPC W3
🔒,security-crypto,Security & Crypto,🌐,web3-library,Web3 Library,JSON RPC Client
🔒,security-crypto,Security & Crypto,🌐,web3-library,Web3 Library,Web3 Provider W3
🔒,security-crypto,Security & Crypto,🌐,web3-library,Web3 Library,Account Manager W3
🔒,security-crypto,Security & Crypto,🌐,web3-library,Web3 Library,Wallet W3
🔒,security-crypto,Security & Crypto,🌐,web3-library,Web3 Library,HD Wallet W3
🔒,security-crypto,Security & Crypto,🌐,web3-library,Web3 Library,BIP32 W3
🔒,security-crypto,Security & Crypto,🌐,web3-library,Web3 Library,BIP39 W3
🔒,security-crypto,Security & Crypto,🌐,web3-library,Web3 Library,BIP44 W3
🔒,security-crypto,Security & Crypto,🌐,web3-library,Web3 Library,EIP55 Address W3
🔒,security-crypto,Security & Crypto,🌐,web3-library,Web3 Library,Transaction Build
🔒,security-crypto,Security & Crypto,🌐,web3-library,Web3 Library,Transaction Sign
🔒,security-crypto,Security & Crypto,🌐,web3-library,Web3 Library,Transaction Send
🔒,security-crypto,Security & Crypto,🌐,web3-library,Web3 Library,Gas Estimate W3
🔒,security-crypto,Security & Crypto,🌐,web3-library,Web3 Library,Gas Price W3
🔒,security-crypto,Security & Crypto,🌐,web3-library,Web3 Library,EIP1559 Tx W3
🔒,security-crypto,Security & Crypto,🌐,web3-library,Web3 Library,Contract Deploy W3
🔒,security-crypto,Security & Crypto,🌐,web3-library,Web3 Library,Contract Call W3
🔒,security-crypto,Security & Crypto,🌐,web3-library,Web3 Library,ABI Encoder W3
🔒,security-crypto,Security & Crypto,🌐,web3-library,Web3 Library,ABI Decoder W3
🔒,security-crypto,Security & Crypto,🌐,web3-library,Web3 Library,Event Log W3
🔒,security-crypto,Security & Crypto,🌐,web3-library,Web3 Library,Block Subscribe W3
🔒,security-crypto,Security & Crypto,🌐,web3-library,Web3 Library,Log Subscribe W3
🔒,security-crypto,Security & Crypto,🌐,web3-library,Web3 Library,Filter Log W3
🔒,security-crypto,Security & Crypto,🌐,web3-library,Web3 Library,ENS Lookup W3
🔒,security-crypto,Security & Crypto,🌐,web3-library,Web3 Library,ERC20 Token W3
🔒,security-crypto,Security & Crypto,🌐,web3-library,Web3 Library,ERC721 NFT W3
🔒,security-crypto,Security & Crypto,🌐,web3-library,Web3 Library,ERC1155 W3
🔒,security-crypto,Security & Crypto,🌐,web3-library,Web3 Library,Multicall W3
🔒,security-crypto,Security & Crypto,🌐,web3-library,Web3 Library,IPFS Client W3
🔒,security-crypto,Security & Crypto,🛡️,penetration-testing,Penetration Testing,Port Scanner PT
🔒,security-crypto,Security & Crypto,🛡️,penetration-testing,Penetration Testing,TCP Connect Scan
🔒,security-crypto,Security & Crypto,🛡️,penetration-testing,Penetration Testing,SYN Scan PT
🔒,security-crypto,Security & Crypto,🛡️,penetration-testing,Penetration Testing,UDP Scan PT
🔒,security-crypto,Security & Crypto,🛡️,penetration-testing,Penetration Testing,Service Detect PT
🔒,security-crypto,Security & Crypto,🛡️,penetration-testing,Penetration Testing,OS Fingerprint PT
🔒,security-crypto,Security & Crypto,🛡️,penetration-testing,Penetration Testing,Vuln Scanner PT
🔒,security-crypto,Security & Crypto,🛡️,penetration-testing,Penetration Testing,Nessus Clone PT
🔒,security-crypto,Security & Crypto,🛡️,penetration-testing,Penetration Testing,OpenVAS Clone PT
🔒,security-crypto,Security & Crypto,🛡️,penetration-testing,Penetration Testing,Nmap Clone PT
🔒,security-crypto,Security & Crypto,🛡️,penetration-testing,Penetration Testing,Nikto Clone PT
🔒,security-crypto,Security & Crypto,🛡️,penetration-testing,Penetration Testing,Dir Buster PT
🔒,security-crypto,Security & Crypto,🛡️,penetration-testing,Penetration Testing,File Fuzz PT
🔒,security-crypto,Security & Crypto,🛡️,penetration-testing,Penetration Testing,Parameter Fuzz PT
🔒,security-crypto,Security & Crypto,🛡️,penetration-testing,Penetration Testing,SQL Injection PT
🔒,security-crypto,Security & Crypto,🛡️,penetration-testing,Penetration Testing,SQLMap Clone PT
🔒,security-crypto,Security & Crypto,🛡️,penetration-testing,Penetration Testing,XSS Scanner PT
🔒,security-crypto,Security & Crypto,🛡️,penetration-testing,Penetration Testing,CSRF Tester PT
🔒,security-crypto,Security & Crypto,🛡️,penetration-testing,Penetration Testing,SSRF Tester PT
🔒,security-crypto,Security & Crypto,🛡️,penetration-testing,Penetration Testing,LFI RFI Tester
🔒,security-crypto,Security & Crypto,🛡️,penetration-testing,Penetration Testing,Command Inject PT
🔒,security-crypto,Security & Crypto,🛡️,penetration-testing,Penetration Testing,LDAP Inject Tester
🔒,security-crypto,Security & Crypto,🛡️,penetration-testing,Penetration Testing,XPATH Inject Tst
🔒,security-crypto,Security & Crypto,🛡️,penetration-testing,Penetration Testing,NoSQL Inject PT
🔒,security-crypto,Security & Crypto,🛡️,penetration-testing,Penetration Testing,Template Inject PT
🔒,security-crypto,Security & Crypto,🛡️,penetration-testing,Penetration Testing,XXE Tester PT
🔒,security-crypto,Security & Crypto,🛡️,penetration-testing,Penetration Testing,Web Socket Fuzz PT
🔒,security-crypto,Security & Crypto,🛡️,penetration-testing,Penetration Testing,REST API Fuzz PT
🔒,security-crypto,Security & Crypto,🛡️,penetration-testing,Penetration Testing,Auth Bypass PT
🔒,security-crypto,Security & Crypto,🛡️,penetration-testing,Penetration Testing,Session Hijack PT
🔒,security-crypto,Security & Crypto,🔒,authentication-system,Authentication System,Password Hash AS
🔒,security-crypto,Security & Crypto,🔒,authentication-system,Authentication System,Password Verify AS
🔒,security-crypto,Security & Crypto,🔒,authentication-system,Authentication System,Password Policy AS
🔒,security-crypto,Security & Crypto,🔒,authentication-system,Authentication System,Account Lockout AS
🔒,security-crypto,Security & Crypto,🔒,authentication-system,Authentication System,Brute Force Prot
🔒,security-crypto,Security & Crypto,🔒,authentication-system,Authentication System,Rate Limit Auth
🔒,security-crypto,Security & Crypto,🔒,authentication-system,Authentication System,Cookie Auth AS
🔒,security-crypto,Security & Crypto,🔒,authentication-system,Authentication System,Session Auth AS
🔒,security-crypto,Security & Crypto,🔒,authentication-system,Authentication System,JWT Auth AS
🔒,security-crypto,Security & Crypto,🔒,authentication-system,Authentication System,JWT Encode AS
🔒,security-crypto,Security & Crypto,🔒,authentication-system,Authentication System,JWT Decode AS
🔒,security-crypto,Security & Crypto,🔒,authentication-system,Authentication System,JWT Verify AS
🔒,security-crypto,Security & Crypto,🔒,authentication-system,Authentication System,OAuth2 Server AS
🔒,security-crypto,Security & Crypto,🔒,authentication-system,Authentication System,OAuth2 Client AS
🔒,security-crypto,Security & Crypto,🔒,authentication-system,Authentication System,SAML SP AS
🔒,security-crypto,Security & Crypto,🔒,authentication-system,Authentication System,SAML IdP AS
🔒,security-crypto,Security & Crypto,🔒,authentication-system,Authentication System,OpenID Connect AS
🔒,security-crypto,Security & Crypto,🔒,authentication-system,Authentication System,MFA AS
🔒,security-crypto,Security & Crypto,🔒,authentication-system,Authentication System,TOTP AS
🔒,security-crypto,Security & Crypto,🔒,authentication-system,Authentication System,HOTP AS
🔒,security-crypto,Security & Crypto,🔒,authentication-system,Authentication System,SMS OTP AS
🔒,security-crypto,Security & Crypto,🔒,authentication-system,Authentication System,Email OTP AS
🔒,security-crypto,Security & Crypto,🔒,authentication-system,Authentication System,Push Auth AS
🔒,security-crypto,Security & Crypto,🔒,authentication-system,Authentication System,WebAuthn AS
🔒,security-crypto,Security & Crypto,🔒,authentication-system,Authentication System,FIDO2 AS
🔒,security-crypto,Security & Crypto,🔒,authentication-system,Authentication System,U2F Token AS
🔒,security-crypto,Security & Crypto,🔒,authentication-system,Authentication System,Biometric Auth AS
🔒,security-crypto,Security & Crypto,🔒,authentication-system,Authentication System,Fingerprint Auth
🔒,security-crypto,Security & Crypto,🔒,authentication-system,Authentication System,Face Auth AS
🔒,security-crypto,Security & Crypto,🔒,authentication-system,Authentication System,Passkey AS
🔒,security-crypto,Security & Crypto,🔒,access-control,Access Control,RBAC AC
🔒,security-crypto,Security & Crypto,🔒,access-control,Access Control,Role Manager AC
🔒,security-crypto,Security & Crypto,🔒,access-control,Access Control,Permission Manager
🔒,security-crypto,Security & Crypto,🔒,access-control,Access Control,User Role Assign
🔒,security-crypto,Security & Crypto,🔒,access-control,Access Control,Role Hierarchy AC
🔒,security-crypto,Security & Crypto,🔒,access-control,Access Control,ABAC AC
🔒,security-crypto,Security & Crypto,🔒,access-control,Access Control,Policy Engine ABAC
🔒,security-crypto,Security & Crypto,🔒,access-control,Access Control,Attribute Check
🔒,security-crypto,Security & Crypto,🔒,access-control,Access Control,Context ABAC
🔒,security-crypto,Security & Crypto,🔒,access-control,Access Control,PBAC AC
🔒,security-crypto,Security & Crypto,🔒,access-control,Access Control,Policy Set AC
🔒,security-crypto,Security & Crypto,🔒,access-control,Access Control,Policy Combine AC
🔒,security-crypto,Security & Crypto,🔒,access-control,Access Control,Obligation AC
🔒,security-crypto,Security & Crypto,🔒,access-control,Access Control,Advice AC
🔒,security-crypto,Security & Crypto,🔒,access-control,Access Control,ACL AC
🔒,security-crypto,Security & Crypto,🔒,access-control,Access Control,ACE AC
🔒,security-crypto,Security & Crypto,🔒,access-control,Access Control,ACL Entry AC
🔒,security-crypto,Security & Crypto,🔒,access-control,Access Control,Default Deny AC
🔒,security-crypto,Security & Crypto,🔒,access-control,Access Control,White List AC
🔒,security-crypto,Security & Crypto,🔒,access-control,Access Control,Black List AC
🔒,security-crypto,Security & Crypto,🔒,access-control,Access Control,Capability AC
🔒,security-crypto,Security & Crypto,🔒,access-control,Access Control,Capability Token
🔒,security-crypto,Security & Crypto,🔒,access-control,Access Control,Capability Revoke
🔒,security-crypto,Security & Crypto,🔒,access-control,Access Control,MAC AC
🔒,security-crypto,Security & Crypto,🔒,access-control,Access Control,BLP Model AC
🔒,security-crypto,Security & Crypto,🔒,access-control,Access Control,BIBA Model AC
🔒,security-crypto,Security & Crypto,🔒,access-control,Access Control,Separation Duty
🔒,security-crypto,Security & Crypto,🔒,access-control,Access Control,SoD AC
🔒,security-crypto,Security & Crypto,🔒,access-control,Access Control,Binding Duty AC
🔒,security-crypto,Security & Crypto,🔒,access-control,Access Control,Audit AC
🔒,security-crypto,Security & Crypto,🛡️,waf-engine,WAF Engine,Request Parse WAF
🔒,security-crypto,Security & Crypto,🛡️,waf-engine,WAF Engine,Rule Engine WAF
🔒,security-crypto,Security & Crypto,🛡️,waf-engine,WAF Engine,SQLI Rule WAF
🔒,security-crypto,Security & Crypto,🛡️,waf-engine,WAF Engine,XSS Rule WAF
🔒,security-crypto,Security & Crypto,🛡️,waf-engine,WAF Engine,LFI Rule WAF
🔒,security-crypto,Security & Crypto,🛡️,waf-engine,WAF Engine,RCE Rule WAF
🔒,security-crypto,Security & Crypto,🛡️,waf-engine,WAF Engine,SSRF Rule WAF
🔒,security-crypto,Security & Crypto,🛡️,waf-engine,WAF Engine,Shellshock Rule
🔒,security-crypto,Security & Crypto,🛡️,waf-engine,WAF Engine,Scanner Detect WAF
🔒,security-crypto,Security & Crypto,🛡️,waf-engine,WAF Engine,Bot Detect WAF
🔒,security-crypto,Security & Crypto,🛡️,waf-engine,WAF Engine,Rate Limit Rule
🔒,security-crypto,Security & Crypto,🛡️,waf-engine,WAF Engine,IP Reputation WAF
🔒,security-crypto,Security & Crypto,🛡️,waf-engine,WAF Engine,Geo Block WAF
🔒,security-crypto,Security & Crypto,🛡️,waf-engine,WAF Engine,HTTP Violation
🔒,security-crypto,Security & Crypto,🛡️,waf-engine,WAF Engine,Protocol Enforce
🔒,security-crypto,Security & Crypto,🛡️,waf-engine,WAF Engine,Method Enforce WAF
🔒,security-crypto,Security & Crypto,🛡️,waf-engine,WAF Engine,Content Type Check
🔒,security-crypto,Security & Crypto,🛡️,waf-engine,WAF Engine,Max Body Size
🔒,security-crypto,Security & Crypto,🛡️,waf-engine,WAF Engine,Max URI Size
🔒,security-crypto,Security & Crypto,🛡️,waf-engine,WAF Engine,Field Count Limit
🔒,security-crypto,Security & Crypto,🛡️,waf-engine,WAF Engine,Cookie Security
🔒,security-crypto,Security & Crypto,🛡️,waf-engine,WAF Engine,Header Validate
🔒,security-crypto,Security & Crypto,🛡️,waf-engine,WAF Engine,Response Body Scrub
🔒,security-crypto,Security & Crypto,🛡️,waf-engine,WAF Engine,Error Page WAF
🔒,security-crypto,Security & Crypto,🛡️,waf-engine,WAF Engine,Log WAF
🔒,security-crypto,Security & Crypto,🛡️,waf-engine,WAF Engine,Alert WAF
🔒,security-crypto,Security & Crypto,🛡️,waf-engine,WAF Engine,False Pos Tune WAF
🔒,security-crypto,Security & Crypto,🛡️,waf-engine,WAF Engine,Learning Mode WAF
🔒,security-crypto,Security & Crypto,🛡️,waf-engine,WAF Engine,Block Mode WAF
🔒,security-crypto,Security & Crypto,🛡️,waf-engine,WAF Engine,Detect Mode WAF
🔒,security-crypto,Security & Crypto,🔍,siem-system,SIEM System,Log Collector SIEM
🔒,security-crypto,Security & Crypto,🔍,siem-system,SIEM System,Syslog Collector
🔒,security-crypto,Security & Crypto,🔍,siem-system,SIEM System,Windows Event Col
🔒,security-crypto,Security & Crypto,🔍,siem-system,SIEM System,File Beat SIEM
🔒,security-crypto,Security & Crypto,🔍,siem-system,SIEM System,Log Parse SIEM
🔒,security-crypto,Security & Crypto,🔍,siem-system,SIEM System,Normalizer SIEM
🔒,security-crypto,Security & Crypto,🔍,siem-system,SIEM System,Correlation Engine
🔒,security-crypto,Security & Crypto,🔍,siem-system,SIEM System,Rule Based Corr
🔒,security-crypto,Security & Crypto,🔍,siem-system,SIEM System,Threshold Corr SIEM
🔒,security-crypto,Security & Crypto,🔍,siem-system,SIEM System,Sequence Corr SIEM
🔒,security-crypto,Security & Crypto,🔍,siem-system,SIEM System,Time Window Corr
🔒,security-crypto,Security & Crypto,🔍,siem-system,SIEM System,Aggregation SIEM
🔒,security-crypto,Security & Crypto,🔍,siem-system,SIEM System,Enrichment SIEM
🔒,security-crypto,Security & Crypto,🔍,siem-system,SIEM System,Geo Enrich SIEM
🔒,security-crypto,Security & Crypto,🔍,siem-system,SIEM System,Threat Intel SIEM
🔒,security-crypto,Security & Crypto,🔍,siem-system,SIEM System,Alert SIEM
🔒,security-crypto,Security & Crypto,🔍,siem-system,SIEM System,Case Management SIEM
🔒,security-crypto,Security & Crypto,🔍,siem-system,SIEM System,Investigate SIEM
🔒,security-crypto,Security & Crypto,🔍,siem-system,SIEM System,Dashboard SIEM
🔒,security-crypto,Security & Crypto,🔍,siem-system,SIEM System,Report SIEM
🔒,security-crypto,Security & Crypto,🔍,siem-system,SIEM System,Compliance SIEM
🔒,security-crypto,Security & Crypto,🔍,siem-system,SIEM System,SOAR SIEM
🔒,security-crypto,Security & Crypto,🔍,siem-system,SIEM System,Playbook SIEM
🔒,security-crypto,Security & Crypto,🔍,siem-system,SIEM System,Automation SIEM
🔒,security-crypto,Security & Crypto,🔍,siem-system,SIEM System,Retention SIEM
🔒,security-crypto,Security & Crypto,🔍,siem-system,SIEM System,Archive SIEM
🔒,security-crypto,Security & Crypto,🔍,siem-system,SIEM System,Search SIEM
🔒,security-crypto,Security & Crypto,🔍,siem-system,SIEM System,Query Language SIEM
🔒,security-crypto,Security & Crypto,🔍,siem-system,SIEM System,Index SIEM
🔒,security-crypto,Security & Crypto,🔍,siem-system,SIEM System,Visualize SIEM
🔒,security-crypto,Security & Crypto,🕵️,threat-intelligence,Threat Intelligence,IOC Manager TI
🔒,security-crypto,Security & Crypto,🕵️,threat-intelligence,Threat Intelligence,IOC Parser TI
🔒,security-crypto,Security & Crypto,🕵️,threat-intelligence,Threat Intelligence,STIX Parser TI
🔒,security-crypto,Security & Crypto,🕵️,threat-intelligence,Threat Intelligence,TAXII Client TI
🔒,security-crypto,Security & Crypto,🕵️,threat-intelligence,Threat Intelligence,MISP Clone TI
🔒,security-crypto,Security & Crypto,🕵️,threat-intelligence,Threat Intelligence,Threat Feed TI
🔒,security-crypto,Security & Crypto,🕵️,threat-intelligence,Threat Intelligence,Threat Score TI
🔒,security-crypto,Security & Crypto,🕵️,threat-intelligence,Threat Intelligence,Confidence TI
🔒,security-crypto,Security & Crypto,🕵️,threat-intelligence,Threat Intelligence,Severity TI TI
🔒,security-crypto,Security & Crypto,🕵️,threat-intelligence,Threat Intelligence,TLP TI
🔒,security-crypto,Security & Crypto,🕵️,threat-intelligence,Threat Intelligence,Indicator Enrich
🔒,security-crypto,Security & Crypto,🕵️,threat-intelligence,Threat Intelligence,Whois Lookup TI
🔒,security-crypto,Security & Crypto,🕵️,threat-intelligence,Threat Intelligence,DNS Enrich TI
🔒,security-crypto,Security & Crypto,🕵️,threat-intelligence,Threat Intelligence,Hash Enrich TI
🔒,security-crypto,Security & Crypto,🕵️,threat-intelligence,Threat Intelligence,IP Enrich TI
🔒,security-crypto,Security & Crypto,🕵️,threat-intelligence,Threat Intelligence,Domain Enrich TI
🔒,security-crypto,Security & Crypto,🕵️,threat-intelligence,Threat Intelligence,URL Enrich TI
🔒,security-crypto,Security & Crypto,🕵️,threat-intelligence,Threat Intelligence,Malware Analysis
🔒,security-crypto,Security & Crypto,🕵️,threat-intelligence,Threat Intelligence,Sandbox TI
🔒,security-crypto,Security & Crypto,🕵️,threat-intelligence,Threat Intelligence,Static Analysis TI
🔒,security-crypto,Security & Crypto,🕵️,threat-intelligence,Threat Intelligence,Dynamic Analysis
🔒,security-crypto,Security & Crypto,🕵️,threat-intelligence,Threat Intelligence,YARA Rule TI
🔒,security-crypto,Security & Crypto,🕵️,threat-intelligence,Threat Intelligence,YARA Scan TI
🔒,security-crypto,Security & Crypto,🕵️,threat-intelligence,Threat Intelligence,Sigma Rule TI
🔒,security-crypto,Security & Crypto,🕵️,threat-intelligence,Threat Intelligence,Sigma Convert TI
🔒,security-crypto,Security & Crypto,🕵️,threat-intelligence,Threat Intelligence,MITRE ATT CK TI
🔒,security-crypto,Security & Crypto,🕵️,threat-intelligence,Threat Intelligence,Tactic TI
🔒,security-crypto,Security & Crypto,🕵️,threat-intelligence,Threat Intelligence,Technique TI TI
🔒,security-crypto,Security & Crypto,🕵️,threat-intelligence,Threat Intelligence,Procedure TI TI
🔒,security-crypto,Security & Crypto,🕵️,threat-intelligence,Threat Intelligence,Campaign TI
🔒,security-crypto,Security & Crypto,🔒,secure-storage,Secure Storage,Encrypted File SS
🔒,security-crypto,Security & Crypto,🔒,secure-storage,Secure Storage,Encrypted Dir SS
🔒,security-crypto,Security & Crypto,🔒,secure-storage,Secure Storage,Encrypted DB SS
🔒,security-crypto,Security & Crypto,🔒,secure-storage,Secure Storage,Column Encrypt SS
🔒,security-crypto,Security & Crypto,🔒,secure-storage,Secure Storage,Field Encrypt SS
🔒,security-crypto,Security & Crypto,🔒,secure-storage,Secure Storage,TDE SS
🔒,security-crypto,Security & Crypto,🔒,secure-storage,Secure Storage,Application Enc SS
🔒,security-crypto,Security & Crypto,🔒,secure-storage,Secure Storage,Envelope Enc SS
🔒,security-crypto,Security & Crypto,🔒,secure-storage,Secure Storage,Key Rotation SS
🔒,security-crypto,Security & Crypto,🔒,secure-storage,Secure Storage,Data Key Cache
🔒,security-crypto,Security & Crypto,🔒,secure-storage,Secure Storage,Master Key Store
🔒,security-crypto,Security & Crypto,🔒,secure-storage,Secure Storage,HSM Integration
🔒,security-crypto,Security & Crypto,🔒,secure-storage,Secure Storage,Vault Trans SS
🔒,security-crypto,Security & Crypto,🔒,secure-storage,Secure Storage,Encrypted Backup
🔒,security-crypto,Security & Crypto,🔒,secure-storage,Secure Storage,Secure Delete SS
🔒,security-crypto,Security & Crypto,🔒,secure-storage,Secure Storage,Shred File SS
🔒,security-crypto,Security & Crypto,🔒,secure-storage,Secure Storage,Overwrite SS
🔒,security-crypto,Security & Crypto,🔒,secure-storage,Secure Storage,Zero Fill SS
🔒,security-crypto,Security & Crypto,🔒,secure-storage,Secure Storage,Gutmann SS
🔒,security-crypto,Security & Crypto,🔒,secure-storage,Secure Storage,DoD 5220 SS
🔒,security-crypto,Security & Crypto,🔒,secure-storage,Secure Storage,Encrypted Config
🔒,security-crypto,Security & Crypto,🔒,secure-storage,Secure Storage,Secrets File SS
🔒,security-crypto,Security & Crypto,🔒,secure-storage,Secure Storage,Environment Enc SS
🔒,security-crypto,Security & Crypto,🔒,secure-storage,Secure Storage,Keyring SS
🔒,security-crypto,Security & Crypto,🔒,secure-storage,Secure Storage,Credential Store
🔒,security-crypto,Security & Crypto,🔒,secure-storage,Secure Storage,Password Manager
🔒,security-crypto,Security & Crypto,🔒,secure-storage,Secure Storage,Secure Note SS
🔒,security-crypto,Security & Crypto,🔒,secure-storage,Secure Storage,Secure Mem SS
🔒,security-crypto,Security & Crypto,🔒,secure-storage,Secure Storage,Mlock SS
🔒,security-crypto,Security & Crypto,🔒,secure-storage,Secure Storage,Mprotect SS
🔒,security-crypto,Security & Crypto,🔒,crypto-protocol,Crypto Protocol,TLS 1.2 CP
🔒,security-crypto,Security & Crypto,🔒,crypto-protocol,Crypto Protocol,TLS 1.3 CP
🔒,security-crypto,Security & Crypto,🔒,crypto-protocol,Crypto Protocol,TLS Handshake CP
🔒,security-crypto,Security & Crypto,🔒,crypto-protocol,Crypto Protocol,TLS Record CP
🔒,security-crypto,Security & Crypto,🔒,crypto-protocol,Crypto Protocol,TLS Cipher Suite
🔒,security-crypto,Security & Crypto,🔒,crypto-protocol,Crypto Protocol,TLS Cert Verify
🔒,security-crypto,Security & Crypto,🔒,crypto-protocol,Crypto Protocol,TLS Session Ticket
🔒,security-crypto,Security & Crypto,🔒,crypto-protocol,Crypto Protocol,SSH Protocol CP
🔒,security-crypto,Security & Crypto,🔒,crypto-protocol,Crypto Protocol,SSH Key Exchange
🔒,security-crypto,Security & Crypto,🔒,crypto-protocol,Crypto Protocol,SSH User Auth CP
🔒,security-crypto,Security & Crypto,🔒,crypto-protocol,Crypto Protocol,SSH Channel CP
🔒,security-crypto,Security & Crypto,🔒,crypto-protocol,Crypto Protocol,IPSec ESP CP
🔒,security-crypto,Security & Crypto,🔒,crypto-protocol,Crypto Protocol,IPSec AH CP
🔒,security-crypto,Security & Crypto,🔒,crypto-protocol,Crypto Protocol,IKEv2 CP
🔒,security-crypto,Security & Crypto,🔒,crypto-protocol,Crypto Protocol,WireGuard CP
🔒,security-crypto,Security & Crypto,🔒,crypto-protocol,Crypto Protocol,Signal Protocol CP
🔒,security-crypto,Security & Crypto,🔒,crypto-protocol,Crypto Protocol,X3DH CP
🔒,security-crypto,Security & Crypto,🔒,crypto-protocol,Crypto Protocol,Double Ratchet CP
🔒,security-crypto,Security & Crypto,🔒,crypto-protocol,Crypto Protocol,PreKey CP
🔒,security-crypto,Security & Crypto,🔒,crypto-protocol,Crypto Protocol,Sealed Sender CP
🔒,security-crypto,Security & Crypto,🔒,crypto-protocol,Crypto Protocol,OTR Protocol CP
🔒,security-crypto,Security & Crypto,🔒,crypto-protocol,Crypto Protocol,DAKE CP
🔒,security-crypto,Security & Crypto,🔒,crypto-protocol,Crypto Protocol,PSTN CP
🔒,security-crypto,Security & Crypto,🔒,crypto-protocol,Crypto Protocol,PQ Crypto CP
🔒,security-crypto,Security & Crypto,🔒,crypto-protocol,Crypto Protocol,Kyber CP
🔒,security-crypto,Security & Crypto,🔒,crypto-protocol,Crypto Protocol,Dilithium CP
🔒,security-crypto,Security & Crypto,🔒,crypto-protocol,Crypto Protocol,Falcon CP
🔒,security-crypto,Security & Crypto,🔒,crypto-protocol,Crypto Protocol,SPHINCS+ CP
🔒,security-crypto,Security & Crypto,🔒,crypto-protocol,Crypto Protocol,Frodokem CP
🔒,security-crypto,Security & Crypto,🔒,crypto-protocol,Crypto Protocol,NTRU Prime CP
🔒,security-crypto,Security & Crypto,🛡️,intrusion-detection,Intrusion Detection,Network IDS
🔒,security-crypto,Security & Crypto,🛡️,intrusion-detection,Intrusion Detection,Host IDS
🔒,security-crypto,Security & Crypto,🛡️,intrusion-detection,Intrusion Detection,Signature IDS
🔒,security-crypto,Security & Crypto,🛡️,intrusion-detection,Intrusion Detection,Anomaly IDS
🔒,security-crypto,Security & Crypto,🛡️,intrusion-detection,Intrusion Detection,Snort Clone IDS
🔒,security-crypto,Security & Crypto,🛡️,intrusion-detection,Intrusion Detection,Suricata Clone IDS
🔒,security-crypto,Security & Crypto,🛡️,intrusion-detection,Intrusion Detection,Zeek Clone IDS
🔒,security-crypto,Security & Crypto,🛡️,intrusion-detection,Intrusion Detection,Packet Capture IDS
🔒,security-crypto,Security & Crypto,🛡️,intrusion-detection,Intrusion Detection,Flow Analyze IDS
🔒,security-crypto,Security & Crypto,🛡️,intrusion-detection,Intrusion Detection,DNS Detect IDS
🔒,security-crypto,Security & Crypto,🛡️,intrusion-detection,Intrusion Detection,HTTP Detect IDS
🔒,security-crypto,Security & Crypto,🛡️,intrusion-detection,Intrusion Detection,TLS Detect IDS
🔒,security-crypto,Security & Crypto,🛡️,intrusion-detection,Intrusion Detection,File Extract IDS
🔒,security-crypto,Security & Crypto,🛡️,intrusion-detection,Intrusion Detection,Protocol Detect
🔒,security-crypto,Security & Crypto,🛡️,intrusion-detection,Intrusion Detection,Rule IDS
🔒,security-crypto,Security & Crypto,🛡️,intrusion-detection,Intrusion Detection,Alert IDS
🔒,security-crypto,Security & Crypto,🛡️,intrusion-detection,Intrusion Detection,Log IDS
🔒,security-crypto,Security & Crypto,🛡️,intrusion-detection,Intrusion Detection,PCAP Write IDS
🔒,security-crypto,Security & Crypto,🛡️,intrusion-detection,Intrusion Detection,PCAP Read IDS
🔒,security-crypto,Security & Crypto,🛡️,intrusion-detection,Intrusion Detection,Offline IDS
🔒,security-crypto,Security & Crypto,🛡️,intrusion-detection,Intrusion Detection,Real Time IDS
🔒,security-crypto,Security & Crypto,🛡️,intrusion-detection,Intrusion Detection,Inline IDS
🔒,security-crypto,Security & Crypto,🛡️,intrusion-detection,Intrusion Detection,Passive IDS
🔒,security-crypto,Security & Crypto,🛡️,intrusion-detection,Intrusion Detection,Honeypot IDS
🔒,security-crypto,Security & Crypto,🛡️,intrusion-detection,Intrusion Detection,Honeypot SSH IDS
🔒,security-crypto,Security & Crypto,🛡️,intrusion-detection,Intrusion Detection,Honeypot HTTP IDS
🔒,security-crypto,Security & Crypto,🛡️,intrusion-detection,Intrusion Detection,Honeypot DB IDS
🔒,security-crypto,Security & Crypto,🛡️,intrusion-detection,Intrusion Detection,Honeytoken IDS
🔒,security-crypto,Security & Crypto,🛡️,intrusion-detection,Intrusion Detection,Canary Token IDS
🔒,security-crypto,Security & Crypto,🛡️,intrusion-detection,Intrusion Detection,Deception IDS
🔒,security-crypto,Security & Crypto,🔐,crypto-library,Crypto Library,Big Int CL
🔒,security-crypto,Security & Crypto,🔐,crypto-library,Crypto Library,Big Int Add CL
🔒,security-crypto,Security & Crypto,🔐,crypto-library,Crypto Library,Big Int Sub CL
🔒,security-crypto,Security & Crypto,🔐,crypto-library,Crypto Library,Big Int Mul CL
🔒,security-crypto,Security & Crypto,🔐,crypto-library,Crypto Library,Big Int Div CL
🔒,security-crypto,Security & Crypto,🔐,crypto-library,Crypto Library,Big Int Mod CL
🔒,security-crypto,Security & Crypto,🔐,crypto-library,Crypto Library,Big Int GCD CL
🔒,security-crypto,Security & Crypto,🔐,crypto-library,Crypto Library,Big Int Mod Exp
🔒,security-crypto,Security & Crypto,🔐,crypto-library,Crypto Library,Big Int Mod Inv
🔒,security-crypto,Security & Crypto,🔐,crypto-library,Crypto Library,Big Int Prime Gen
🔒,security-crypto,Security & Crypto,🔐,crypto-library,Crypto Library,Miller Rabin CL
🔒,security-crypto,Security & Crypto,🔐,crypto-library,Crypto Library,AKS Test CL
🔒,security-crypto,Security & Crypto,🔐,crypto-library,Crypto Library,EC Point CL
🔒,security-crypto,Security & Crypto,🔐,crypto-library,Crypto Library,EC Curve CL
🔒,security-crypto,Security & Crypto,🔐,crypto-library,Crypto Library,Weierstrass Curv
🔒,security-crypto,Security & Crypto,🔐,crypto-library,Crypto Library,Edwards Curve CL
🔒,security-crypto,Security & Crypto,🔐,crypto-library,Crypto Library,Montgomery Curve
🔒,security-crypto,Security & Crypto,🔐,crypto-library,Crypto Library,FFT CL
🔒,security-crypto,Security & Crypto,🔐,crypto-library,Crypto Library,NTT CL
🔒,security-crypto,Security & Crypto,🔐,crypto-library,Crypto Library,Polynomial CL
🔒,security-crypto,Security & Crypto,🔐,crypto-library,Crypto Library,Galois Field CL
🔒,security-crypto,Security & Crypto,🔐,crypto-library,Crypto Library,GF 2n CL
🔒,security-crypto,Security & Crypto,🔐,crypto-library,Crypto Library,GF p CL
🔒,security-crypto,Security & Crypto,🔐,crypto-library,Crypto Library,Padding CL
🔒,security-crypto,Security & Crypto,🔐,crypto-library,Crypto Library,PKCS #1 v1.5 CL
🔒,security-crypto,Security & Crypto,🔐,crypto-library,Crypto Library,PKCS #1 v2.2 OAEP
🔒,security-crypto,Security & Crypto,🔐,crypto-library,Crypto Library,PSS Padding CL
🔒,security-crypto,Security & Crypto,🔐,crypto-library,Crypto Library,PKCS #7 Padding
🔒,security-crypto,Security & Crypto,🔐,crypto-library,Crypto Library,ISO 10126 Padding
🔒,security-crypto,Security & Crypto,🔐,crypto-library,Crypto Library,ANS X9 23 Padding
🔒,security-crypto,Security & Crypto,🔒,identity-provider,Identity Provider,User Store IdP
🔒,security-crypto,Security & Crypto,🔒,identity-provider,Identity Provider,Directory IdP
🔒,security-crypto,Security & Crypto,🔒,identity-provider,Identity Provider,LDAP IdP
🔒,security-crypto,Security & Crypto,🔒,identity-provider,Identity Provider,AD IdP
🔒,security-crypto,Security & Crypto,🔒,identity-provider,Identity Provider,Federated IdP
🔒,security-crypto,Security & Crypto,🔒,identity-provider,Identity Provider,Social Login IdP
🔒,security-crypto,Security & Crypto,🔒,identity-provider,Identity Provider,Google Login IdP
🔒,security-crypto,Security & Crypto,🔒,identity-provider,Identity Provider,Github Login IdP
🔒,security-crypto,Security & Crypto,🔒,identity-provider,Identity Provider,Apple Login IdP
🔒,security-crypto,Security & Crypto,🔒,identity-provider,Identity Provider,Microsoft Login IdP
🔒,security-crypto,Security & Crypto,🔒,identity-provider,Identity Provider,SAML IdP Server
🔒,security-crypto,Security & Crypto,🔒,identity-provider,Identity Provider,SAML SP Proxy
🔒,security-crypto,Security & Crypto,🔒,identity-provider,Identity Provider,OpenID Provider
🔒,security-crypto,Security & Crypto,🔒,identity-provider,Identity Provider,OIDC Discovery
🔒,security-crypto,Security & Crypto,🔒,identity-provider,Identity Provider,OIDC JWKS IdP
🔒,security-crypto,Security & Crypto,🔒,identity-provider,Identity Provider,OIDC Token IdP
🔒,security-crypto,Security & Crypto,🔒,identity-provider,Identity Provider,OIDC User Info
🔒,security-crypto,Security & Crypto,🔒,identity-provider,Identity Provider,SCIM IdP
🔒,security-crypto,Security & Crypto,🔒,identity-provider,Identity Provider,SCIM User IdP
🔒,security-crypto,Security & Crypto,🔒,identity-provider,Identity Provider,SCIM Group IdP
🔒,security-crypto,Security & Crypto,🔒,identity-provider,Identity Provider,SCIM Schema IdP
🔒,security-crypto,Security & Crypto,🔒,identity-provider,Identity Provider,Account Recovery
🔒,security-crypto,Security & Crypto,🔒,identity-provider,Identity Provider,Password Reset
🔒,security-crypto,Security & Crypto,🔒,identity-provider,Identity Provider,Email Verify IdP
🔒,security-crypto,Security & Crypto,🔒,identity-provider,Identity Provider,Phone Verify IdP
🔒,security-crypto,Security & Crypto,🔒,identity-provider,Identity Provider,IdP Session Mgt
🔒,security-crypto,Security & Crypto,🔒,identity-provider,Identity Provider,IdP Consent Mgt
🔒,security-crypto,Security & Crypto,🔒,identity-provider,Identity Provider,IdP Audit Log
🔒,security-crypto,Security & Crypto,🔒,identity-provider,Identity Provider,IdP Admin API
🔒,security-crypto,Security & Crypto,🔒,identity-provider,Identity Provider,IdP Dashboard
🔒,security-crypto,Security & Crypto,🔒,key-agreement,Key Agreement,DH Key Agreement
🔒,security-crypto,Security & Crypto,🔒,key-agreement,Key Agreement,ECDH KA
🔒,security-crypto,Security & Crypto,🔒,key-agreement,Key Agreement,X25519 KA
🔒,security-crypto,Security & Crypto,🔒,key-agreement,Key Agreement,X448 KA
🔒,security-crypto,Security & Crypto,🔒,key-agreement,Key Agreement,MQV KA
🔒,security-crypto,Security & Crypto,🔒,key-agreement,Key Agreement,HMQV KA
🔒,security-crypto,Security & Crypto,🔒,key-agreement,Key Agreement,FHMQV KA
🔒,security-crypto,Security & Crypto,🔒,key-agreement,Key Agreement,CECPQ1 KA
🔒,security-crypto,Security & Crypto,🔒,key-agreement,Key Agreement,CECPQ2 KA
🔒,security-crypto,Security & Crypto,🔒,key-agreement,Key Agreement,SIKE KA
🔒,security-crypto,Security & Crypto,🔒,key-agreement,Key Agreement,Kyber KA
🔒,security-crypto,Security & Crypto,🔒,key-agreement,Key Agreement,Frodokem KA
🔒,security-crypto,Security & Crypto,🔒,key-agreement,Key Agreement,NTRU KA
🔒,security-crypto,Security & Crypto,🔒,key-agreement,Key Agreement,SAKE KA
🔒,security-crypto,Security & Crypto,🔒,key-agreement,Key Agreement,Three Pass KA
🔒,security-crypto,Security & Crypto,🔒,key-agreement,Key Agreement,Shamir KA
🔒,security-crypto,Security & Crypto,🔒,key-agreement,Key Agreement,Station To St KA
🔒,security-crypto,Security & Crypto,🔒,key-agreement,Key Agreement,STS Protocol KA
🔒,security-crypto,Security & Crypto,🔒,key-agreement,Key Agreement,MTI CO KA
🔒,security-crypto,Security & Crypto,🔒,key-agreement,Key Agreement,Unified Model KA
🔒,security-crypto,Security & Crypto,🔒,key-agreement,Key Agreement,"C(2,0) KA"
🔒,security-crypto,Security & Crypto,🔒,key-agreement,Key Agreement,"C(2,1) KA"
🔒,security-crypto,Security & Crypto,🔒,key-agreement,Key Agreement,"C(3,0) KA"
🔒,security-crypto,Security & Crypto,🔒,key-agreement,Key Agreement,"C(3,1) KA"
🔒,security-crypto,Security & Crypto,🔒,key-agreement,Key Agreement,SM2 KA
🔒,security-crypto,Security & Crypto,🔒,key-agreement,Key Agreement,IBS KA
🔒,security-crypto,Security & Crypto,🔒,key-agreement,Key Agreement,NIKE KA
🔒,security-crypto,Security & Crypto,🔒,key-agreement,Key Agreement,ID NIKE KA
🔒,security-crypto,Security & Crypto,🔒,key-agreement,Key Agreement,Pairing KA
🔒,security-crypto,Security & Crypto,🔒,key-agreement,Key Agreement,Boneh Franklin KA
🔒,security-crypto,Security & Crypto,🔎,vulnerability-scanner,Vulnerability Scanner,CVE Check VS
🔒,security-crypto,Security & Crypto,🔎,vulnerability-scanner,Vulnerability Scanner,CWE Check VS
🔒,security-crypto,Security & Crypto,🔎,vulnerability-scanner,Vulnerability Scanner,OVAL Check VS
🔒,security-crypto,Security & Crypto,🔎,vulnerability-scanner,Vulnerability Scanner,Host Scan VS
🔒,security-crypto,Security & Crypto,🔎,vulnerability-scanner,Vulnerability Scanner,Port Scan VS
🔒,security-crypto,Security & Crypto,🔎,vulnerability-scanner,Vulnerability Scanner,Service Scan VS
🔒,security-crypto,Security & Crypto,🔎,vulnerability-scanner,Vulnerability Scanner,Web App Scan VS
🔒,security-crypto,Security & Crypto,🔎,vulnerability-scanner,Vulnerability Scanner,API Scan VS
🔒,security-crypto,Security & Crypto,🔎,vulnerability-scanner,Vulnerability Scanner,Cloud Scan VS
🔒,security-crypto,Security & Crypto,🔎,vulnerability-scanner,Vulnerability Scanner,Container Scan VS
🔒,security-crypto,Security & Crypto,🔎,vulnerability-scanner,Vulnerability Scanner,Image Scan VS
🔒,security-crypto,Security & Crypto,🔎,vulnerability-scanner,Vulnerability Scanner,Dependency Scan VS
🔒,security-crypto,Security & Crypto,🔎,vulnerability-scanner,Vulnerability Scanner,Library Scan VS
🔒,security-crypto,Security & Crypto,🔎,vulnerability-scanner,Vulnerability Scanner,OS Scan VS
🔒,security-crypto,Security & Crypto,🔎,vulnerability-scanner,Vulnerability Scanner,Kernel Scan VS
🔒,security-crypto,Security & Crypto,🔎,vulnerability-scanner,Vulnerability Scanner,Patch Scan VS
🔒,security-crypto,Security & Crypto,🔎,vulnerability-scanner,Vulnerability Scanner,Config Scan VS
🔒,security-crypto,Security & Crypto,🔎,vulnerability-scanner,Vulnerability Scanner,CIS Bench VS
🔒,security-crypto,Security & Crypto,🔎,vulnerability-scanner,Vulnerability Scanner,STIG Check VS
🔒,security-crypto,Security & Crypto,🔎,vulnerability-scanner,Vulnerability Scanner,PCI DSS Scan VS
🔒,security-crypto,Security & Crypto,🔎,vulnerability-scanner,Vulnerability Scanner,HIPAA Scan VS
🔒,security-crypto,Security & Crypto,🔎,vulnerability-scanner,Vulnerability Scanner,GDPR Scan VS
🔒,security-crypto,Security & Crypto,🔎,vulnerability-scanner,Vulnerability Scanner,SOC2 Scan VS
🔒,security-crypto,Security & Crypto,🔎,vulnerability-scanner,Vulnerability Scanner,Report VS
🔒,security-crypto,Security & Crypto,🔎,vulnerability-scanner,Vulnerability Scanner,Remediation VS
🔒,security-crypto,Security & Crypto,🔎,vulnerability-scanner,Vulnerability Scanner,Priority VS
🔒,security-crypto,Security & Crypto,🔎,vulnerability-scanner,Vulnerability Scanner,CVSS Score VS
🔒,security-crypto,Security & Crypto,🔎,vulnerability-scanner,Vulnerability Scanner,EPSS Score VS
🔒,security-crypto,Security & Crypto,🔎,vulnerability-scanner,Vulnerability Scanner,Exploit Check VS
🔒,security-crypto,Security & Crypto,🔎,vulnerability-scanner,Vulnerability Scanner,Metasploit VS
🔒,security-crypto,Security & Crypto,🔒,post-quantum-crypto,Post Quantum Crypto,Kyber PQC
🔒,security-crypto,Security & Crypto,🔒,post-quantum-crypto,Post Quantum Crypto,Kyber 512 PQC
🔒,security-crypto,Security & Crypto,🔒,post-quantum-crypto,Post Quantum Crypto,Kyber 768 PQC
🔒,security-crypto,Security & Crypto,🔒,post-quantum-crypto,Post Quantum Crypto,Kyber 1024 PQC
🔒,security-crypto,Security & Crypto,🔒,post-quantum-crypto,Post Quantum Crypto,Dilithium PQC
🔒,security-crypto,Security & Crypto,🔒,post-quantum-crypto,Post Quantum Crypto,Dilithium 2 PQC
🔒,security-crypto,Security & Crypto,🔒,post-quantum-crypto,Post Quantum Crypto,Dilithium 3 PQC
🔒,security-crypto,Security & Crypto,🔒,post-quantum-crypto,Post Quantum Crypto,Dilithium 5 PQC
🔒,security-crypto,Security & Crypto,🔒,post-quantum-crypto,Post Quantum Crypto,Falcon PQC
🔒,security-crypto,Security & Crypto,🔒,post-quantum-crypto,Post Quantum Crypto,Falcon 512 PQC
🔒,security-crypto,Security & Crypto,🔒,post-quantum-crypto,Post Quantum Crypto,Falcon 1024 PQC
🔒,security-crypto,Security & Crypto,🔒,post-quantum-crypto,Post Quantum Crypto,SPHINCS+ PQC
🔒,security-crypto,Security & Crypto,🔒,post-quantum-crypto,Post Quantum Crypto,SPHINCS+ S PQC
🔒,security-crypto,Security & Crypto,🔒,post-quantum-crypto,Post Quantum Crypto,SPHINCS+ F PQC
🔒,security-crypto,Security & Crypto,🔒,post-quantum-crypto,Post Quantum Crypto,BIKE PQC
🔒,security-crypto,Security & Crypto,🔒,post-quantum-crypto,Post Quantum Crypto,HQC PQC
🔒,security-crypto,Security & Crypto,🔒,post-quantum-crypto,Post Quantum Crypto,Classic McEliece
🔒,security-crypto,Security & Crypto,🔒,post-quantum-crypto,Post Quantum Crypto,Frodokem PQC
🔒,security-crypto,Security & Crypto,🔒,post-quantum-crypto,Post Quantum Crypto,NTRU Prime PQC
🔒,security-crypto,Security & Crypto,🔒,post-quantum-crypto,Post Quantum Crypto,NTRU HRSS PQC
🔒,security-crypto,Security & Crypto,🔒,post-quantum-crypto,Post Quantum Crypto,SIKE PQC
🔒,security-crypto,Security & Crypto,🔒,post-quantum-crypto,Post Quantum Crypto,SIDH PQC
🔒,security-crypto,Security & Crypto,🔒,post-quantum-crypto,Post Quantum Crypto,CSIDH PQC
🔒,security-crypto,Security & Crypto,🔒,post-quantum-crypto,Post Quantum Crypto,Picnic PQC
🔒,security-crypto,Security & Crypto,🔒,post-quantum-crypto,Post Quantum Crypto,MQDSS PQC
🔒,security-crypto,Security & Crypto,🔒,post-quantum-crypto,Post Quantum Crypto,Rainbow PQC
🔒,security-crypto,Security & Crypto,🔒,post-quantum-crypto,Post Quantum Crypto,GeMSS PQC
🔒,security-crypto,Security & Crypto,🔒,post-quantum-crypto,Post Quantum Crypto,LUC PQC
🔒,security-crypto,Security & Crypto,🔒,post-quantum-crypto,Post Quantum Crypto,Crystals Dilithium
🔒,security-crypto,Security & Crypto,🔒,post-quantum-crypto,Post Quantum Crypto,Crystals Kyber
🔒,security-crypto,Security & Crypto,🔒,hardware-security,Hardware Security,TPM 2.0 Lib
🔒,security-crypto,Security & Crypto,🔒,hardware-security,Hardware Security,TPM Attest HS
🔒,security-crypto,Security & Crypto,🔒,hardware-security,Hardware Security,TPM Seal HS
🔒,security-crypto,Security & Crypto,🔒,hardware-security,Hardware Security,TPM Unseal HS
🔒,security-crypto,Security & Crypto,🔒,hardware-security,Hardware Security,TPM Quote HS
🔒,security-crypto,Security & Crypto,🔒,hardware-security,Hardware Security,TPM Verify HS
🔒,security-crypto,Security & Crypto,🔒,hardware-security,Hardware Security,HSM PKCS #11 HS
🔒,security-crypto,Security & Crypto,🔒,hardware-security,Hardware Security,HSM Token HS
🔒,security-crypto,Security & Crypto,🔒,hardware-security,Hardware Security,HSM Session HS
🔒,security-crypto,Security & Crypto,🔒,hardware-security,Hardware Security,HSM Login HS
🔒,security-crypto,Security & Crypto,🔒,hardware-security,Hardware Security,Secure Element HS
🔒,security-crypto,Security & Crypto,🔒,hardware-security,Hardware Security,eSE Applet HS
🔒,security-crypto,Security & Crypto,🔒,hardware-security,Hardware Security,SIM Card Applet
🔒,security-crypto,Security & Crypto,🔒,hardware-security,Hardware Security,Java Card App HS
🔒,security-crypto,Security & Crypto,🔒,hardware-security,Hardware Security,Global Platform HS
🔒,security-crypto,Security & Crypto,🔒,hardware-security,Hardware Security,SE Access HS
🔒,security-crypto,Security & Crypto,🔒,hardware-security,Hardware Security,Trusted Execution
🔒,security-crypto,Security & Crypto,🔒,hardware-security,Hardware Security,TEE Client API HS
🔒,security-crypto,Security & Crypto,🔒,hardware-security,Hardware Security,TEE Internal API
🔒,security-crypto,Security & Crypto,🔒,hardware-security,Hardware Security,TEE Storage HS
🔒,security-crypto,Security & Crypto,🔒,hardware-security,Hardware Security,TEE Crypto HS
🔒,security-crypto,Security & Crypto,🔒,hardware-security,Hardware Security,ARM TrustZone HS
🔒,security-crypto,Security & Crypto,🔒,hardware-security,Hardware Security,OP TEE HS
🔒,security-crypto,Security & Crypto,🔒,hardware-security,Hardware Security,Intel SGX HS
🔒,security-crypto,Security & Crypto,🔒,hardware-security,Hardware Security,Intel TDX HS
🔒,security-crypto,Security & Crypto,🔒,hardware-security,Hardware Security,AMD SEV HS
🔒,security-crypto,Security & Crypto,🔒,hardware-security,Hardware Security,AMD PSP HS
🔒,security-crypto,Security & Crypto,🔒,hardware-security,Hardware Security,Apple SE HS
🔒,security-crypto,Security & Crypto,🔒,hardware-security,Hardware Security,Google Titan HS
🔒,security-crypto,Security & Crypto,🔒,hardware-security,Hardware Security,YubiKey HS
🔒,security-crypto,Security & Crypto,📝,audit-log-system,Audit Log System,Log Event AL
🔒,security-crypto,Security & Crypto,📝,audit-log-system,Audit Log System,Log Source AL
🔒,security-crypto,Security & Crypto,📝,audit-log-system,Audit Log System,Log Category AL
🔒,security-crypto,Security & Crypto,📝,audit-log-system,Audit Log System,Log Level AL
🔒,security-crypto,Security & Crypto,📝,audit-log-system,Audit Log System,Log Message AL
🔒,security-crypto,Security & Crypto,📝,audit-log-system,Audit Log System,Structured Log AL
🔒,security-crypto,Security & Crypto,📝,audit-log-system,Audit Log System,JSON Log AL
🔒,security-crypto,Security & Crypto,📝,audit-log-system,Audit Log System,CEF Log AL
🔒,security-crypto,Security & Crypto,📝,audit-log-system,Audit Log System,LEEF Log AL
🔒,security-crypto,Security & Crypto,📝,audit-log-system,Audit Log System,Syslog AL
🔒,security-crypto,Security & Crypto,📝,audit-log-system,Audit Log System,Log Forward AL
🔒,security-crypto,Security & Crypto,📝,audit-log-system,Audit Log System,Log Aggregate AL
🔒,security-crypto,Security & Crypto,📝,audit-log-system,Audit Log System,Log Search AL
🔒,security-crypto,Security & Crypto,📝,audit-log-system,Audit Log System,Log Index AL
🔒,security-crypto,Security & Crypto,📝,audit-log-system,Audit Log System,Log Storage AL
🔒,security-crypto,Security & Crypto,📝,audit-log-system,Audit Log System,Log Retention AL
🔒,security-crypto,Security & Crypto,📝,audit-log-system,Audit Log System,Log Archive AL
🔒,security-crypto,Security & Crypto,📝,audit-log-system,Audit Log System,Log Rotation AL
🔒,security-crypto,Security & Crypto,📝,audit-log-system,Audit Log System,Log Compress AL
🔒,security-crypto,Security & Crypto,📝,audit-log-system,Audit Log System,Log Encrypt AL
🔒,security-crypto,Security & Crypto,📝,audit-log-system,Audit Log System,Log Sign AL
🔒,security-crypto,Security & Crypto,📝,audit-log-system,Audit Log System,Log Verify AL
🔒,security-crypto,Security & Crypto,📝,audit-log-system,Audit Log System,Log Tamper AL
🔒,security-crypto,Security & Crypto,📝,audit-log-system,Audit Log System,Log Chain AL
🔒,security-crypto,Security & Crypto,📝,audit-log-system,Audit Log System,Immutable Log AL
🔒,security-crypto,Security & Crypto,📝,audit-log-system,Audit Log System,WORM Log AL
🔒,security-crypto,Security & Crypto,📝,audit-log-system,Audit Log System,Log Monitor AL
🔒,security-crypto,Security & Crypto,📝,audit-log-system,Audit Log System,Log Alert AL
🔒,security-crypto,Security & Crypto,📝,audit-log-system,Audit Log System,Log Report AL
🔒,security-crypto,Security & Crypto,📝,audit-log-system,Audit Log System,Log Compliance AL
🔒,security-crypto,Security & Crypto,🔒,secret-sharing,Secret Sharing,Shamir Secret SS
🔒,security-crypto,Security & Crypto,🔒,secret-sharing,Secret Sharing,Shamir Split SS
🔒,security-crypto,Security & Crypto,🔒,secret-sharing,Secret Sharing,Shamir Combine SS
🔒,security-crypto,Security & Crypto,🔒,secret-sharing,Secret Sharing,Shamir Verify SS
🔒,security-crypto,Security & Crypto,🔒,secret-sharing,Secret Sharing,Blakley Secret SS
🔒,security-crypto,Security & Crypto,🔒,secret-sharing,Secret Sharing,Blakley Scheme SS
🔒,security-crypto,Security & Crypto,🔒,secret-sharing,Secret Sharing,Asmuth Bloom SS
🔒,security-crypto,Security & Crypto,🔒,secret-sharing,Secret Sharing,Mignotte Scheme SS
🔒,security-crypto,Security & Crypto,🔒,secret-sharing,Secret Sharing,Cramer Damgard SS
🔒,security-crypto,Security & Crypto,🔒,secret-sharing,Secret Sharing,Pedersen Secret SS
🔒,security-crypto,Security & Crypto,🔒,secret-sharing,Secret Sharing,Verifiable Secret
🔒,security-crypto,Security & Crypto,🔒,secret-sharing,Secret Sharing,Feldman VSS SS
🔒,security-crypto,Security & Crypto,🔒,secret-sharing,Secret Sharing,Pedersen VSS SS
🔒,security-crypto,Security & Crypto,🔒,secret-sharing,Secret Sharing,Publicly VSS SS
🔒,security-crypto,Security & Crypto,🔒,secret-sharing,Secret Sharing,Non Interactive SS
🔒,security-crypto,Security & Crypto,🔒,secret-sharing,Secret Sharing,PVSS SS
🔒,security-crypto,Security & Crypto,🔒,secret-sharing,Secret Sharing,Distributed Key Gen
🔒,security-crypto,Security & Crypto,🔒,secret-sharing,Secret Sharing,DKG SS
🔒,security-crypto,Security & Crypto,🔒,secret-sharing,Secret Sharing,JVRSS SS
🔒,security-crypto,Security & Crypto,🔒,secret-sharing,Secret Sharing,Threshold Sign SS
🔒,security-crypto,Security & Crypto,🔒,secret-sharing,Secret Sharing,Threshold Enc SS
🔒,security-crypto,Security & Crypto,🔒,secret-sharing,Secret Sharing,Threshold Dec SS
🔒,security-crypto,Security & Crypto,🔒,secret-sharing,Secret Sharing,Proactive Secret
🔒,security-crypto,Security & Crypto,🔒,secret-sharing,Secret Sharing,Refresh SS
🔒,security-crypto,Security & Crypto,🔒,secret-sharing,Secret Sharing,Update SS SS
🔒,security-crypto,Security & Crypto,🔒,secret-sharing,Secret Sharing,Robust Secret SS
🔒,security-crypto,Security & Crypto,🔒,secret-sharing,Secret Sharing,Cheater Detect SS
🔒,security-crypto,Security & Crypto,🔒,secret-sharing,Secret Sharing,Identifiable SS
🔒,security-crypto,Security & Crypto,🔒,secret-sharing,Secret Sharing,Lattice Based SS
🔒,security-crypto,Security & Crypto,🔒,secret-sharing,Secret Sharing,Quantum SS
🔒,security-crypto,Security & Crypto,🔒,secure-communication,Secure Communication,End to End Enc SC
🔒,security-crypto,Security & Crypto,🔒,secure-communication,Secure Communication,Message Encrypt SC
🔒,security-crypto,Security & Crypto,🔒,secure-communication,Secure Communication,Message Decrypt SC
🔒,security-crypto,Security & Crypto,🔒,secure-communication,Secure Communication,Message Sign SC
🔒,security-crypto,Security & Crypto,🔒,secure-communication,Secure Communication,Message Verify SC
🔒,security-crypto,Security & Crypto,🔒,secure-communication,Secure Communication,Forward Secrecy SC
🔒,security-crypto,Security & Crypto,🔒,secure-communication,Secure Communication,Perfect Fwd SC
🔒,security-crypto,Security & Crypto,🔒,secure-communication,Secure Communication,Deniable Auth SC
🔒,security-crypto,Security & Crypto,🔒,secure-communication,Secure Communication,Repudiable SC
🔒,security-crypto,Security & Crypto,🔒,secure-communication,Secure Communication,Off The Record SC
🔒,security-crypto,Security & Crypto,🔒,secure-communication,Secure Communication,OTRv4 SC
🔒,security-crypto,Security & Crypto,🔒,secure-communication,Secure Communication,Matrix Protocol SC
🔒,security-crypto,Security & Crypto,🔒,secure-communication,Secure Communication,OlM SC
🔒,security-crypto,Security & Crypto,🔒,secure-communication,Secure Communication,Megolm SC
🔒,security-crypto,Security & Crypto,🔒,secure-communication,Secure Communication,MLS Protocol SC
🔒,security-crypto,Security & Crypto,🔒,secure-communication,Secure Communication,TreeKEM SC
🔒,security-crypto,Security & Crypto,🔒,secure-communication,Secure Communication,DQ Tree SC
🔒,security-crypto,Security & Crypto,🔒,secure-communication,Secure Communication,Security Event SC
🔒,security-crypto,Security & Crypto,🔒,secure-communication,Secure Communication,Secure Group SC
🔒,security-crypto,Security & Crypto,🔒,secure-communication,Secure Communication,Secure Broadcast
🔒,security-crypto,Security & Crypto,🔒,secure-communication,Secure Communication,Secure Multicast SC
🔒,security-crypto,Security & Crypto,🔒,secure-communication,Secure Communication,Secure Channel SC
🔒,security-crypto,Security & Crypto,🔒,secure-communication,Secure Communication,Noise Protocol SC
🔒,security-crypto,Security & Crypto,🔒,secure-communication,Secure Communication,Noise Pipe SC
🔒,security-crypto,Security & Crypto,🔒,secure-communication,Secure Communication,Noise IK SC
🔒,security-crypto,Security & Crypto,🔒,secure-communication,Secure Communication,Noise XX SC
🔒,security-crypto,Security & Crypto,🔒,secure-communication,Secure Communication,Noise KK SC
🔒,security-crypto,Security & Crypto,🔒,secure-communication,Secure Communication,Noise NN SC
🔒,security-crypto,Security & Crypto,🔒,secure-communication,Secure Communication,Noise NK SC
🔒,security-crypto,Security & Crypto,🔒,secure-communication,Secure Communication,Noise NX SC
🔒,security-crypto,Security & Crypto,🔄,security-orchestration,Security Orchestration,Playbook Engine SO
🔒,security-crypto,Security & Crypto,🔄,security-orchestration,Security Orchestration,Workflow Builder SO
🔒,security-crypto,Security & Crypto,🔄,security-orchestration,Security Orchestration,Action SO
🔒,security-crypto,Security & Crypto,🔄,security-orchestration,Security Orchestration,Connector SO
🔒,security-crypto,Security & Crypto,🔄,security-orchestration,Security Orchestration,Trigger SO SO
🔒,security-crypto,Security & Crypto,🔄,security-orchestration,Security Orchestration,Schedule SO SO
🔒,security-crypto,Security & Crypto,🔄,security-orchestration,Security Orchestration,Alert SO
🔒,security-crypto,Security & Crypto,🔄,security-orchestration,Security Orchestration,Enrichment SO
🔒,security-crypto,Security & Crypto,🔄,security-orchestration,Security Orchestration,Investigate SO
🔒,security-crypto,Security & Crypto,🔄,security-orchestration,Security Orchestration,Containment SO
🔒,security-crypto,Security & Crypto,🔄,security-orchestration,Security Orchestration,Remediation SO
🔒,security-crypto,Security & Crypto,🔄,security-orchestration,Security Orchestration,Notification SO
🔒,security-crypto,Security & Crypto,🔄,security-orchestration,Security Orchestration,Ticketing SO
🔒,security-crypto,Security & Crypto,🔄,security-orchestration,Security Orchestration,ServiceNow SO
🔒,security-crypto,Security & Crypto,🔄,security-orchestration,Security Orchestration,Jira SO SO
🔒,security-crypto,Security & Crypto,🔄,security-orchestration,Security Orchestration,PagerDuty SO
🔒,security-crypto,Security & Crypto,🔄,security-orchestration,Security Orchestration,Slack SO SO
🔒,security-crypto,Security & Crypto,🔄,security-orchestration,Security Orchestration,Email SO SO
🔒,security-crypto,Security & Crypto,🔄,security-orchestration,Security Orchestration,SMS SO SO
🔒,security-crypto,Security & Crypto,🔄,security-orchestration,Security Orchestration,Case Manager SO
🔒,security-crypto,Security & Crypto,🔄,security-orchestration,Security Orchestration,Evidence SO
🔒,security-crypto,Security & Crypto,🔄,security-orchestration,Security Orchestration,Timeline SO
🔒,security-crypto,Security & Crypto,🔄,security-orchestration,Security Orchestration,Report SO SO
🔒,security-crypto,Security & Crypto,🔄,security-orchestration,Security Orchestration,Dashboard SO
🔒,security-crypto,Security & Crypto,🔄,security-orchestration,Security Orchestration,Metrics SO SO
🔒,security-crypto,Security & Crypto,🔄,security-orchestration,Security Orchestration,Audit SO
🔒,security-crypto,Security & Crypto,🔄,security-orchestration,Security Orchestration,RBAC SO SO
🔒,security-crypto,Security & Crypto,🔄,security-orchestration,Security Orchestration,Multi Tenant SO
🔒,security-crypto,Security & Crypto,🔄,security-orchestration,Security Orchestration,API SO SO
🔒,security-crypto,Security & Crypto,🔄,security-orchestration,Security Orchestration,Webhook SO SO
🔒,security-crypto,Security & Crypto,🔗,supply-chain-security,Supply Chain Security,SBOM Generator SC
🔒,security-crypto,Security & Crypto,🔗,supply-chain-security,Supply Chain Security,SPDX Parser SC
🔒,security-crypto,Security & Crypto,🔗,supply-chain-security,Supply Chain Security,CycloneDX Parser
🔒,security-crypto,Security & Crypto,🔗,supply-chain-security,Supply Chain Security,Dependency Track
🔒,security-crypto,Security & Crypto,🔗,supply-chain-security,Supply Chain Security,Sigstore SC
🔒,security-crypto,Security & Crypto,🔗,supply-chain-security,Supply Chain Security,Cosign SC
🔒,security-crypto,Security & Crypto,🔗,supply-chain-security,Supply Chain Security,Rekor SC SC
🔒,security-crypto,Security & Crypto,🔗,supply-chain-security,Supply Chain Security,Fulcio SC
🔒,security-crypto,Security & Crypto,🔗,supply-chain-security,Supply Chain Security,In Toto SC
🔒,security-crypto,Security & Crypto,🔗,supply-chain-security,Supply Chain Security,SLSA Attest SC
🔒,security-crypto,Security & Crypto,🔗,supply-chain-security,Supply Chain Security,Provenance SC
🔒,security-crypto,Security & Crypto,🔗,supply-chain-security,Supply Chain Security,Build Attest SC
🔒,security-crypto,Security & Crypto,🔗,supply-chain-security,Supply Chain Security,Source Attest SC
🔒,security-crypto,Security & Crypto,🔗,supply-chain-security,Supply Chain Security,Binary Auth SC
🔒,security-crypto,Security & Crypto,🔗,supply-chain-security,Supply Chain Security,Container Sign SC
🔒,security-crypto,Security & Crypto,🔗,supply-chain-security,Supply Chain Security,Artifact Sign SC
🔒,security-crypto,Security & Crypto,🔗,supply-chain-security,Supply Chain Security,Verify Attest SC
🔒,security-crypto,Security & Crypto,🔗,supply-chain-security,Supply Chain Security,Policy Engine SCS
🔒,security-crypto,Security & Crypto,🔗,supply-chain-security,Supply Chain Security,Policy As Code SC
🔒,security-crypto,Security & Crypto,🔗,supply-chain-security,Supply Chain Security,Gatekeeper SC
🔒,security-crypto,Security & Crypto,🔗,supply-chain-security,Supply Chain Security,Ratify SC SC
🔒,security-crypto,Security & Crypto,🔗,supply-chain-security,Supply Chain Security,License Comp SCS
🔒,security-crypto,Security & Crypto,🔗,supply-chain-security,Supply Chain Security,Vuln Check SCS
🔒,security-crypto,Security & Crypto,🔗,supply-chain-security,Supply Chain Security,Malware Scan SCS
🔒,security-crypto,Security & Crypto,🔗,supply-chain-security,Supply Chain Security,Secrets Scan SCS
🔒,security-crypto,Security & Crypto,🔗,supply-chain-security,Supply Chain Security,SAST Scan SCS
🔒,security-crypto,Security & Crypto,🔗,supply-chain-security,Supply Chain Security,DAST Scan SCS
🔒,security-crypto,Security & Crypto,🔗,supply-chain-security,Supply Chain Security,Fuzz Scan SCS
🔒,security-crypto,Security & Crypto,🔗,supply-chain-security,Supply Chain Security,Scorecard SCS
🔒,security-crypto,Security & Crypto,🔗,supply-chain-security,Supply Chain Security,Criticality SCS
📱,software,Software,🌐,web-application,Web Application,Portfolio Site
📱,software,Software,🌐,web-application,Web Application,Blog Engine
📱,software,Software,🌐,web-application,Web Application,E-commerce Store
📱,software,Software,🌐,web-application,Web Application,SaaS Dashboard
📱,software,Software,🌐,web-application,Web Application,API Gateway
📱,software,Software,🌐,web-application,Web Application,Real-time Chat
📱,software,Software,🌐,web-application,Web Application,Project Management Tool
📱,software,Software,🌐,web-application,Web Application,Content Management System
📱,software,Software,🌐,web-application,Web Application,Form Builder
📱,software,Software,🌐,web-application,Web Application,Analytics Platform
📱,software,Software,🌐,web-application,Web Application,Social Media App
📱,software,Software,🌐,web-application,Web Application,File Sharing Service
📱,software,Software,🌐,web-application,Web Application,Booking System
📱,software,Software,🌐,web-application,Web Application,Learning Platform
📱,software,Software,🌐,web-application,Web Application,Email Service
📱,software,Software,🌐,web-application,Web Application,Search Engine
📱,software,Software,🌐,web-application,Web Application,Map Application
📱,software,Software,🌐,web-application,Web Application,News Aggregator
📱,software,Software,🌐,web-application,Web Application,Forum Software
📱,software,Software,🌐,web-application,Web Application,Wiki Engine
📱,software,Software,🌐,web-application,Web Application,Kanban Board
📱,software,Software,🌐,web-application,Web Application,Customer Portal
📱,software,Software,🌐,web-application,Web Application,Admin Panel
📱,software,Software,🌐,web-application,Web Application,Landing Page
📱,software,Software,🌐,web-application,Web Application,Documentation Site
📱,software,Software,🌐,web-application,Web Application,Status Page
📱,software,Software,🌐,web-application,Web Application,Job Board
📱,software,Software,🌐,web-application,Web Application,Marketplace
📱,software,Software,🌐,web-application,Web Application,Crowdfunding Platform
📱,software,Software,🌐,web-application,Web Application,Subscription Service
📱,software,Software,📟,cli-tool,CLI Tool,Task Runner
📱,software,Software,📟,cli-tool,CLI Tool,File Watcher
📱,software,Software,📟,cli-tool,CLI Tool,Linter
📱,software,Software,📟,cli-tool,CLI Tool,Code Formatter
📱,software,Software,📟,cli-tool,CLI Tool,Password Manager
📱,software,Software,📟,cli-tool,CLI Tool,Todo Tracker
📱,software,Software,📟,cli-tool,CLI Tool,Notes CLI
📱,software,Software,📟,cli-tool,CLI Tool,Weather CLI
📱,software,Software,📟,cli-tool,CLI Tool,Currency Converter
📱,software,Software,📟,cli-tool,CLI Tool,File Organizer
📱,software,Software,📟,cli-tool,CLI Tool,Image Optimizer
📱,software,Software,📟,cli-tool,CLI Tool,Markdown Previewer
📱,software,Software,📟,cli-tool,CLI Tool,Log Parser
📱,software,Software,📟,cli-tool,CLI Tool,System Monitor
📱,software,Software,📟,cli-tool,CLI Tool,Network Scanner
📱,software,Software,📟,cli-tool,CLI Tool,Package Manager
📱,software,Software,📟,cli-tool,CLI Tool,Scaffolding Tool
📱,software,Software,📟,cli-tool,CLI Tool,Database Migrator
📱,software,Software,📟,cli-tool,CLI Tool,API Client
📱,software,Software,📟,cli-tool,CLI Tool,SSH Manager
📱,software,Software,📟,cli-tool,CLI Tool,Environment Manager
📱,software,Software,📟,cli-tool,CLI Tool,Secret Keeper
📱,software,Software,📟,cli-tool,CLI Tool,Dev Server
📱,software,Software,📟,cli-tool,CLI Tool,Static Site Generator
📱,software,Software,📟,cli-tool,CLI Tool,Search CLI
📱,software,Software,📟,cli-tool,CLI Tool,Diff Tool
📱,software,Software,📟,cli-tool,CLI Tool,Changelog Generator
📱,software,Software,📟,cli-tool,CLI Tool,License Generator
📱,software,Software,📟,cli-tool,CLI Tool,Commit Linter
📱,software,Software,📟,cli-tool,CLI Tool,PR Manager
📱,software,Software,🔌,api-service,API Service,REST API Server
📱,software,Software,🔌,api-service,API Service,GraphQL Server
📱,software,Software,🔌,api-service,API Service,gRPC Service
📱,software,Software,🔌,api-service,API Service,WebSocket Server
📱,software,Software,🔌,api-service,API Service,Rate Limiter
📱,software,Software,🔌,api-service,API Service,Auth Service
📱,software,Software,🔌,api-service,API Service,Payment Gateway
📱,software,Software,🔌,api-service,API Service,Notification Service
📱,software,Software,🔌,api-service,API Service,Email Delivery
📱,software,Software,🔌,api-service,API Service,SMS Gateway
📱,software,Software,🔌,api-service,API Service,File Upload API
📱,software,Software,🔌,api-service,API Service,Image Processing
📱,software,Software,🔌,api-service,API Service,Video Transcoder
📱,software,Software,🔌,api-service,API Service,Search Service
📱,software,Software,🔌,api-service,API Service,Recommendation Engine
📱,software,Software,🔌,api-service,API Service,Geocoding API
📱,software,Software,🔌,api-service,API Service,Weather API
📱,software,Software,🔌,api-service,API Service,Translation API
📱,software,Software,🔌,api-service,API Service,Text Analysis
📱,software,Software,🔌,api-service,API Service,Speech Synthesis
📱,software,Software,🔌,api-service,API Service,OCR Service
📱,software,Software,🔌,api-service,API Service,PDF Generator
📱,software,Software,🔌,api-service,API Service,QR Code API
📱,software,Software,🔌,api-service,API Service,Scheduling API
📱,software,Software,🔌,api-service,API Service,Webhook Relay
📱,software,Software,🔌,api-service,API Service,API Proxy
📱,software,Software,🔌,api-service,API Service,API Cache Layer
📱,software,Software,🔌,api-service,API Service,API Version Manager
📱,software,Software,🔌,api-service,API Service,API Doc Generator
📱,software,Software,🔌,api-service,API Service,Health Check API
📱,software,Software,📱,mobile-app,Mobile App,Habit Tracker
📱,software,Software,📱,mobile-app,Mobile App,Expense Tracker
📱,software,Software,📱,mobile-app,Mobile App,Fitness App
📱,software,Software,📱,mobile-app,Mobile App,Meditation App
📱,software,Software,📱,mobile-app,Mobile App,Recipe App
📱,software,Software,📱,mobile-app,Mobile App,Meal Planner
📱,software,Software,📱,mobile-app,Mobile App,Photo Editor
📱,software,Software,📱,mobile-app,Mobile App,Note Taking
📱,software,Software,📱,mobile-app,Mobile App,Calendar App
📱,software,Software,📱,mobile-app,Mobile App,Weather App
📱,software,Software,📱,mobile-app,Mobile App,Music Player
📱,software,Software,📱,mobile-app,Mobile App,Podcast Player
📱,software,Software,📱,mobile-app,Mobile App,Flashcard App
📱,software,Software,📱,mobile-app,Mobile App,Language Learning
📱,software,Software,📱,mobile-app,Mobile App,Map Navigator
📱,software,Software,📱,mobile-app,Mobile App,Public Transit
📱,software,Software,📱,mobile-app,Mobile App,Ride Sharing
📱,software,Software,📱,mobile-app,Mobile App,Food Delivery
📱,software,Software,📱,mobile-app,Mobile App,Delivery Tracker
📱,software,Software,📱,mobile-app,Mobile App,Shopping List
📱,software,Software,📱,mobile-app,Mobile App,Barcode Scanner
📱,software,Software,📱,mobile-app,Mobile App,Augmented Reality
📱,software,Software,📱,mobile-app,Mobile App,Workout Logger
📱,software,Software,📱,mobile-app,Mobile App,Sleep Tracker
📱,software,Software,📱,mobile-app,Mobile App,Water Reminder
📱,software,Software,📱,mobile-app,Mobile App,Journal App
📱,software,Software,📱,mobile-app,Mobile App,Drawing App
📱,software,Software,📱,mobile-app,Mobile App,Timer App
📱,software,Software,📱,mobile-app,Mobile App,Compass App
📱,software,Software,📱,mobile-app,Mobile App,Unit Converter
📱,software,Software,🧩,browser-extension,Browser Extension,Ad Blocker
📱,software,Software,🧩,browser-extension,Browser Extension,Password Manager
📱,software,Software,🧩,browser-extension,Browser Extension,Tab Manager
📱,software,Software,🧩,browser-extension,Browser Extension,Bookmark Organizer
📱,software,Software,🧩,browser-extension,Browser Extension,Dark Mode Toggle
📱,software,Software,🧩,browser-extension,Browser Extension,Page Screenshot
📱,software,Software,🧩,browser-extension,Browser Extension,Form Filler
📱,software,Software,🧩,browser-extension,Browser Extension,Grammar Checker
📱,software,Software,🧩,browser-extension,Browser Extension,Dictionary Lookup
📱,software,Software,🧩,browser-extension,Browser Extension,Translation Tool
📱,software,Software,🧩,browser-extension,Browser Extension,Price Tracker
📱,software,Software,🧩,browser-extension,Browser Extension,Coupon Finder
📱,software,Software,🧩,browser-extension,Browser Extension,Tab Suspender
📱,software,Software,🧩,browser-extension,Browser Extension,Session Manager
📱,software,Software,🧩,browser-extension,Browser Extension,Note Taker
📱,software,Software,🧩,browser-extension,Browser Extension,Highlight Tool
📱,software,Software,🧩,browser-extension,Browser Extension,Reading List
📱,software,Software,🧩,browser-extension,Browser Extension,PDF Converter
📱,software,Software,🧩,browser-extension,Browser Extension,Video Speed Control
📱,software,Software,🧩,browser-extension,Browser Extension,Color Picker
📱,software,Software,🧩,browser-extension,Browser Extension,Eye Care Filter
📱,software,Software,🧩,browser-extension,Browser Extension,RSS Reader
📱,software,Software,🧩,browser-extension,Browser Extension,Page Archiver
📱,software,Software,🧩,browser-extension,Browser Extension,Script Injector
📱,software,Software,🧩,browser-extension,Browser Extension,Cookie Editor
📱,software,Software,🧩,browser-extension,Browser Extension,DevTools Extension
📱,software,Software,🧩,browser-extension,Browser Extension,React Inspector
📱,software,Software,🧩,browser-extension,Browser Extension,API Tester
📱,software,Software,🧩,browser-extension,Browser Extension,SEO Analyzer
📱,software,Software,🧩,browser-extension,Browser Extension,Accessibility Checker
📱,software,Software,🤖,bot,Bot,Chat Bot
📱,software,Software,🤖,bot,Bot,Slack Bot
📱,software,Software,🤖,bot,Bot,Discord Bot
📱,software,Software,🤖,bot,Bot,Telegram Bot
📱,software,Software,🤖,bot,Bot,Twitter Bot
📱,software,Software,🤖,bot,Bot,Reddit Bot
📱,software,Software,🤖,bot,Bot,GitHub Bot
📱,software,Software,🤖,bot,Bot,Support Bot
📱,software,Software,🤖,bot,Bot,Poll Bot
📱,software,Software,🤖,bot,Bot,Reminder Bot
📱,software,Software,🤖,bot,Bot,Weather Bot
📱,software,Software,🤖,bot,Bot,Trivia Bot
📱,software,Software,🤖,bot,Bot,Music Bot
📱,software,Software,🤖,bot,Bot,Moderation Bot
📱,software,Software,🤖,bot,Bot,Welcome Bot
📱,software,Software,🤖,bot,Bot,Ticket Bot
📱,software,Software,🤖,bot,Bot,Notification Bot
📱,software,Software,🤖,bot,Bot,Status Bot
📱,software,Software,🤖,bot,Bot,Analytics Bot
📱,software,Software,🤖,bot,Bot,Translator Bot
📱,software,Software,🤖,bot,Bot,Image Bot
📱,software,Software,🤖,bot,Bot,Meme Bot
📱,software,Software,🤖,bot,Bot,Game Bot
📱,software,Software,🤖,bot,Bot,Dice Bot
📱,software,Software,🤖,bot,Bot,Leaderboard Bot
📱,software,Software,🤖,bot,Bot,Auto Responder
📱,software,Software,🤖,bot,Bot,Spam Filter Bot
📱,software,Software,🤖,bot,Bot,Backup Bot
📱,software,Software,🤖,bot,Bot,Cron Bot
📱,software,Software,🤖,bot,Bot,Scraper Bot
📱,software,Software,📦,package-library,Package & Library,Component Library
📱,software,Software,📦,package-library,Package & Library,CSS Framework
📱,software,Software,📦,package-library,Package & Library,UI Kit
📱,software,Software,📦,package-library,Package & Library,Icon Library
📱,software,Software,📦,package-library,Package & Library,State Manager
📱,software,Software,📦,package-library,Package & Library,Router Library
📱,software,Software,📦,package-library,Package & Library,Form Library
📱,software,Software,📦,package-library,Package & Library,Validation Library
📱,software,Software,📦,package-library,Package & Library,HTTP Client
📱,software,Software,📦,package-library,Package & Library,WebSocket Client
📱,software,Software,📦,package-library,Package & Library,Date Utility
📱,software,Software,📦,package-library,Package & Library,Number Format
📱,software,Software,📦,package-library,Package & Library,String Utility
📱,software,Software,📦,package-library,Package & Library,Array Utility
📱,software,Software,📦,package-library,Package & Library,Object Utility
📱,software,Software,📦,package-library,Package & Library,File Utility
📱,software,Software,📦,package-library,Package & Library,Color Utility
📱,software,Software,📦,package-library,Package & Library,Animation Library
📱,software,Software,📦,package-library,Package & Library,Chart Library
📱,software,Software,📦,package-library,Package & Library,Table Library
📱,software,Software,📦,package-library,Package & Library,Notification Library
📱,software,Software,📦,package-library,Package & Library,Modal Library
📱,software,Software,📦,package-library,Package & Library,Dropdown Library
📱,software,Software,📦,package-library,Package & Library,Tooltip Library
📱,software,Software,📦,package-library,Package & Library,Carousel Library
📱,software,Software,📦,package-library,Package & Library,Loading Library
📱,software,Software,📦,package-library,Package & Library,Toast Library
📱,software,Software,📦,package-library,Package & Library,Menu Library
📱,software,Software,📦,package-library,Package & Library,Tabs Library
📱,software,Software,📦,package-library,Package & Library,Accordion Library
📱,software,Software,📊,data-visualization,Data Visualization,Chart Dashboard
📱,software,Software,📊,data-visualization,Data Visualization,Real-time Dashboard
📱,software,Software,📊,data-visualization,Data Visualization,Analytics Dashboard
📱,software,Software,📊,data-visualization,Data Visualization,Sales Dashboard
📱,software,Software,📊,data-visualization,Data Visualization,Marketing Dashboard
📱,software,Software,📊,data-visualization,Data Visualization,SEO Dashboard
📱,software,Software,📊,data-visualization,Data Visualization,Social Media Dashboard
📱,software,Software,📊,data-visualization,Data Visualization,Server Monitor
📱,software,Software,📊,data-visualization,Data Visualization,API Monitor
📱,software,Software,📊,data-visualization,Data Visualization,Uptime Monitor
📱,software,Software,📊,data-visualization,Data Visualization,Log Viewer
📱,software,Software,📊,data-visualization,Data Visualization,Event Timeline
📱,software,Software,📊,data-visualization,Data Visualization,Network Graph
📱,software,Software,📊,data-visualization,Data Visualization,Flow Diagram
📱,software,Software,📊,data-visualization,Data Visualization,Org Chart
📱,software,Software,📊,data-visualization,Data Visualization,Mind Map
📱,software,Software,📊,data-visualization,Data Visualization,Gantt Chart
📱,software,Software,📊,data-visualization,Data Visualization,Heat Map
📱,software,Software,📊,data-visualization,Data Visualization,Tree Map
📱,software,Software,📊,data-visualization,Data Visualization,Sankey Diagram
📱,software,Software,📊,data-visualization,Data Visualization,Word Cloud
📱,software,Software,📊,data-visualization,Data Visualization,Scatter Plot
📱,software,Software,📊,data-visualization,Data Visualization,Line Chart
📱,software,Software,📊,data-visualization,Data Visualization,Bar Chart
📱,software,Software,📊,data-visualization,Data Visualization,Pie Chart
📱,software,Software,📊,data-visualization,Data Visualization,Area Chart
📱,software,Software,📊,data-visualization,Data Visualization,Radar Chart
📱,software,Software,📊,data-visualization,Data Visualization,Bubble Chart
📱,software,Software,📊,data-visualization,Data Visualization,Candlestick Chart
📱,software,Software,📊,data-visualization,Data Visualization,Waterfall Chart
📱,software,Software,☁️,cloud-service,Cloud Service,File Storage
📱,software,Software,☁️,cloud-service,Cloud Service,Object Storage
📱,software,Software,☁️,cloud-service,Cloud Service,Block Storage
📱,software,Software,☁️,cloud-service,Cloud Service,CDN Service
📱,software,Software,☁️,cloud-service,Cloud Service,DNS Service
📱,software,Software,☁️,cloud-service,Cloud Service,Load Balancer
📱,software,Software,☁️,cloud-service,Cloud Service,Auto Scaler
📱,software,Software,☁️,cloud-service,Cloud Service,Container Registry
📱,software,Software,☁️,cloud-service,Cloud Service,Serverless Platform
📱,software,Software,☁️,cloud-service,Cloud Service,Function Runner
📱,software,Software,☁️,cloud-service,Cloud Service,Queue Service
📱,software,Software,☁️,cloud-service,Cloud Service,Pub Sub System
📱,software,Software,☁️,cloud-service,Cloud Service,Stream Processor
📱,software,Software,☁️,cloud-service,Cloud Service,Data Pipeline
📱,software,Software,☁️,cloud-service,Cloud Service,ETL Service
📱,software,Software,☁️,cloud-service,Cloud Service,Log Aggregator
📱,software,Software,☁️,cloud-service,Cloud Service,Metrics Collector
📱,software,Software,☁️,cloud-service,Cloud Service,Alert Manager
📱,software,Software,☁️,cloud-service,Cloud Service,Secrets Manager
📱,software,Software,☁️,cloud-service,Cloud Service,Key Store
📱,software,Software,☁️,cloud-service,Cloud Service,Certificate Manager
📱,software,Software,☁️,cloud-service,Cloud Service,Identity Service
📱,software,Software,☁️,cloud-service,Cloud Service,Access Control
📱,software,Software,☁️,cloud-service,Cloud Service,Billing System
📱,software,Software,☁️,cloud-service,Cloud Service,Usage Meter
📱,software,Software,☁️,cloud-service,Cloud Service,Subscription Manager
📱,software,Software,☁️,cloud-service,Cloud Service,Resource Monitor
📱,software,Software,☁️,cloud-service,Cloud Service,Cost Calculator
📱,software,Software,☁️,cloud-service,Cloud Service,Cloud Backup
📱,software,Software,☁️,cloud-service,Cloud Service,DR Service
📱,software,Software,📧,communication-tool,Communication Tool,Email Client
📱,software,Software,📧,communication-tool,Communication Tool,Group Chat
📱,software,Software,📧,communication-tool,Communication Tool,Video Call
📱,software,Software,📧,communication-tool,Communication Tool,Voice Call
📱,software,Software,📧,communication-tool,Communication Tool,Screen Share
📱,software,Software,📧,communication-tool,Communication Tool,File Transfer
📱,software,Software,📧,communication-tool,Communication Tool,Team Wiki
📱,software,Software,📧,communication-tool,Communication Tool,Whiteboard
📱,software,Software,📧,communication-tool,Communication Tool,Kanban Board
📱,software,Software,📧,communication-tool,Communication Tool,Task Manager
📱,software,Software,📧,communication-tool,Communication Tool,Note Share
📱,software,Software,📧,communication-tool,Communication Tool,Calendar Sync
📱,software,Software,📧,communication-tool,Communication Tool,Contact Manager
📱,software,Software,📧,communication-tool,Communication Tool,Poll System
📱,software,Software,📧,communication-tool,Communication Tool,Survey Tool
📱,software,Software,📧,communication-tool,Communication Tool,Newsletter Tool
📱,software,Software,📧,communication-tool,Communication Tool,Invitation System
📱,software,Software,📧,communication-tool,Communication Tool,RSVP Tracker
📱,software,Software,📧,communication-tool,Communication Tool,Feedback Tool
📱,software,Software,📧,communication-tool,Communication Tool,Suggestion Box
📱,software,Software,📧,communication-tool,Communication Tool,Announcement Board
📱,software,Software,📧,communication-tool,Communication Tool,Knowledge Base
📱,software,Software,📧,communication-tool,Communication Tool,FAQ System
📱,software,Software,📧,communication-tool,Communication Tool,Help Desk
📱,software,Software,📧,communication-tool,Communication Tool,Ticket System
📱,software,Software,📧,communication-tool,Communication Tool,Live Chat
📱,software,Software,📧,communication-tool,Communication Tool,Chatbot Platform
📱,software,Software,📧,communication-tool,Communication Tool,Email Template
📱,software,Software,📧,communication-tool,Communication Tool,Signature Manager
📱,software,Software,📧,communication-tool,Communication Tool,Bulk Mailer
📱,software,Software,🛒,e-commerce,E-commerce,Shopping Cart
📱,software,Software,🛒,e-commerce,E-commerce,Product Catalog
📱,software,Software,🛒,e-commerce,E-commerce,Order Management
📱,software,Software,🛒,e-commerce,E-commerce,Inventory System
📱,software,Software,🛒,e-commerce,E-commerce,Payment Processor
📱,software,Software,🛒,e-commerce,E-commerce,Invoice Generator
📱,software,Software,🛒,e-commerce,E-commerce,Shipping Tracker
📱,software,Software,🛒,e-commerce,E-commerce,Returns Portal
📱,software,Software,🛒,e-commerce,E-commerce,Review System
📱,software,Software,🛒,e-commerce,E-commerce,Rating System
📱,software,Software,🛒,e-commerce,E-commerce,Product Search
📱,software,Software,🛒,e-commerce,E-commerce,Recommendation Engine
📱,software,Software,🛒,e-commerce,E-commerce,Wishlist Feature
📱,software,Software,🛒,e-commerce,E-commerce,Coupon System
📱,software,Software,🛒,e-commerce,E-commerce,Discount Engine
📱,software,Software,🛒,e-commerce,E-commerce,Loyalty Program
📱,software,Software,🛒,e-commerce,E-commerce,Subscription Box
📱,software,Software,🛒,e-commerce,E-commerce,Digital Downloads
📱,software,Software,🛒,e-commerce,E-commerce,Gift Card System
📱,software,Software,🛒,e-commerce,E-commerce,Multi Vendor
📱,software,Software,🛒,e-commerce,E-commerce,Marketplace Platform
📱,software,Software,🛒,e-commerce,E-commerce,Auction System
📱,software,Software,🛒,e-commerce,E-commerce,Bidding Platform
📱,software,Software,🛒,e-commerce,E-commerce,Price Comparer
📱,software,Software,🛒,e-commerce,E-commerce,Abandoned Cart
📱,software,Software,🛒,e-commerce,E-commerce,Checkout Flow
📱,software,Software,🛒,e-commerce,E-commerce,Fraud Detector
📱,software,Software,🛒,e-commerce,E-commerce,Tax Calculator
📱,software,Software,🛒,e-commerce,E-commerce,Currency Converter
📱,software,Software,🛒,e-commerce,E-commerce,Localization Tool
📱,software,Software,📰,content-platform,Content Platform,Blog Platform
📱,software,Software,📰,content-platform,Content Platform,News Site
📱,software,Software,📰,content-platform,Content Platform,Magazine Site
📱,software,Software,📰,content-platform,Content Platform,Portfolio Builder
📱,software,Software,📰,content-platform,Content Platform,Documentation Generator
📱,software,Software,📰,content-platform,Content Platform,Wiki Engine
📱,software,Software,📰,content-platform,Content Platform,Forum Board
📱,software,Software,📰,content-platform,Content Platform,Community Platform
📱,software,Software,📰,content-platform,Content Platform,Social Network
📱,software,Software,📰,content-platform,Content Platform,Q&A Platform
📱,software,Software,📰,content-platform,Content Platform,Review Site
📱,software,Software,📰,content-platform,Content Platform,Directory Site
📱,software,Software,📰,content-platform,Content Platform,Job Board
📱,software,Software,📰,content-platform,Content Platform,Classified Ads
📱,software,Software,📰,content-platform,Content Platform,Event Listing
📱,software,Software,📰,content-platform,Content Platform,Ticket Platform
📱,software,Software,📰,content-platform,Content Platform,Gallery Site
📱,software,Software,📰,content-platform,Content Platform,Podcast Platform
📱,software,Software,📰,content-platform,Content Platform,Video Platform
📱,software,Software,📰,content-platform,Content Platform,Streaming Service
📱,software,Software,📰,content-platform,Content Platform,eReader Platform
📱,software,Software,📰,content-platform,Content Platform,Course Platform
📱,software,Software,📰,content-platform,Content Platform,Webinar Platform
📱,software,Software,📰,content-platform,Content Platform,Membership Site
📱,software,Software,📰,content-platform,Content Platform,Paywall System
📱,software,Software,📰,content-platform,Content Platform,Newsletter Platform
📱,software,Software,📰,content-platform,Content Platform,RSS Reader
📱,software,Software,📰,content-platform,Content Platform,Bookmarking Site
📱,software,Software,📰,content-platform,Content Platform,Link Aggregator
📱,software,Software,📰,content-platform,Content Platform,Content Curator
📱,software,Software,🔧,developer-tool,Developer Tool,Code Editor
📱,software,Software,🔧,developer-tool,Developer Tool,IDE Plugin
📱,software,Software,🔧,developer-tool,Developer Tool,Code Linter
📱,software,Software,🔧,developer-tool,Developer Tool,Formatter Tool
📱,software,Software,🔧,developer-tool,Developer Tool,Minifier Tool
📱,software,Software,🔧,developer-tool,Developer Tool,Bundler Tool
📱,software,Software,🔧,developer-tool,Developer Tool,Transpiler Tool
📱,software,Software,🔧,developer-tool,Developer Tool,Debugger Tool
📱,software,Software,🔧,developer-tool,Developer Tool,Profiler Tool
📱,software,Software,🔧,developer-tool,Developer Tool,Test Runner
📱,software,Software,🔧,developer-tool,Developer Tool,Coverage Tool
📱,software,Software,🔧,developer-tool,Developer Tool,Mock Server
📱,software,Software,🔧,developer-tool,Developer Tool,API Tester
📱,software,Software,🔧,developer-tool,Developer Tool,Schema Validator
📱,software,Software,🔧,developer-tool,Developer Tool,Type Checker
📱,software,Software,🔧,developer-tool,Developer Tool,Doc Generator
📱,software,Software,🔧,developer-tool,Developer Tool,Changelog Tool
📱,software,Software,🔧,developer-tool,Developer Tool,Version Bumper
📱,software,Software,🔧,developer-tool,Developer Tool,Release Tool
📱,software,Software,🔧,developer-tool,Developer Tool,CI Pipeline
📱,software,Software,🔧,developer-tool,Developer Tool,Deploy Tool
📱,software,Software,🔧,developer-tool,Developer Tool,Container Tool
📱,software,Software,🔧,developer-tool,Developer Tool,Orchestration Tool
📱,software,Software,🔧,developer-tool,Developer Tool,Config Manager
📱,software,Software,🔧,developer-tool,Developer Tool,Env Manager
📱,software,Software,🔧,developer-tool,Developer Tool,Secret Scanner
📱,software,Software,🔧,developer-tool,Developer Tool,Dependency Checker
📱,software,Software,🔧,developer-tool,Developer Tool,Upgrade Tool
📱,software,Software,🔧,developer-tool,Developer Tool,Migration Tool
📱,software,Software,🔧,developer-tool,Developer Tool,Scaffold Tool
📱,software,Software,📋,productivity-app,Productivity App,Todo List
📱,software,Software,📋,productivity-app,Productivity App,Task Manager
📱,software,Software,📋,productivity-app,Productivity App,Calendar App
📱,software,Software,📋,productivity-app,Productivity App,Note Taking
📱,software,Software,📋,productivity-app,Productivity App,Journal App
📱,software,Software,📋,productivity-app,Productivity App,Habit Tracker
📱,software,Software,📋,productivity-app,Productivity App,Goal Tracker
📱,software,Software,📋,productivity-app,Productivity App,Project Planner
📱,software,Software,📋,productivity-app,Productivity App,Time Tracker
📱,software,Software,📋,productivity-app,Productivity App,Pomodoro Timer
📱,software,Software,📋,productivity-app,Productivity App,Focus App
📱,software,Software,📋,productivity-app,Productivity App,Mind Map
📱,software,Software,📋,productivity-app,Productivity App,Brainstorm Tool
📱,software,Software,📋,productivity-app,Productivity App,Whiteboard App
📱,software,Software,📋,productivity-app,Productivity App,Spreadsheet App
📱,software,Software,📋,productivity-app,Productivity App,Word Processor
📱,software,Software,📋,productivity-app,Productivity App,Presentation Tool
📱,software,Software,📋,productivity-app,Productivity App,PDF Editor
📱,software,Software,📋,productivity-app,Productivity App,Document Scanner
📱,software,Software,📋,productivity-app,Productivity App,OCR App
📱,software,Software,📋,productivity-app,Productivity App,Form Builder
📱,software,Software,📋,productivity-app,Productivity App,Survey Creator
📱,software,Software,📋,productivity-app,Productivity App,Flashcard App
📱,software,Software,📋,productivity-app,Productivity App,Study Planner
📱,software,Software,📋,productivity-app,Productivity App,Grade Tracker
📱,software,Software,📋,productivity-app,Productivity App,Budget Planner
📱,software,Software,📋,productivity-app,Productivity App,Expense Splitter
📱,software,Software,📋,productivity-app,Productivity App,Invoice App
📱,software,Software,📋,productivity-app,Productivity App,Receipt Tracker
📱,software,Software,📋,productivity-app,Productivity App,Inventory Manager
📱,software,Software,🔍,search-discovery,Search & Discovery,Full Text Search
📱,software,Software,🔍,search-discovery,Search & Discovery,Elasticsearch Clone
📱,software,Software,🔍,search-discovery,Search & Discovery,Vector Search
📱,software,Software,🔍,search-discovery,Search & Discovery,Image Search
📱,software,Software,🔍,search-discovery,Search & Discovery,Video Search
📱,software,Software,🔍,search-discovery,Search & Discovery,Audio Search
📱,software,Software,🔍,search-discovery,Search & Discovery,Code Search
📱,software,Software,🔍,search-discovery,Search & Discovery,File Search
📱,software,Software,🔍,search-discovery,Search & Discovery,Email Search
📱,software,Software,🔍,search-discovery,Search & Discovery,Log Search
📱,software,Software,🔍,search-discovery,Search & Discovery,Product Search
📱,software,Software,🔍,search-discovery,Search & Discovery,Job Search
📱,software,Software,🔍,search-discovery,Search & Discovery,People Search
📱,software,Software,🔍,search-discovery,Search & Discovery,Place Search
📱,software,Software,🔍,search-discovery,Search & Discovery,Recipe Search
📱,software,Software,🔍,search-discovery,Search & Discovery,Semantic Search
📱,software,Software,🔍,search-discovery,Search & Discovery,Hybrid Search
📱,software,Software,🔍,search-discovery,Search & Discovery,Autocomplete System
📱,software,Software,🔍,search-discovery,Search & Discovery,Spell Checker
📱,software,Software,🔍,search-discovery,Search & Discovery,Synonym Engine
📱,software,Software,🔍,search-discovery,Search & Discovery,Search Analytics
📱,software,Software,🔍,search-discovery,Search & Discovery,Trending Search
📱,software,Software,🔍,search-discovery,Search & Discovery,Popular Search
📱,software,Software,🔍,search-discovery,Search & Discovery,Related Search
📱,software,Software,🔍,search-discovery,Search & Discovery,Search Suggestions
📱,software,Software,🔍,search-discovery,Search & Discovery,Search Facets
📱,software,Software,🔍,search-discovery,Search & Discovery,Search Filter
📱,software,Software,🔍,search-discovery,Search & Discovery,Search Ranking
📱,software,Software,🔍,search-discovery,Search & Discovery,Search Cache
📱,software,Software,🔍,search-discovery,Search & Discovery,Search Indexer
📱,software,Software,🗂️,file-management,File Management,File Explorer
📱,software,Software,🗂️,file-management,File Management,File Manager
📱,software,Software,🗂️,file-management,File Management,Cloud Storage
📱,software,Software,🗂️,file-management,File Management,Sync Service
📱,software,Software,🗂️,file-management,File Management,Backup Tool
📱,software,Software,🗂️,file-management,File Management,File Compressor
📱,software,Software,🗂️,file-management,File Management,Archive Extractor
📱,software,Software,🗂️,file-management,File Management,File Converter
📱,software,Software,🗂️,file-management,File Management,Image Organizer
📱,software,Software,🗂️,file-management,File Management,Photo Manager
📱,software,Software,🗂️,file-management,File Management,Video Library
📱,software,Software,🗂️,file-management,File Management,Music Library
📱,software,Software,🗂️,file-management,File Management,Document Manager
📱,software,Software,🗂️,file-management,File Management,PDF Manager
📱,software,Software,🗂️,file-management,File Management,Note Organizer
📱,software,Software,🗂️,file-management,File Management,Bookmark Manager
📱,software,Software,🗂️,file-management,File Management,Password Vault
📱,software,Software,🗂️,file-management,File Management,File Encryptor
📱,software,Software,🗂️,file-management,File Management,Secure Delete
📱,software,Software,🗂️,file-management,File Management,Disk Usage Analyzer
📱,software,Software,🗂️,file-management,File Management,Duplicate Finder
📱,software,Software,🗂️,file-management,File Management,File Renamer
📱,software,Software,🗂️,file-management,File Management,Tag Manager
📱,software,Software,🗂️,file-management,File Management,Metadata Editor
📱,software,Software,🗂️,file-management,File Management,File Search Tool
📱,software,Software,🗂️,file-management,File Management,Version Tracker
📱,software,Software,🗂️,file-management,File Management,Snapshot Tool
📱,software,Software,🗂️,file-management,File Management,Restore Tool
📱,software,Software,🗂️,file-management,File Management,Trash Manager
📱,software,Software,🗂️,file-management,File Management,File Recovery
📱,software,Software,🎨,design-tool,Design Tool,Image Editor
📱,software,Software,🎨,design-tool,Design Tool,Vector Editor
📱,software,Software,🎨,design-tool,Design Tool,Photo Filter
📱,software,Software,🎨,design-tool,Design Tool,Color Picker
📱,software,Software,🎨,design-tool,Design Tool,Palette Generator
📱,software,Software,🎨,design-tool,Design Tool,Gradient Generator
📱,software,Software,🎨,design-tool,Design Tool,Font Manager
📱,software,Software,🎨,design-tool,Design Tool,Icon Editor
📱,software,Software,🎨,design-tool,Design Tool,Logo Maker
📱,software,Software,🎨,design-tool,Design Tool,Banner Creator
📱,software,Software,🎨,design-tool,Design Tool,Poster Designer
📱,software,Software,🎨,design-tool,Design Tool,Card Creator
📱,software,Software,🎨,design-tool,Design Tool,Mockup Generator
📱,software,Software,🎨,design-tool,Design Tool,Wireframe Tool
📱,software,Software,🎨,design-tool,Design Tool,Prototype Tool
📱,software,Software,🎨,design-tool,Design Tool,Design System
📱,software,Software,🎨,design-tool,Design Tool,Component Library
📱,software,Software,🎨,design-tool,Design Tool,Style Guide
📱,software,Software,🎨,design-tool,Design Tool,Asset Manager
📱,software,Software,🎨,design-tool,Design Tool,SVG Editor
📱,software,Software,🎨,design-tool,Design Tool,Animation Tool
📱,software,Software,🎨,design-tool,Design Tool,Lottie Player
📱,software,Software,🎨,design-tool,Design Tool,Screen Recorder
📱,software,Software,🎨,design-tool,Design Tool,GIF Creator
📱,software,Software,🎨,design-tool,Design Tool,Thumbnail Maker
📱,software,Software,🎨,design-tool,Design Tool,Crop Tool
📱,software,Software,🎨,design-tool,Design Tool,Resize Tool
📱,software,Software,🎨,design-tool,Design Tool,Watermark Tool
📱,software,Software,🎨,design-tool,Design Tool,Batch Processor
📱,software,Software,🎨,design-tool,Design Tool,Template Builder
📱,software,Software,🧪,testing-tool,Testing Tool,Unit Test Framework
📱,software,Software,🧪,testing-tool,Testing Tool,Integration Test
📱,software,Software,🧪,testing-tool,Testing Tool,E2E Test Runner
📱,software,Software,🧪,testing-tool,Testing Tool,Snapshot Test
📱,software,Software,🧪,testing-tool,Testing Tool,Visual Regression
📱,software,Software,🧪,testing-tool,Testing Tool,Performance Test
📱,software,Software,🧪,testing-tool,Testing Tool,Load Test Tool
📱,software,Software,🧪,testing-tool,Testing Tool,Stress Test Tool
📱,software,Software,🧪,testing-tool,Testing Tool,API Test Runner
📱,software,Software,🧪,testing-tool,Testing Tool,UI Test Tool
📱,software,Software,🧪,testing-tool,Testing Tool,Mock Generator
📱,software,Software,🧪,testing-tool,Testing Tool,Stub Server
📱,software,Software,🧪,testing-tool,Testing Tool,Fake Data Generator
📱,software,Software,🧪,testing-tool,Testing Tool,Coverage Reporter
📱,software,Software,🧪,testing-tool,Testing Tool,Test Analytics
📱,software,Software,🧪,testing-tool,Testing Tool,Test Dashboard
📱,software,Software,🧪,testing-tool,Testing Tool,Flaky Test Detector
📱,software,Software,🧪,testing-tool,Testing Tool,A B Testing Tool
📱,software,Software,🧪,testing-tool,Testing Tool,Accessibility Test
📱,software,Software,🧪,testing-tool,Testing Tool,Security Test Tool
📱,software,Software,🧪,testing-tool,Testing Tool,Mutation Test
📱,software,Software,🧪,testing-tool,Testing Tool,Property Based Test
📱,software,Software,🧪,testing-tool,Testing Tool,Fuzz Test Tool
📱,software,Software,🧪,testing-tool,Testing Tool,Contract Test
📱,software,Software,🧪,testing-tool,Testing Tool,Smoke Test Tool
📱,software,Software,🧪,testing-tool,Testing Tool,Exploratory Test
📱,software,Software,🧪,testing-tool,Testing Tool,Test Harness
📱,software,Software,🧪,testing-tool,Testing Tool,Test Suite Runner
📱,software,Software,🧪,testing-tool,Testing Tool,Benchmark Tool
📱,software,Software,🧪,testing-tool,Testing Tool,Profiling Tool
📱,software,Software,📈,analytics-platform,Analytics Platform,Web Analytics
📱,software,Software,📈,analytics-platform,Analytics Platform,Product Analytics
📱,software,Software,📈,analytics-platform,Analytics Platform,User Analytics
📱,software,Software,📈,analytics-platform,Analytics Platform,Session Recording
📱,software,Software,📈,analytics-platform,Analytics Platform,Heatmap Tool
📱,software,Software,📈,analytics-platform,Analytics Platform,Funnel Analysis
📱,software,Software,📈,analytics-platform,Analytics Platform,Cohort Analysis
📱,software,Software,📈,analytics-platform,Analytics Platform,Retention Report
📱,software,Software,📈,analytics-platform,Analytics Platform,Conversion Tracker
📱,software,Software,📈,analytics-platform,Analytics Platform,Event Tracker
📱,software,Software,📈,analytics-platform,Analytics Platform,Custom Dashboard
📱,software,Software,📈,analytics-platform,Analytics Platform,Real-time Analytics
📱,software,Software,📈,analytics-platform,Analytics Platform,Predictive Analytics
📱,software,Software,📈,analytics-platform,Analytics Platform,A B Testing Platform
📱,software,Software,📈,analytics-platform,Analytics Platform,Survey Analytics
📱,software,Software,📈,analytics-platform,Analytics Platform,NPS Tracker
📱,software,Software,📈,analytics-platform,Analytics Platform,CSAT Score
📱,software,Software,📈,analytics-platform,Analytics Platform,User Feedback
📱,software,Software,📈,analytics-platform,Analytics Platform,App Analytics
📱,software,Software,📈,analytics-platform,Analytics Platform,Crash Reporter
📱,software,Software,📈,analytics-platform,Analytics Platform,Error Tracking
📱,software,Software,📈,analytics-platform,Analytics Platform,Performance Monitor
📱,software,Software,📈,analytics-platform,Analytics Platform,API Analytics
📱,software,Software,📈,analytics-platform,Analytics Platform,Revenue Analytics
📱,software,Software,📈,analytics-platform,Analytics Platform,Marketing Analytics
📱,software,Software,📈,analytics-platform,Analytics Platform,Social Analytics
📱,software,Software,📈,analytics-platform,Analytics Platform,SEO Analytics
📱,software,Software,📈,analytics-platform,Analytics Platform,Content Analytics
📱,software,Software,📈,analytics-platform,Analytics Platform,Email Analytics
📱,software,Software,📈,analytics-platform,Analytics Platform,Attribution Model
📱,software,Software,⏰,scheduling-system,Scheduling System,Calendar App
📱,software,Software,⏰,scheduling-system,Scheduling System,Appointment Book
📱,software,Software,⏰,scheduling-system,Scheduling System,Meeting Scheduler
📱,software,Software,⏰,scheduling-system,Scheduling System,Event Planner
📱,software,Software,⏰,scheduling-system,Scheduling System,Reminder System
📱,software,Software,⏰,scheduling-system,Scheduling System,Cron Scheduler
📱,software,Software,⏰,scheduling-system,Scheduling System,Task Scheduler
📱,software,Software,⏰,scheduling-system,Scheduling System,Workflow Timer
📱,software,Software,⏰,scheduling-system,Scheduling System,Time Block Planner
📱,software,Software,⏰,scheduling-system,Scheduling System,Shift Scheduler
📱,software,Software,⏰,scheduling-system,Scheduling System,Rota Manager
📱,software,Software,⏰,scheduling-system,Scheduling System,Booking Calendar
📱,software,Software,⏰,scheduling-system,Scheduling System,Availability Tool
📱,software,Software,⏰,scheduling-system,Scheduling System,Time Zone Converter
📱,software,Software,⏰,scheduling-system,Scheduling System,Duration Tracker
📱,software,Software,⏰,scheduling-system,Scheduling System,Deadline Tracker
📱,software,Software,⏰,scheduling-system,Scheduling System,Countdown Timer
📱,software,Software,⏰,scheduling-system,Scheduling System,Pomodoro Timer
📱,software,Software,⏰,scheduling-system,Scheduling System,Focus Timer
📱,software,Software,⏰,scheduling-system,Scheduling System,Break Reminder
📱,software,Software,⏰,scheduling-system,Scheduling System,Daily Planner
📱,software,Software,⏰,scheduling-system,Scheduling System,Weekly Planner
📱,software,Software,⏰,scheduling-system,Scheduling System,Monthly Planner
📱,software,Software,⏰,scheduling-system,Scheduling System,Yearly Planner
📱,software,Software,⏰,scheduling-system,Scheduling System,Gantt Scheduler
📱,software,Software,⏰,scheduling-system,Scheduling System,Timeline Tool
📱,software,Software,⏰,scheduling-system,Scheduling System,Schedule Optimizer
📱,software,Software,⏰,scheduling-system,Scheduling System,Resource Scheduler
📱,software,Software,⏰,scheduling-system,Scheduling System,Queue Manager
📱,software,Software,⏰,scheduling-system,Scheduling System,Delay Handler
📱,software,Software,🔗,integration-platform,Integration Platform,Zapier Clone
📱,software,Software,🔗,integration-platform,Integration Platform,Webhook Relay
📱,software,Software,🔗,integration-platform,Integration Platform,API Aggregator
📱,software,Software,🔗,integration-platform,Integration Platform,Data Sync Engine
📱,software,Software,🔗,integration-platform,Integration Platform,ETL Pipeline
📱,software,Software,🔗,integration-platform,Integration Platform,Import Export Tool
📱,software,Software,🔗,integration-platform,Integration Platform,CRM Integration
📱,software,Software,🔗,integration-platform,Integration Platform,ERP Connector
📱,software,Software,🔗,integration-platform,Integration Platform,Payment Connector
📱,software,Software,🔗,integration-platform,Integration Platform,Email Connector
📱,software,Software,🔗,integration-platform,Integration Platform,Social Connector
📱,software,Software,🔗,integration-platform,Integration Platform,Storage Connector
📱,software,Software,🔗,integration-platform,Integration Platform,Analytics Connector
📱,software,Software,🔗,integration-platform,Integration Platform,Notification Hub
📱,software,Software,🔗,integration-platform,Integration Platform,Workflow Engine
📱,software,Software,🔗,integration-platform,Integration Platform,Automation Rule
📱,software,Software,🔗,integration-platform,Integration Platform,Trigger System
📱,software,Software,🔗,integration-platform,Integration Platform,Action Router
📱,software,Software,🔗,integration-platform,Integration Platform,Mapping Tool
📱,software,Software,🔗,integration-platform,Integration Platform,Transformation Engine
📱,software,Software,🔗,integration-platform,Integration Platform,Validation Pipeline
📱,software,Software,🔗,integration-platform,Integration Platform,Log Collector
📱,software,Software,🔗,integration-platform,Integration Platform,Audit Trail
📱,software,Software,🔗,integration-platform,Integration Platform,Error Handler
📱,software,Software,🔗,integration-platform,Integration Platform,Retry Manager
📱,software,Software,🔗,integration-platform,Integration Platform,Batch Processor
📱,software,Software,🔗,integration-platform,Integration Platform,Stream Connector
📱,software,Software,🔗,integration-platform,Integration Platform,Gateway Proxy
📱,software,Software,🔗,integration-platform,Integration Platform,Adapter Builder
📱,software,Software,🔗,integration-platform,Integration Platform,Connector SDK
📱,software,Software,💳,fintech-app,Fintech App,Payment Gateway
📱,software,Software,💳,fintech-app,Fintech App,Invoice System
📱,software,Software,💳,fintech-app,Fintech App,Subscription Billing
📱,software,Software,💳,fintech-app,Fintech App,Expense Tracker
📱,software,Software,💳,fintech-app,Fintech App,Budget Planner
📱,software,Software,💳,fintech-app,Fintech App,Savings Goal
📱,software,Software,💳,fintech-app,Fintech App,Investment Tracker
📱,software,Software,💳,fintech-app,Fintech App,Portfolio Manager
📱,software,Software,💳,fintech-app,Fintech App,Stock Screener
📱,software,Software,💳,fintech-app,Fintech App,Crypto Wallet
📱,software,Software,💳,fintech-app,Fintech App,Exchange Platform
📱,software,Software,💳,fintech-app,Fintech App,Loan Calculator
📱,software,Software,💳,fintech-app,Fintech App,Mortgage Calculator
📱,software,Software,💳,fintech-app,Fintech App,Tax Calculator
📱,software,Software,💳,fintech-app,Fintech App,Payroll System
📱,software,Software,💳,fintech-app,Fintech App,Accounting Ledger
📱,software,Software,💳,fintech-app,Fintech App,Receipt Scanner
📱,software,Software,💳,fintech-app,Fintech App,Bill Splitter
📱,software,Software,💳,fintech-app,Fintech App,Reward Points
📱,software,Software,💳,fintech-app,Fintech App,Loyalty Card
📱,software,Software,💳,fintech-app,Fintech App,Donation Platform
📱,software,Software,💳,fintech-app,Fintech App,Crowdfunding Tool
📱,software,Software,💳,fintech-app,Fintech App,Grant Manager
📱,software,Software,💳,fintech-app,Fintech App,Fundraiser Tool
📱,software,Software,💳,fintech-app,Fintech App,Financial Dashboard
📱,software,Software,💳,fintech-app,Fintech App,Spending Analyzer
📱,software,Software,💳,fintech-app,Fintech App,Bank Statement Parser
📱,software,Software,💳,fintech-app,Fintech App,Transaction Enricher
📱,software,Software,💳,fintech-app,Fintech App,Fraud Detection
📱,software,Software,💳,fintech-app,Fintech App,Transaction Monitor
📱,software,Software,🗺️,geolocation-app,Geolocation App,Map Viewer
📱,software,Software,🗺️,geolocation-app,Geolocation App,Route Planner
📱,software,Software,🗺️,geolocation-app,Geolocation App,Navigation App
📱,software,Software,🗺️,geolocation-app,Geolocation App,Traffic Monitor
📱,software,Software,🗺️,geolocation-app,Geolocation App,Transit Tracker
📱,software,Software,🗺️,geolocation-app,Geolocation App,Ride Share App
📱,software,Software,🗺️,geolocation-app,Geolocation App,Delivery Tracker
📱,software,Software,🗺️,geolocation-app,Geolocation App,Location Finder
📱,software,Software,🗺️,geolocation-app,Geolocation App,Geofence Tool
📱,software,Software,🗺️,geolocation-app,Geolocation App,Check-in App
📱,software,Software,🗺️,geolocation-app,Geolocation App,Travel Tracker
📱,software,Software,🗺️,geolocation-app,Geolocation App,Trip Planner
📱,software,Software,🗺️,geolocation-app,Geolocation App,City Guide
📱,software,Software,🗺️,geolocation-app,Geolocation App,POI Finder
📱,software,Software,🗺️,geolocation-app,Geolocation App,Gas Station Finder
📱,software,Software,🗺️,geolocation-app,Geolocation App,Restaurant Finder
📱,software,Software,🗺️,geolocation-app,Geolocation App,Hotel Finder
📱,software,Software,🗺️,geolocation-app,Geolocation App,ATM Locator
📱,software,Software,🗺️,geolocation-app,Geolocation App,Parking Finder
📱,software,Software,🗺️,geolocation-app,Geolocation App,Bike Share App
📱,software,Software,🗺️,geolocation-app,Geolocation App,Weather Map
📱,software,Software,🗺️,geolocation-app,Geolocation App,Wildfire Tracker
📱,software,Software,🗺️,geolocation-app,Geolocation App,Earthquake Alert
📱,software,Software,🗺️,geolocation-app,Geolocation App,Flood Monitor
📱,software,Software,🗺️,geolocation-app,Geolocation App,Aerial Viewer
📱,software,Software,🗺️,geolocation-app,Geolocation App,Street View Clone
📱,software,Software,🗺️,geolocation-app,Geolocation App,Indoor Mapper
📱,software,Software,🗺️,geolocation-app,Geolocation App,Campus Map
📱,software,Software,🗺️,geolocation-app,Geolocation App,Trail Map
📱,software,Software,🗺️,geolocation-app,Geolocation App,Marine Chart
📱,software,Software,📝,forms-surveys,Forms & Surveys,Form Builder
📱,software,Software,📝,forms-surveys,Forms & Surveys,Survey Creator
📱,software,Software,📝,forms-surveys,Forms & Surveys,Quiz Maker
📱,software,Software,📝,forms-surveys,Forms & Surveys,Poll System
📱,software,Software,📝,forms-surveys,Forms & Surveys,Voting Platform
📱,software,Software,📝,forms-surveys,Forms & Surveys,Feedback Form
📱,software,Software,📝,forms-surveys,Forms & Surveys,Application Form
📱,software,Software,📝,forms-surveys,Forms & Surveys,Order Form
📱,software,Software,📝,forms-surveys,Forms & Surveys,Registration Form
📱,software,Software,📝,forms-surveys,Forms & Surveys,Contact Form
📱,software,Software,📝,forms-surveys,Forms & Surveys,Sign Up Form
📱,software,Software,📝,forms-surveys,Forms & Surveys,Login Form
📱,software,Software,📝,forms-surveys,Forms & Surveys,Multi Step Form
📱,software,Software,📝,forms-surveys,Forms & Surveys,Conditional Form
📱,software,Software,📝,forms-surveys,Forms & Surveys,File Upload Form
📱,software,Software,📝,forms-surveys,Forms & Surveys,Payment Form
📱,software,Software,📝,forms-surveys,Forms & Surveys,Signature Pad
📱,software,Software,📝,forms-surveys,Forms & Surveys,Consent Form
📱,software,Software,📝,forms-surveys,Forms & Surveys,Data Collection
📱,software,Software,📝,forms-surveys,Forms & Surveys,Lead Capture
📱,software,Software,📝,forms-surveys,Forms & Surveys,Customer Survey
📱,software,Software,📝,forms-surveys,Forms & Surveys,Employee Survey
📱,software,Software,📝,forms-surveys,Forms & Surveys,NPS Survey
📱,software,Software,📝,forms-surveys,Forms & Surveys,Exit Survey
📱,software,Software,📝,forms-surveys,Forms & Surveys,Event Registration
📱,software,Software,📝,forms-surveys,Forms & Surveys,Waiver Form
📱,software,Software,📝,forms-surveys,Forms & Surveys,Medical Form
📱,software,Software,📝,forms-surveys,Forms & Surveys,Assessment Tool
📱,software,Software,📝,forms-surveys,Forms & Surveys,Evaluation Form
📱,software,Software,📝,forms-surveys,Forms & Surveys,Scorecard Builder
📱,software,Software,🔔,notification-system,Notification System,Push Notification
📱,software,Software,🔔,notification-system,Notification System,Email Notifier
📱,software,Software,🔔,notification-system,Notification System,SMS Gateway
📱,software,Software,🔔,notification-system,Notification System,In App Toast
📱,software,Software,🔔,notification-system,Notification System,Web Push
📱,software,Software,🔔,notification-system,Notification System,Mobile Push
📱,software,Software,🔔,notification-system,Notification System,Desktop Push
📱,software,Software,🔔,notification-system,Notification System,Digest Email
📱,software,Software,🔔,notification-system,Notification System,Alert System
📱,software,Software,🔔,notification-system,Notification System,Reminder Service
📱,software,Software,🔔,notification-system,Notification System,Price Alert
📱,software,Software,🔔,notification-system,Notification System,Weather Alert
📱,software,Software,🔔,notification-system,Notification System,News Alert
📱,software,Software,🔔,notification-system,Notification System,Stock Alert
📱,software,Software,🔔,notification-system,Notification System,Status Alert
📱,software,Software,🔔,notification-system,Notification System,Uptime Monitor
📱,software,Software,🔔,notification-system,Notification System,Deadline Reminder
📱,software,Software,🔔,notification-system,Notification System,Event Reminder
📱,software,Software,🔔,notification-system,Notification System,Birthday Reminder
📱,software,Software,🔔,notification-system,Notification System,Follow Up
📱,software,Software,🔔,notification-system,Notification System,Escalation System
📱,software,Software,🔔,notification-system,Notification System,On Call Scheduler
📱,software,Software,🔔,notification-system,Notification System,Incident Alert
📱,software,Software,🔔,notification-system,Notification System,Emergency Alert
📱,software,Software,🔔,notification-system,Notification System,Notification Center
📱,software,Software,🔔,notification-system,Notification System,Preference Center
📱,software,Software,🔔,notification-system,Notification System,Quiet Hours
📱,software,Software,🔔,notification-system,Notification System,Mute Feature
📱,software,Software,🔔,notification-system,Notification System,Snooze Feature
📱,software,Software,🔔,notification-system,Notification System,Rate Limiter
📱,software,Software,🧮,math-science-tool,Math & Science Tool,Calculator App
📱,software,Software,🧮,math-science-tool,Math & Science Tool,Scientific Calculator
📱,software,Software,🧮,math-science-tool,Math & Science Tool,Graphing Calculator
📱,software,Software,🧮,math-science-tool,Math & Science Tool,Unit Converter
📱,software,Software,🧮,math-science-tool,Math & Science Tool,Currency Converter
📱,software,Software,🧮,math-science-tool,Math & Science Tool,Temperature Converter
📱,software,Software,🧮,math-science-tool,Math & Science Tool,BMI Calculator
📱,software,Software,🧮,math-science-tool,Math & Science Tool,Calorie Calculator
📱,software,Software,🧮,math-science-tool,Math & Science Tool,Loan Calculator
📱,software,Software,🧮,math-science-tool,Math & Science Tool,Mortgage Calculator
📱,software,Software,🧮,math-science-tool,Math & Science Tool,Investment Calculator
📱,software,Software,🧮,math-science-tool,Math & Science Tool,Stats Calculator
📱,software,Software,🧮,math-science-tool,Math & Science Tool,Probability Tool
📱,software,Software,🧮,math-science-tool,Math & Science Tool,Equation Solver
📱,software,Software,🧮,math-science-tool,Math & Science Tool,Function Plotter
📱,software,Software,🧮,math-science-tool,Math & Science Tool,Data Fitting Tool
📱,software,Software,🧮,math-science-tool,Math & Science Tool,Matrix Calculator
📱,software,Software,🧮,math-science-tool,Math & Science Tool,Vector Calculator
📱,software,Software,🧮,math-science-tool,Math & Science Tool,Derivative Solver
📱,software,Software,🧮,math-science-tool,Math & Science Tool,Integral Solver
📱,software,Software,🧮,math-science-tool,Math & Science Tool,Tiling Solver
📱,software,Software,🧮,math-science-tool,Math & Science Tool,Prime Finder
📱,software,Software,🧮,math-science-tool,Math & Science Tool,Factor Finder
📱,software,Software,🧮,math-science-tool,Math & Science Tool,Number Converter
📱,software,Software,🧮,math-science-tool,Math & Science Tool,Base Converter
📱,software,Software,🧮,math-science-tool,Math & Science Tool,Binary Calculator
📱,software,Software,🧮,math-science-tool,Math & Science Tool,Hex Converter
📱,software,Software,🧮,math-science-tool,Math & Science Tool,Scientific Notation
📱,software,Software,🧮,math-science-tool,Math & Science Tool,Random Generator
📱,software,Software,🧮,math-science-tool,Math & Science Tool,Simulation Tool
📱,software,Software,🧰,low-code-platform,Low Code Platform,App Builder
📱,software,Software,🧰,low-code-platform,Low Code Platform,Form Builder
📱,software,Software,🧰,low-code-platform,Low Code Platform,Workflow Builder
📱,software,Software,🧰,low-code-platform,Low Code Platform,Automation Builder
📱,software,Software,🧰,low-code-platform,Low Code Platform,Integration Builder
📱,software,Software,🧰,low-code-platform,Low Code Platform,Dashboard Builder
📱,software,Software,🧰,low-code-platform,Low Code Platform,Report Builder
📱,software,Software,🧰,low-code-platform,Low Code Platform,Website Builder
📱,software,Software,🧰,low-code-platform,Low Code Platform,Store Builder
📱,software,Software,🧰,low-code-platform,Low Code Platform,Landing Page Builder
📱,software,Software,🧰,low-code-platform,Low Code Platform,Email Builder
📱,software,Software,🧰,low-code-platform,Low Code Platform,Chatbot Builder
📱,software,Software,🧰,low-code-platform,Low Code Platform,Survey Builder
📱,software,Software,🧰,low-code-platform,Low Code Platform,Database Builder
📱,software,Software,🧰,low-code-platform,Low Code Platform,API Builder
📱,software,Software,🧰,low-code-platform,Low Code Platform,CRUD Generator
📱,software,Software,🧰,low-code-platform,Low Code Platform,Screen Builder
📱,software,Software,🧰,low-code-platform,Low Code Platform,Module Builder
📱,software,Software,🧰,low-code-platform,Low Code Platform,Plugin Builder
📱,software,Software,🧰,low-code-platform,Low Code Platform,Theme Builder
📱,software,Software,🧰,low-code-platform,Low Code Platform,Template Builder
📱,software,Software,🧰,low-code-platform,Low Code Platform,Block Builder
📱,software,Software,🧰,low-code-platform,Low Code Platform,Layout Builder
📱,software,Software,🧰,low-code-platform,Low Code Platform,Menu Builder
📱,software,Software,🧰,low-code-platform,Low Code Platform,Role Builder
📱,software,Software,🧰,low-code-platform,Low Code Platform,Permission Builder
📱,software,Software,🧰,low-code-platform,Low Code Platform,Notification Builder
📱,software,Software,🧰,low-code-platform,Low Code Platform,Import Builder
📱,software,Software,🧰,low-code-platform,Low Code Platform,Export Builder
📱,software,Software,🧰,low-code-platform,Low Code Platform,Report Scheduler
📱,software,Software,📞,voice-video,Voice & Video,VoIP Client
📱,software,Software,📞,voice-video,Voice & Video,Video Call App
📱,software,Software,📞,voice-video,Voice & Video,Conference Tool
📱,software,Software,📞,voice-video,Voice & Video,Screen Share App
📱,software,Software,📞,voice-video,Voice & Video,Recording App
📱,software,Software,📞,voice-video,Voice & Video,Transcription Service
📱,software,Software,📞,voice-video,Voice & Video,Voice Mail System
📱,software,Software,📞,voice-video,Voice & Video,Phone System
📱,software,Software,📞,voice-video,Voice & Video,Call Center
📱,software,Software,📞,voice-video,Voice & Video,Live Stream Tool
📱,software,Software,📞,voice-video,Voice & Video,Webinar Platform
📱,software,Software,📞,voice-video,Voice & Video,Virtual Event
📱,software,Software,📞,voice-video,Voice & Video,Meeting Recorder
📱,software,Software,📞,voice-video,Voice & Video,Noise Canceller
📱,software,Software,📞,voice-video,Voice & Video,Voice Changer
📱,software,Software,📞,voice-video,Voice & Video,Audio Mixer
📱,software,Software,📞,voice-video,Voice & Video,Video Mixer
📱,software,Software,📞,voice-video,Voice & Video,Stream Deck
📱,software,Software,📞,voice-video,Voice & Video,Camera Controller
📱,software,Software,📞,voice-video,Voice & Video,Lighting Controller
📱,software,Software,📞,voice-video,Voice & Video,Call Analytics
📱,software,Software,📞,voice-video,Voice & Video,Call Routing
📱,software,Software,📞,voice-video,Voice & Video,IVR System
📱,software,Software,📞,voice-video,Voice & Video,Auto Attendant
📱,software,Software,📞,voice-video,Voice & Video,Callback Request
📱,software,Software,📞,voice-video,Voice & Video,Queue Manager
📱,software,Software,📞,voice-video,Voice & Video,Agent Dashboard
📱,software,Software,📞,voice-video,Voice & Video,Supervisor Panel
📱,software,Software,📞,voice-video,Voice & Video,Quality Monitor
📱,software,Software,📞,voice-video,Voice & Video,Speech Analytics
📱,software,Software,🎯,marketing-tool,Marketing Tool,Email Campaign
📱,software,Software,🎯,marketing-tool,Marketing Tool,Social Poster
📱,software,Software,🎯,marketing-tool,Marketing Tool,Scheduler Tool
📱,software,Software,🎯,marketing-tool,Marketing Tool,Landing Page
📱,software,Software,🎯,marketing-tool,Marketing Tool,Pop Up Builder
📱,software,Software,🎯,marketing-tool,Marketing Tool,Lead Magnet
📱,software,Software,🎯,marketing-tool,Marketing Tool,CTR Optimizer
📱,software,Software,🎯,marketing-tool,Marketing Tool,Conversion Tracker
📱,software,Software,🎯,marketing-tool,Marketing Tool,Pixel Tracker
📱,software,Software,🎯,marketing-tool,Marketing Tool,Retargeting Tool
📱,software,Software,🎯,marketing-tool,Marketing Tool,Audience Builder
📱,software,Software,🎯,marketing-tool,Marketing Tool,Segmentation Tool
📱,software,Software,🎯,marketing-tool,Marketing Tool,Personalization Engine
📱,software,Software,🎯,marketing-tool,Marketing Tool,Recommendation Widget
📱,software,Software,🎯,marketing-tool,Marketing Tool,Fomo Notifier
📱,software,Software,🎯,marketing-tool,Marketing Tool,Social Proof
📱,software,Software,🎯,marketing-tool,Marketing Tool,Countdown Timer
📱,software,Software,🎯,marketing-tool,Marketing Tool,Exit Intent
📱,software,Software,🎯,marketing-tool,Marketing Tool,Scroll Trigger
📱,software,Software,🎯,marketing-tool,Marketing Tool,A B Test Tool
📱,software,Software,🎯,marketing-tool,Marketing Tool,Multivariate Test
📱,software,Software,🎯,marketing-tool,Marketing Tool,Heatmap Tracker
📱,software,Software,🎯,marketing-tool,Marketing Tool,Session Replay
📱,software,Software,🎯,marketing-tool,Marketing Tool,User Journey
📱,software,Software,🎯,marketing-tool,Marketing Tool,LTV Calculator
📱,software,Software,🎯,marketing-tool,Marketing Tool,ROI Calculator
📱,software,Software,🎯,marketing-tool,Marketing Tool,Attribution Model
📱,software,Software,🎯,marketing-tool,Marketing Tool,Channel Report
📱,software,Software,🎯,marketing-tool,Marketing Tool,Campaign Report
📱,software,Software,🎯,marketing-tool,Marketing Tool,Marketing Calendar
📱,software,Software,🛡️,compliance-tool,Compliance Tool,Data Privacy Tool
📱,software,Software,🛡️,compliance-tool,Compliance Tool,Consent Manager
📱,software,Software,🛡️,compliance-tool,Compliance Tool,Cookie Banner
📱,software,Software,🛡️,compliance-tool,Compliance Tool,GDPR Compliance
📱,software,Software,🛡️,compliance-tool,Compliance Tool,CCPA Tool
📱,software,Software,🛡️,compliance-tool,Compliance Tool,Data Retention
📱,software,Software,🛡️,compliance-tool,Compliance Tool,Data Deletion
📱,software,Software,🛡️,compliance-tool,Compliance Tool,Access Request
📱,software,Software,🛡️,compliance-tool,Compliance Tool,Portability Tool
📱,software,Software,🛡️,compliance-tool,Compliance Tool,Audit Logger
📱,software,Software,🛡️,compliance-tool,Compliance Tool,Compliance Report
📱,software,Software,🛡️,compliance-tool,Compliance Tool,Policy Manager
📱,software,Software,🛡️,compliance-tool,Compliance Tool,Terms Generator
📱,software,Software,🛡️,compliance-tool,Compliance Tool,Privacy Policy
📱,software,Software,🛡️,compliance-tool,Compliance Tool,EULA Generator
📱,software,Software,🛡️,compliance-tool,Compliance Tool,License Manager
📱,software,Software,🛡️,compliance-tool,Compliance Tool,User Agreement
📱,software,Software,🛡️,compliance-tool,Compliance Tool,Disclaimer Tool
📱,software,Software,🛡️,compliance-tool,Compliance Tool,Age Verification
📱,software,Software,🛡️,compliance-tool,Compliance Tool,Opt In Manager
📱,software,Software,🛡️,compliance-tool,Compliance Tool,Opt Out Manager
📱,software,Software,🛡️,compliance-tool,Compliance Tool,Preference Center
📱,software,Software,🛡️,compliance-tool,Compliance Tool,Data Map
📱,software,Software,🛡️,compliance-tool,Compliance Tool,Processing Record
📱,software,Software,🛡️,compliance-tool,Compliance Tool,DPA Generator
📱,software,Software,🛡️,compliance-tool,Compliance Tool,SCC Generator
📱,software,Software,🛡️,compliance-tool,Compliance Tool,TIA Tool
📱,software,Software,🛡️,compliance-tool,Compliance Tool,Risk Assessment
📱,software,Software,🛡️,compliance-tool,Compliance Tool,Breach Notifier
📱,software,Software,🛡️,compliance-tool,Compliance Tool,Regulation Tracker
