category_emoji,category_value,category_label,niche_emoji,niche_value,niche_label,skill
📊,business-finance,Business & Finance,📒,accounting,Accounting,Record double-entry transactions
📊,business-finance,Business & Finance,📒,accounting,Accounting,Post debits and credits
📊,business-finance,Business & Finance,📒,accounting,Accounting,Record journal entries
📊,business-finance,Business & Finance,📒,accounting,Accounting,Record general ledger
📊,business-finance,Business & Finance,📒,accounting,Accounting,Record trial balance
📊,business-finance,Business & Finance,📒,accounting,Accounting,Set up chart of accounts
📊,business-finance,Business & Finance,📒,accounting,Accounting,Record cash accounting
📊,business-finance,Business & Finance,📒,accounting,Accounting,Record accrual accounting
📊,business-finance,Business & Finance,📒,accounting,Accounting,Record revenue recognition
📊,business-finance,Business & Finance,📒,accounting,Accounting,Record matching principle
📊,business-finance,Business & Finance,📒,accounting,Accounting,Record depreciation methods
📊,business-finance,Business & Finance,📒,accounting,Accounting,Calculate straight-line depreciation
📊,business-finance,Business & Finance,📒,accounting,Accounting,Record declining balance
📊,business-finance,Business & Finance,📒,accounting,Accounting,Record amortization techniques
📊,business-finance,Business & Finance,📒,accounting,Accounting,Record accounts receivable
📊,business-finance,Business & Finance,📒,accounting,Accounting,Record accounts payable
📊,business-finance,Business & Finance,📒,accounting,Accounting,Record inventory accounting
📊,business-finance,Business & Finance,📒,accounting,Accounting,Record FIFO method
📊,business-finance,Business & Finance,📒,accounting,Accounting,Record LIFO method
📊,business-finance,Business & Finance,📒,accounting,Accounting,Calculate cost of goods sold
📊,business-finance,Business & Finance,📒,accounting,Accounting,Record financial statements
📊,business-finance,Business & Finance,📒,accounting,Accounting,Record balance sheet
📊,business-finance,Business & Finance,📒,accounting,Accounting,Record income statement
📊,business-finance,Business & Finance,📒,accounting,Accounting,Prepare cash flow statement
📊,business-finance,Business & Finance,📒,accounting,Accounting,Prepare statement of equity
📊,business-finance,Business & Finance,📒,accounting,Accounting,Record closing entries
📊,business-finance,Business & Finance,📒,accounting,Accounting,Record adjusting entries
📊,business-finance,Business & Finance,📒,accounting,Accounting,Record t account
📊,business-finance,Business & Finance,📒,accounting,Accounting,Find trial balance errors
📊,business-finance,Business & Finance,📒,accounting,Accounting,Record accounting software
📊,business-finance,Business & Finance,💰,budgeting,Budgeting,Manage zero based budget
📊,business-finance,Business & Finance,💰,budgeting,Budgeting,Follow 50-30-20 budgeting rule
📊,business-finance,Business & Finance,💰,budgeting,Budgeting,Manage envelope system
📊,business-finance,Business & Finance,💰,budgeting,Budgeting,Pay yourself first strategy
📊,business-finance,Business & Finance,💰,budgeting,Budgeting,Manage budget categories
📊,business-finance,Business & Finance,💰,budgeting,Budgeting,Manage fixed expenses
📊,business-finance,Business & Finance,💰,budgeting,Budgeting,Manage variable expenses
📊,business-finance,Business & Finance,💰,budgeting,Budgeting,Track discretionary spending
📊,business-finance,Business & Finance,💰,budgeting,Budgeting,Manage income tracking
📊,business-finance,Business & Finance,💰,budgeting,Budgeting,Manage expense tracking
📊,business-finance,Business & Finance,💰,budgeting,Budgeting,Manage budget app
📊,business-finance,Business & Finance,💰,budgeting,Budgeting,Manage spreadsheet budget
📊,business-finance,Business & Finance,💰,budgeting,Budgeting,Manage monthly budget
📊,business-finance,Business & Finance,💰,budgeting,Budgeting,Manage annual budget
📊,business-finance,Business & Finance,💰,budgeting,Budgeting,Manage emergency fund
📊,business-finance,Business & Finance,💰,budgeting,Budgeting,Set up sinking funds
📊,business-finance,Business & Finance,💰,budgeting,Budgeting,Manage budget review
📊,business-finance,Business & Finance,💰,budgeting,Budgeting,Manage adjusting budget
📊,business-finance,Business & Finance,💰,budgeting,Budgeting,Set goal-based budget targets
📊,business-finance,Business & Finance,💰,budgeting,Budgeting,Manage debt repayment
📊,business-finance,Business & Finance,💰,budgeting,Budgeting,Manage savings goal
📊,business-finance,Business & Finance,💰,budgeting,Budgeting,Manage budget buffer
📊,business-finance,Business & Finance,💰,budgeting,Budgeting,Manage cash flow budgeting
📊,business-finance,Business & Finance,💰,budgeting,Budgeting,Budget with irregular income
📊,business-finance,Business & Finance,💰,budgeting,Budgeting,Manage biweekly budget
📊,business-finance,Business & Finance,💰,budgeting,Budgeting,Manage joint budget
📊,business-finance,Business & Finance,💰,budgeting,Budgeting,Manage family budget
📊,business-finance,Business & Finance,💰,budgeting,Budgeting,Manage student budget
📊,business-finance,Business & Finance,💰,budgeting,Budgeting,Manage retirement budget
📊,business-finance,Business & Finance,💰,budgeting,Budgeting,Audit your monthly budget
📊,business-finance,Business & Finance,📈,investing,Investing,Study compound interest
📊,business-finance,Business & Finance,📈,investing,Investing,Study risk tolerance
📊,business-finance,Business & Finance,📈,investing,Investing,Study asset allocation
📊,business-finance,Business & Finance,📈,investing,Investing,Study diversification techniques
📊,business-finance,Business & Finance,📈,investing,Investing,Study stocks basics
📊,business-finance,Business & Finance,📈,investing,Investing,Study bonds basics
📊,business-finance,Business & Finance,📈,investing,Investing,Study mutual funds
📊,business-finance,Business & Finance,📈,investing,Investing,Study index funds
📊,business-finance,Business & Finance,📈,investing,Investing,Study etfs basics
📊,business-finance,Business & Finance,📈,investing,Investing,Study reits techniques
📊,business-finance,Business & Finance,📈,investing,Investing,Study dividend investing
📊,business-finance,Business & Finance,📈,investing,Investing,Study value investing
📊,business-finance,Business & Finance,📈,investing,Investing,Study growth investing
📊,business-finance,Business & Finance,📈,investing,Investing,Use dollar-cost averaging strategy
📊,business-finance,Business & Finance,📈,investing,Investing,Study lump sum
📊,business-finance,Business & Finance,📈,investing,Investing,Study rebalancing techniques
📊,business-finance,Business & Finance,📈,investing,Investing,Study portfolio review
📊,business-finance,Business & Finance,📈,investing,Investing,Study tax efficient
📊,business-finance,Business & Finance,📈,investing,Investing,Study tax loss harvesting
📊,business-finance,Business & Finance,📈,investing,Investing,Study capital gains
📊,business-finance,Business & Finance,📈,investing,Investing,Study dividend yield
📊,business-finance,Business & Finance,📈,investing,Investing,Calculate price to earnings ratio
📊,business-finance,Business & Finance,📈,investing,Investing,Calculate earnings per share
📊,business-finance,Business & Finance,📈,investing,Investing,Study market cap
📊,business-finance,Business & Finance,📈,investing,Investing,Study sector analysis
📊,business-finance,Business & Finance,📈,investing,Investing,Study economic moat
📊,business-finance,Business & Finance,📈,investing,Investing,Study annual report
📊,business-finance,Business & Finance,📈,investing,Investing,Study proxy voting
📊,business-finance,Business & Finance,📈,investing,Investing,Study DRIP plans
📊,business-finance,Business & Finance,📈,investing,Investing,Study robo advisor
📊,business-finance,Business & Finance,📊,stock-market,Stock Market,Trade market order
📊,business-finance,Business & Finance,📊,stock-market,Stock Market,Trade limit order
📊,business-finance,Business & Finance,📊,stock-market,Stock Market,Trade stop loss
📊,business-finance,Business & Finance,📊,stock-market,Stock Market,Trade day trading
📊,business-finance,Business & Finance,📊,stock-market,Stock Market,Trade swing trading
📊,business-finance,Business & Finance,📊,stock-market,Stock Market,Trade long term hold
📊,business-finance,Business & Finance,📊,stock-market,Stock Market,Trade position sizing
📊,business-finance,Business & Finance,📊,stock-market,Stock Market,Trade technical analysis
📊,business-finance,Business & Finance,📊,stock-market,Stock Market,Trade chart patterns
📊,business-finance,Business & Finance,📊,stock-market,Stock Market,Trade candlestick charts
📊,business-finance,Business & Finance,📊,stock-market,Stock Market,Trade support resistance
📊,business-finance,Business & Finance,📊,stock-market,Stock Market,Trade moving averages
📊,business-finance,Business & Finance,📊,stock-market,Stock Market,Trade rsi indicator
📊,business-finance,Business & Finance,📊,stock-market,Stock Market,Trade macd trading
📊,business-finance,Business & Finance,📊,stock-market,Stock Market,Trade bollinger bands
📊,business-finance,Business & Finance,📊,stock-market,Stock Market,Trade fundamental analysis
📊,business-finance,Business & Finance,📊,stock-market,Stock Market,Trade earnings report
📊,business-finance,Business & Finance,📊,stock-market,Stock Market,Trade quarterly results
📊,business-finance,Business & Finance,📊,stock-market,Stock Market,Trade revenue growth
📊,business-finance,Business & Finance,📊,stock-market,Stock Market,Trade profit margin
📊,business-finance,Business & Finance,📊,stock-market,Stock Market,Trade cash flow stock
📊,business-finance,Business & Finance,📊,stock-market,Stock Market,Trade debt ratio
📊,business-finance,Business & Finance,📊,stock-market,Stock Market,Trade price to book
📊,business-finance,Business & Finance,📊,stock-market,Stock Market,Trade dividend history
📊,business-finance,Business & Finance,📊,stock-market,Stock Market,Trade stock screener
📊,business-finance,Business & Finance,📊,stock-market,Stock Market,Trade watchlist build
📊,business-finance,Business & Finance,📊,stock-market,Stock Market,Trade portfolio tracker
📊,business-finance,Business & Finance,📊,stock-market,Stock Market,Trade trading psychology
📊,business-finance,Business & Finance,📊,stock-market,Stock Market,Trade market hours
📊,business-finance,Business & Finance,📊,stock-market,Stock Market,Trade stock split
📊,business-finance,Business & Finance,🏠,real-estate,Real Estate,Invest property types
📊,business-finance,Business & Finance,🏠,real-estate,Real Estate,Invest residential re
📊,business-finance,Business & Finance,🏠,real-estate,Real Estate,Invest commercial re
📊,business-finance,Business & Finance,🏠,real-estate,Real Estate,Invest industrial re
📊,business-finance,Business & Finance,🏠,real-estate,Real Estate,Invest land investing
📊,business-finance,Business & Finance,🏠,real-estate,Real Estate,Invest REIT investing
📊,business-finance,Business & Finance,🏠,real-estate,Real Estate,Invest rental property
📊,business-finance,Business & Finance,🏠,real-estate,Real Estate,Invest fix and flip
📊,business-finance,Business & Finance,🏠,real-estate,Real Estate,Invest brrrr method
📊,business-finance,Business & Finance,🏠,real-estate,Real Estate,Invest cap rate
📊,business-finance,Business & Finance,🏠,real-estate,Real Estate,Invest cash on cash
📊,business-finance,Business & Finance,🏠,real-estate,Real Estate,Invest noi net income
📊,business-finance,Business & Finance,🏠,real-estate,Real Estate,Invest property valuation
📊,business-finance,Business & Finance,🏠,real-estate,Real Estate,Invest comparative market
📊,business-finance,Business & Finance,🏠,real-estate,Real Estate,Invest appraisal process
📊,business-finance,Business & Finance,🏠,real-estate,Real Estate,Invest mortgage types
📊,business-finance,Business & Finance,🏠,real-estate,Real Estate,Invest fixed rate
📊,business-finance,Business & Finance,🏠,real-estate,Real Estate,Invest arm loan
📊,business-finance,Business & Finance,🏠,real-estate,Real Estate,Invest interest only
📊,business-finance,Business & Finance,🏠,real-estate,Real Estate,Invest down payment
📊,business-finance,Business & Finance,🏠,real-estate,Real Estate,Invest closing costs
📊,business-finance,Business & Finance,🏠,real-estate,Real Estate,Invest property tax
📊,business-finance,Business & Finance,🏠,real-estate,Real Estate,Invest insurance re
📊,business-finance,Business & Finance,🏠,real-estate,Real Estate,Invest property manager
📊,business-finance,Business & Finance,🏠,real-estate,Real Estate,Invest tenant screening
📊,business-finance,Business & Finance,🏠,real-estate,Real Estate,Invest lease agreement
📊,business-finance,Business & Finance,🏠,real-estate,Real Estate,Invest eviction process
📊,business-finance,Business & Finance,🏠,real-estate,Real Estate,Invest maintenance plan
📊,business-finance,Business & Finance,🏠,real-estate,Real Estate,Invest property inspection
📊,business-finance,Business & Finance,🏠,real-estate,Real Estate,Invest real estate agent
📊,business-finance,Business & Finance,🚀,entrepreneurship,Entrepreneurship,Develop idea validation
📊,business-finance,Business & Finance,🚀,entrepreneurship,Entrepreneurship,Develop lean startup
📊,business-finance,Business & Finance,🚀,entrepreneurship,Entrepreneurship,Develop business model
📊,business-finance,Business & Finance,🚀,entrepreneurship,Entrepreneurship,Develop canvas bmc
📊,business-finance,Business & Finance,🚀,entrepreneurship,Entrepreneurship,Develop value proposition
📊,business-finance,Business & Finance,🚀,entrepreneurship,Entrepreneurship,Develop customer segment
📊,business-finance,Business & Finance,🚀,entrepreneurship,Entrepreneurship,Develop revenue streams
📊,business-finance,Business & Finance,🚀,entrepreneurship,Entrepreneurship,Develop cost structure
📊,business-finance,Business & Finance,🚀,entrepreneurship,Entrepreneurship,Develop key partners
📊,business-finance,Business & Finance,🚀,entrepreneurship,Entrepreneurship,Develop mvp build
📊,business-finance,Business & Finance,🚀,entrepreneurship,Entrepreneurship,Develop product market fit
📊,business-finance,Business & Finance,🚀,entrepreneurship,Entrepreneurship,Develop customer discovery
📊,business-finance,Business & Finance,🚀,entrepreneurship,Entrepreneurship,Develop problem interview
📊,business-finance,Business & Finance,🚀,entrepreneurship,Entrepreneurship,Develop solution interview
📊,business-finance,Business & Finance,🚀,entrepreneurship,Entrepreneurship,Develop pivot strategy
📊,business-finance,Business & Finance,🚀,entrepreneurship,Entrepreneurship,Develop scale business
📊,business-finance,Business & Finance,🚀,entrepreneurship,Entrepreneurship,Develop bootstrapping techniques
📊,business-finance,Business & Finance,🚀,entrepreneurship,Entrepreneurship,Develop venture capital
📊,business-finance,Business & Finance,🚀,entrepreneurship,Entrepreneurship,Develop angel investing
📊,business-finance,Business & Finance,🚀,entrepreneurship,Entrepreneurship,Develop seed funding
📊,business-finance,Business & Finance,🚀,entrepreneurship,Entrepreneurship,Develop series a prep
📊,business-finance,Business & Finance,🚀,entrepreneurship,Entrepreneurship,Develop pitch deck
📊,business-finance,Business & Finance,🚀,entrepreneurship,Entrepreneurship,Develop investor pitch
📊,business-finance,Business & Finance,🚀,entrepreneurship,Entrepreneurship,Develop unit economics
📊,business-finance,Business & Finance,🚀,entrepreneurship,Entrepreneurship,Develop cac ltv
📊,business-finance,Business & Finance,🚀,entrepreneurship,Entrepreneurship,Develop burn rate
📊,business-finance,Business & Finance,🚀,entrepreneurship,Entrepreneurship,Develop runway management
📊,business-finance,Business & Finance,🚀,entrepreneurship,Entrepreneurship,Develop founder role
📊,business-finance,Business & Finance,🚀,entrepreneurship,Entrepreneurship,Develop co founder fit
📊,business-finance,Business & Finance,🚀,entrepreneurship,Entrepreneurship,Develop exit strategy
📊,business-finance,Business & Finance,📋,business-planning,Business Planning,Draft executive summary
📊,business-finance,Business & Finance,📋,business-planning,Business Planning,Draft company description
📊,business-finance,Business & Finance,📋,business-planning,Business Planning,Draft market analysis
📊,business-finance,Business & Finance,📋,business-planning,Business Planning,Draft industry overview
📊,business-finance,Business & Finance,📋,business-planning,Business Planning,Draft target market
📊,business-finance,Business & Finance,📋,business-planning,Business Planning,Draft competitive analysis
📊,business-finance,Business & Finance,📋,business-planning,Business Planning,Draft swot analysis
📊,business-finance,Business & Finance,📋,business-planning,Business Planning,Draft pest analysis
📊,business-finance,Business & Finance,📋,business-planning,Business Planning,Draft marketing plan
📊,business-finance,Business & Finance,📋,business-planning,Business Planning,Draft sales strategy
📊,business-finance,Business & Finance,📋,business-planning,Business Planning,Draft operations plan
📊,business-finance,Business & Finance,📋,business-planning,Business Planning,Draft management team
📊,business-finance,Business & Finance,📋,business-planning,Business Planning,Draft financial projection
📊,business-finance,Business & Finance,📋,business-planning,Business Planning,Draft revenue forecast
📊,business-finance,Business & Finance,📋,business-planning,Business Planning,Draft expense budget
📊,business-finance,Business & Finance,📋,business-planning,Business Planning,Draft profit loss plan
📊,business-finance,Business & Finance,📋,business-planning,Business Planning,Draft cash flow plan
📊,business-finance,Business & Finance,📋,business-planning,Business Planning,Draft break even analysis
📊,business-finance,Business & Finance,📋,business-planning,Business Planning,Draft funding request
📊,business-finance,Business & Finance,📋,business-planning,Business Planning,Draft use of funds
📊,business-finance,Business & Finance,📋,business-planning,Business Planning,Draft exit strategy plan
📊,business-finance,Business & Finance,📋,business-planning,Business Planning,Draft business goals
📊,business-finance,Business & Finance,📋,business-planning,Business Planning,Draft mission statement
📊,business-finance,Business & Finance,📋,business-planning,Business Planning,Draft vision statement
📊,business-finance,Business & Finance,📋,business-planning,Business Planning,Draft core values
📊,business-finance,Business & Finance,📋,business-planning,Business Planning,Draft ab testing plan
📊,business-finance,Business & Finance,📋,business-planning,Business Planning,Draft kpis business
📊,business-finance,Business & Finance,📋,business-planning,Business Planning,Draft okr framework
📊,business-finance,Business & Finance,📋,business-planning,Business Planning,Draft milestone plan
📊,business-finance,Business & Finance,📋,business-planning,Business Planning,Draft review process
📊,business-finance,Business & Finance,📢,marketing,Marketing,Plan marketing funnel
📊,business-finance,Business & Finance,📢,marketing,Marketing,Plan awareness stage
📊,business-finance,Business & Finance,📢,marketing,Marketing,Plan consideration stage
📊,business-finance,Business & Finance,📢,marketing,Marketing,Plan conversion stage
📊,business-finance,Business & Finance,📢,marketing,Marketing,Plan brand awareness
📊,business-finance,Business & Finance,📢,marketing,Marketing,Plan brand identity
📊,business-finance,Business & Finance,📢,marketing,Marketing,Plan target audience
📊,business-finance,Business & Finance,📢,marketing,Marketing,Plan buyer persona
📊,business-finance,Business & Finance,📢,marketing,Marketing,Plan value proposition mkt
📊,business-finance,Business & Finance,📢,marketing,Marketing,Plan unique selling point
📊,business-finance,Business & Finance,📢,marketing,Marketing,Plan market positioning
📊,business-finance,Business & Finance,📢,marketing,Marketing,Plan marketing mix
📊,business-finance,Business & Finance,📢,marketing,Marketing,Plan 4 ps marketing
📊,business-finance,Business & Finance,📢,marketing,Marketing,Plan product strategy
📊,business-finance,Business & Finance,📢,marketing,Marketing,Plan pricing strategy
📊,business-finance,Business & Finance,📢,marketing,Marketing,Plan place distribution
📊,business-finance,Business & Finance,📢,marketing,Marketing,Plan promotion plan
📊,business-finance,Business & Finance,📢,marketing,Marketing,Plan content marketing
📊,business-finance,Business & Finance,📢,marketing,Marketing,Plan social media mkt
📊,business-finance,Business & Finance,📢,marketing,Marketing,Plan email marketing mkt
📊,business-finance,Business & Finance,📢,marketing,Marketing,Plan seo marketing
📊,business-finance,Business & Finance,📢,marketing,Marketing,Plan ppc advertising
📊,business-finance,Business & Finance,📢,marketing,Marketing,Plan influencer mkt
📊,business-finance,Business & Finance,📢,marketing,Marketing,Plan affiliate mkt
📊,business-finance,Business & Finance,📢,marketing,Marketing,Plan guerrilla mkt
📊,business-finance,Business & Finance,📢,marketing,Marketing,Plan growth hacking
📊,business-finance,Business & Finance,📢,marketing,Marketing,Plan marketing ROI
📊,business-finance,Business & Finance,📢,marketing,Marketing,Plan campaign tracking
📊,business-finance,Business & Finance,📢,marketing,Marketing,Plan a b testing mkt
📊,business-finance,Business & Finance,📢,marketing,Marketing,Plan marketing analytics
📊,business-finance,Business & Finance,🔍,digital-marketing,Digital Marketing,Run seo digital
📊,business-finance,Business & Finance,🔍,digital-marketing,Digital Marketing,Run on page seo
📊,business-finance,Business & Finance,🔍,digital-marketing,Digital Marketing,Run off page seo
📊,business-finance,Business & Finance,🔍,digital-marketing,Digital Marketing,Run technical seo
📊,business-finance,Business & Finance,🔍,digital-marketing,Digital Marketing,Run keyword research
📊,business-finance,Business & Finance,🔍,digital-marketing,Digital Marketing,Run long tail keyword
📊,business-finance,Business & Finance,🔍,digital-marketing,Digital Marketing,Run search intent
📊,business-finance,Business & Finance,🔍,digital-marketing,Digital Marketing,Run content seo
📊,business-finance,Business & Finance,🔍,digital-marketing,Digital Marketing,Run backlink strategy
📊,business-finance,Business & Finance,🔍,digital-marketing,Digital Marketing,Run link building
📊,business-finance,Business & Finance,🔍,digital-marketing,Digital Marketing,Run ppc basics
📊,business-finance,Business & Finance,🔍,digital-marketing,Digital Marketing,Run google ads
📊,business-finance,Business & Finance,🔍,digital-marketing,Digital Marketing,Run ad copywriting
📊,business-finance,Business & Finance,🔍,digital-marketing,Digital Marketing,Run keyword bidding
📊,business-finance,Business & Finance,🔍,digital-marketing,Digital Marketing,Run quality score
📊,business-finance,Business & Finance,🔍,digital-marketing,Digital Marketing,Run landing page opt
📊,business-finance,Business & Finance,🔍,digital-marketing,Digital Marketing,Run conversion rate opt
📊,business-finance,Business & Finance,🔍,digital-marketing,Digital Marketing,Run a b testing digital
📊,business-finance,Business & Finance,🔍,digital-marketing,Digital Marketing,Run google analytics
📊,business-finance,Business & Finance,🔍,digital-marketing,Digital Marketing,Run goal tracking
📊,business-finance,Business & Finance,🔍,digital-marketing,Digital Marketing,Run event tracking
📊,business-finance,Business & Finance,🔍,digital-marketing,Digital Marketing,Run utm parameters
📊,business-finance,Business & Finance,🔍,digital-marketing,Digital Marketing,Run social media digital
📊,business-finance,Business & Finance,🔍,digital-marketing,Digital Marketing,Run facebook ads
📊,business-finance,Business & Finance,🔍,digital-marketing,Digital Marketing,Run instagram ads
📊,business-finance,Business & Finance,🔍,digital-marketing,Digital Marketing,Run linkedin ads
📊,business-finance,Business & Finance,🔍,digital-marketing,Digital Marketing,Run twitter ads
📊,business-finance,Business & Finance,🔍,digital-marketing,Digital Marketing,Run display advertising
📊,business-finance,Business & Finance,🔍,digital-marketing,Digital Marketing,Run retargeting techniques
📊,business-finance,Business & Finance,🔍,digital-marketing,Digital Marketing,Run remarketing techniques
📊,business-finance,Business & Finance,📝,content-marketing,Content Marketing,Create content strategy
📊,business-finance,Business & Finance,📝,content-marketing,Content Marketing,Create editorial calendar
📊,business-finance,Business & Finance,📝,content-marketing,Content Marketing,Create blog writing
📊,business-finance,Business & Finance,📝,content-marketing,Content Marketing,Create article writing
📊,business-finance,Business & Finance,📝,content-marketing,Content Marketing,Create listicle format
📊,business-finance,Business & Finance,📝,content-marketing,Content Marketing,Create how to guide
📊,business-finance,Business & Finance,📝,content-marketing,Content Marketing,Create case study
📊,business-finance,Business & Finance,📝,content-marketing,Content Marketing,Create white paper
📊,business-finance,Business & Finance,📝,content-marketing,Content Marketing,Create ebook creation
📊,business-finance,Business & Finance,📝,content-marketing,Content Marketing,Create newsletter content
📊,business-finance,Business & Finance,📝,content-marketing,Content Marketing,Create video content
📊,business-finance,Business & Finance,📝,content-marketing,Content Marketing,Create youtube strategy
📊,business-finance,Business & Finance,📝,content-marketing,Content Marketing,Create podcasting techniques
📊,business-finance,Business & Finance,📝,content-marketing,Content Marketing,Create infographic design
📊,business-finance,Business & Finance,📝,content-marketing,Content Marketing,Create content repurpose
📊,business-finance,Business & Finance,📝,content-marketing,Content Marketing,Create seo content
📊,business-finance,Business & Finance,📝,content-marketing,Content Marketing,Create keyword content
📊,business-finance,Business & Finance,📝,content-marketing,Content Marketing,Create topic cluster
📊,business-finance,Business & Finance,📝,content-marketing,Content Marketing,Create pillar page
📊,business-finance,Business & Finance,📝,content-marketing,Content Marketing,Create content distribution
📊,business-finance,Business & Finance,📝,content-marketing,Content Marketing,Create social distribution
📊,business-finance,Business & Finance,📝,content-marketing,Content Marketing,Create email distribution
📊,business-finance,Business & Finance,📝,content-marketing,Content Marketing,Create guest posting
📊,business-finance,Business & Finance,📝,content-marketing,Content Marketing,Create content syndication
📊,business-finance,Business & Finance,📝,content-marketing,Content Marketing,Create content metrics
📊,business-finance,Business & Finance,📝,content-marketing,Content Marketing,Create engagement rate
📊,business-finance,Business & Finance,📝,content-marketing,Content Marketing,Create share tracking
📊,business-finance,Business & Finance,📝,content-marketing,Content Marketing,Create content audit
📊,business-finance,Business & Finance,📝,content-marketing,Content Marketing,Create content gap
📊,business-finance,Business & Finance,📝,content-marketing,Content Marketing,Create content refresh
📊,business-finance,Business & Finance,📱,social-media-management,Social Media Management,Run platform strategy
📊,business-finance,Business & Finance,📱,social-media-management,Social Media Management,Run content calendar
📊,business-finance,Business & Finance,📱,social-media-management,Social Media Management,Run post scheduling
📊,business-finance,Business & Finance,📱,social-media-management,Social Media Management,Run hashtag research
📊,business-finance,Business & Finance,📱,social-media-management,Social Media Management,Run hashtag strategy
📊,business-finance,Business & Finance,📱,social-media-management,Social Media Management,Run engagement tactics
📊,business-finance,Business & Finance,📱,social-media-management,Social Media Management,Run community management
📊,business-finance,Business & Finance,📱,social-media-management,Social Media Management,Run brand voice sm
📊,business-finance,Business & Finance,📱,social-media-management,Social Media Management,Run visual content
📊,business-finance,Business & Finance,📱,social-media-management,Social Media Management,Run photo editing sm
📊,business-finance,Business & Finance,📱,social-media-management,Social Media Management,Run video editing sm
📊,business-finance,Business & Finance,📱,social-media-management,Social Media Management,Run stories creation
📊,business-finance,Business & Finance,📱,social-media-management,Social Media Management,Run reels creation
📊,business-finance,Business & Finance,📱,social-media-management,Social Media Management,Run tiktok strategy
📊,business-finance,Business & Finance,📱,social-media-management,Social Media Management,Run instagram strategy
📊,business-finance,Business & Finance,📱,social-media-management,Social Media Management,Run twitter strategy
📊,business-finance,Business & Finance,📱,social-media-management,Social Media Management,Run linkedin strategy sm
📊,business-finance,Business & Finance,📱,social-media-management,Social Media Management,Run facebook strategy
📊,business-finance,Business & Finance,📱,social-media-management,Social Media Management,Run pinterest strategy
📊,business-finance,Business & Finance,📱,social-media-management,Social Media Management,Run youtube strategy sm
📊,business-finance,Business & Finance,📱,social-media-management,Social Media Management,Run analytics sm
📊,business-finance,Business & Finance,📱,social-media-management,Social Media Management,Run follower growth
📊,business-finance,Business & Finance,📱,social-media-management,Social Media Management,Run reach analysis
📊,business-finance,Business & Finance,📱,social-media-management,Social Media Management,Run impressions sm
📊,business-finance,Business & Finance,📱,social-media-management,Social Media Management,Run click through rate
📊,business-finance,Business & Finance,📱,social-media-management,Social Media Management,Run conversion sm
📊,business-finance,Business & Finance,📱,social-media-management,Social Media Management,Run influencer collab
📊,business-finance,Business & Finance,📱,social-media-management,Social Media Management,Run user generated content
📊,business-finance,Business & Finance,📱,social-media-management,Social Media Management,Run social listening
📊,business-finance,Business & Finance,📱,social-media-management,Social Media Management,Run crisis management sm
📊,business-finance,Business & Finance,📧,email-marketing,Email Marketing,Write list building
📊,business-finance,Business & Finance,📧,email-marketing,Email Marketing,Write opt in form
📊,business-finance,Business & Finance,📧,email-marketing,Email Marketing,Write lead magnet
📊,business-finance,Business & Finance,📧,email-marketing,Email Marketing,Write welcome sequence
📊,business-finance,Business & Finance,📧,email-marketing,Email Marketing,Write email sequence
📊,business-finance,Business & Finance,📧,email-marketing,Email Marketing,Write drip campaign
📊,business-finance,Business & Finance,📧,email-marketing,Email Marketing,Write broadcast email
📊,business-finance,Business & Finance,📧,email-marketing,Email Marketing,Write newsletter email
📊,business-finance,Business & Finance,📧,email-marketing,Email Marketing,Write promotional email
📊,business-finance,Business & Finance,📧,email-marketing,Email Marketing,Write transactional email
📊,business-finance,Business & Finance,📧,email-marketing,Email Marketing,Write subject line writing
📊,business-finance,Business & Finance,📧,email-marketing,Email Marketing,Write preheader text
📊,business-finance,Business & Finance,📧,email-marketing,Email Marketing,Write email copywriting
📊,business-finance,Business & Finance,📧,email-marketing,Email Marketing,Write call to action email
📊,business-finance,Business & Finance,📧,email-marketing,Email Marketing,Write email design
📊,business-finance,Business & Finance,📧,email-marketing,Email Marketing,Write HTML email
📊,business-finance,Business & Finance,📧,email-marketing,Email Marketing,Write plain text email
📊,business-finance,Business & Finance,📧,email-marketing,Email Marketing,Write mobile friendly email
📊,business-finance,Business & Finance,📧,email-marketing,Email Marketing,Write segmentation techniques
📊,business-finance,Business & Finance,📧,email-marketing,Email Marketing,Write behavioral targeting
📊,business-finance,Business & Finance,📧,email-marketing,Email Marketing,Write a b testing email
📊,business-finance,Business & Finance,📧,email-marketing,Email Marketing,Write open rate
📊,business-finance,Business & Finance,📧,email-marketing,Email Marketing,Write click rate
📊,business-finance,Business & Finance,📧,email-marketing,Email Marketing,Write unsubscribe rate
📊,business-finance,Business & Finance,📧,email-marketing,Email Marketing,Write deliverability techniques
📊,business-finance,Business & Finance,📧,email-marketing,Email Marketing,Write spam score
📊,business-finance,Business & Finance,📧,email-marketing,Email Marketing,Write email service provider
📊,business-finance,Business & Finance,📧,email-marketing,Email Marketing,Write automation email
📊,business-finance,Business & Finance,📧,email-marketing,Email Marketing,Write re engagement
📊,business-finance,Business & Finance,📧,email-marketing,Email Marketing,Write email analytics
📊,business-finance,Business & Finance,🎯,sales-strategy,Sales Strategy,Build sales process
📊,business-finance,Business & Finance,🎯,sales-strategy,Sales Strategy,Build prospecting methods
📊,business-finance,Business & Finance,🎯,sales-strategy,Sales Strategy,Build lead generation
📊,business-finance,Business & Finance,🎯,sales-strategy,Sales Strategy,Build cold outreach
📊,business-finance,Business & Finance,🎯,sales-strategy,Sales Strategy,Build sales call
📊,business-finance,Business & Finance,🎯,sales-strategy,Sales Strategy,Build discovery questions
📊,business-finance,Business & Finance,🎯,sales-strategy,Sales Strategy,Build pain points sales
📊,business-finance,Business & Finance,🎯,sales-strategy,Sales Strategy,Build needs analysis
📊,business-finance,Business & Finance,🎯,sales-strategy,Sales Strategy,Build value proposition
📊,business-finance,Business & Finance,🎯,sales-strategy,Sales Strategy,Build solution presentation
📊,business-finance,Business & Finance,🎯,sales-strategy,Sales Strategy,Build demo sales
📊,business-finance,Business & Finance,🎯,sales-strategy,Sales Strategy,Build objection handling
📊,business-finance,Business & Finance,🎯,sales-strategy,Sales Strategy,Build closing techniques
📊,business-finance,Business & Finance,🎯,sales-strategy,Sales Strategy,Build follow up sales
📊,business-finance,Business & Finance,🎯,sales-strategy,Sales Strategy,Build negotiation sales
📊,business-finance,Business & Finance,🎯,sales-strategy,Sales Strategy,Build upselling method
📊,business-finance,Business & Finance,🎯,sales-strategy,Sales Strategy,Build cross selling
📊,business-finance,Business & Finance,🎯,sales-strategy,Sales Strategy,Build account management
📊,business-finance,Business & Finance,🎯,sales-strategy,Sales Strategy,Build customer retention
📊,business-finance,Business & Finance,🎯,sales-strategy,Sales Strategy,Build sales pipeline
📊,business-finance,Business & Finance,🎯,sales-strategy,Sales Strategy,Build crm management
📊,business-finance,Business & Finance,🎯,sales-strategy,Sales Strategy,Build sales forecasting
📊,business-finance,Business & Finance,🎯,sales-strategy,Sales Strategy,Build quota planning
📊,business-finance,Business & Finance,🎯,sales-strategy,Sales Strategy,Build territory plan
📊,business-finance,Business & Finance,🎯,sales-strategy,Sales Strategy,Build sales metrics
📊,business-finance,Business & Finance,🎯,sales-strategy,Sales Strategy,Build win rate
📊,business-finance,Business & Finance,🎯,sales-strategy,Sales Strategy,Build conversion rate
📊,business-finance,Business & Finance,🎯,sales-strategy,Sales Strategy,Build sales cycle
📊,business-finance,Business & Finance,🎯,sales-strategy,Sales Strategy,Build deal stages
📊,business-finance,Business & Finance,🎯,sales-strategy,Sales Strategy,Build sales playbook
📊,business-finance,Business & Finance,🤝,customer-acquisition,Customer Acquisition,Improve acquisition channels
📊,business-finance,Business & Finance,🤝,customer-acquisition,Customer Acquisition,Improve organic acquisition
📊,business-finance,Business & Finance,🤝,customer-acquisition,Customer Acquisition,Improve paid acquisition
📊,business-finance,Business & Finance,🤝,customer-acquisition,Customer Acquisition,Improve social acquisition
📊,business-finance,Business & Finance,🤝,customer-acquisition,Customer Acquisition,Improve referral program
📊,business-finance,Business & Finance,🤝,customer-acquisition,Customer Acquisition,Improve viral loop
📊,business-finance,Business & Finance,🤝,customer-acquisition,Customer Acquisition,Improve word of mouth
📊,business-finance,Business & Finance,🤝,customer-acquisition,Customer Acquisition,Improve partnership build
📊,business-finance,Business & Finance,🤝,customer-acquisition,Customer Acquisition,Improve affiliate program
📊,business-finance,Business & Finance,🤝,customer-acquisition,Customer Acquisition,Improve influencer acquire
📊,business-finance,Business & Finance,🤝,customer-acquisition,Customer Acquisition,Improve content acquire
📊,business-finance,Business & Finance,🤝,customer-acquisition,Customer Acquisition,Improve seo acquire
📊,business-finance,Business & Finance,🤝,customer-acquisition,Customer Acquisition,Improve ppc acquire
📊,business-finance,Business & Finance,🤝,customer-acquisition,Customer Acquisition,Improve email acquire
📊,business-finance,Business & Finance,🤝,customer-acquisition,Customer Acquisition,Improve event acquire
📊,business-finance,Business & Finance,🤝,customer-acquisition,Customer Acquisition,Improve webinar acquire
📊,business-finance,Business & Finance,🤝,customer-acquisition,Customer Acquisition,Improve product hunt launch
📊,business-finance,Business & Finance,🤝,customer-acquisition,Customer Acquisition,Improve pr acquire
📊,business-finance,Business & Finance,🤝,customer-acquisition,Customer Acquisition,Improve press coverage
📊,business-finance,Business & Finance,🤝,customer-acquisition,Customer Acquisition,Improve community build
📊,business-finance,Business & Finance,🤝,customer-acquisition,Customer Acquisition,Improve trial to paid
📊,business-finance,Business & Finance,🤝,customer-acquisition,Customer Acquisition,Improve freemium model
📊,business-finance,Business & Finance,🤝,customer-acquisition,Customer Acquisition,Improve free trial
📊,business-finance,Business & Finance,🤝,customer-acquisition,Customer Acquisition,Improve demo request
📊,business-finance,Business & Finance,🤝,customer-acquisition,Customer Acquisition,Improve sign up flow
📊,business-finance,Business & Finance,🤝,customer-acquisition,Customer Acquisition,Improve activation rate
📊,business-finance,Business & Finance,🤝,customer-acquisition,Customer Acquisition,Improve cac customer cost
📊,business-finance,Business & Finance,🤝,customer-acquisition,Customer Acquisition,Improve ltv lifetime
📊,business-finance,Business & Finance,🤝,customer-acquisition,Customer Acquisition,Improve payback period
📊,business-finance,Business & Finance,🤝,customer-acquisition,Customer Acquisition,Improve acquisition goal
📊,business-finance,Business & Finance,📦,product-management,Product Management,Manage product vision
📊,business-finance,Business & Finance,📦,product-management,Product Management,Manage product strategy
📊,business-finance,Business & Finance,📦,product-management,Product Management,Manage roadmapping techniques
📊,business-finance,Business & Finance,📦,product-management,Product Management,Manage feature prioritization
📊,business-finance,Business & Finance,📦,product-management,Product Management,Manage moscow method
📊,business-finance,Business & Finance,📦,product-management,Product Management,Manage rice scoring
📊,business-finance,Business & Finance,📦,product-management,Product Management,Manage impact effort matrix
📊,business-finance,Business & Finance,📦,product-management,Product Management,Manage user stories
📊,business-finance,Business & Finance,📦,product-management,Product Management,Manage acceptance criteria
📊,business-finance,Business & Finance,📦,product-management,Product Management,Manage prd writing
📊,business-finance,Business & Finance,📦,product-management,Product Management,Manage sprint planning pm
📊,business-finance,Business & Finance,📦,product-management,Product Management,Manage backlog grooming
📊,business-finance,Business & Finance,📦,product-management,Product Management,Manage user research
📊,business-finance,Business & Finance,📦,product-management,Product Management,Manage user interview
📊,business-finance,Business & Finance,📦,product-management,Product Management,Manage usability test
📊,business-finance,Business & Finance,📦,product-management,Product Management,Manage survey pm
📊,business-finance,Business & Finance,📦,product-management,Product Management,Manage a b testing pm
📊,business-finance,Business & Finance,📦,product-management,Product Management,Manage metrics pm
📊,business-finance,Business & Finance,📦,product-management,Product Management,Manage north star metric
📊,business-finance,Business & Finance,📦,product-management,Product Management,Manage leading indicators
📊,business-finance,Business & Finance,📦,product-management,Product Management,Manage lagging indicators
📊,business-finance,Business & Finance,📦,product-management,Product Management,Manage stakeholder mgmt
📊,business-finance,Business & Finance,📦,product-management,Product Management,Manage cross functional pm
📊,business-finance,Business & Finance,📦,product-management,Product Management,Manage release planning
📊,business-finance,Business & Finance,📦,product-management,Product Management,Manage go to market
📊,business-finance,Business & Finance,📦,product-management,Product Management,Manage competitive analysis pm
📊,business-finance,Business & Finance,📦,product-management,Product Management,Manage product launch
📊,business-finance,Business & Finance,📦,product-management,Product Management,Manage product retro
📊,business-finance,Business & Finance,📦,product-management,Product Management,Manage okr product
📊,business-finance,Business & Finance,📦,product-management,Product Management,Manage kpi product
📊,business-finance,Business & Finance,📋,project-management,Project Management,Manage project charter
📊,business-finance,Business & Finance,📋,project-management,Project Management,Manage scope definition
📊,business-finance,Business & Finance,📋,project-management,Project Management,Manage work breakdown
📊,business-finance,Business & Finance,📋,project-management,Project Management,Manage wbs structure
📊,business-finance,Business & Finance,📋,project-management,Project Management,Manage task dependencies
📊,business-finance,Business & Finance,📋,project-management,Project Management,Manage critical path
📊,business-finance,Business & Finance,📋,project-management,Project Management,Manage gantt chart
📊,business-finance,Business & Finance,📋,project-management,Project Management,Manage milestone plan
📊,business-finance,Business & Finance,📋,project-management,Project Management,Manage resource allocation
📊,business-finance,Business & Finance,📋,project-management,Project Management,Manage team assigning
📊,business-finance,Business & Finance,📋,project-management,Project Management,Manage budget plan pm
📊,business-finance,Business & Finance,📋,project-management,Project Management,Manage risk register
📊,business-finance,Business & Finance,📋,project-management,Project Management,Manage risk assessment
📊,business-finance,Business & Finance,📋,project-management,Project Management,Manage communication plan
📊,business-finance,Business & Finance,📋,project-management,Project Management,Manage status report
📊,business-finance,Business & Finance,📋,project-management,Project Management,Manage project dashboard
📊,business-finance,Business & Finance,📋,project-management,Project Management,Manage change management
📊,business-finance,Business & Finance,📋,project-management,Project Management,Manage issue log
📊,business-finance,Business & Finance,📋,project-management,Project Management,Manage decision log
📊,business-finance,Business & Finance,📋,project-management,Project Management,Manage lessons learned
📊,business-finance,Business & Finance,📋,project-management,Project Management,Manage project closure
📊,business-finance,Business & Finance,📋,project-management,Project Management,Manage waterfall method
📊,business-finance,Business & Finance,📋,project-management,Project Management,Manage agile pm
📊,business-finance,Business & Finance,📋,project-management,Project Management,Manage scrum pm
📊,business-finance,Business & Finance,📋,project-management,Project Management,Manage kanban pm
📊,business-finance,Business & Finance,📋,project-management,Project Management,Manage lean pm
📊,business-finance,Business & Finance,📋,project-management,Project Management,Manage prince2 method
📊,business-finance,Business & Finance,📋,project-management,Project Management,Manage pmbok guide
📊,business-finance,Business & Finance,📋,project-management,Project Management,Manage pmp prep
📊,business-finance,Business & Finance,📋,project-management,Project Management,Manage project tools
📊,business-finance,Business & Finance,🔄,agile-methodologies,Agile Methodologies,Apply agile manifesto
📊,business-finance,Business & Finance,🔄,agile-methodologies,Agile Methodologies,Apply agile principles
📊,business-finance,Business & Finance,🔄,agile-methodologies,Agile Methodologies,Apply scrum framework
📊,business-finance,Business & Finance,🔄,agile-methodologies,Agile Methodologies,Apply sprint cycle
📊,business-finance,Business & Finance,🔄,agile-methodologies,Agile Methodologies,Apply daily standup
📊,business-finance,Business & Finance,🔄,agile-methodologies,Agile Methodologies,Apply sprint planning
📊,business-finance,Business & Finance,🔄,agile-methodologies,Agile Methodologies,Apply sprint review
📊,business-finance,Business & Finance,🔄,agile-methodologies,Agile Methodologies,Apply sprint retro
📊,business-finance,Business & Finance,🔄,agile-methodologies,Agile Methodologies,Apply product backlog
📊,business-finance,Business & Finance,🔄,agile-methodologies,Agile Methodologies,Apply sprint backlog
📊,business-finance,Business & Finance,🔄,agile-methodologies,Agile Methodologies,Apply user stories agile
📊,business-finance,Business & Finance,🔄,agile-methodologies,Agile Methodologies,Apply story points
📊,business-finance,Business & Finance,🔄,agile-methodologies,Agile Methodologies,Apply estimation poker
📊,business-finance,Business & Finance,🔄,agile-methodologies,Agile Methodologies,Apply velocity tracking
📊,business-finance,Business & Finance,🔄,agile-methodologies,Agile Methodologies,Apply burndown chart
📊,business-finance,Business & Finance,🔄,agile-methodologies,Agile Methodologies,Apply burnup chart
📊,business-finance,Business & Finance,🔄,agile-methodologies,Agile Methodologies,Apply kanban method
📊,business-finance,Business & Finance,🔄,agile-methodologies,Agile Methodologies,Apply work in progress
📊,business-finance,Business & Finance,🔄,agile-methodologies,Agile Methodologies,Apply cycle time
📊,business-finance,Business & Finance,🔄,agile-methodologies,Agile Methodologies,Apply throughput techniques
📊,business-finance,Business & Finance,🔄,agile-methodologies,Agile Methodologies,Apply lead time
📊,business-finance,Business & Finance,🔄,agile-methodologies,Agile Methodologies,Apply cumulative flow
📊,business-finance,Business & Finance,🔄,agile-methodologies,Agile Methodologies,Apply lean agile
📊,business-finance,Business & Finance,🔄,agile-methodologies,Agile Methodologies,Apply kaizen agile
📊,business-finance,Business & Finance,🔄,agile-methodologies,Agile Methodologies,Apply continuous improve
📊,business-finance,Business & Finance,🔄,agile-methodologies,Agile Methodologies,Apply inspect adapt
📊,business-finance,Business & Finance,🔄,agile-methodologies,Agile Methodologies,Apply agile coach
📊,business-finance,Business & Finance,🔄,agile-methodologies,Agile Methodologies,Apply scrum master role
📊,business-finance,Business & Finance,🔄,agile-methodologies,Agile Methodologies,Apply product owner role
📊,business-finance,Business & Finance,🔄,agile-methodologies,Agile Methodologies,Apply development team
📊,business-finance,Business & Finance,👥,team-leadership,Team Leadership,Lead situational leadership
📊,business-finance,Business & Finance,👥,team-leadership,Team Leadership,Lead servant leadership
📊,business-finance,Business & Finance,👥,team-leadership,Team Leadership,Lead transformational lead
📊,business-finance,Business & Finance,👥,team-leadership,Team Leadership,Lead delegation matrix
📊,business-finance,Business & Finance,👥,team-leadership,Team Leadership,Lead task delegation
📊,business-finance,Business & Finance,👥,team-leadership,Team Leadership,Lead empowerment tech
📊,business-finance,Business & Finance,👥,team-leadership,Team Leadership,Lead motivation methods
📊,business-finance,Business & Finance,👥,team-leadership,Team Leadership,Lead intrinsic motivation
📊,business-finance,Business & Finance,👥,team-leadership,Team Leadership,Lead extrinsic motivation
📊,business-finance,Business & Finance,👥,team-leadership,Team Leadership,Lead goal setting lead
📊,business-finance,Business & Finance,👥,team-leadership,Team Leadership,Lead feedback loop
📊,business-finance,Business & Finance,👥,team-leadership,Team Leadership,Lead coaching leader
📊,business-finance,Business & Finance,👥,team-leadership,Team Leadership,Lead mentoring lead
📊,business-finance,Business & Finance,👥,team-leadership,Team Leadership,Lead performance review
📊,business-finance,Business & Finance,👥,team-leadership,Team Leadership,Lead 1 on 1 meeting
📊,business-finance,Business & Finance,👥,team-leadership,Team Leadership,Lead team building
📊,business-finance,Business & Finance,👥,team-leadership,Team Leadership,Lead trust building lead
📊,business-finance,Business & Finance,👥,team-leadership,Team Leadership,Lead psychological safety
📊,business-finance,Business & Finance,👥,team-leadership,Team Leadership,Lead conflict leader
📊,business-finance,Business & Finance,👥,team-leadership,Team Leadership,Lead decision making lead
📊,business-finance,Business & Finance,👥,team-leadership,Team Leadership,Lead consensus building
📊,business-finance,Business & Finance,👥,team-leadership,Team Leadership,Lead vision casting
📊,business-finance,Business & Finance,👥,team-leadership,Team Leadership,Lead direction setting
📊,business-finance,Business & Finance,👥,team-leadership,Team Leadership,Lead change leadership
📊,business-finance,Business & Finance,👥,team-leadership,Team Leadership,Lead adaptability lead
📊,business-finance,Business & Finance,👥,team-leadership,Team Leadership,Lead resilience lead
📊,business-finance,Business & Finance,👥,team-leadership,Team Leadership,Lead time management lead
📊,business-finance,Business & Finance,👥,team-leadership,Team Leadership,Lead priority lead
📊,business-finance,Business & Finance,👥,team-leadership,Team Leadership,Lead strategic thinking
📊,business-finance,Business & Finance,👥,team-leadership,Team Leadership,Lead emotional intelligence lead
📊,business-finance,Business & Finance,🏢,human-resources,Human Resources,Manage recruitment process
📊,business-finance,Business & Finance,🏢,human-resources,Human Resources,Manage job description
📊,business-finance,Business & Finance,🏢,human-resources,Human Resources,Manage screening resume
📊,business-finance,Business & Finance,🏢,human-resources,Human Resources,Manage interview HR
📊,business-finance,Business & Finance,🏢,human-resources,Human Resources,Manage onboarding plan
📊,business-finance,Business & Finance,🏢,human-resources,Human Resources,Manage employee handbook
📊,business-finance,Business & Finance,🏢,human-resources,Human Resources,Manage payroll management
📊,business-finance,Business & Finance,🏢,human-resources,Human Resources,Manage benefits admin
📊,business-finance,Business & Finance,🏢,human-resources,Human Resources,Manage health insurance HR
📊,business-finance,Business & Finance,🏢,human-resources,Human Resources,Manage retirement plan HR
📊,business-finance,Business & Finance,🏢,human-resources,Human Resources,Manage performance mgmt
📊,business-finance,Business & Finance,🏢,human-resources,Human Resources,Manage goal setting HR
📊,business-finance,Business & Finance,🏢,human-resources,Human Resources,Manage review process HR
📊,business-finance,Business & Finance,🏢,human-resources,Human Resources,Manage employee relations
📊,business-finance,Business & Finance,🏢,human-resources,Human Resources,Manage grievance handling
📊,business-finance,Business & Finance,🏢,human-resources,Human Resources,Manage disciplinary proc
📊,business-finance,Business & Finance,🏢,human-resources,Human Resources,Manage termination process
📊,business-finance,Business & Finance,🏢,human-resources,Human Resources,Manage exit interview
📊,business-finance,Business & Finance,🏢,human-resources,Human Resources,Manage training program
📊,business-finance,Business & Finance,🏢,human-resources,Human Resources,Manage learning dev HR
📊,business-finance,Business & Finance,🏢,human-resources,Human Resources,Manage compliance HR
📊,business-finance,Business & Finance,🏢,human-resources,Human Resources,Manage labor law basics
📊,business-finance,Business & Finance,🏢,human-resources,Human Resources,Manage eeo compliance
📊,business-finance,Business & Finance,🏢,human-resources,Human Resources,Manage osha basics
📊,business-finance,Business & Finance,🏢,human-resources,Human Resources,Manage HR metrics
📊,business-finance,Business & Finance,🏢,human-resources,Human Resources,Manage turnover rate
📊,business-finance,Business & Finance,🏢,human-resources,Human Resources,Manage time to hire
📊,business-finance,Business & Finance,🏢,human-resources,Human Resources,Manage cost per hire
📊,business-finance,Business & Finance,🏢,human-resources,Human Resources,Manage employee engagement
📊,business-finance,Business & Finance,🏢,human-resources,Human Resources,Manage HR software
📊,business-finance,Business & Finance,📈,corporate-finance,Corporate Finance,Analyze capital structure
📊,business-finance,Business & Finance,📈,corporate-finance,Corporate Finance,Analyze debt vs equity
📊,business-finance,Business & Finance,📈,corporate-finance,Corporate Finance,Analyze cost of capital
📊,business-finance,Business & Finance,📈,corporate-finance,Corporate Finance,Analyze wacc calculation
📊,business-finance,Business & Finance,📈,corporate-finance,Corporate Finance,Analyze capm model
📊,business-finance,Business & Finance,📈,corporate-finance,Corporate Finance,Analyze dcf analysis
📊,business-finance,Business & Finance,📈,corporate-finance,Corporate Finance,Analyze net present value
📊,business-finance,Business & Finance,📈,corporate-finance,Corporate Finance,Analyze irr internal rate
📊,business-finance,Business & Finance,📈,corporate-finance,Corporate Finance,Analyze payback period fin
📊,business-finance,Business & Finance,📈,corporate-finance,Corporate Finance,Analyze financial modeling
📊,business-finance,Business & Finance,📈,corporate-finance,Corporate Finance,Analyze three statement model
📊,business-finance,Business & Finance,📈,corporate-finance,Corporate Finance,Analyze m&a process
📊,business-finance,Business & Finance,📈,corporate-finance,Corporate Finance,Analyze due diligence
📊,business-finance,Business & Finance,📈,corporate-finance,Corporate Finance,Analyze valuation methods
📊,business-finance,Business & Finance,📈,corporate-finance,Corporate Finance,Analyze comparable company
📊,business-finance,Business & Finance,📈,corporate-finance,Corporate Finance,Analyze precedent transaction
📊,business-finance,Business & Finance,📈,corporate-finance,Corporate Finance,Analyze lbo model
📊,business-finance,Business & Finance,📈,corporate-finance,Corporate Finance,Analyze leveraged buyout
📊,business-finance,Business & Finance,📈,corporate-finance,Corporate Finance,Analyze private equity
📊,business-finance,Business & Finance,📈,corporate-finance,Corporate Finance,Analyze venture capital fin
📊,business-finance,Business & Finance,📈,corporate-finance,Corporate Finance,Analyze ipo process
📊,business-finance,Business & Finance,📈,corporate-finance,Corporate Finance,Analyze secondary offering
📊,business-finance,Business & Finance,📈,corporate-finance,Corporate Finance,Analyze dividend policy
📊,business-finance,Business & Finance,📈,corporate-finance,Corporate Finance,Analyze share buyback
📊,business-finance,Business & Finance,📈,corporate-finance,Corporate Finance,Analyze risk management fin
📊,business-finance,Business & Finance,📈,corporate-finance,Corporate Finance,Analyze hedging strategy
📊,business-finance,Business & Finance,📈,corporate-finance,Corporate Finance,Analyze derivatives basics
📊,business-finance,Business & Finance,📈,corporate-finance,Corporate Finance,Analyze options trading
📊,business-finance,Business & Finance,📈,corporate-finance,Corporate Finance,Analyze futures contracts
📊,business-finance,Business & Finance,📈,corporate-finance,Corporate Finance,Analyze swap agreement
📊,business-finance,Business & Finance,⚠️,risk-management,Risk Management,Assess risk identification
📊,business-finance,Business & Finance,⚠️,risk-management,Risk Management,Assess risk assessment mat
📊,business-finance,Business & Finance,⚠️,risk-management,Risk Management,Assess risk ranking
📊,business-finance,Business & Finance,⚠️,risk-management,Risk Management,Assess risk response plan
📊,business-finance,Business & Finance,⚠️,risk-management,Risk Management,Assess risk avoidance
📊,business-finance,Business & Finance,⚠️,risk-management,Risk Management,Assess risk mitigation
📊,business-finance,Business & Finance,⚠️,risk-management,Risk Management,Assess risk transfer
📊,business-finance,Business & Finance,⚠️,risk-management,Risk Management,Assess risk acceptance
📊,business-finance,Business & Finance,⚠️,risk-management,Risk Management,Assess operational risk
📊,business-finance,Business & Finance,⚠️,risk-management,Risk Management,Assess financial risk
📊,business-finance,Business & Finance,⚠️,risk-management,Risk Management,Assess strategic risk
📊,business-finance,Business & Finance,⚠️,risk-management,Risk Management,Assess compliance risk
📊,business-finance,Business & Finance,⚠️,risk-management,Risk Management,Assess reputational risk
📊,business-finance,Business & Finance,⚠️,risk-management,Risk Management,Assess market risk
📊,business-finance,Business & Finance,⚠️,risk-management,Risk Management,Assess credit risk
📊,business-finance,Business & Finance,⚠️,risk-management,Risk Management,Assess liquidity risk
📊,business-finance,Business & Finance,⚠️,risk-management,Risk Management,Assess currency risk
📊,business-finance,Business & Finance,⚠️,risk-management,Risk Management,Assess interest rate risk
📊,business-finance,Business & Finance,⚠️,risk-management,Risk Management,Assess risk register rm
📊,business-finance,Business & Finance,⚠️,risk-management,Risk Management,Assess risk appetite
📊,business-finance,Business & Finance,⚠️,risk-management,Risk Management,Assess risk tolerance
📊,business-finance,Business & Finance,⚠️,risk-management,Risk Management,Assess risk limit
📊,business-finance,Business & Finance,⚠️,risk-management,Risk Management,Assess control environment
📊,business-finance,Business & Finance,⚠️,risk-management,Risk Management,Assess risk committee
📊,business-finance,Business & Finance,⚠️,risk-management,Risk Management,Assess risk reporting
📊,business-finance,Business & Finance,⚠️,risk-management,Risk Management,Assess key risk indicators
📊,business-finance,Business & Finance,⚠️,risk-management,Risk Management,Assess scenario analysis
📊,business-finance,Business & Finance,⚠️,risk-management,Risk Management,Assess stress testing
📊,business-finance,Business & Finance,⚠️,risk-management,Risk Management,Assess business continuity
📊,business-finance,Business & Finance,⚠️,risk-management,Risk Management,Assess crisis management rm
📊,business-finance,Business & Finance,🏥,insurance-planning,Insurance Planning,Plan life insurance
📊,business-finance,Business & Finance,🏥,insurance-planning,Insurance Planning,Plan term life
📊,business-finance,Business & Finance,🏥,insurance-planning,Insurance Planning,Plan whole life
📊,business-finance,Business & Finance,🏥,insurance-planning,Insurance Planning,Plan universal life
📊,business-finance,Business & Finance,🏥,insurance-planning,Insurance Planning,Plan variable life
📊,business-finance,Business & Finance,🏥,insurance-planning,Insurance Planning,Plan health insurance
📊,business-finance,Business & Finance,🏥,insurance-planning,Insurance Planning,Plan hmo plan
📊,business-finance,Business & Finance,🏥,insurance-planning,Insurance Planning,Plan ppo plan
📊,business-finance,Business & Finance,🏥,insurance-planning,Insurance Planning,Plan hdhp plan
📊,business-finance,Business & Finance,🏥,insurance-planning,Insurance Planning,Plan deductible ins
📊,business-finance,Business & Finance,🏥,insurance-planning,Insurance Planning,Plan copay coinsurance
📊,business-finance,Business & Finance,🏥,insurance-planning,Insurance Planning,Plan out of pocket max
📊,business-finance,Business & Finance,🏥,insurance-planning,Insurance Planning,Plan disability insurance
📊,business-finance,Business & Finance,🏥,insurance-planning,Insurance Planning,Plan short term disability
📊,business-finance,Business & Finance,🏥,insurance-planning,Insurance Planning,Plan long term disability
📊,business-finance,Business & Finance,🏥,insurance-planning,Insurance Planning,Plan long term care
📊,business-finance,Business & Finance,🏥,insurance-planning,Insurance Planning,Plan auto insurance
📊,business-finance,Business & Finance,🏥,insurance-planning,Insurance Planning,Plan homeowners ins
📊,business-finance,Business & Finance,🏥,insurance-planning,Insurance Planning,Plan renters insurance
📊,business-finance,Business & Finance,🏥,insurance-planning,Insurance Planning,Plan umbrella policy
📊,business-finance,Business & Finance,🏥,insurance-planning,Insurance Planning,Plan business insurance
📊,business-finance,Business & Finance,🏥,insurance-planning,Insurance Planning,Plan liability insurance
📊,business-finance,Business & Finance,🏥,insurance-planning,Insurance Planning,Plan professional liability
📊,business-finance,Business & Finance,🏥,insurance-planning,Insurance Planning,Plan workers comp
📊,business-finance,Business & Finance,🏥,insurance-planning,Insurance Planning,Plan key person ins
📊,business-finance,Business & Finance,🏥,insurance-planning,Insurance Planning,Plan buy sell insurance
📊,business-finance,Business & Finance,🏥,insurance-planning,Insurance Planning,Plan policy review
📊,business-finance,Business & Finance,🏥,insurance-planning,Insurance Planning,Plan claim process
📊,business-finance,Business & Finance,🏥,insurance-planning,Insurance Planning,Plan insurance needs
📊,business-finance,Business & Finance,🏥,insurance-planning,Insurance Planning,Plan coverage amount
📊,business-finance,Business & Finance,🏖️,retirement-planning,Retirement Planning,Plan 401k plan
📊,business-finance,Business & Finance,🏖️,retirement-planning,Retirement Planning,Plan IRA traditional
📊,business-finance,Business & Finance,🏖️,retirement-planning,Retirement Planning,Plan roth IRA
📊,business-finance,Business & Finance,🏖️,retirement-planning,Retirement Planning,Plan roth 401k
📊,business-finance,Business & Finance,🏖️,retirement-planning,Retirement Planning,Plan sep IRA
📊,business-finance,Business & Finance,🏖️,retirement-planning,Retirement Planning,Plan simple IRA
📊,business-finance,Business & Finance,🏖️,retirement-planning,Retirement Planning,Plan pension plan
📊,business-finance,Business & Finance,🏖️,retirement-planning,Retirement Planning,Plan defined benefit
📊,business-finance,Business & Finance,🏖️,retirement-planning,Retirement Planning,Plan defined contribution
📊,business-finance,Business & Finance,🏖️,retirement-planning,Retirement Planning,Plan social security
📊,business-finance,Business & Finance,🏖️,retirement-planning,Retirement Planning,Plan medicare basics
📊,business-finance,Business & Finance,🏖️,retirement-planning,Retirement Planning,Plan retirement goal
📊,business-finance,Business & Finance,🏖️,retirement-planning,Retirement Planning,Plan retirement calc
📊,business-finance,Business & Finance,🏖️,retirement-planning,Retirement Planning,Plan savings rate
📊,business-finance,Business & Finance,🏖️,retirement-planning,Retirement Planning,Plan withdrawal rate
📊,business-finance,Business & Finance,🏖️,retirement-planning,Retirement Planning,Plan 4 rule
📊,business-finance,Business & Finance,🏖️,retirement-planning,Retirement Planning,Plan safe withdrawal
📊,business-finance,Business & Finance,🏖️,retirement-planning,Retirement Planning,Plan required minimum
📊,business-finance,Business & Finance,🏖️,retirement-planning,Retirement Planning,Plan rmd calculation
📊,business-finance,Business & Finance,🏖️,retirement-planning,Retirement Planning,Plan tax deferred
📊,business-finance,Business & Finance,🏖️,retirement-planning,Retirement Planning,Plan tax free growth
📊,business-finance,Business & Finance,🏖️,retirement-planning,Retirement Planning,Plan taxable account
📊,business-finance,Business & Finance,🏖️,retirement-planning,Retirement Planning,Plan asset location
📊,business-finance,Business & Finance,🏖️,retirement-planning,Retirement Planning,Plan retirement income
📊,business-finance,Business & Finance,🏖️,retirement-planning,Retirement Planning,Plan annuity types
📊,business-finance,Business & Finance,🏖️,retirement-planning,Retirement Planning,Plan fixed annuity
📊,business-finance,Business & Finance,🏖️,retirement-planning,Retirement Planning,Plan variable annuity
📊,business-finance,Business & Finance,🏖️,retirement-planning,Retirement Planning,Plan indexed annuity
📊,business-finance,Business & Finance,🏖️,retirement-planning,Retirement Planning,Plan estate planning
📊,business-finance,Business & Finance,🏖️,retirement-planning,Retirement Planning,Plan beneficiary design
📊,business-finance,Business & Finance,📋,tax-strategy,Tax Strategy,Plan tax brackets
📊,business-finance,Business & Finance,📋,tax-strategy,Tax Strategy,Plan marginal rate
📊,business-finance,Business & Finance,📋,tax-strategy,Tax Strategy,Plan effective rate
📊,business-finance,Business & Finance,📋,tax-strategy,Tax Strategy,Plan standard deduction
📊,business-finance,Business & Finance,📋,tax-strategy,Tax Strategy,Plan itemized deduction
📊,business-finance,Business & Finance,📋,tax-strategy,Tax Strategy,Plan mortgage interest
📊,business-finance,Business & Finance,📋,tax-strategy,Tax Strategy,Plan charitable donation
📊,business-finance,Business & Finance,📋,tax-strategy,Tax Strategy,Plan medical expenses
📊,business-finance,Business & Finance,📋,tax-strategy,Tax Strategy,Plan state local tax
📊,business-finance,Business & Finance,📋,tax-strategy,Tax Strategy,Plan tax credits
📊,business-finance,Business & Finance,📋,tax-strategy,Tax Strategy,Plan child tax credit
📊,business-finance,Business & Finance,📋,tax-strategy,Tax Strategy,Plan earned income
📊,business-finance,Business & Finance,📋,tax-strategy,Tax Strategy,Plan education credit
📊,business-finance,Business & Finance,📋,tax-strategy,Tax Strategy,Plan retirement credit
📊,business-finance,Business & Finance,📋,tax-strategy,Tax Strategy,Plan capital gains tax
📊,business-finance,Business & Finance,📋,tax-strategy,Tax Strategy,Plan short term gains
📊,business-finance,Business & Finance,📋,tax-strategy,Tax Strategy,Plan long term gains
📊,business-finance,Business & Finance,📋,tax-strategy,Tax Strategy,Plan dividend tax rate
📊,business-finance,Business & Finance,📋,tax-strategy,Tax Strategy,Plan tax loss harvest
📊,business-finance,Business & Finance,📋,tax-strategy,Tax Strategy,Plan tax efficient fund
📊,business-finance,Business & Finance,📋,tax-strategy,Tax Strategy,Plan tax deferral
📊,business-finance,Business & Finance,📋,tax-strategy,Tax Strategy,Plan roth conversion
📊,business-finance,Business & Finance,📋,tax-strategy,Tax Strategy,Plan backdoor roth
📊,business-finance,Business & Finance,📋,tax-strategy,Tax Strategy,Plan mega backdoor
📊,business-finance,Business & Finance,📋,tax-strategy,Tax Strategy,Plan hsa tax benefit
📊,business-finance,Business & Finance,📋,tax-strategy,Tax Strategy,Plan fsa tax benefit
📊,business-finance,Business & Finance,📋,tax-strategy,Tax Strategy,Plan 529 plan tax
📊,business-finance,Business & Finance,📋,tax-strategy,Tax Strategy,Plan estate tax
📊,business-finance,Business & Finance,📋,tax-strategy,Tax Strategy,Plan gift tax
📊,business-finance,Business & Finance,📋,tax-strategy,Tax Strategy,Plan tax filing status
📊,business-finance,Business & Finance,🏛️,estate-planning,Estate Planning,Plan will preparation
📊,business-finance,Business & Finance,🏛️,estate-planning,Estate Planning,Plan living will
📊,business-finance,Business & Finance,🏛️,estate-planning,Estate Planning,Plan testamentary trust
📊,business-finance,Business & Finance,🏛️,estate-planning,Estate Planning,Plan revocable trust
📊,business-finance,Business & Finance,🏛️,estate-planning,Estate Planning,Plan irrevocable trust
📊,business-finance,Business & Finance,🏛️,estate-planning,Estate Planning,Plan living trust
📊,business-finance,Business & Finance,🏛️,estate-planning,Estate Planning,Plan special needs trust
📊,business-finance,Business & Finance,🏛️,estate-planning,Estate Planning,Plan charitable trust
📊,business-finance,Business & Finance,🏛️,estate-planning,Estate Planning,Plan durable power attorney
📊,business-finance,Business & Finance,🏛️,estate-planning,Estate Planning,Plan healthcare proxy
📊,business-finance,Business & Finance,🏛️,estate-planning,Estate Planning,Plan advanced directive
📊,business-finance,Business & Finance,🏛️,estate-planning,Estate Planning,Plan beneficiary design
📊,business-finance,Business & Finance,🏛️,estate-planning,Estate Planning,Plan probate process
📊,business-finance,Business & Finance,🏛️,estate-planning,Estate Planning,Plan estate tax estate
📊,business-finance,Business & Finance,🏛️,estate-planning,Estate Planning,Plan gift tax estate
📊,business-finance,Business & Finance,🏛️,estate-planning,Estate Planning,Plan generation skipping
📊,business-finance,Business & Finance,🏛️,estate-planning,Estate Planning,Plan executor role
📊,business-finance,Business & Finance,🏛️,estate-planning,Estate Planning,Plan trustee role
📊,business-finance,Business & Finance,🏛️,estate-planning,Estate Planning,Plan guardian minor
📊,business-finance,Business & Finance,🏛️,estate-planning,Estate Planning,Plan letter of intent
📊,business-finance,Business & Finance,🏛️,estate-planning,Estate Planning,Plan asset inventory
📊,business-finance,Business & Finance,🏛️,estate-planning,Estate Planning,Plan debt settlement
📊,business-finance,Business & Finance,🏛️,estate-planning,Estate Planning,Plan funeral planning
📊,business-finance,Business & Finance,🏛️,estate-planning,Estate Planning,Plan digital estate
📊,business-finance,Business & Finance,🏛️,estate-planning,Estate Planning,Plan estate attorney
📊,business-finance,Business & Finance,🏛️,estate-planning,Estate Planning,Plan review process
📊,business-finance,Business & Finance,🏛️,estate-planning,Estate Planning,Plan estate planning goal
📊,business-finance,Business & Finance,🏛️,estate-planning,Estate Planning,Plan heir planning
📊,business-finance,Business & Finance,🏛️,estate-planning,Estate Planning,Plan family meeting
📊,business-finance,Business & Finance,🏛️,estate-planning,Estate Planning,Plan document storage
📊,business-finance,Business & Finance,📊,data-analysis,Data Analysis,Analyze data collection
📊,business-finance,Business & Finance,📊,data-analysis,Data Analysis,Analyze data cleaning
📊,business-finance,Business & Finance,📊,data-analysis,Data Analysis,Analyze data wrangling
📊,business-finance,Business & Finance,📊,data-analysis,Data Analysis,Analyze exploratory analysis
📊,business-finance,Business & Finance,📊,data-analysis,Data Analysis,Analyze descriptive stats
📊,business-finance,Business & Finance,📊,data-analysis,Data Analysis,Analyze mean median mode
📊,business-finance,Business & Finance,📊,data-analysis,Data Analysis,Analyze standard deviation
📊,business-finance,Business & Finance,📊,data-analysis,Data Analysis,Analyze correlation analysis
📊,business-finance,Business & Finance,📊,data-analysis,Data Analysis,Analyze regression analysis
📊,business-finance,Business & Finance,📊,data-analysis,Data Analysis,Analyze linear regression
📊,business-finance,Business & Finance,📊,data-analysis,Data Analysis,Analyze multiple regression
📊,business-finance,Business & Finance,📊,data-analysis,Data Analysis,Analyze hypothesis testing
📊,business-finance,Business & Finance,📊,data-analysis,Data Analysis,Analyze t test
📊,business-finance,Business & Finance,📊,data-analysis,Data Analysis,Analyze chi square
📊,business-finance,Business & Finance,📊,data-analysis,Data Analysis,Analyze anova test
📊,business-finance,Business & Finance,📊,data-analysis,Data Analysis,Analyze data visualization
📊,business-finance,Business & Finance,📊,data-analysis,Data Analysis,Analyze dashboard design
📊,business-finance,Business & Finance,📊,data-analysis,Data Analysis,Analyze excel analysis
📊,business-finance,Business & Finance,📊,data-analysis,Data Analysis,Analyze pivot tables
📊,business-finance,Business & Finance,📊,data-analysis,Data Analysis,Analyze power bi basics
📊,business-finance,Business & Finance,📊,data-analysis,Data Analysis,Analyze tableau basics
📊,business-finance,Business & Finance,📊,data-analysis,Data Analysis,Analyze SQL data analysis
📊,business-finance,Business & Finance,📊,data-analysis,Data Analysis,Analyze python data analysis
📊,business-finance,Business & Finance,📊,data-analysis,Data Analysis,Analyze pandas library
📊,business-finance,Business & Finance,📊,data-analysis,Data Analysis,Analyze numpy basics
📊,business-finance,Business & Finance,📊,data-analysis,Data Analysis,Analyze statistical model
📊,business-finance,Business & Finance,📊,data-analysis,Data Analysis,Analyze data interpretation
📊,business-finance,Business & Finance,📊,data-analysis,Data Analysis,Analyze reporting insights
📊,business-finance,Business & Finance,📊,data-analysis,Data Analysis,Analyze data driven decision
📊,business-finance,Business & Finance,📊,data-analysis,Data Analysis,Analyze a b testing data
📊,business-finance,Business & Finance,📈,financial-modeling,Financial Modeling,Build layout design
📊,business-finance,Business & Finance,📈,financial-modeling,Financial Modeling,Build assumption input
📊,business-finance,Business & Finance,📈,financial-modeling,Financial Modeling,Build revenue build up
📊,business-finance,Business & Finance,📈,financial-modeling,Financial Modeling,Build cost build up
📊,business-finance,Business & Finance,📈,financial-modeling,Financial Modeling,Build depreciation schedule
📊,business-finance,Business & Finance,📈,financial-modeling,Financial Modeling,Build working capital
📊,business-finance,Business & Finance,📈,financial-modeling,Financial Modeling,Build debt schedule
📊,business-finance,Business & Finance,📈,financial-modeling,Financial Modeling,Build equity schedule
📊,business-finance,Business & Finance,📈,financial-modeling,Financial Modeling,Build three statement link
📊,business-finance,Business & Finance,📈,financial-modeling,Financial Modeling,Build income stmt project
📊,business-finance,Business & Finance,📈,financial-modeling,Financial Modeling,Build balance sheet project
📊,business-finance,Business & Finance,📈,financial-modeling,Financial Modeling,Build cash flow project
📊,business-finance,Business & Finance,📈,financial-modeling,Financial Modeling,Build dcf model
📊,business-finance,Business & Finance,📈,financial-modeling,Financial Modeling,Build terminal value
📊,business-finance,Business & Finance,📈,financial-modeling,Financial Modeling,Build growth perpetuity
📊,business-finance,Business & Finance,📈,financial-modeling,Financial Modeling,Build exit multiple
📊,business-finance,Business & Finance,📈,financial-modeling,Financial Modeling,Build comps model
📊,business-finance,Business & Finance,📈,financial-modeling,Financial Modeling,Build lbo model
📊,business-finance,Business & Finance,📈,financial-modeling,Financial Modeling,Build merger model
📊,business-finance,Business & Finance,📈,financial-modeling,Financial Modeling,Build accretion dilution
📊,business-finance,Business & Finance,📈,financial-modeling,Financial Modeling,Build sensitivity analysis
📊,business-finance,Business & Finance,📈,financial-modeling,Financial Modeling,Build scenario manager
📊,business-finance,Business & Finance,📈,financial-modeling,Financial Modeling,Build data table model
📊,business-finance,Business & Finance,📈,financial-modeling,Financial Modeling,Build goal seek model
📊,business-finance,Business & Finance,📈,financial-modeling,Financial Modeling,Build circular reference
📊,business-finance,Business & Finance,📈,financial-modeling,Financial Modeling,Build model audit
📊,business-finance,Business & Finance,📈,financial-modeling,Financial Modeling,Build error check model
📊,business-finance,Business & Finance,📈,financial-modeling,Financial Modeling,Build model formatting
📊,business-finance,Business & Finance,📈,financial-modeling,Financial Modeling,Build financial model prep
📊,business-finance,Business & Finance,📈,financial-modeling,Financial Modeling,Build vba basics
📊,business-finance,Business & Finance,💳,personal-finance,Personal Finance,Manage credit score
📊,business-finance,Business & Finance,💳,personal-finance,Personal Finance,Manage credit report
📊,business-finance,Business & Finance,💳,personal-finance,Personal Finance,Manage credit card use
📊,business-finance,Business & Finance,💳,personal-finance,Personal Finance,Manage debt management
📊,business-finance,Business & Finance,💳,personal-finance,Personal Finance,Manage student loan
📊,business-finance,Business & Finance,💳,personal-finance,Personal Finance,Manage auto loan
📊,business-finance,Business & Finance,💳,personal-finance,Personal Finance,Manage mortgage basics
📊,business-finance,Business & Finance,💳,personal-finance,Personal Finance,Manage personal loan
📊,business-finance,Business & Finance,💳,personal-finance,Personal Finance,Manage debt snowball
📊,business-finance,Business & Finance,💳,personal-finance,Personal Finance,Manage debt avalanche
📊,business-finance,Business & Finance,💳,personal-finance,Personal Finance,Manage consolidation debt
📊,business-finance,Business & Finance,💳,personal-finance,Personal Finance,Manage savings account
📊,business-finance,Business & Finance,💳,personal-finance,Personal Finance,Manage high yield savings
📊,business-finance,Business & Finance,💳,personal-finance,Personal Finance,Manage CD certificate
📊,business-finance,Business & Finance,💳,personal-finance,Personal Finance,Manage money market
📊,business-finance,Business & Finance,💳,personal-finance,Personal Finance,Manage checking account
📊,business-finance,Business & Finance,💳,personal-finance,Personal Finance,Manage emergency fund pf
📊,business-finance,Business & Finance,💳,personal-finance,Personal Finance,Manage budgeting pf
📊,business-finance,Business & Finance,💳,personal-finance,Personal Finance,Manage net worth tracking
📊,business-finance,Business & Finance,💳,personal-finance,Personal Finance,Manage financial goal
📊,business-finance,Business & Finance,💳,personal-finance,Personal Finance,Manage spending audit
📊,business-finance,Business & Finance,💳,personal-finance,Personal Finance,Manage subscription audit
📊,business-finance,Business & Finance,💳,personal-finance,Personal Finance,Manage insurance pf
📊,business-finance,Business & Finance,💳,personal-finance,Personal Finance,Manage retirement pf
📊,business-finance,Business & Finance,💳,personal-finance,Personal Finance,Manage tax planning pf
📊,business-finance,Business & Finance,💳,personal-finance,Personal Finance,Manage estate pf
📊,business-finance,Business & Finance,💳,personal-finance,Personal Finance,Manage education fund
📊,business-finance,Business & Finance,💳,personal-finance,Personal Finance,Manage wedding fund
📊,business-finance,Business & Finance,💳,personal-finance,Personal Finance,Manage home buying pf
📊,business-finance,Business & Finance,💳,personal-finance,Personal Finance,Manage financial advisor
📊,business-finance,Business & Finance,🏢,business-law,Business Law,Study business structure
📊,business-finance,Business & Finance,🏢,business-law,Business Law,Study sole proprietorship
📊,business-finance,Business & Finance,🏢,business-law,Business Law,Study partnership types
📊,business-finance,Business & Finance,🏢,business-law,Business Law,Study LLC formation
📊,business-finance,Business & Finance,🏢,business-law,Business Law,Study corporation types
📊,business-finance,Business & Finance,🏢,business-law,Business Law,Study s corp election
📊,business-finance,Business & Finance,🏢,business-law,Business Law,Study c corp basics
📊,business-finance,Business & Finance,🏢,business-law,Business Law,Study nonprofit org
📊,business-finance,Business & Finance,🏢,business-law,Business Law,Study bylaws writing
📊,business-finance,Business & Finance,🏢,business-law,Business Law,Study operating agreement
📊,business-finance,Business & Finance,🏢,business-law,Business Law,Study partnership agree
📊,business-finance,Business & Finance,🏢,business-law,Business Law,Study corporate minutes
📊,business-finance,Business & Finance,🏢,business-law,Business Law,Study board resolution
📊,business-finance,Business & Finance,🏢,business-law,Business Law,Study securities law
📊,business-finance,Business & Finance,🏢,business-law,Business Law,Study sec compliance
📊,business-finance,Business & Finance,🏢,business-law,Business Law,Study intellectual property
📊,business-finance,Business & Finance,🏢,business-law,Business Law,Study trademark basics
📊,business-finance,Business & Finance,🏢,business-law,Business Law,Study copyright basics
📊,business-finance,Business & Finance,🏢,business-law,Business Law,Study patent basics
📊,business-finance,Business & Finance,🏢,business-law,Business Law,Study trade secret
📊,business-finance,Business & Finance,🏢,business-law,Business Law,Study employment law
📊,business-finance,Business & Finance,🏢,business-law,Business Law,Study independent contract
📊,business-finance,Business & Finance,🏢,business-law,Business Law,Study non compete
📊,business-finance,Business & Finance,🏢,business-law,Business Law,Study nda agreement
📊,business-finance,Business & Finance,🏢,business-law,Business Law,Study contract law basics
📊,business-finance,Business & Finance,🏢,business-law,Business Law,Study breach of contract
📊,business-finance,Business & Finance,🏢,business-law,Business Law,Study liability limits
📊,business-finance,Business & Finance,🏢,business-law,Business Law,Study indemnification techniques
📊,business-finance,Business & Finance,🏢,business-law,Business Law,Study dispute resolution
📊,business-finance,Business & Finance,🏢,business-law,Business Law,Study business attorney
📊,business-finance,Business & Finance,📈,strategic-management,Strategic Management,Plan swot analysis
📊,business-finance,Business & Finance,📈,strategic-management,Strategic Management,Plan pestle analysis
📊,business-finance,Business & Finance,📈,strategic-management,Strategic Management,Plan porter five forces
📊,business-finance,Business & Finance,📈,strategic-management,Strategic Management,Plan core competency
📊,business-finance,Business & Finance,📈,strategic-management,Strategic Management,Plan value chain analysis
📊,business-finance,Business & Finance,📈,strategic-management,Strategic Management,Plan bcg matrix
📊,business-finance,Business & Finance,📈,strategic-management,Strategic Management,Plan ansoff matrix
📊,business-finance,Business & Finance,📈,strategic-management,Strategic Management,Plan growth strategy
📊,business-finance,Business & Finance,📈,strategic-management,Strategic Management,Plan market penetration
📊,business-finance,Business & Finance,📈,strategic-management,Strategic Management,Plan product development
📊,business-finance,Business & Finance,📈,strategic-management,Strategic Management,Plan market development
📊,business-finance,Business & Finance,📈,strategic-management,Strategic Management,Plan diversification strategy
📊,business-finance,Business & Finance,📈,strategic-management,Strategic Management,Plan vertical integration
📊,business-finance,Business & Finance,📈,strategic-management,Strategic Management,Plan horizontal integration
📊,business-finance,Business & Finance,📈,strategic-management,Strategic Management,Plan outsourcing decision
📊,business-finance,Business & Finance,📈,strategic-management,Strategic Management,Plan make vs buy
📊,business-finance,Business & Finance,📈,strategic-management,Strategic Management,Plan strategic alliance
📊,business-finance,Business & Finance,📈,strategic-management,Strategic Management,Plan joint venture
📊,business-finance,Business & Finance,📈,strategic-management,Strategic Management,Plan merger strategy
📊,business-finance,Business & Finance,📈,strategic-management,Strategic Management,Plan acquisition strategy
📊,business-finance,Business & Finance,📈,strategic-management,Strategic Management,Plan turnaround strategy
📊,business-finance,Business & Finance,📈,strategic-management,Strategic Management,Plan retrenchment techniques
📊,business-finance,Business & Finance,📈,strategic-management,Strategic Management,Plan cost leadership
📊,business-finance,Business & Finance,📈,strategic-management,Strategic Management,Plan differentiation techniques
📊,business-finance,Business & Finance,📈,strategic-management,Strategic Management,Plan focus strategy
📊,business-finance,Business & Finance,📈,strategic-management,Strategic Management,Plan blue ocean strategy
📊,business-finance,Business & Finance,📈,strategic-management,Strategic Management,Plan red ocean strategy
📊,business-finance,Business & Finance,📈,strategic-management,Strategic Management,Plan scenario planning
📊,business-finance,Business & Finance,📈,strategic-management,Strategic Management,Plan strategic foresight
📊,business-finance,Business & Finance,📈,strategic-management,Strategic Management,Plan balanced scorecard
🍳,cooking,Cooking,🔪,knife-skills,Knife Skills,Practice basic knife cuts
🍳,cooking,Cooking,🔪,knife-skills,Knife Skills,Master julienne techniques
🍳,cooking,Cooking,🔪,knife-skills,Knife Skills,Master dice techniques
🍳,cooking,Cooking,🔪,knife-skills,Knife Skills,Master chiffonade techniques
🍳,cooking,Cooking,🔪,knife-skills,Knife Skills,Master batonnet techniques
🍳,cooking,Cooking,🔪,knife-skills,Knife Skills,Master brunoise techniques
🍳,cooking,Cooking,🔪,knife-skills,Knife Skills,Master mincing techniques
🍳,cooking,Cooking,🔪,knife-skills,Knife Skills,Master slicing techniques
🍳,cooking,Cooking,🔪,knife-skills,Knife Skills,Master chopping techniques
🍳,cooking,Cooking,🔪,knife-skills,Knife Skills,Master paring techniques
🍳,cooking,Cooking,🔪,knife-skills,Knife Skills,Master deboning techniques
🍳,cooking,Cooking,🔪,knife-skills,Knife Skills,Master filleting techniques
🍳,cooking,Cooking,🔪,knife-skills,Knife Skills,Master cleaning techniques
🍳,cooking,Cooking,🔪,knife-skills,Knife Skills,Score food surfaces
🍳,cooking,Cooking,🔪,knife-skills,Knife Skills,Master tourné techniques
🍳,cooking,Cooking,🔪,knife-skills,Knife Skills,Master roll cut
🍳,cooking,Cooking,🔪,knife-skills,Knife Skills,Master chop techniques
🍳,cooking,Cooking,🔪,knife-skills,Knife Skills,Master slice techniques
🍳,cooking,Cooking,🔪,knife-skills,Knife Skills,Master dice techniques
🍳,cooking,Cooking,🔪,knife-skills,Knife Skills,Master mince techniques
🍳,cooking,Cooking,🔪,knife-skills,Knife Skills,Master jacquard techniques
🍳,cooking,Cooking,🔪,knife-skills,Knife Skills,Master french cut
🍳,cooking,Cooking,🔪,knife-skills,Knife Skills,Master butterfly techniques
🍳,cooking,Cooking,🔪,knife-skills,Knife Skills,Master spatchcock techniques
🍳,cooking,Cooking,🔪,knife-skills,Knife Skills,Master trussing techniques
🍳,cooking,Cooking,🔪,knife-skills,Knife Skills,Master frenched rack
🍳,cooking,Cooking,🔪,knife-skills,Knife Skills,Master portioning techniques
🍳,cooking,Cooking,🔪,knife-skills,Knife Skills,Master shaving techniques
🍳,cooking,Cooking,🔪,knife-skills,Knife Skills,Zest citrus fruits
🍳,cooking,Cooking,🔪,knife-skills,Knife Skills,Supreme citrus segments
🍳,cooking,Cooking,🥘,sauce-making,Sauce Making,Make béchamel techniques
🍳,cooking,Cooking,🥘,sauce-making,Sauce Making,Make velouté techniques
🍳,cooking,Cooking,🥘,sauce-making,Sauce Making,Make espagnole techniques
🍳,cooking,Cooking,🥘,sauce-making,Sauce Making,Make tomato sauce
🍳,cooking,Cooking,🥘,sauce-making,Sauce Making,Make hollandaise techniques
🍳,cooking,Cooking,🥘,sauce-making,Sauce Making,Make mayonnaise techniques
🍳,cooking,Cooking,🥘,sauce-making,Sauce Making,Make vinaigrette techniques
🍳,cooking,Cooking,🥘,sauce-making,Sauce Making,Make pesto techniques
🍳,cooking,Cooking,🥘,sauce-making,Sauce Making,Make chimichurri techniques
🍳,cooking,Cooking,🥘,sauce-making,Sauce Making,Make romesco techniques
🍳,cooking,Cooking,🥘,sauce-making,Sauce Making,Make béarnaise techniques
🍳,cooking,Cooking,🥘,sauce-making,Sauce Making,Make mornay techniques
🍳,cooking,Cooking,🥘,sauce-making,Sauce Making,Make alfredo techniques
🍳,cooking,Cooking,🥘,sauce-making,Sauce Making,Make marinara techniques
🍳,cooking,Cooking,🥘,sauce-making,Sauce Making,Make bolognese techniques
🍳,cooking,Cooking,🥘,sauce-making,Sauce Making,Make carbonara techniques
🍳,cooking,Cooking,🥘,sauce-making,Sauce Making,Make reduction sauce
🍳,cooking,Cooking,🥘,sauce-making,Sauce Making,Make pan sauce
🍳,cooking,Cooking,🥘,sauce-making,Sauce Making,Make demi-glace techniques
🍳,cooking,Cooking,🥘,sauce-making,Sauce Making,Make bordelaise techniques
🍳,cooking,Cooking,🥘,sauce-making,Sauce Making,Make mushroom sauce
🍳,cooking,Cooking,🥘,sauce-making,Sauce Making,Make cheese sauce
🍳,cooking,Cooking,🥘,sauce-making,Sauce Making,Make cream sauce
🍳,cooking,Cooking,🥘,sauce-making,Sauce Making,Make butter sauce
🍳,cooking,Cooking,🥘,sauce-making,Sauce Making,Make emulsion techniques
🍳,cooking,Cooking,🥘,sauce-making,Sauce Making,Make infusion techniques
🍳,cooking,Cooking,🥘,sauce-making,Sauce Making,Make deglazing techniques
🍳,cooking,Cooking,🥘,sauce-making,Sauce Making,Make mounting butter
🍳,cooking,Cooking,🥘,sauce-making,Sauce Making,Make roux techniques
🍳,cooking,Cooking,🥘,sauce-making,Sauce Making,Make slurry techniques
🍳,cooking,Cooking,🥖,baking-bread,Baking Bread,Bake sourdough starter
🍳,cooking,Cooking,🥖,baking-bread,Baking Bread,Bake kneading techniques
🍳,cooking,Cooking,🥖,baking-bread,Baking Bread,Bake proofing techniques
🍳,cooking,Cooking,🥖,baking-bread,Baking Bread,Score food surfaces
🍳,cooking,Cooking,🥖,baking-bread,Baking Bread,Bake boule techniques
🍳,cooking,Cooking,🥖,baking-bread,Baking Bread,Bake baguette techniques
🍳,cooking,Cooking,🥖,baking-bread,Baking Bread,Bake ciabatta techniques
🍳,cooking,Cooking,🥖,baking-bread,Baking Bread,Bake focaccia techniques
🍳,cooking,Cooking,🥖,baking-bread,Baking Bread,Bake brioche techniques
🍳,cooking,Cooking,🥖,baking-bread,Baking Bread,Bake rye bread
🍳,cooking,Cooking,🥖,baking-bread,Baking Bread,Bake whole wheat
🍳,cooking,Cooking,🥖,baking-bread,Baking Bread,Bake multigrain techniques
🍳,cooking,Cooking,🥖,baking-bread,Baking Bread,Bake no-knead bread
🍳,cooking,Cooking,🥖,baking-bread,Baking Bread,Bake steam baking
🍳,cooking,Cooking,🥖,baking-bread,Baking Bread,Bake dutch oven
🍳,cooking,Cooking,🥖,baking-bread,Baking Bread,Bake poolish techniques
🍳,cooking,Cooking,🥖,baking-bread,Baking Bread,Bake bigga techniques
🍳,cooking,Cooking,🥖,baking-bread,Baking Bread,Bake levain techniques
🍳,cooking,Cooking,🥖,baking-bread,Baking Bread,Bake stretch and fold
🍳,cooking,Cooking,🥖,baking-bread,Baking Bread,Bake windowpane test
🍳,cooking,Cooking,🥖,baking-bread,Baking Bread,Bake crumb structure
🍳,cooking,Cooking,🥖,baking-bread,Baking Bread,Bake crust formation
🍳,cooking,Cooking,🥖,baking-bread,Baking Bread,Bake enriched dough
🍳,cooking,Cooking,🥖,baking-bread,Baking Bread,Bake laminated dough
🍳,cooking,Cooking,🥖,baking-bread,Baking Bread,Bake pita bread
🍳,cooking,Cooking,🥖,baking-bread,Baking Bread,Bake naan techniques
🍳,cooking,Cooking,🥖,baking-bread,Baking Bread,Bake flatbread techniques
🍳,cooking,Cooking,🥖,baking-bread,Baking Bread,Bake focaccia techniques
🍳,cooking,Cooking,🥖,baking-bread,Baking Bread,Bake bialy techniques
🍳,cooking,Cooking,🥖,baking-bread,Baking Bread,Bake bagel techniques
🍳,cooking,Cooking,🍰,pastry-desserts,Pastry & Desserts,Make pâte brisée
🍳,cooking,Cooking,🍰,pastry-desserts,Pastry & Desserts,Make pâte sucrée
🍳,cooking,Cooking,🍰,pastry-desserts,Pastry & Desserts,Make pâte feuilletée
🍳,cooking,Cooking,🍰,pastry-desserts,Pastry & Desserts,Make choux paste
🍳,cooking,Cooking,🍰,pastry-desserts,Pastry & Desserts,Make crème pâtissière
🍳,cooking,Cooking,🍰,pastry-desserts,Pastry & Desserts,Make crème chantilly
🍳,cooking,Cooking,🍰,pastry-desserts,Pastry & Desserts,Make ganache techniques
🍳,cooking,Cooking,🍰,pastry-desserts,Pastry & Desserts,Make custard techniques
🍳,cooking,Cooking,🍰,pastry-desserts,Pastry & Desserts,Make mousse techniques
🍳,cooking,Cooking,🍰,pastry-desserts,Pastry & Desserts,Make soufflé techniques
🍳,cooking,Cooking,🍰,pastry-desserts,Pastry & Desserts,Make meringue techniques
🍳,cooking,Cooking,🍰,pastry-desserts,Pastry & Desserts,Make macaron techniques
🍳,cooking,Cooking,🍰,pastry-desserts,Pastry & Desserts,Make éclair techniques
🍳,cooking,Cooking,🍰,pastry-desserts,Pastry & Desserts,Make croissant techniques
🍳,cooking,Cooking,🍰,pastry-desserts,Pastry & Desserts,Make danish pastry
🍳,cooking,Cooking,🍰,pastry-desserts,Pastry & Desserts,Make shortcrust techniques
🍳,cooking,Cooking,🍰,pastry-desserts,Pastry & Desserts,Make flaky pastry
🍳,cooking,Cooking,🍰,pastry-desserts,Pastry & Desserts,Make phyllo dough
🍳,cooking,Cooking,🍰,pastry-desserts,Pastry & Desserts,Make tart shell
🍳,cooking,Cooking,🍰,pastry-desserts,Pastry & Desserts,Make pie crust
🍳,cooking,Cooking,🍰,pastry-desserts,Pastry & Desserts,Make blind baking
🍳,cooking,Cooking,🍰,pastry-desserts,Pastry & Desserts,Make docking techniques
🍳,cooking,Cooking,🍰,pastry-desserts,Pastry & Desserts,Make laminating techniques
🍳,cooking,Cooking,🍰,pastry-desserts,Pastry & Desserts,Make ramekin techniques
🍳,cooking,Cooking,🍰,pastry-desserts,Pastry & Desserts,Make bain marie
🍳,cooking,Cooking,🍰,pastry-desserts,Pastry & Desserts,Make tempering chocolate
🍳,cooking,Cooking,🍰,pastry-desserts,Pastry & Desserts,Make caramel techniques
🍳,cooking,Cooking,🍰,pastry-desserts,Pastry & Desserts,Make crème brûlée
🍳,cooking,Cooking,🍰,pastry-desserts,Pastry & Desserts,Make panna cotta
🍳,cooking,Cooking,🍰,pastry-desserts,Pastry & Desserts,Make tiramisu techniques
🍳,cooking,Cooking,🥗,salad-dressings,Salad & Dressings,Make vinaigrette techniques
🍳,cooking,Cooking,🥗,salad-dressings,Salad & Dressings,Make emulsification techniques
🍳,cooking,Cooking,🥗,salad-dressings,Salad & Dressings,Make oil selection
🍳,cooking,Cooking,🥗,salad-dressings,Salad & Dressings,Make vinegar types
🍳,cooking,Cooking,🥗,salad-dressings,Salad & Dressings,Make fresh herbs
🍳,cooking,Cooking,🥗,salad-dressings,Salad & Dressings,Make citrus dressing
🍳,cooking,Cooking,🥗,salad-dressings,Salad & Dressings,Make creamy dressing
🍳,cooking,Cooking,🥗,salad-dressings,Salad & Dressings,Make yogurt dressing
🍳,cooking,Cooking,🥗,salad-dressings,Salad & Dressings,Make honey mustard
🍳,cooking,Cooking,🥗,salad-dressings,Salad & Dressings,Make caesar dressing
🍳,cooking,Cooking,🥗,salad-dressings,Salad & Dressings,Make ranch techniques
🍳,cooking,Cooking,🥗,salad-dressings,Salad & Dressings,Make green goddess
🍳,cooking,Cooking,🥗,salad-dressings,Salad & Dressings,Make tahini dressing
🍳,cooking,Cooking,🥗,salad-dressings,Salad & Dressings,Make miso dressing
🍳,cooking,Cooking,🥗,salad-dressings,Salad & Dressings,Make ginger dressing
🍳,cooking,Cooking,🥗,salad-dressings,Salad & Dressings,Make layered salad
🍳,cooking,Cooking,🥗,salad-dressings,Salad & Dressings,Make composed salad
🍳,cooking,Cooking,🥗,salad-dressings,Salad & Dressings,Make wilted greens
🍳,cooking,Cooking,🥗,salad-dressings,Salad & Dressings,Make massaged kale
🍳,cooking,Cooking,🥗,salad-dressings,Salad & Dressings,Make shaved vegetables
🍳,cooking,Cooking,🥗,salad-dressings,Salad & Dressings,Make pickled elements
🍳,cooking,Cooking,🥗,salad-dressings,Salad & Dressings,Make toasted nuts
🍳,cooking,Cooking,🥗,salad-dressings,Salad & Dressings,Make edible flowers
🍳,cooking,Cooking,🥗,salad-dressings,Salad & Dressings,Make herb salad
🍳,cooking,Cooking,🥗,salad-dressings,Salad & Dressings,Make croutons techniques
🍳,cooking,Cooking,🥗,salad-dressings,Salad & Dressings,Make cheese pairing
🍳,cooking,Cooking,🥗,salad-dressings,Salad & Dressings,Make fruit element
🍳,cooking,Cooking,🥗,salad-dressings,Salad & Dressings,Make grain salad
🍳,cooking,Cooking,🥗,salad-dressings,Salad & Dressings,Make protein addition
🍳,cooking,Cooking,🥗,salad-dressings,Salad & Dressings,Make dressing ratio
🍳,cooking,Cooking,🥩,grilling-bbq,Grilling & BBQ,Grill direct heat
🍳,cooking,Cooking,🥩,grilling-bbq,Grilling & BBQ,Grill indirect heat
🍳,cooking,Cooking,🥩,grilling-bbq,Grilling & BBQ,Grill charcoal setup
🍳,cooking,Cooking,🥩,grilling-bbq,Grilling & BBQ,Grill gas grilling
🍳,cooking,Cooking,🥩,grilling-bbq,Grilling & BBQ,Grill smoking techniques
🍳,cooking,Cooking,🥩,grilling-bbq,Grilling & BBQ,Grill searing techniques
🍳,cooking,Cooking,🥩,grilling-bbq,Grilling & BBQ,Grill reverse sear
🍳,cooking,Cooking,🥩,grilling-bbq,Grilling & BBQ,Grill grill marks
🍳,cooking,Cooking,🥩,grilling-bbq,Grilling & BBQ,Grill temperature zones
🍳,cooking,Cooking,🥩,grilling-bbq,Grilling & BBQ,Grill lid management
🍳,cooking,Cooking,🥩,grilling-bbq,Grilling & BBQ,Grill wood chips
🍳,cooking,Cooking,🥩,grilling-bbq,Grilling & BBQ,Grill rub application
🍳,cooking,Cooking,🥩,grilling-bbq,Grilling & BBQ,Grill brine techniques
🍳,cooking,Cooking,🥩,grilling-bbq,Grilling & BBQ,Grill marinade techniques
🍳,cooking,Cooking,🥩,grilling-bbq,Grilling & BBQ,Grill dry aging
🍳,cooking,Cooking,🥩,grilling-bbq,Grilling & BBQ,Grill wet aging
🍳,cooking,Cooking,🥩,grilling-bbq,Grilling & BBQ,Grill steak doneness
🍳,cooking,Cooking,🥩,grilling-bbq,Grilling & BBQ,Grill brisket techniques
🍳,cooking,Cooking,🥩,grilling-bbq,Grilling & BBQ,Grill pulled pork
🍳,cooking,Cooking,🥩,grilling-bbq,Grilling & BBQ,Grill ribs techniques
🍳,cooking,Cooking,🥩,grilling-bbq,Grilling & BBQ,Grill chicken techniques
🍳,cooking,Cooking,🥩,grilling-bbq,Grilling & BBQ,Grill fish grilling
🍳,cooking,Cooking,🥩,grilling-bbq,Grilling & BBQ,Grill vegetable grilling
🍳,cooking,Cooking,🥩,grilling-bbq,Grilling & BBQ,Grill kebab techniques
🍳,cooking,Cooking,🥩,grilling-bbq,Grilling & BBQ,Grill plank grilling
🍳,cooking,Cooking,🥩,grilling-bbq,Grilling & BBQ,Grill rotisserie techniques
🍳,cooking,Cooking,🥩,grilling-bbq,Grilling & BBQ,Grill spatchcock techniques
🍳,cooking,Cooking,🥩,grilling-bbq,Grilling & BBQ,Grill beer can chicken
🍳,cooking,Cooking,🥩,grilling-bbq,Grilling & BBQ,Grill grilled pizza
🍳,cooking,Cooking,🥩,grilling-bbq,Grilling & BBQ,Grill cast iron griddle
🍳,cooking,Cooking,🐟,seafood-preparation,Seafood Preparation,Prepare fish filleting
🍳,cooking,Cooking,🐟,seafood-preparation,Seafood Preparation,Prepare scaling techniques
🍳,cooking,Cooking,🐟,seafood-preparation,Seafood Preparation,Prepare deboning techniques
🍳,cooking,Cooking,🐟,seafood-preparation,Seafood Preparation,Prepare shucking oysters
🍳,cooking,Cooking,🐟,seafood-preparation,Seafood Preparation,Prepare cleaning shrimp
🍳,cooking,Cooking,🐟,seafood-preparation,Seafood Preparation,Prepare butterflying shrimp
🍳,cooking,Cooking,🐟,seafood-preparation,Seafood Preparation,Prepare lobster preparation
🍳,cooking,Cooking,🐟,seafood-preparation,Seafood Preparation,Prepare crab cleaning
🍳,cooking,Cooking,🐟,seafood-preparation,Seafood Preparation,Prepare mussels cleaning
🍳,cooking,Cooking,🐟,seafood-preparation,Seafood Preparation,Prepare squid tenderizing
🍳,cooking,Cooking,🐟,seafood-preparation,Seafood Preparation,Prepare sashimi grade
🍳,cooking,Cooking,🐟,seafood-preparation,Seafood Preparation,Prepare ceviche techniques
🍳,cooking,Cooking,🐟,seafood-preparation,Seafood Preparation,Prepare poaching fish
🍳,cooking,Cooking,🐟,seafood-preparation,Seafood Preparation,Prepare pan searing
🍳,cooking,Cooking,🐟,seafood-preparation,Seafood Preparation,Prepare deep frying
🍳,cooking,Cooking,🐟,seafood-preparation,Seafood Preparation,Prepare steaming techniques
🍳,cooking,Cooking,🐟,seafood-preparation,Seafood Preparation,Prepare fish curing
🍳,cooking,Cooking,🐟,seafood-preparation,Seafood Preparation,Prepare gravlax techniques
🍳,cooking,Cooking,🐟,seafood-preparation,Seafood Preparation,Prepare smoked fish
🍳,cooking,Cooking,🐟,seafood-preparation,Seafood Preparation,Prepare fish stock
🍳,cooking,Cooking,🐟,seafood-preparation,Seafood Preparation,Prepare shellfish stock
🍳,cooking,Cooking,🐟,seafood-preparation,Seafood Preparation,Prepare court bouillon
🍳,cooking,Cooking,🐟,seafood-preparation,Seafood Preparation,Prepare fish sauce
🍳,cooking,Cooking,🐟,seafood-preparation,Seafood Preparation,Prepare anchovy paste
🍳,cooking,Cooking,🐟,seafood-preparation,Seafood Preparation,Prepare salt crust
🍳,cooking,Cooking,🐟,seafood-preparation,Seafood Preparation,Prepare en papillote
🍳,cooking,Cooking,🐟,seafood-preparation,Seafood Preparation,Prepare fish taco
🍳,cooking,Cooking,🐟,seafood-preparation,Seafood Preparation,Prepare crudo techniques
🍳,cooking,Cooking,🐟,seafood-preparation,Seafood Preparation,Prepare tartare techniques
🍳,cooking,Cooking,🐟,seafood-preparation,Seafood Preparation,Prepare seafood platter
🍳,cooking,Cooking,🥘,braising-stewing,Braising & Stewing,Practice browning meat
🍳,cooking,Cooking,🥘,braising-stewing,Braising & Stewing,Practice mirepoix techniques
🍳,cooking,Cooking,🥘,braising-stewing,Braising & Stewing,Practice soffritto techniques
🍳,cooking,Cooking,🥘,braising-stewing,Braising & Stewing,Practice stock addition
🍳,cooking,Cooking,🥘,braising-stewing,Braising & Stewing,Practice lid control
🍳,cooking,Cooking,🥘,braising-stewing,Braising & Stewing,Practice low temperature
🍳,cooking,Cooking,🥘,braising-stewing,Braising & Stewing,Practice long cooking
🍳,cooking,Cooking,🥘,braising-stewing,Braising & Stewing,Practice liquid level
🍳,cooking,Cooking,🥘,braising-stewing,Braising & Stewing,Practice thickening techniques
🍳,cooking,Cooking,🥘,braising-stewing,Braising & Stewing,Practice reduction techniques
🍳,cooking,Cooking,🥘,braising-stewing,Braising & Stewing,Practice coq au vin
🍳,cooking,Cooking,🥘,braising-stewing,Braising & Stewing,Practice beef bourguignon
🍳,cooking,Cooking,🥘,braising-stewing,Braising & Stewing,Practice osso buco
🍳,cooking,Cooking,🥘,braising-stewing,Braising & Stewing,Practice pot roast
🍳,cooking,Cooking,🥘,braising-stewing,Braising & Stewing,Practice short ribs
🍳,cooking,Cooking,🥘,braising-stewing,Braising & Stewing,Practice lamb shank
🍳,cooking,Cooking,🥘,braising-stewing,Braising & Stewing,Practice chicken cacciatore
🍳,cooking,Cooking,🥘,braising-stewing,Braising & Stewing,Practice fish stew
🍳,cooking,Cooking,🥘,braising-stewing,Braising & Stewing,Practice bouillabaisse techniques
🍳,cooking,Cooking,🥘,braising-stewing,Braising & Stewing,Practice chowder techniques
🍳,cooking,Cooking,🥘,braising-stewing,Braising & Stewing,Practice goulash techniques
🍳,cooking,Cooking,🥘,braising-stewing,Braising & Stewing,Practice irish stew
🍳,cooking,Cooking,🥘,braising-stewing,Braising & Stewing,Practice cassoulet techniques
🍳,cooking,Cooking,🥘,braising-stewing,Braising & Stewing,Practice ragù techniques
🍳,cooking,Cooking,🥘,braising-stewing,Braising & Stewing,Practice dhal techniques
🍳,cooking,Cooking,🥘,braising-stewing,Braising & Stewing,Practice curry base
🍳,cooking,Cooking,🥘,braising-stewing,Braising & Stewing,Practice braised greens
🍳,cooking,Cooking,🥘,braising-stewing,Braising & Stewing,Practice root vegetable braise
🍳,cooking,Cooking,🥘,braising-stewing,Braising & Stewing,Practice pressure braising
🍳,cooking,Cooking,🥘,braising-stewing,Braising & Stewing,Practice slow cooker
🍳,cooking,Cooking,🍜,stir-frying,Stir-Frying,Stir-fry wok hei
🍳,cooking,Cooking,🍜,stir-frying,Stir-Frying,Stir-fry oil selection
🍳,cooking,Cooking,🍜,stir-frying,Stir-Frying,Stir-fry high heat
🍳,cooking,Cooking,🍜,stir-frying,Stir-Frying,Stir-fry aromatics first
🍳,cooking,Cooking,🍜,stir-frying,Stir-Frying,Stir-fry protein cooking
🍳,cooking,Cooking,🍜,stir-frying,Stir-Frying,Stir-fry vegetable order
🍳,cooking,Cooking,🍜,stir-frying,Stir-Frying,Stir-fry sauce mixing
🍳,cooking,Cooking,🍜,stir-frying,Stir-Frying,Stir-fry cornstarch slurry
🍳,cooking,Cooking,🍜,stir-frying,Stir-Frying,Stir-fry velveting techniques
🍳,cooking,Cooking,🍜,stir-frying,Stir-Frying,Stir-fry marination techniques
🍳,cooking,Cooking,🍜,stir-frying,Stir-Frying,Stir-fry kung pao
🍳,cooking,Cooking,🍜,stir-frying,Stir-Frying,Stir-fry mapo tofu
🍳,cooking,Cooking,🍜,stir-frying,Stir-Frying,Stir-fry fried rice
🍳,cooking,Cooking,🍜,stir-frying,Stir-Frying,Stir-fry lo mein
🍳,cooking,Cooking,🍜,stir-frying,Stir-Frying,Stir-fry chow mein
🍳,cooking,Cooking,🍜,stir-frying,Stir-Frying,Stir-fry pad thai
🍳,cooking,Cooking,🍜,stir-frying,Stir-Frying,Stir-fry drunken noodles
🍳,cooking,Cooking,🍜,stir-frying,Stir-Frying,Stir-fry thai basil
🍳,cooking,Cooking,🍜,stir-frying,Stir-Frying,Stir-fry cashew chicken
🍳,cooking,Cooking,🍜,stir-frying,Stir-Frying,Stir-fry mongolian beef
🍳,cooking,Cooking,🍜,stir-frying,Stir-Frying,Stir-fry szechuan stir fry
🍳,cooking,Cooking,🍜,stir-frying,Stir-Frying,Stir-fry garlic sauce
🍳,cooking,Cooking,🍜,stir-frying,Stir-Frying,Stir-fry black bean sauce
🍳,cooking,Cooking,🍜,stir-frying,Stir-Frying,Stir-fry oyster sauce
🍳,cooking,Cooking,🍜,stir-frying,Stir-Frying,Stir-fry soy sauce base
🍳,cooking,Cooking,🍜,stir-frying,Stir-Frying,Stir-fry ginger garlic
🍳,cooking,Cooking,🍜,stir-frying,Stir-Frying,Stir-fry chili oil
🍳,cooking,Cooking,🍜,stir-frying,Stir-Frying,Stir-fry sesame oil
🍳,cooking,Cooking,🍜,stir-frying,Stir-Frying,Stir-fry garnish techniques
🍳,cooking,Cooking,🍜,stir-frying,Stir-Frying,Stir-fry quick cooking
🍳,cooking,Cooking,🥟,dumplings-pastries,Dumplings & Pastries,Make dough preparation
🍳,cooking,Cooking,🥟,dumplings-pastries,Dumplings & Pastries,Make filling mix
🍳,cooking,Cooking,🥟,dumplings-pastries,Dumplings & Pastries,Make wrapper folding
🍳,cooking,Cooking,🥟,dumplings-pastries,Dumplings & Pastries,Make pleating techniques
🍳,cooking,Cooking,🥟,dumplings-pastries,Dumplings & Pastries,Make pot sticker
🍳,cooking,Cooking,🥟,dumplings-pastries,Dumplings & Pastries,Make steamed dumpling
🍳,cooking,Cooking,🥟,dumplings-pastries,Dumplings & Pastries,Make fried dumpling
🍳,cooking,Cooking,🥟,dumplings-pastries,Dumplings & Pastries,Make boiled dumpling
🍳,cooking,Cooking,🥟,dumplings-pastries,Dumplings & Pastries,Make gyoza techniques
🍳,cooking,Cooking,🥟,dumplings-pastries,Dumplings & Pastries,Make wonton techniques
🍳,cooking,Cooking,🥟,dumplings-pastries,Dumplings & Pastries,Make spring roll
🍳,cooking,Cooking,🥟,dumplings-pastries,Dumplings & Pastries,Make egg roll
🍳,cooking,Cooking,🥟,dumplings-pastries,Dumplings & Pastries,Make pierogi techniques
🍳,cooking,Cooking,🥟,dumplings-pastries,Dumplings & Pastries,Make empanada techniques
🍳,cooking,Cooking,🥟,dumplings-pastries,Dumplings & Pastries,Make samosa techniques
🍳,cooking,Cooking,🥟,dumplings-pastries,Dumplings & Pastries,Make mandu techniques
🍳,cooking,Cooking,🥟,dumplings-pastries,Dumplings & Pastries,Make bao bun
🍳,cooking,Cooking,🥟,dumplings-pastries,Dumplings & Pastries,Make xiao long bao
🍳,cooking,Cooking,🥟,dumplings-pastries,Dumplings & Pastries,Make har gow
🍳,cooking,Cooking,🥟,dumplings-pastries,Dumplings & Pastries,Make siu mai
🍳,cooking,Cooking,🥟,dumplings-pastries,Dumplings & Pastries,Make shumai techniques
🍳,cooking,Cooking,🥟,dumplings-pastries,Dumplings & Pastries,Make jiaozi techniques
🍳,cooking,Cooking,🥟,dumplings-pastries,Dumplings & Pastries,Make dipping sauce
🍳,cooking,Cooking,🥟,dumplings-pastries,Dumplings & Pastries,Make dough sealing
🍳,cooking,Cooking,🥟,dumplings-pastries,Dumplings & Pastries,Make crimping techniques
🍳,cooking,Cooking,🥟,dumplings-pastries,Dumplings & Pastries,Make freezing method
🍳,cooking,Cooking,🥟,dumplings-pastries,Dumplings & Pastries,Make batch cooking
🍳,cooking,Cooking,🥟,dumplings-pastries,Dumplings & Pastries,Make reheating techniques
🍳,cooking,Cooking,🥟,dumplings-pastries,Dumplings & Pastries,Make dumpling platter
🍳,cooking,Cooking,🥟,dumplings-pastries,Dumplings & Pastries,Make serving sauce
🍳,cooking,Cooking,🍝,pasta-making,Pasta Making,Make flour and eggs
🍳,cooking,Cooking,🍝,pasta-making,Pasta Making,Make kneading techniques
🍳,cooking,Cooking,🍝,pasta-making,Pasta Making,Make resting techniques
🍳,cooking,Cooking,🍝,pasta-making,Pasta Making,Make rolling techniques
🍳,cooking,Cooking,🍝,pasta-making,Pasta Making,Make cutting by hand
🍳,cooking,Cooking,🍝,pasta-making,Pasta Making,Make pasta machine
🍳,cooking,Cooking,🍝,pasta-making,Pasta Making,Make fettuccine techniques
🍳,cooking,Cooking,🍝,pasta-making,Pasta Making,Make pappardelle techniques
🍳,cooking,Cooking,🍝,pasta-making,Pasta Making,Make tagliatelle techniques
🍳,cooking,Cooking,🍝,pasta-making,Pasta Making,Make ravioli techniques
🍳,cooking,Cooking,🍝,pasta-making,Pasta Making,Make tortellini techniques
🍳,cooking,Cooking,🍝,pasta-making,Pasta Making,Make agnolotti techniques
🍳,cooking,Cooking,🍝,pasta-making,Pasta Making,Make gnocchi techniques
🍳,cooking,Cooking,🍝,pasta-making,Pasta Making,Make orecchiette techniques
🍳,cooking,Cooking,🍝,pasta-making,Pasta Making,Make campanelle techniques
🍳,cooking,Cooking,🍝,pasta-making,Pasta Making,Make strozzapreti techniques
🍳,cooking,Cooking,🍝,pasta-making,Pasta Making,Make cavatelli techniques
🍳,cooking,Cooking,🍝,pasta-making,Pasta Making,Make maultaschen techniques
🍳,cooking,Cooking,🍝,pasta-making,Pasta Making,Make filled pasta
🍳,cooking,Cooking,🍝,pasta-making,Pasta Making,Make sealing techniques
🍳,cooking,Cooking,🍝,pasta-making,Pasta Making,Make crimping techniques
🍳,cooking,Cooking,🍝,pasta-making,Pasta Making,Make drying pasta
🍳,cooking,Cooking,🍝,pasta-making,Pasta Making,Make cooking al dente
🍳,cooking,Cooking,🍝,pasta-making,Pasta Making,Make sauce pairing
🍳,cooking,Cooking,🍝,pasta-making,Pasta Making,Make pasta water
🍳,cooking,Cooking,🍝,pasta-making,Pasta Making,Make reserved water
🍳,cooking,Cooking,🍝,pasta-making,Pasta Making,Make pasta salad
🍳,cooking,Cooking,🍝,pasta-making,Pasta Making,Make baked pasta
🍳,cooking,Cooking,🍝,pasta-making,Pasta Making,Make stuffed shells
🍳,cooking,Cooking,🍝,pasta-making,Pasta Making,Make lasagna sheets
🍳,cooking,Cooking,🍕,pizza-making,Pizza Making,Make dough hydration
🍳,cooking,Cooking,🍕,pizza-making,Pizza Making,Make autolyse techniques
🍳,cooking,Cooking,🍕,pizza-making,Pizza Making,Make cold fermentation
🍳,cooking,Cooking,🍕,pizza-making,Pizza Making,Make stretch techniques
🍳,cooking,Cooking,🍕,pizza-making,Pizza Making,Make toss techniques
🍳,cooking,Cooking,🍕,pizza-making,Pizza Making,Make sauce spread
🍳,cooking,Cooking,🍕,pizza-making,Pizza Making,Make cheese distribution
🍳,cooking,Cooking,🍕,pizza-making,Pizza Making,Make topping balance
🍳,cooking,Cooking,🍕,pizza-making,Pizza Making,Make peel technique
🍳,cooking,Cooking,🍕,pizza-making,Pizza Making,Make stone preheat
🍳,cooking,Cooking,🍕,pizza-making,Pizza Making,Make oven spring
🍳,cooking,Cooking,🍕,pizza-making,Pizza Making,Make neapolitan techniques
🍳,cooking,Cooking,🍕,pizza-making,Pizza Making,Make new york style
🍳,cooking,Cooking,🍕,pizza-making,Pizza Making,Make chicago deep dish
🍳,cooking,Cooking,🍕,pizza-making,Pizza Making,Make sicilian techniques
🍳,cooking,Cooking,🍕,pizza-making,Pizza Making,Make detroit style
🍳,cooking,Cooking,🍕,pizza-making,Pizza Making,Make roman pinza
🍳,cooking,Cooking,🍕,pizza-making,Pizza Making,Make focaccia base
🍳,cooking,Cooking,🍕,pizza-making,Pizza Making,Make gluten free
🍳,cooking,Cooking,🍕,pizza-making,Pizza Making,Make sourdough crust
🍳,cooking,Cooking,🍕,pizza-making,Pizza Making,Make pan pizza
🍳,cooking,Cooking,🍕,pizza-making,Pizza Making,Make grilled pizza
🍳,cooking,Cooking,🍕,pizza-making,Pizza Making,Make wood fired
🍳,cooking,Cooking,🍕,pizza-making,Pizza Making,Make par baking
🍳,cooking,Cooking,🍕,pizza-making,Pizza Making,Make reheating techniques
🍳,cooking,Cooking,🍕,pizza-making,Pizza Making,Make calzone techniques
🍳,cooking,Cooking,🍕,pizza-making,Pizza Making,Make stromboli techniques
🍳,cooking,Cooking,🍕,pizza-making,Pizza Making,Make garlic knots
🍳,cooking,Cooking,🍕,pizza-making,Pizza Making,Make breadsticks techniques
🍳,cooking,Cooking,🍕,pizza-making,Pizza Making,Make pizza toppings
🍳,cooking,Cooking,🥣,soup-making,Soup Making,Make stock base
🍳,cooking,Cooking,🥣,soup-making,Soup Making,Make mirepoix techniques
🍳,cooking,Cooking,🥣,soup-making,Soup Making,Make sweating vegetables
🍳,cooking,Cooking,🥣,soup-making,Soup Making,Make bouquet garni
🍳,cooking,Cooking,🥣,soup-making,Soup Making,Make puréeing techniques
🍳,cooking,Cooking,🥣,soup-making,Soup Making,Make immersion blender
🍳,cooking,Cooking,🥣,soup-making,Soup Making,Make cream soup
🍳,cooking,Cooking,🥣,soup-making,Soup Making,Make clear soup
🍳,cooking,Cooking,🥣,soup-making,Soup Making,Make broth techniques
🍳,cooking,Cooking,🥣,soup-making,Soup Making,Make consommé techniques
🍳,cooking,Cooking,🥣,soup-making,Soup Making,Make clarification techniques
🍳,cooking,Cooking,🥣,soup-making,Soup Making,Make egg drop
🍳,cooking,Cooking,🥣,soup-making,Soup Making,Make hot and sour
🍳,cooking,Cooking,🥣,soup-making,Soup Making,Make tom yum
🍳,cooking,Cooking,🥣,soup-making,Soup Making,Make phở techniques
🍳,cooking,Cooking,🥣,soup-making,Soup Making,Make ramen broth
🍳,cooking,Cooking,🥣,soup-making,Soup Making,Make miso soup
🍳,cooking,Cooking,🥣,soup-making,Soup Making,Make gazpacho techniques
🍳,cooking,Cooking,🥣,soup-making,Soup Making,Make vichyssoise techniques
🍳,cooking,Cooking,🥣,soup-making,Soup Making,Make borscht techniques
🍳,cooking,Cooking,🥣,soup-making,Soup Making,Make minestrone techniques
🍳,cooking,Cooking,🥣,soup-making,Soup Making,Make lentil soup
🍳,cooking,Cooking,🥣,soup-making,Soup Making,Make butternut squash
🍳,cooking,Cooking,🥣,soup-making,Soup Making,Make tomato basil
🍳,cooking,Cooking,🥣,soup-making,Soup Making,Make french onion
🍳,cooking,Cooking,🥣,soup-making,Soup Making,Make cream of mushroom
🍳,cooking,Cooking,🥣,soup-making,Soup Making,Make seafood chowder
🍳,cooking,Cooking,🥣,soup-making,Soup Making,Make corn chowder
🍳,cooking,Cooking,🥣,soup-making,Soup Making,Make chicken noodle
🍳,cooking,Cooking,🥣,soup-making,Soup Making,Make seasoning balance
🍳,cooking,Cooking,🥒,pickling-fermenting,Pickling & Fermenting,Pickle salt brine
🍳,cooking,Cooking,🥒,pickling-fermenting,Pickling & Fermenting,Pickle vinegar pickle
🍳,cooking,Cooking,🥒,pickling-fermenting,Pickling & Fermenting,Pickle fermentation techniques
🍳,cooking,Cooking,🥒,pickling-fermenting,Pickling & Fermenting,Pickle lacto fermentation
🍳,cooking,Cooking,🥒,pickling-fermenting,Pickling & Fermenting,Pickle sauerkraut techniques
🍳,cooking,Cooking,🥒,pickling-fermenting,Pickling & Fermenting,Pickle kimchi techniques
🍳,cooking,Cooking,🥒,pickling-fermenting,Pickling & Fermenting,Pickle kombucha techniques
🍳,cooking,Cooking,🥒,pickling-fermenting,Pickling & Fermenting,Pickle kefir techniques
🍳,cooking,Cooking,🥒,pickling-fermenting,Pickling & Fermenting,Pickle yogurt techniques
🍳,cooking,Cooking,🥒,pickling-fermenting,Pickling & Fermenting,Pickle sourdough techniques
🍳,cooking,Cooking,🥒,pickling-fermenting,Pickling & Fermenting,Pickle miso techniques
🍳,cooking,Cooking,🥒,pickling-fermenting,Pickling & Fermenting,Pickle tempeh techniques
🍳,cooking,Cooking,🥒,pickling-fermenting,Pickling & Fermenting,Pickle koji techniques
🍳,cooking,Cooking,🥒,pickling-fermenting,Pickling & Fermenting,Pickle brine ratio
🍳,cooking,Cooking,🥒,pickling-fermenting,Pickling & Fermenting,Pickle spice blend
🍳,cooking,Cooking,🥒,pickling-fermenting,Pickling & Fermenting,Pickle dill pickles
🍳,cooking,Cooking,🥒,pickling-fermenting,Pickling & Fermenting,Pickle bread and butter
🍳,cooking,Cooking,🥒,pickling-fermenting,Pickling & Fermenting,Pickle pickled onions
🍳,cooking,Cooking,🥒,pickling-fermenting,Pickling & Fermenting,Pickle pickled peppers
🍳,cooking,Cooking,🥒,pickling-fermenting,Pickling & Fermenting,Pickle pickled eggs
🍳,cooking,Cooking,🥒,pickling-fermenting,Pickling & Fermenting,Pickle pickled beets
🍳,cooking,Cooking,🥒,pickling-fermenting,Pickling & Fermenting,Pickle quick pickle
🍳,cooking,Cooking,🥒,pickling-fermenting,Pickling & Fermenting,Pickle refrigerator pickle
🍳,cooking,Cooking,🥒,pickling-fermenting,Pickling & Fermenting,Pickle canning techniques
🍳,cooking,Cooking,🥒,pickling-fermenting,Pickling & Fermenting,Pickle sealing techniques
🍳,cooking,Cooking,🥒,pickling-fermenting,Pickling & Fermenting,Pickle sterilization techniques
🍳,cooking,Cooking,🥒,pickling-fermenting,Pickling & Fermenting,Pickle lactobacillus techniques
🍳,cooking,Cooking,🥒,pickling-fermenting,Pickling & Fermenting,Pickle salt percentage
🍳,cooking,Cooking,🥒,pickling-fermenting,Pickling & Fermenting,Pickle fermentation time
🍳,cooking,Cooking,🥒,pickling-fermenting,Pickling & Fermenting,Pickle burping jars
🍳,cooking,Cooking,🧀,cheese-making,Cheese Making,Make milk selection
🍳,cooking,Cooking,🧀,cheese-making,Cheese Making,Make acidification techniques
🍳,cooking,Cooking,🧀,cheese-making,Cheese Making,Make rennet techniques
🍳,cooking,Cooking,🧀,cheese-making,Cheese Making,Make curd cutting
🍳,cooking,Cooking,🧀,cheese-making,Cheese Making,Make curd washing
🍳,cooking,Cooking,🧀,cheese-making,Cheese Making,Make pressing techniques
🍳,cooking,Cooking,🧀,cheese-making,Cheese Making,Make aging techniques
🍳,cooking,Cooking,🧀,cheese-making,Cheese Making,Make brining techniques
🍳,cooking,Cooking,🧀,cheese-making,Cheese Making,Make waxing techniques
🍳,cooking,Cooking,🧀,cheese-making,Cheese Making,Make mozzarella techniques
🍳,cooking,Cooking,🧀,cheese-making,Cheese Making,Make ricotta techniques
🍳,cooking,Cooking,🧀,cheese-making,Cheese Making,Make cheddar techniques
🍳,cooking,Cooking,🧀,cheese-making,Cheese Making,Make gouda techniques
🍳,cooking,Cooking,🧀,cheese-making,Cheese Making,Make camembert techniques
🍳,cooking,Cooking,🧀,cheese-making,Cheese Making,Make blue cheese
🍳,cooking,Cooking,🧀,cheese-making,Cheese Making,Make feta techniques
🍳,cooking,Cooking,🧀,cheese-making,Cheese Making,Make parmesan techniques
🍳,cooking,Cooking,🧀,cheese-making,Cheese Making,Make cream cheese
🍳,cooking,Cooking,🧀,cheese-making,Cheese Making,Make paneer techniques
🍳,cooking,Cooking,🧀,cheese-making,Cheese Making,Make halloumi techniques
🍳,cooking,Cooking,🧀,cheese-making,Cheese Making,Make chevre techniques
🍳,cooking,Cooking,🧀,cheese-making,Cheese Making,Make cheese culture
🍳,cooking,Cooking,🧀,cheese-making,Cheese Making,Make lipase techniques
🍳,cooking,Cooking,🧀,cheese-making,Cheese Making,Make calcium chloride
🍳,cooking,Cooking,🧀,cheese-making,Cheese Making,Make butterfat techniques
🍳,cooking,Cooking,🧀,cheese-making,Cheese Making,Make whey usage
🍳,cooking,Cooking,🧀,cheese-making,Cheese Making,Make affinage techniques
🍳,cooking,Cooking,🧀,cheese-making,Cheese Making,Make cheese cave
🍳,cooking,Cooking,🧀,cheese-making,Cheese Making,Make mold ripening
🍳,cooking,Cooking,🧀,cheese-making,Cheese Making,Make fresh cheese
🍳,cooking,Cooking,🥓,curing-smoking,Curing & Smoking,Cure dry cure
🍳,cooking,Cooking,🥓,curing-smoking,Curing & Smoking,Cure wet cure
🍳,cooking,Cooking,🥓,curing-smoking,Curing & Smoking,Cure brine injection
🍳,cooking,Cooking,🥓,curing-smoking,Curing & Smoking,Cure equilibrium cure
🍳,cooking,Cooking,🥓,curing-smoking,Curing & Smoking,Cure pink salt
🍳,cooking,Cooking,🥓,curing-smoking,Curing & Smoking,Cure sugar cure
🍳,cooking,Cooking,🥓,curing-smoking,Curing & Smoking,Cure spice rub
🍳,cooking,Cooking,🥓,curing-smoking,Curing & Smoking,Cure cold smoking
🍳,cooking,Cooking,🥓,curing-smoking,Curing & Smoking,Cure hot smoking
🍳,cooking,Cooking,🥓,curing-smoking,Curing & Smoking,Cure smoker setup
🍳,cooking,Cooking,🥓,curing-smoking,Curing & Smoking,Cure wood selection
🍳,cooking,Cooking,🥓,curing-smoking,Curing & Smoking,Cure temperature control
🍳,cooking,Cooking,🥓,curing-smoking,Curing & Smoking,Cure internal temp
🍳,cooking,Cooking,🥓,curing-smoking,Curing & Smoking,Cure bacon techniques
🍳,cooking,Cooking,🥓,curing-smoking,Curing & Smoking,Cure prosciutto techniques
🍳,cooking,Cooking,🥓,curing-smoking,Curing & Smoking,Cure pancetta techniques
🍳,cooking,Cooking,🥓,curing-smoking,Curing & Smoking,Cure guanciale techniques
🍳,cooking,Cooking,🥓,curing-smoking,Curing & Smoking,Cure pastrami techniques
🍳,cooking,Cooking,🥓,curing-smoking,Curing & Smoking,Cure corned beef
🍳,cooking,Cooking,🥓,curing-smoking,Curing & Smoking,Cure smoked salmon
🍳,cooking,Cooking,🥓,curing-smoking,Curing & Smoking,Cure smoked sausage
🍳,cooking,Cooking,🥓,curing-smoking,Curing & Smoking,Cure jerky techniques
🍳,cooking,Cooking,🥓,curing-smoking,Curing & Smoking,Cure biltong techniques
🍳,cooking,Cooking,🥓,curing-smoking,Curing & Smoking,Cure salt crust
🍳,cooking,Cooking,🥓,curing-smoking,Curing & Smoking,Cure curing time
🍳,cooking,Cooking,🥓,curing-smoking,Curing & Smoking,Cure humidity control
🍳,cooking,Cooking,🥓,curing-smoking,Curing & Smoking,Cure mold control
🍳,cooking,Cooking,🥓,curing-smoking,Curing & Smoking,Cure trimming techniques
🍳,cooking,Cooking,🥓,curing-smoking,Curing & Smoking,Cure slicing techniques
🍳,cooking,Cooking,🥓,curing-smoking,Curing & Smoking,Cure storage techniques
🍳,cooking,Cooking,🍳,breakfast-cooking,Breakfast Cooking,Cook sunny side up
🍳,cooking,Cooking,🍳,breakfast-cooking,Breakfast Cooking,Cook over easy
🍳,cooking,Cooking,🍳,breakfast-cooking,Breakfast Cooking,Cook poached eggs
🍳,cooking,Cooking,🍳,breakfast-cooking,Breakfast Cooking,Cook scrambled eggs
🍳,cooking,Cooking,🍳,breakfast-cooking,Breakfast Cooking,Cook omelette techniques
🍳,cooking,Cooking,🍳,breakfast-cooking,Breakfast Cooking,Cook frittata techniques
🍳,cooking,Cooking,🍳,breakfast-cooking,Breakfast Cooking,Cook quiche techniques
🍳,cooking,Cooking,🍳,breakfast-cooking,Breakfast Cooking,Cook egg white
🍳,cooking,Cooking,🍳,breakfast-cooking,Breakfast Cooking,Cook french toast
🍳,cooking,Cooking,🍳,breakfast-cooking,Breakfast Cooking,Cook pancake techniques
🍳,cooking,Cooking,🍳,breakfast-cooking,Breakfast Cooking,Cook waffle techniques
🍳,cooking,Cooking,🍳,breakfast-cooking,Breakfast Cooking,Cook crepe techniques
🍳,cooking,Cooking,🍳,breakfast-cooking,Breakfast Cooking,Cook hash browns
🍳,cooking,Cooking,🍳,breakfast-cooking,Breakfast Cooking,Cook home fries
🍳,cooking,Cooking,🍳,breakfast-cooking,Breakfast Cooking,Cook breakfast sausage
🍳,cooking,Cooking,🍳,breakfast-cooking,Breakfast Cooking,Cook bacon techniques
🍳,cooking,Cooking,🍳,breakfast-cooking,Breakfast Cooking,Cook ham steak
🍳,cooking,Cooking,🍳,breakfast-cooking,Breakfast Cooking,Cook biscuit techniques
🍳,cooking,Cooking,🍳,breakfast-cooking,Breakfast Cooking,Cook gravy techniques
🍳,cooking,Cooking,🍳,breakfast-cooking,Breakfast Cooking,Cook muffin techniques
🍳,cooking,Cooking,🍳,breakfast-cooking,Breakfast Cooking,Cook scone techniques
🍳,cooking,Cooking,🍳,breakfast-cooking,Breakfast Cooking,Cook english muffin
🍳,cooking,Cooking,🍳,breakfast-cooking,Breakfast Cooking,Cook bagel techniques
🍳,cooking,Cooking,🍳,breakfast-cooking,Breakfast Cooking,Cook breakfast burrito
🍳,cooking,Cooking,🍳,breakfast-cooking,Breakfast Cooking,Cook huevos rancheros
🍳,cooking,Cooking,🍳,breakfast-cooking,Breakfast Cooking,Cook shakshuka techniques
🍳,cooking,Cooking,🍳,breakfast-cooking,Breakfast Cooking,Cook granola techniques
🍳,cooking,Cooking,🍳,breakfast-cooking,Breakfast Cooking,Cook yogurt parfait
🍳,cooking,Cooking,🍳,breakfast-cooking,Breakfast Cooking,Cook smoothie bowl
🍳,cooking,Cooking,🍳,breakfast-cooking,Breakfast Cooking,Cook breakfast platter
🍳,cooking,Cooking,🥤,mixology-bartending,Mixology & Bartending,Mix shaken vs stirred
🍳,cooking,Cooking,🥤,mixology-bartending,Mixology & Bartending,Mix jigger techniques
🍳,cooking,Cooking,🥤,mixology-bartending,Mixology & Bartending,Mix muddling techniques
🍳,cooking,Cooking,🥤,mixology-bartending,Mixology & Bartending,Mix straining techniques
🍳,cooking,Cooking,🥤,mixology-bartending,Mixology & Bartending,Mix garnish techniques
🍳,cooking,Cooking,🥤,mixology-bartending,Mixology & Bartending,Mix ice selection
🍳,cooking,Cooking,🥤,mixology-bartending,Mixology & Bartending,Mix glassware techniques
🍳,cooking,Cooking,🥤,mixology-bartending,Mixology & Bartending,Mix cocktail balance
🍳,cooking,Cooking,🥤,mixology-bartending,Mixology & Bartending,Mix syrup making
🍳,cooking,Cooking,🥤,mixology-bartending,Mixology & Bartending,Mix infusions techniques
🍳,cooking,Cooking,🥤,mixology-bartending,Mixology & Bartending,Mix classic cocktails
🍳,cooking,Cooking,🥤,mixology-bartending,Mixology & Bartending,Mix martini techniques
🍳,cooking,Cooking,🥤,mixology-bartending,Mixology & Bartending,Mix old fashioned
🍳,cooking,Cooking,🥤,mixology-bartending,Mixology & Bartending,Mix negroni techniques
🍳,cooking,Cooking,🥤,mixology-bartending,Mixology & Bartending,Mix margarita techniques
🍳,cooking,Cooking,🥤,mixology-bartending,Mixology & Bartending,Mix daiquiri techniques
🍳,cooking,Cooking,🥤,mixology-bartending,Mixology & Bartending,Mix whiskey sour
🍳,cooking,Cooking,🥤,mixology-bartending,Mixology & Bartending,Mix mojito techniques
🍳,cooking,Cooking,🥤,mixology-bartending,Mixology & Bartending,Mix cosmopolitan techniques
🍳,cooking,Cooking,🥤,mixology-bartending,Mixology & Bartending,Mix manhattan techniques
🍳,cooking,Cooking,🥤,mixology-bartending,Mixology & Bartending,Mix moscow mule
🍳,cooking,Cooking,🥤,mixology-bartending,Mixology & Bartending,Mix bloody mary
🍳,cooking,Cooking,🥤,mixology-bartending,Mixology & Bartending,Mix espresso martini
🍳,cooking,Cooking,🥤,mixology-bartending,Mixology & Bartending,Mix french 75
🍳,cooking,Cooking,🥤,mixology-bartending,Mixology & Bartending,Mix sidecar techniques
🍳,cooking,Cooking,🥤,mixology-bartending,Mixology & Bartending,Mix aviation techniques
🍳,cooking,Cooking,🥤,mixology-bartending,Mixology & Bartending,Mix last word
🍳,cooking,Cooking,🥤,mixology-bartending,Mixology & Bartending,Mix tiki drinks
🍳,cooking,Cooking,🥤,mixology-bartending,Mixology & Bartending,Mix batch cocktails
🍳,cooking,Cooking,🥤,mixology-bartending,Mixology & Bartending,Mix bar setup
🍳,cooking,Cooking,☕,coffee-tea,Coffee & Tea,Brew bean selection
🍳,cooking,Cooking,☕,coffee-tea,Coffee & Tea,Brew roasting techniques
🍳,cooking,Cooking,☕,coffee-tea,Coffee & Tea,Brew grinding techniques
🍳,cooking,Cooking,☕,coffee-tea,Coffee & Tea,Brew brew ratio
🍳,cooking,Cooking,☕,coffee-tea,Coffee & Tea,Brew water temperature
🍳,cooking,Cooking,☕,coffee-tea,Coffee & Tea,Brew pour over
🍳,cooking,Cooking,☕,coffee-tea,Coffee & Tea,Brew french press
🍳,cooking,Cooking,☕,coffee-tea,Coffee & Tea,Brew aeropress techniques
🍳,cooking,Cooking,☕,coffee-tea,Coffee & Tea,Brew espresso techniques
🍳,cooking,Cooking,☕,coffee-tea,Coffee & Tea,Brew latte art
🍳,cooking,Cooking,☕,coffee-tea,Coffee & Tea,Brew steaming milk
🍳,cooking,Cooking,☕,coffee-tea,Coffee & Tea,Brew cold brew
🍳,cooking,Cooking,☕,coffee-tea,Coffee & Tea,Brew nitro cold brew
🍳,cooking,Cooking,☕,coffee-tea,Coffee & Tea,Brew turkish coffee
🍳,cooking,Cooking,☕,coffee-tea,Coffee & Tea,Brew moka pot
🍳,cooking,Cooking,☕,coffee-tea,Coffee & Tea,Brew siphon techniques
🍳,cooking,Cooking,☕,coffee-tea,Coffee & Tea,Brew chemex techniques
🍳,cooking,Cooking,☕,coffee-tea,Coffee & Tea,Brew v60 techniques
🍳,cooking,Cooking,☕,coffee-tea,Coffee & Tea,Brew kalita wave
🍳,cooking,Cooking,☕,coffee-tea,Coffee & Tea,Brew tea types
🍳,cooking,Cooking,☕,coffee-tea,Coffee & Tea,Brew water quality
🍳,cooking,Cooking,☕,coffee-tea,Coffee & Tea,Brew steeping time
🍳,cooking,Cooking,☕,coffee-tea,Coffee & Tea,Brew tea ceremony
🍳,cooking,Cooking,☕,coffee-tea,Coffee & Tea,Brew matcha techniques
🍳,cooking,Cooking,☕,coffee-tea,Coffee & Tea,Brew gong fu cha
🍳,cooking,Cooking,☕,coffee-tea,Coffee & Tea,Brew chai techniques
🍳,cooking,Cooking,☕,coffee-tea,Coffee & Tea,Brew iced tea
🍳,cooking,Cooking,☕,coffee-tea,Coffee & Tea,Brew tea blending
🍳,cooking,Cooking,☕,coffee-tea,Coffee & Tea,Brew coffee cupping
🍳,cooking,Cooking,☕,coffee-tea,Coffee & Tea,Brew tasting notes
🍳,cooking,Cooking,🍚,rice-grains,Rice & Grains,Cook rice washing
🍳,cooking,Cooking,🍚,rice-grains,Rice & Grains,Cook water ratio
🍳,cooking,Cooking,🍚,rice-grains,Rice & Grains,Cook absorption method
🍳,cooking,Cooking,🍚,rice-grains,Rice & Grains,Cook pilaf techniques
🍳,cooking,Cooking,🍚,rice-grains,Rice & Grains,Cook risotto techniques
🍳,cooking,Cooking,🍚,rice-grains,Rice & Grains,Cook paella techniques
🍳,cooking,Cooking,🍚,rice-grains,Rice & Grains,Cook jambalaya techniques
🍳,cooking,Cooking,🍚,rice-grains,Rice & Grains,Cook fried rice
🍳,cooking,Cooking,🍚,rice-grains,Rice & Grains,Cook sticky rice
🍳,cooking,Cooking,🍚,rice-grains,Rice & Grains,Cook sushi rice
🍳,cooking,Cooking,🍚,rice-grains,Rice & Grains,Cook conjee techniques
🍳,cooking,Cooking,🍚,rice-grains,Rice & Grains,Cook biryani techniques
🍳,cooking,Cooking,🍚,rice-grains,Rice & Grains,Cook rice pudding
🍳,cooking,Cooking,🍚,rice-grains,Rice & Grains,Cook wild rice
🍳,cooking,Cooking,🍚,rice-grains,Rice & Grains,Cook quinoa techniques
🍳,cooking,Cooking,🍚,rice-grains,Rice & Grains,Cook couscous techniques
🍳,cooking,Cooking,🍚,rice-grains,Rice & Grains,Cook polenta techniques
🍳,cooking,Cooking,🍚,rice-grains,Rice & Grains,Cook oatmeal techniques
🍳,cooking,Cooking,🍚,rice-grains,Rice & Grains,Cook barley techniques
🍳,cooking,Cooking,🍚,rice-grains,Rice & Grains,Cook farro techniques
🍳,cooking,Cooking,🍚,rice-grains,Rice & Grains,Cook bulgur techniques
🍳,cooking,Cooking,🍚,rice-grains,Rice & Grains,Cook freekeh techniques
🍳,cooking,Cooking,🍚,rice-grains,Rice & Grains,Cook amaranth techniques
🍳,cooking,Cooking,🍚,rice-grains,Rice & Grains,Cook millet techniques
🍳,cooking,Cooking,🍚,rice-grains,Rice & Grains,Cook sorghum techniques
🍳,cooking,Cooking,🍚,rice-grains,Rice & Grains,Cook grain bowl
🍳,cooking,Cooking,🍚,rice-grains,Rice & Grains,Cook toasting grains
🍳,cooking,Cooking,🍚,rice-grains,Rice & Grains,Cook fluffing techniques
🍳,cooking,Cooking,🍚,rice-grains,Rice & Grains,Cook resting techniques
🍳,cooking,Cooking,🍚,rice-grains,Rice & Grains,Cook grain salad
🍳,cooking,Cooking,🥦,vegetable-cooking,Vegetable Cooking,Cook blanching techniques
🍳,cooking,Cooking,🥦,vegetable-cooking,Vegetable Cooking,Cook shocking techniques
🍳,cooking,Cooking,🥦,vegetable-cooking,Vegetable Cooking,Cook roasting techniques
🍳,cooking,Cooking,🥦,vegetable-cooking,Vegetable Cooking,Cook sautéing techniques
🍳,cooking,Cooking,🥦,vegetable-cooking,Vegetable Cooking,Cook steaming techniques
🍳,cooking,Cooking,🥦,vegetable-cooking,Vegetable Cooking,Cook grilling techniques
🍳,cooking,Cooking,🥦,vegetable-cooking,Vegetable Cooking,Cook braising techniques
🍳,cooking,Cooking,🥦,vegetable-cooking,Vegetable Cooking,Cook stir frying
🍳,cooking,Cooking,🥦,vegetable-cooking,Vegetable Cooking,Cook caramelizing techniques
🍳,cooking,Cooking,🥦,vegetable-cooking,Vegetable Cooking,Cook glazing techniques
🍳,cooking,Cooking,🥦,vegetable-cooking,Vegetable Cooking,Cook puréeing techniques
🍳,cooking,Cooking,🥦,vegetable-cooking,Vegetable Cooking,Cook frying techniques
🍳,cooking,Cooking,🥦,vegetable-cooking,Vegetable Cooking,Cook batter coating
🍳,cooking,Cooking,🥦,vegetable-cooking,Vegetable Cooking,Cook salt sweating
🍳,cooking,Cooking,🥦,vegetable-cooking,Vegetable Cooking,Cook parboiling techniques
🍳,cooking,Cooking,🥦,vegetable-cooking,Vegetable Cooking,Cook seasoning techniques
🍳,cooking,Cooking,🥦,vegetable-cooking,Vegetable Cooking,Cook oil application
🍳,cooking,Cooking,🥦,vegetable-cooking,Vegetable Cooking,Cook high heat
🍳,cooking,Cooking,🥦,vegetable-cooking,Vegetable Cooking,Cook even cutting
🍳,cooking,Cooking,🥦,vegetable-cooking,Vegetable Cooking,Cook color retention
🍳,cooking,Cooking,🥦,vegetable-cooking,Vegetable Cooking,Cook crunchy texture
🍳,cooking,Cooking,🥦,vegetable-cooking,Vegetable Cooking,Cook tenderizing techniques
🍳,cooking,Cooking,🥦,vegetable-cooking,Vegetable Cooking,Cook flavor pairing
🍳,cooking,Cooking,🥦,vegetable-cooking,Vegetable Cooking,Cook herb addition
🍳,cooking,Cooking,🥦,vegetable-cooking,Vegetable Cooking,Cook acid brightening
🍳,cooking,Cooking,🥦,vegetable-cooking,Vegetable Cooking,Cook garnish techniques
🍳,cooking,Cooking,🥦,vegetable-cooking,Vegetable Cooking,Cook plating techniques
🍳,cooking,Cooking,🥦,vegetable-cooking,Vegetable Cooking,Cook layered cooking
🍳,cooking,Cooking,🥦,vegetable-cooking,Vegetable Cooking,Cook seasonal selection
🍳,cooking,Cooking,🥦,vegetable-cooking,Vegetable Cooking,Cook storage techniques
🍳,cooking,Cooking,🍖,roasting-techniques,Roasting Techniques,Roast trussing techniques
🍳,cooking,Cooking,🍖,roasting-techniques,Roasting Techniques,Roast tying techniques
🍳,cooking,Cooking,🍖,roasting-techniques,Roasting Techniques,Roast temper meat
🍳,cooking,Cooking,🍖,roasting-techniques,Roasting Techniques,Roast seasoning techniques
🍳,cooking,Cooking,🍖,roasting-techniques,Roasting Techniques,Roast searing first
🍳,cooking,Cooking,🍖,roasting-techniques,Roasting Techniques,Roast rack setup
🍳,cooking,Cooking,🍖,roasting-techniques,Roasting Techniques,Roast temperature probe
🍳,cooking,Cooking,🍖,roasting-techniques,Roasting Techniques,Roast resting techniques
🍳,cooking,Cooking,🍖,roasting-techniques,Roasting Techniques,Roast carving techniques
🍳,cooking,Cooking,🍖,roasting-techniques,Roasting Techniques,Roast pan drippings
🍳,cooking,Cooking,🍖,roasting-techniques,Roasting Techniques,Roast basting techniques
🍳,cooking,Cooking,🍖,roasting-techniques,Roasting Techniques,Roast larding techniques
🍳,cooking,Cooking,🍖,roasting-techniques,Roasting Techniques,Roast barding techniques
🍳,cooking,Cooking,🍖,roasting-techniques,Roasting Techniques,Roast roasting times
🍳,cooking,Cooking,🍖,roasting-techniques,Roasting Techniques,Roast high heat roast
🍳,cooking,Cooking,🍖,roasting-techniques,Roasting Techniques,Roast low slow roast
🍳,cooking,Cooking,🍖,roasting-techniques,Roasting Techniques,Roast vegetable bed
🍳,cooking,Cooking,🍖,roasting-techniques,Roasting Techniques,Roast aromatics techniques
🍳,cooking,Cooking,🍖,roasting-techniques,Roasting Techniques,Roast butter rub
🍳,cooking,Cooking,🍖,roasting-techniques,Roasting Techniques,Roast herb crust
🍳,cooking,Cooking,🍖,roasting-techniques,Roasting Techniques,Roast salt crust
🍳,cooking,Cooking,🍖,roasting-techniques,Roasting Techniques,Roast spatchcock techniques
🍳,cooking,Cooking,🍖,roasting-techniques,Roasting Techniques,Roast rolled roast
🍳,cooking,Cooking,🍖,roasting-techniques,Roasting Techniques,Roast bone in
🍳,cooking,Cooking,🍖,roasting-techniques,Roasting Techniques,Roast boneless techniques
🍳,cooking,Cooking,🍖,roasting-techniques,Roasting Techniques,Roast meat thermometer
🍳,cooking,Cooking,🍖,roasting-techniques,Roasting Techniques,Roast carving knife
🍳,cooking,Cooking,🍖,roasting-techniques,Roasting Techniques,Roast serving platter
🍳,cooking,Cooking,🍖,roasting-techniques,Roasting Techniques,Roast jus techniques
🍳,cooking,Cooking,🍖,roasting-techniques,Roasting Techniques,Roast gravy techniques
🍳,cooking,Cooking,🥫,preserving-canning,Preserving & Canning,Preserve water bath
🍳,cooking,Cooking,🥫,preserving-canning,Preserving & Canning,Preserve pressure canning
🍳,cooking,Cooking,🥫,preserving-canning,Preserving & Canning,Preserve jar sterilization
🍳,cooking,Cooking,🥫,preserving-canning,Preserving & Canning,Preserve headspace techniques
🍳,cooking,Cooking,🥫,preserving-canning,Preserving & Canning,Preserve seal check
🍳,cooking,Cooking,🥫,preserving-canning,Preserving & Canning,Preserve acidity testing
🍳,cooking,Cooking,🥫,preserving-canning,Preserving & Canning,Preserve hot pack
🍳,cooking,Cooking,🥫,preserving-canning,Preserving & Canning,Preserve raw pack
🍳,cooking,Cooking,🥫,preserving-canning,Preserving & Canning,Preserve pickling techniques
🍳,cooking,Cooking,🥫,preserving-canning,Preserving & Canning,Preserve jam making
🍳,cooking,Cooking,🥫,preserving-canning,Preserving & Canning,Preserve jelly techniques
🍳,cooking,Cooking,🥫,preserving-canning,Preserving & Canning,Preserve fruit preserve
🍳,cooking,Cooking,🥫,preserving-canning,Preserving & Canning,Preserve marmalade techniques
🍳,cooking,Cooking,🥫,preserving-canning,Preserving & Canning,Preserve chutney techniques
🍳,cooking,Cooking,🥫,preserving-canning,Preserving & Canning,Preserve relish techniques
🍳,cooking,Cooking,🥫,preserving-canning,Preserving & Canning,Preserve tomato canning
🍳,cooking,Cooking,🥫,preserving-canning,Preserving & Canning,Preserve green bean canning
🍳,cooking,Cooking,🥫,preserving-canning,Preserving & Canning,Preserve stock canning
🍳,cooking,Cooking,🥫,preserving-canning,Preserving & Canning,Preserve meat canning
🍳,cooking,Cooking,🥫,preserving-canning,Preserving & Canning,Preserve fermented preservation
🍳,cooking,Cooking,🥫,preserving-canning,Preserving & Canning,Preserve dehydrating techniques
🍳,cooking,Cooking,🥫,preserving-canning,Preserving & Canning,Preserve freezing techniques
🍳,cooking,Cooking,🥫,preserving-canning,Preserving & Canning,Preserve vacuum sealing
🍳,cooking,Cooking,🥫,preserving-canning,Preserving & Canning,Preserve root cellaring
🍳,cooking,Cooking,🥫,preserving-canning,Preserving & Canning,Preserve sugar preservation
🍳,cooking,Cooking,🥫,preserving-canning,Preserving & Canning,Preserve salt preservation
🍳,cooking,Cooking,🥫,preserving-canning,Preserving & Canning,Preserve smoking preservation
🍳,cooking,Cooking,🥫,preserving-canning,Preserving & Canning,Preserve oil preservation
🍳,cooking,Cooking,🥫,preserving-canning,Preserving & Canning,Preserve alcohol preservation
🍳,cooking,Cooking,🥫,preserving-canning,Preserving & Canning,Preserve label dating
🍳,cooking,Cooking,🧈,butter-fats,Butter & Fats,Render cream churning
🍳,cooking,Cooking,🧈,butter-fats,Butter & Fats,Render butter washing
🍳,cooking,Cooking,🧈,butter-fats,Butter & Fats,Render cultured butter
🍳,cooking,Cooking,🧈,butter-fats,Butter & Fats,Render compound butter
🍳,cooking,Cooking,🧈,butter-fats,Butter & Fats,Render clarified butter
🍳,cooking,Cooking,🧈,butter-fats,Butter & Fats,Render ghee techniques
🍳,cooking,Cooking,🧈,butter-fats,Butter & Fats,Render buttermilk techniques
🍳,cooking,Cooking,🧈,butter-fats,Butter & Fats,Render browning butter
🍳,cooking,Cooking,🧈,butter-fats,Butter & Fats,Render beurre noisette
🍳,cooking,Cooking,🧈,butter-fats,Butter & Fats,Render beurre blanc
🍳,cooking,Cooking,🧈,butter-fats,Butter & Fats,Render beurre manié
🍳,cooking,Cooking,🧈,butter-fats,Butter & Fats,Render shortening techniques
🍳,cooking,Cooking,🧈,butter-fats,Butter & Fats,Render lard rendering
🍳,cooking,Cooking,🧈,butter-fats,Butter & Fats,Render tallow techniques
🍳,cooking,Cooking,🧈,butter-fats,Butter & Fats,Render schmaltz techniques
🍳,cooking,Cooking,🧈,butter-fats,Butter & Fats,Render duck fat
🍳,cooking,Cooking,🧈,butter-fats,Butter & Fats,Render flavored oil
🍳,cooking,Cooking,🧈,butter-fats,Butter & Fats,Render infused oil
🍳,cooking,Cooking,🧈,butter-fats,Butter & Fats,Render frying oil
🍳,cooking,Cooking,🧈,butter-fats,Butter & Fats,Render smoke point
🍳,cooking,Cooking,🧈,butter-fats,Butter & Fats,Render oil blending
🍳,cooking,Cooking,🧈,butter-fats,Butter & Fats,Render fat washing
🍳,cooking,Cooking,🧈,butter-fats,Butter & Fats,Render tallow frying
🍳,cooking,Cooking,🧈,butter-fats,Butter & Fats,Render butter storage
🍳,cooking,Cooking,🧈,butter-fats,Butter & Fats,Render spreadable butter
🍳,cooking,Cooking,🧈,butter-fats,Butter & Fats,Render whipped butter
🍳,cooking,Cooking,🧈,butter-fats,Butter & Fats,Render butter curls
🍳,cooking,Cooking,🧈,butter-fats,Butter & Fats,Render butter molds
🍳,cooking,Cooking,🧈,butter-fats,Butter & Fats,Render herb butter
🍳,cooking,Cooking,🧈,butter-fats,Butter & Fats,Render garlic butter
🍳,cooking,Cooking,🥜,nut-seed-cooking,Nut & Seed Cooking,Practice toasting nuts
🍳,cooking,Cooking,🥜,nut-seed-cooking,Nut & Seed Cooking,Practice blanching almonds
🍳,cooking,Cooking,🥜,nut-seed-cooking,Nut & Seed Cooking,Practice nut flour
🍳,cooking,Cooking,🥜,nut-seed-cooking,Nut & Seed Cooking,Practice almond meal
🍳,cooking,Cooking,🥜,nut-seed-cooking,Nut & Seed Cooking,Practice tahini techniques
🍳,cooking,Cooking,🥜,nut-seed-cooking,Nut & Seed Cooking,Practice nut butter
🍳,cooking,Cooking,🥜,nut-seed-cooking,Nut & Seed Cooking,Practice peanut butter
🍳,cooking,Cooking,🥜,nut-seed-cooking,Nut & Seed Cooking,Practice cashew cream
🍳,cooking,Cooking,🥜,nut-seed-cooking,Nut & Seed Cooking,Practice pistachio paste
🍳,cooking,Cooking,🥜,nut-seed-cooking,Nut & Seed Cooking,Practice hazelnut spread
🍳,cooking,Cooking,🥜,nut-seed-cooking,Nut & Seed Cooking,Practice seed butter
🍳,cooking,Cooking,🥜,nut-seed-cooking,Nut & Seed Cooking,Practice sunflower seeds
🍳,cooking,Cooking,🥜,nut-seed-cooking,Nut & Seed Cooking,Practice pumpkin seeds
🍳,cooking,Cooking,🥜,nut-seed-cooking,Nut & Seed Cooking,Practice sesame seeds
🍳,cooking,Cooking,🥜,nut-seed-cooking,Nut & Seed Cooking,Practice flax seeds
🍳,cooking,Cooking,🥜,nut-seed-cooking,Nut & Seed Cooking,Practice chia seeds
🍳,cooking,Cooking,🥜,nut-seed-cooking,Nut & Seed Cooking,Practice hemp seeds
🍳,cooking,Cooking,🥜,nut-seed-cooking,Nut & Seed Cooking,Practice nut milk
🍳,cooking,Cooking,🥜,nut-seed-cooking,Nut & Seed Cooking,Practice almond milk
🍳,cooking,Cooking,🥜,nut-seed-cooking,Nut & Seed Cooking,Practice cashew milk
🍳,cooking,Cooking,🥜,nut-seed-cooking,Nut & Seed Cooking,Practice nut crust
🍳,cooking,Cooking,🥜,nut-seed-cooking,Nut & Seed Cooking,Practice nut pesto
🍳,cooking,Cooking,🥜,nut-seed-cooking,Nut & Seed Cooking,Practice nut brittle
🍳,cooking,Cooking,🥜,nut-seed-cooking,Nut & Seed Cooking,Practice candied nuts
🍳,cooking,Cooking,🥜,nut-seed-cooking,Nut & Seed Cooking,Practice spiced nuts
🍳,cooking,Cooking,🥜,nut-seed-cooking,Nut & Seed Cooking,Practice nut oil
🍳,cooking,Cooking,🥜,nut-seed-cooking,Nut & Seed Cooking,Practice walnut oil
🍳,cooking,Cooking,🥜,nut-seed-cooking,Nut & Seed Cooking,Practice sesame oil
🍳,cooking,Cooking,🥜,nut-seed-cooking,Nut & Seed Cooking,Practice nut garnish
🍳,cooking,Cooking,🥜,nut-seed-cooking,Nut & Seed Cooking,Practice seed crackers
🍳,cooking,Cooking,🍄,mushroom-foraging,Mushroom & Foraging,Forage mushroom identification
🍳,cooking,Cooking,🍄,mushroom-foraging,Mushroom & Foraging,Forage wild mushrooms
🍳,cooking,Cooking,🍄,mushroom-foraging,Mushroom & Foraging,Forage foraging safety
🍳,cooking,Cooking,🍄,mushroom-foraging,Mushroom & Foraging,Forage cleaning mushrooms
🍳,cooking,Cooking,🍄,mushroom-foraging,Mushroom & Foraging,Forage slicing techniques
🍳,cooking,Cooking,🍄,mushroom-foraging,Mushroom & Foraging,Forage sautéing techniques
🍳,cooking,Cooking,🍄,mushroom-foraging,Mushroom & Foraging,Forage roasting techniques
🍳,cooking,Cooking,🍄,mushroom-foraging,Mushroom & Foraging,Forage grilling techniques
🍳,cooking,Cooking,🍄,mushroom-foraging,Mushroom & Foraging,Forage stuffed mushrooms
🍳,cooking,Cooking,🍄,mushroom-foraging,Mushroom & Foraging,Forage mushroom stock
🍳,cooking,Cooking,🍄,mushroom-foraging,Mushroom & Foraging,Forage mushroom powder
🍳,cooking,Cooking,🍄,mushroom-foraging,Mushroom & Foraging,Forage drying mushrooms
🍳,cooking,Cooking,🍄,mushroom-foraging,Mushroom & Foraging,Forage rehydrating techniques
🍳,cooking,Cooking,🍄,mushroom-foraging,Mushroom & Foraging,Forage mushroom duxelles
🍳,cooking,Cooking,🍄,mushroom-foraging,Mushroom & Foraging,Forage truffles techniques
🍳,cooking,Cooking,🍄,mushroom-foraging,Mushroom & Foraging,Forage truffle oil
🍳,cooking,Cooking,🍄,mushroom-foraging,Mushroom & Foraging,Forage enoki techniques
🍳,cooking,Cooking,🍄,mushroom-foraging,Mushroom & Foraging,Forage shiitake techniques
🍳,cooking,Cooking,🍄,mushroom-foraging,Mushroom & Foraging,Forage oyster mushrooms
🍳,cooking,Cooking,🍄,mushroom-foraging,Mushroom & Foraging,Forage king trumpet
🍳,cooking,Cooking,🍄,mushroom-foraging,Mushroom & Foraging,Forage morels techniques
🍳,cooking,Cooking,🍄,mushroom-foraging,Mushroom & Foraging,Forage chanterelles techniques
🍳,cooking,Cooking,🍄,mushroom-foraging,Mushroom & Foraging,Forage porcini techniques
🍳,cooking,Cooking,🍄,mushroom-foraging,Mushroom & Foraging,Forage lion's mane
🍳,cooking,Cooking,🍄,mushroom-foraging,Mushroom & Foraging,Forage maitake techniques
🍳,cooking,Cooking,🍄,mushroom-foraging,Mushroom & Foraging,Forage crimini techniques
🍳,cooking,Cooking,🍄,mushroom-foraging,Mushroom & Foraging,Forage portobello techniques
🍳,cooking,Cooking,🍄,mushroom-foraging,Mushroom & Foraging,Forage mushroom risotto
🍳,cooking,Cooking,🍄,mushroom-foraging,Mushroom & Foraging,Forage mushroom soup
🍳,cooking,Cooking,🍄,mushroom-foraging,Mushroom & Foraging,Forage mushroom gravy
🍳,cooking,Cooking,🌶️,spice-blending,Spice Blending,Blend spice toasting
🍳,cooking,Cooking,🌶️,spice-blending,Spice Blending,Blend grinding techniques
🍳,cooking,Cooking,🌶️,spice-blending,Spice Blending,Blend mortar and pestle
🍳,cooking,Cooking,🌶️,spice-blending,Spice Blending,Blend blend ratios
🍳,cooking,Cooking,🌶️,spice-blending,Spice Blending,Blend garam masala
🍳,cooking,Cooking,🌶️,spice-blending,Spice Blending,Blend curry powder
🍳,cooking,Cooking,🌶️,spice-blending,Spice Blending,Blend chinese five spice
🍳,cooking,Cooking,🌶️,spice-blending,Spice Blending,Blend herbes de provence
🍳,cooking,Cooking,🌶️,spice-blending,Spice Blending,Blend za'atar techniques
🍳,cooking,Cooking,🌶️,spice-blending,Spice Blending,Blend ras el hanout
🍳,cooking,Cooking,🌶️,spice-blending,Spice Blending,Blend baharat techniques
🍳,cooking,Cooking,🌶️,spice-blending,Spice Blending,Blend adobo seasoning
🍳,cooking,Cooking,🌶️,spice-blending,Spice Blending,Blend cajun seasoning
🍳,cooking,Cooking,🌶️,spice-blending,Spice Blending,Blend creole seasoning
🍳,cooking,Cooking,🌶️,spice-blending,Spice Blending,Blend chili powder
🍳,cooking,Cooking,🌶️,spice-blending,Spice Blending,Blend taco seasoning
🍳,cooking,Cooking,🌶️,spice-blending,Spice Blending,Blend pumpkin pie spice
🍳,cooking,Cooking,🌶️,spice-blending,Spice Blending,Blend pickling spice
🍳,cooking,Cooking,🌶️,spice-blending,Spice Blending,Blend berbere techniques
🍳,cooking,Cooking,🌶️,spice-blending,Spice Blending,Blend dukkah techniques
🍳,cooking,Cooking,🌶️,spice-blending,Spice Blending,Blend shichimi togarashi
🍳,cooking,Cooking,🌶️,spice-blending,Spice Blending,Blend furikake techniques
🍳,cooking,Cooking,🌶️,spice-blending,Spice Blending,Blend everything bagel
🍳,cooking,Cooking,🌶️,spice-blending,Spice Blending,Blend togarashi techniques
🍳,cooking,Cooking,🌶️,spice-blending,Spice Blending,Blend harissa techniques
🍳,cooking,Cooking,🌶️,spice-blending,Spice Blending,Blend piri piri
🍳,cooking,Cooking,🌶️,spice-blending,Spice Blending,Blend sumac techniques
🍳,cooking,Cooking,🌶️,spice-blending,Spice Blending,Blend aleppo pepper
🍳,cooking,Cooking,🌶️,spice-blending,Spice Blending,Blend smoked paprika
🍳,cooking,Cooking,🌶️,spice-blending,Spice Blending,Blend saffron techniques
🍳,cooking,Cooking,🥣,stock-broth,Stock & Broth,Simmer chicken stock
🍳,cooking,Cooking,🥣,stock-broth,Stock & Broth,Simmer beef stock
🍳,cooking,Cooking,🥣,stock-broth,Stock & Broth,Simmer fish stock
🍳,cooking,Cooking,🥣,stock-broth,Stock & Broth,Simmer vegetable stock
🍳,cooking,Cooking,🥣,stock-broth,Stock & Broth,Simmer bone broth
🍳,cooking,Cooking,🥣,stock-broth,Stock & Broth,Simmer roasted bones
🍳,cooking,Cooking,🥣,stock-broth,Stock & Broth,Simmer stock bones
🍳,cooking,Cooking,🥣,stock-broth,Stock & Broth,Simmer mirepoix techniques
🍳,cooking,Cooking,🥣,stock-broth,Stock & Broth,Simmer bouquet garni
🍳,cooking,Cooking,🥣,stock-broth,Stock & Broth,Simmer aromatics techniques
🍳,cooking,Cooking,🥣,stock-broth,Stock & Broth,Simmer skimming techniques
🍳,cooking,Cooking,🥣,stock-broth,Stock & Broth,Simmer straining techniques
🍳,cooking,Cooking,🥣,stock-broth,Stock & Broth,Simmer degreasing techniques
🍳,cooking,Cooking,🥣,stock-broth,Stock & Broth,Simmer reduction techniques
🍳,cooking,Cooking,🥣,stock-broth,Stock & Broth,Simmer concentrate techniques
🍳,cooking,Cooking,🥣,stock-broth,Stock & Broth,Simmer gelatin extraction
🍳,cooking,Cooking,🥣,stock-broth,Stock & Broth,Simmer cold water start
🍳,cooking,Cooking,🥣,stock-broth,Stock & Broth,Simmer simmering techniques
🍳,cooking,Cooking,🥣,stock-broth,Stock & Broth,Simmer scum removal
🍳,cooking,Cooking,🥣,stock-broth,Stock & Broth,Simmer storage techniques
🍳,cooking,Cooking,🥣,stock-broth,Stock & Broth,Simmer freezing techniques
🍳,cooking,Cooking,🥣,stock-broth,Stock & Broth,Simmer stock pot
🍳,cooking,Cooking,🥣,stock-broth,Stock & Broth,Simmer pressure cooker
🍳,cooking,Cooking,🥣,stock-broth,Stock & Broth,Simmer remouillage techniques
🍳,cooking,Cooking,🥣,stock-broth,Stock & Broth,Simmer double stock
🍳,cooking,Cooking,🥣,stock-broth,Stock & Broth,Simmer glace de viande
🍳,cooking,Cooking,🥣,stock-broth,Stock & Broth,Simmer dashi techniques
🍳,cooking,Cooking,🥣,stock-broth,Stock & Broth,Simmer kombu techniques
🍳,cooking,Cooking,🥣,stock-broth,Stock & Broth,Simmer bonito flakes
🍳,cooking,Cooking,🥣,stock-broth,Stock & Broth,Simmer shiitake stock
🍳,cooking,Cooking,🥘,casserole-one-pot,Casserole & One-Pot,Make layered assembly
🍳,cooking,Cooking,🥘,casserole-one-pot,Casserole & One-Pot,Make binder ingredients
🍳,cooking,Cooking,🥘,casserole-one-pot,Casserole & One-Pot,Make cream base
🍳,cooking,Cooking,🥘,casserole-one-pot,Casserole & One-Pot,Make tomato base
🍳,cooking,Cooking,🥘,casserole-one-pot,Casserole & One-Pot,Make cheese topping
🍳,cooking,Cooking,🥘,casserole-one-pot,Casserole & One-Pot,Make crumb topping
🍳,cooking,Cooking,🥘,casserole-one-pot,Casserole & One-Pot,Make baking time
🍳,cooking,Cooking,🥘,casserole-one-pot,Casserole & One-Pot,Make covered vs uncovered
🍳,cooking,Cooking,🥘,casserole-one-pot,Casserole & One-Pot,Make resting period
🍳,cooking,Cooking,🥘,casserole-one-pot,Casserole & One-Pot,Make shepherd's pie
🍳,cooking,Cooking,🥘,casserole-one-pot,Casserole & One-Pot,Make lasagna techniques
🍳,cooking,Cooking,🥘,casserole-one-pot,Casserole & One-Pot,Make mac and cheese
🍳,cooking,Cooking,🥘,casserole-one-pot,Casserole & One-Pot,Make tuna noodle
🍳,cooking,Cooking,🥘,casserole-one-pot,Casserole & One-Pot,Make chicken pot pie
🍳,cooking,Cooking,🥘,casserole-one-pot,Casserole & One-Pot,Make beef stroganoff
🍳,cooking,Cooking,🥘,casserole-one-pot,Casserole & One-Pot,Make enchilada bake
🍳,cooking,Cooking,🥘,casserole-one-pot,Casserole & One-Pot,Make breakfast casserole
🍳,cooking,Cooking,🥘,casserole-one-pot,Casserole & One-Pot,Make green bean
🍳,cooking,Cooking,🥘,casserole-one-pot,Casserole & One-Pot,Make broccoli rice
🍳,cooking,Cooking,🥘,casserole-one-pot,Casserole & One-Pot,Make tater tot
🍳,cooking,Cooking,🥘,casserole-one-pot,Casserole & One-Pot,Make cauliflower bake
🍳,cooking,Cooking,🥘,casserole-one-pot,Casserole & One-Pot,Make baked pasta
🍳,cooking,Cooking,🥘,casserole-one-pot,Casserole & One-Pot,Make polenta bake
🍳,cooking,Cooking,🥘,casserole-one-pot,Casserole & One-Pot,Make gratin techniques
🍳,cooking,Cooking,🥘,casserole-one-pot,Casserole & One-Pot,Make dauphinoise techniques
🍳,cooking,Cooking,🥘,casserole-one-pot,Casserole & One-Pot,Make scalloped potatoes
🍳,cooking,Cooking,🥘,casserole-one-pot,Casserole & One-Pot,Make stuffed peppers
🍳,cooking,Cooking,🥘,casserole-one-pot,Casserole & One-Pot,Make stuffed shells
🍳,cooking,Cooking,🥘,casserole-one-pot,Casserole & One-Pot,Make cabbage roll
🍳,cooking,Cooking,🥘,casserole-one-pot,Casserole & One-Pot,Make leftover remix
🍳,cooking,Cooking,🍨,ice-cream-frozen,Ice Cream & Frozen,Freeze custard base
🍳,cooking,Cooking,🍨,ice-cream-frozen,Ice Cream & Frozen,Freeze eggless base
🍳,cooking,Cooking,🍨,ice-cream-frozen,Ice Cream & Frozen,Freeze ice cream machine
🍳,cooking,Cooking,🍨,ice-cream-frozen,Ice Cream & Frozen,Freeze churning techniques
🍳,cooking,Cooking,🍨,ice-cream-frozen,Ice Cream & Frozen,Freeze overrun techniques
🍳,cooking,Cooking,🍨,ice-cream-frozen,Ice Cream & Frozen,Freeze tempering techniques
🍳,cooking,Cooking,🍨,ice-cream-frozen,Ice Cream & Frozen,Freeze adding mix-ins
🍳,cooking,Cooking,🍨,ice-cream-frozen,Ice Cream & Frozen,Freeze swirls techniques
🍳,cooking,Cooking,🍨,ice-cream-frozen,Ice Cream & Frozen,Freeze ripple techniques
🍳,cooking,Cooking,🍨,ice-cream-frozen,Ice Cream & Frozen,Freeze stabilizers techniques
🍳,cooking,Cooking,🍨,ice-cream-frozen,Ice Cream & Frozen,Freeze flavor infusion
🍳,cooking,Cooking,🍨,ice-cream-frozen,Ice Cream & Frozen,Freeze fruit purée
🍳,cooking,Cooking,🍨,ice-cream-frozen,Ice Cream & Frozen,Freeze sorbet techniques
🍳,cooking,Cooking,🍨,ice-cream-frozen,Ice Cream & Frozen,Freeze gelato techniques
🍳,cooking,Cooking,🍨,ice-cream-frozen,Ice Cream & Frozen,Freeze sherbet techniques
🍳,cooking,Cooking,🍨,ice-cream-frozen,Ice Cream & Frozen,Freeze frozen yogurt
🍳,cooking,Cooking,🍨,ice-cream-frozen,Ice Cream & Frozen,Freeze dairy free
🍳,cooking,Cooking,🍨,ice-cream-frozen,Ice Cream & Frozen,Freeze coconut milk base
🍳,cooking,Cooking,🍨,ice-cream-frozen,Ice Cream & Frozen,Freeze cashew base
🍳,cooking,Cooking,🍨,ice-cream-frozen,Ice Cream & Frozen,Freeze banana base
🍳,cooking,Cooking,🍨,ice-cream-frozen,Ice Cream & Frozen,Freeze soft serve
🍳,cooking,Cooking,🍨,ice-cream-frozen,Ice Cream & Frozen,Freeze milkshake techniques
🍳,cooking,Cooking,🍨,ice-cream-frozen,Ice Cream & Frozen,Freeze sundae techniques
🍳,cooking,Cooking,🍨,ice-cream-frozen,Ice Cream & Frozen,Freeze banana split
🍳,cooking,Cooking,🍨,ice-cream-frozen,Ice Cream & Frozen,Freeze ice cream cake
🍳,cooking,Cooking,🍨,ice-cream-frozen,Ice Cream & Frozen,Freeze baked alaska
🍳,cooking,Cooking,🍨,ice-cream-frozen,Ice Cream & Frozen,Freeze affogato techniques
🍳,cooking,Cooking,🍨,ice-cream-frozen,Ice Cream & Frozen,Freeze semifreddo techniques
🍳,cooking,Cooking,🍨,ice-cream-frozen,Ice Cream & Frozen,Freeze parfait techniques
🍳,cooking,Cooking,🍨,ice-cream-frozen,Ice Cream & Frozen,Freeze ice cream storage
🔨,diy-crafts,DIY & Crafts,🪚,woodworking,Woodworking,Craft measuring techniques
🔨,diy-crafts,DIY & Crafts,🪚,woodworking,Woodworking,Craft marking techniques
🔨,diy-crafts,DIY & Crafts,🪚,woodworking,Woodworking,Craft sawing straight
🔨,diy-crafts,DIY & Crafts,🪚,woodworking,Woodworking,Craft cross cut
🔨,diy-crafts,DIY & Crafts,🪚,woodworking,Woodworking,Craft rip cut
🔨,diy-crafts,DIY & Crafts,🪚,woodworking,Woodworking,Craft miter cut
🔨,diy-crafts,DIY & Crafts,🪚,woodworking,Woodworking,Craft chisel work
🔨,diy-crafts,DIY & Crafts,🪚,woodworking,Woodworking,Craft planing techniques
🔨,diy-crafts,DIY & Crafts,🪚,woodworking,Woodworking,Craft sanding techniques
🔨,diy-crafts,DIY & Crafts,🪚,woodworking,Woodworking,Craft joinery techniques
🔨,diy-crafts,DIY & Crafts,🪚,woodworking,Woodworking,Craft dado joint
🔨,diy-crafts,DIY & Crafts,🪚,woodworking,Woodworking,Craft dovetail joint
🔨,diy-crafts,DIY & Crafts,🪚,woodworking,Woodworking,Craft mortise and tenon
🔨,diy-crafts,DIY & Crafts,🪚,woodworking,Woodworking,Craft finger joint
🔨,diy-crafts,DIY & Crafts,🪚,woodworking,Woodworking,Craft box joint
🔨,diy-crafts,DIY & Crafts,🪚,woodworking,Woodworking,Craft biscuit joint
🔨,diy-crafts,DIY & Crafts,🪚,woodworking,Woodworking,Craft pocket hole
🔨,diy-crafts,DIY & Crafts,🪚,woodworking,Woodworking,Craft doweling techniques
🔨,diy-crafts,DIY & Crafts,🪚,woodworking,Woodworking,Craft wood glue
🔨,diy-crafts,DIY & Crafts,🪚,woodworking,Woodworking,Craft clamping techniques
🔨,diy-crafts,DIY & Crafts,🪚,woodworking,Woodworking,Craft finishing techniques
🔨,diy-crafts,DIY & Crafts,🪚,woodworking,Woodworking,Craft staining techniques
🔨,diy-crafts,DIY & Crafts,🪚,woodworking,Woodworking,Craft varnishing techniques
🔨,diy-crafts,DIY & Crafts,🪚,woodworking,Woodworking,Craft wood selection
🔨,diy-crafts,DIY & Crafts,🪚,woodworking,Woodworking,Craft grain direction
🔨,diy-crafts,DIY & Crafts,🪚,woodworking,Woodworking,Craft jig making
🔨,diy-crafts,DIY & Crafts,🪚,woodworking,Woodworking,Craft router use
🔨,diy-crafts,DIY & Crafts,🪚,woodworking,Woodworking,Craft table saw
🔨,diy-crafts,DIY & Crafts,🪚,woodworking,Woodworking,Craft band saw
🔨,diy-crafts,DIY & Crafts,🪚,woodworking,Woodworking,Craft scroll saw
🔨,diy-crafts,DIY & Crafts,🪡,sewing,Sewing,Sew machine setup
🔨,diy-crafts,DIY & Crafts,🪡,sewing,Sewing,Sew threading techniques
🔨,diy-crafts,DIY & Crafts,🪡,sewing,Sewing,Sew bobbin winding
🔨,diy-crafts,DIY & Crafts,🪡,sewing,Sewing,Sew stitch types
🔨,diy-crafts,DIY & Crafts,🪡,sewing,Sewing,Sew straight stitch
🔨,diy-crafts,DIY & Crafts,🪡,sewing,Sewing,Sew zigzag stitch
🔨,diy-crafts,DIY & Crafts,🪡,sewing,Sewing,Sew buttonhole techniques
🔨,diy-crafts,DIY & Crafts,🪡,sewing,Sewing,Sew seam allowance
🔨,diy-crafts,DIY & Crafts,🪡,sewing,Sewing,Sew hemming techniques
🔨,diy-crafts,DIY & Crafts,🪡,sewing,Sewing,Sew gathering techniques
🔨,diy-crafts,DIY & Crafts,🪡,sewing,Sewing,Sew darting techniques
🔨,diy-crafts,DIY & Crafts,🪡,sewing,Sewing,Sew pleating techniques
🔨,diy-crafts,DIY & Crafts,🪡,sewing,Sewing,Sew facing techniques
🔨,diy-crafts,DIY & Crafts,🪡,sewing,Sewing,Sew interfacing techniques
🔨,diy-crafts,DIY & Crafts,🪡,sewing,Sewing,Sew lining techniques
🔨,diy-crafts,DIY & Crafts,🪡,sewing,Sewing,Sew zipper insertion
🔨,diy-crafts,DIY & Crafts,🪡,sewing,Sewing,Sew button attachment
🔨,diy-crafts,DIY & Crafts,🪡,sewing,Sewing,Sew snap installation
🔨,diy-crafts,DIY & Crafts,🪡,sewing,Sewing,Sew pattern reading
🔨,diy-crafts,DIY & Crafts,🪡,sewing,Sewing,Sew fabric cutting
🔨,diy-crafts,DIY & Crafts,🪡,sewing,Sewing,Sew grain line
🔨,diy-crafts,DIY & Crafts,🪡,sewing,Sewing,Sew bias cut
🔨,diy-crafts,DIY & Crafts,🪡,sewing,Sewing,Sew pinning techniques
🔨,diy-crafts,DIY & Crafts,🪡,sewing,Sewing,Sew basting techniques
🔨,diy-crafts,DIY & Crafts,🪡,sewing,Sewing,Sew top stitching
🔨,diy-crafts,DIY & Crafts,🪡,sewing,Sewing,Sew under stitching
🔨,diy-crafts,DIY & Crafts,🪡,sewing,Sewing,Sew french seam
🔨,diy-crafts,DIY & Crafts,🪡,sewing,Sewing,Sew flat felled seam
🔨,diy-crafts,DIY & Crafts,🪡,sewing,Sewing,Sew blind hem
🔨,diy-crafts,DIY & Crafts,🪡,sewing,Sewing,Sew seam finishing
🔨,diy-crafts,DIY & Crafts,🧶,knitting,Knitting,Knit cast on
🔨,diy-crafts,DIY & Crafts,🧶,knitting,Knitting,Knit long tail cast on
🔨,diy-crafts,DIY & Crafts,🧶,knitting,Knitting,Knit knit stitch
🔨,diy-crafts,DIY & Crafts,🧶,knitting,Knitting,Knit purl stitch
🔨,diy-crafts,DIY & Crafts,🧶,knitting,Knitting,Knit stockinette techniques
🔨,diy-crafts,DIY & Crafts,🧶,knitting,Knitting,Knit garter stitch
🔨,diy-crafts,DIY & Crafts,🧶,knitting,Knitting,Knit ribbing techniques
🔨,diy-crafts,DIY & Crafts,🧶,knitting,Knitting,Knit increase techniques
🔨,diy-crafts,DIY & Crafts,🧶,knitting,Knitting,Knit decrease techniques
🔨,diy-crafts,DIY & Crafts,🧶,knitting,Knitting,Knit yarn over
🔨,diy-crafts,DIY & Crafts,🧶,knitting,Knitting,Knit cable knit
🔨,diy-crafts,DIY & Crafts,🧶,knitting,Knitting,Knit lace pattern
🔨,diy-crafts,DIY & Crafts,🧶,knitting,Knitting,Knit fair isle
🔨,diy-crafts,DIY & Crafts,🧶,knitting,Knitting,Knit intarsia techniques
🔨,diy-crafts,DIY & Crafts,🧶,knitting,Knitting,Knit stranded colorwork
🔨,diy-crafts,DIY & Crafts,🧶,knitting,Knitting,Knit circular knitting
🔨,diy-crafts,DIY & Crafts,🧶,knitting,Knitting,Knit double pointed
🔨,diy-crafts,DIY & Crafts,🧶,knitting,Knitting,Knit magic loop
🔨,diy-crafts,DIY & Crafts,🧶,knitting,Knitting,Knit blocking techniques
🔨,diy-crafts,DIY & Crafts,🧶,knitting,Knitting,Knit wet blocking
🔨,diy-crafts,DIY & Crafts,🧶,knitting,Knitting,Knit steam blocking
🔨,diy-crafts,DIY & Crafts,🧶,knitting,Knitting,Knit reading patterns
🔨,diy-crafts,DIY & Crafts,🧶,knitting,Knitting,Knit gauge swatch
🔨,diy-crafts,DIY & Crafts,🧶,knitting,Knitting,Knit yarn weight
🔨,diy-crafts,DIY & Crafts,🧶,knitting,Knitting,Knit needle selection
🔨,diy-crafts,DIY & Crafts,🧶,knitting,Knitting,Knit bind off
🔨,diy-crafts,DIY & Crafts,🧶,knitting,Knitting,Knit stretchy bind off
🔨,diy-crafts,DIY & Crafts,🧶,knitting,Knitting,Knit weaving ends
🔨,diy-crafts,DIY & Crafts,🧶,knitting,Knitting,Knit seaming techniques
🔨,diy-crafts,DIY & Crafts,🧶,knitting,Knitting,Knit button band
🔨,diy-crafts,DIY & Crafts,🪢,crochet,Crochet,Crochet chain stitch
🔨,diy-crafts,DIY & Crafts,🪢,crochet,Crochet,Crochet slip stitch
🔨,diy-crafts,DIY & Crafts,🪢,crochet,Crochet,Crochet single crochet
🔨,diy-crafts,DIY & Crafts,🪢,crochet,Crochet,Crochet half double
🔨,diy-crafts,DIY & Crafts,🪢,crochet,Crochet,Crochet double crochet
🔨,diy-crafts,DIY & Crafts,🪢,crochet,Crochet,Crochet treble crochet
🔨,diy-crafts,DIY & Crafts,🪢,crochet,Crochet,Crochet increase techniques
🔨,diy-crafts,DIY & Crafts,🪢,crochet,Crochet,Crochet decrease techniques
🔨,diy-crafts,DIY & Crafts,🪢,crochet,Crochet,Crochet invisible decrease
🔨,diy-crafts,DIY & Crafts,🪢,crochet,Crochet,Crochet magic ring
🔨,diy-crafts,DIY & Crafts,🪢,crochet,Crochet,Crochet working in round
🔨,diy-crafts,DIY & Crafts,🪢,crochet,Crochet,Crochet granny square
🔨,diy-crafts,DIY & Crafts,🪢,crochet,Crochet,Crochet motif joining
🔨,diy-crafts,DIY & Crafts,🪢,crochet,Crochet,Crochet color change
🔨,diy-crafts,DIY & Crafts,🪢,crochet,Crochet,Crochet tapestry crochet
🔨,diy-crafts,DIY & Crafts,🪢,crochet,Crochet,Crochet filet crochet
🔨,diy-crafts,DIY & Crafts,🪢,crochet,Crochet,Crochet bead crochet
🔨,diy-crafts,DIY & Crafts,🪢,crochet,Crochet,Crochet amigurumi techniques
🔨,diy-crafts,DIY & Crafts,🪢,crochet,Crochet,Crochet blocking crochet
🔨,diy-crafts,DIY & Crafts,🪢,crochet,Crochet,Crochet reading patterns
🔨,diy-crafts,DIY & Crafts,🪢,crochet,Crochet,Crochet yarn over vs under
🔨,diy-crafts,DIY & Crafts,🪢,crochet,Crochet,Crochet gauge techniques
🔨,diy-crafts,DIY & Crafts,🪢,crochet,Crochet,Crochet hook size
🔨,diy-crafts,DIY & Crafts,🪢,crochet,Crochet,Crochet stitch markers
🔨,diy-crafts,DIY & Crafts,🪢,crochet,Crochet,Crochet foundation chain
🔨,diy-crafts,DIY & Crafts,🪢,crochet,Crochet,Crochet standing stitch
🔨,diy-crafts,DIY & Crafts,🪢,crochet,Crochet,Crochet surface crochet
🔨,diy-crafts,DIY & Crafts,🪢,crochet,Crochet,Crochet crochet edging
🔨,diy-crafts,DIY & Crafts,🪢,crochet,Crochet,Crochet button loop
🔨,diy-crafts,DIY & Crafts,🪢,crochet,Crochet,Crochet fasten off
🔨,diy-crafts,DIY & Crafts,🧵,embroidery,Embroidery,Embroider hoop setup
🔨,diy-crafts,DIY & Crafts,🧵,embroidery,Embroidery,Embroider thread selection
🔨,diy-crafts,DIY & Crafts,🧵,embroidery,Embroidery,Embroider needle types
🔨,diy-crafts,DIY & Crafts,🧵,embroidery,Embroidery,Embroider back stitch
🔨,diy-crafts,DIY & Crafts,🧵,embroidery,Embroidery,Embroider running stitch
🔨,diy-crafts,DIY & Crafts,🧵,embroidery,Embroidery,Embroider split stitch
🔨,diy-crafts,DIY & Crafts,🧵,embroidery,Embroidery,Embroider stem stitch
🔨,diy-crafts,DIY & Crafts,🧵,embroidery,Embroidery,Embroider chain stitch
🔨,diy-crafts,DIY & Crafts,🧵,embroidery,Embroidery,Embroider french knot
🔨,diy-crafts,DIY & Crafts,🧵,embroidery,Embroidery,Embroider bullion knot
🔨,diy-crafts,DIY & Crafts,🧵,embroidery,Embroidery,Embroider satin stitch
🔨,diy-crafts,DIY & Crafts,🧵,embroidery,Embroidery,Embroider long short stitch
🔨,diy-crafts,DIY & Crafts,🧵,embroidery,Embroidery,Embroider seed stitch
🔨,diy-crafts,DIY & Crafts,🧵,embroidery,Embroidery,Embroider blanket stitch
🔨,diy-crafts,DIY & Crafts,🧵,embroidery,Embroidery,Embroider cross stitch
🔨,diy-crafts,DIY & Crafts,🧵,embroidery,Embroidery,Embroider couching techniques
🔨,diy-crafts,DIY & Crafts,🧵,embroidery,Embroidery,Embroider lazy daisy
🔨,diy-crafts,DIY & Crafts,🧵,embroidery,Embroidery,Embroider fly stitch
🔨,diy-crafts,DIY & Crafts,🧵,embroidery,Embroidery,Embroider feather stitch
🔨,diy-crafts,DIY & Crafts,🧵,embroidery,Embroidery,Embroider herringbone techniques
🔨,diy-crafts,DIY & Crafts,🧵,embroidery,Embroidery,Embroider thread painting
🔨,diy-crafts,DIY & Crafts,🧵,embroidery,Embroidery,Embroider gold work
🔨,diy-crafts,DIY & Crafts,🧵,embroidery,Embroidery,Embroider blackwork techniques
🔨,diy-crafts,DIY & Crafts,🧵,embroidery,Embroidery,Embroider whitework techniques
🔨,diy-crafts,DIY & Crafts,🧵,embroidery,Embroidery,Embroider stumpwork techniques
🔨,diy-crafts,DIY & Crafts,🧵,embroidery,Embroidery,Embroider pattern transfer
🔨,diy-crafts,DIY & Crafts,🧵,embroidery,Embroidery,Embroider carbon paper
🔨,diy-crafts,DIY & Crafts,🧵,embroidery,Embroidery,Embroider water soluble pen
🔨,diy-crafts,DIY & Crafts,🧵,embroidery,Embroidery,Embroider fabric selection
🔨,diy-crafts,DIY & Crafts,🧵,embroidery,Embroidery,Embroider finishing hoop
🔨,diy-crafts,DIY & Crafts,🛏️,quilting,Quilting,Quilt fabric selection
🔨,diy-crafts,DIY & Crafts,🛏️,quilting,Quilting,Quilt color planning
🔨,diy-crafts,DIY & Crafts,🛏️,quilting,Quilting,Quilt cutting squares
🔨,diy-crafts,DIY & Crafts,🛏️,quilting,Quilting,Quilt rotary cutting
🔨,diy-crafts,DIY & Crafts,🛏️,quilting,Quilting,Quilt ruler use
🔨,diy-crafts,DIY & Crafts,🛏️,quilting,Quilting,Quilt cutting mat
🔨,diy-crafts,DIY & Crafts,🛏️,quilting,Quilting,Quilt patchwork techniques
🔨,diy-crafts,DIY & Crafts,🛏️,quilting,Quilting,Quilt nine patch
🔨,diy-crafts,DIY & Crafts,🛏️,quilting,Quilting,Quilt log cabin
🔨,diy-crafts,DIY & Crafts,🛏️,quilting,Quilting,Quilt flying geese
🔨,diy-crafts,DIY & Crafts,🛏️,quilting,Quilting,Quilt half square triangle
🔨,diy-crafts,DIY & Crafts,🛏️,quilting,Quilting,Quilt quarter square triangle
🔨,diy-crafts,DIY & Crafts,🛏️,quilting,Quilting,Quilt star pattern
🔨,diy-crafts,DIY & Crafts,🛏️,quilting,Quilting,Quilt sashing techniques
🔨,diy-crafts,DIY & Crafts,🛏️,quilting,Quilting,Quilt borders techniques
🔨,diy-crafts,DIY & Crafts,🛏️,quilting,Quilting,Quilt layering techniques
🔨,diy-crafts,DIY & Crafts,🛏️,quilting,Quilting,Quilt basting techniques
🔨,diy-crafts,DIY & Crafts,🛏️,quilting,Quilting,Quilt quilting stitch
🔨,diy-crafts,DIY & Crafts,🛏️,quilting,Quilting,Quilt walking foot
🔨,diy-crafts,DIY & Crafts,🛏️,quilting,Quilting,Quilt free motion
🔨,diy-crafts,DIY & Crafts,🛏️,quilting,Quilting,Quilt stippling techniques
🔨,diy-crafts,DIY & Crafts,🛏️,quilting,Quilting,Quilt echo quilting
🔨,diy-crafts,DIY & Crafts,🛏️,quilting,Quilting,Quilt binding techniques
🔨,diy-crafts,DIY & Crafts,🛏️,quilting,Quilting,Quilt mitered corner
🔨,diy-crafts,DIY & Crafts,🛏️,quilting,Quilting,Quilt hanging sleeve
🔨,diy-crafts,DIY & Crafts,🛏️,quilting,Quilting,Quilt quilt label
🔨,diy-crafts,DIY & Crafts,🛏️,quilting,Quilting,Quilt scrap quilting
🔨,diy-crafts,DIY & Crafts,🛏️,quilting,Quilting,Quilt paper piecing
🔨,diy-crafts,DIY & Crafts,🛏️,quilting,Quilting,Quilt foundation piecing
🔨,diy-crafts,DIY & Crafts,🛏️,quilting,Quilting,Quilt long arm quilting
🔨,diy-crafts,DIY & Crafts,🪢,macrame,Macrame,Knot cord selection
🔨,diy-crafts,DIY & Crafts,🪢,macrame,Macrame,Knot cutting cord
🔨,diy-crafts,DIY & Crafts,🪢,macrame,Macrame,Knot mounting techniques
🔨,diy-crafts,DIY & Crafts,🪢,macrame,Macrame,Knot reverse larkshead
🔨,diy-crafts,DIY & Crafts,🪢,macrame,Macrame,Knot square knot
🔨,diy-crafts,DIY & Crafts,🪢,macrame,Macrame,Knot half knot
🔨,diy-crafts,DIY & Crafts,🪢,macrame,Macrame,Knot spiral stitch
🔨,diy-crafts,DIY & Crafts,🪢,macrame,Macrame,Knot double half hitch
🔨,diy-crafts,DIY & Crafts,🪢,macrame,Macrame,Knot vertical half hitch
🔨,diy-crafts,DIY & Crafts,🪢,macrame,Macrame,Knot horizontal half hitch
🔨,diy-crafts,DIY & Crafts,🪢,macrame,Macrame,Knot diagonal half hitch
🔨,diy-crafts,DIY & Crafts,🪢,macrame,Macrame,Knot alternating square
🔨,diy-crafts,DIY & Crafts,🪢,macrame,Macrame,Knot berry knot
🔨,diy-crafts,DIY & Crafts,🪢,macrame,Macrame,Knot josephine knot
🔨,diy-crafts,DIY & Crafts,🪢,macrame,Macrame,Knot overhand knot
🔨,diy-crafts,DIY & Crafts,🪢,macrame,Macrame,Knot wrapping knot
🔨,diy-crafts,DIY & Crafts,🪢,macrame,Macrame,Knot gathering knot
🔨,diy-crafts,DIY & Crafts,🪢,macrame,Macrame,Knot tassel making
🔨,diy-crafts,DIY & Crafts,🪢,macrame,Macrame,Knot fringe techniques
🔨,diy-crafts,DIY & Crafts,🪢,macrame,Macrame,Knot diamond pattern
🔨,diy-crafts,DIY & Crafts,🪢,macrame,Macrame,Knot v pattern
🔨,diy-crafts,DIY & Crafts,🪢,macrame,Macrame,Knot chevron pattern
🔨,diy-crafts,DIY & Crafts,🪢,macrame,Macrame,Knot braid pattern
🔨,diy-crafts,DIY & Crafts,🪢,macrame,Macrame,Knot plant hanger
🔨,diy-crafts,DIY & Crafts,🪢,macrame,Macrame,Knot wall hanging
🔨,diy-crafts,DIY & Crafts,🪢,macrame,Macrame,Knot shelf design
🔨,diy-crafts,DIY & Crafts,🪢,macrame,Macrame,Knot s curve design
🔨,diy-crafts,DIY & Crafts,🪢,macrame,Macrame,Knot beading techniques
🔨,diy-crafts,DIY & Crafts,🪢,macrame,Macrame,Knot ring frame
🔨,diy-crafts,DIY & Crafts,🪢,macrame,Macrame,Knot finishing seal
🔨,diy-crafts,DIY & Crafts,⏰,weaving,Weaving,Weave loom setup
🔨,diy-crafts,DIY & Crafts,⏰,weaving,Weaving,Weave warping techniques
🔨,diy-crafts,DIY & Crafts,⏰,weaving,Weaving,Weave warp board
🔨,diy-crafts,DIY & Crafts,⏰,weaving,Weaving,Weave sleying reed
🔨,diy-crafts,DIY & Crafts,⏰,weaving,Weaving,Weave threading heddle
🔨,diy-crafts,DIY & Crafts,⏰,weaving,Weaving,Weave tying on
🔨,diy-crafts,DIY & Crafts,⏰,weaving,Weaving,Weave winding shuttle
🔨,diy-crafts,DIY & Crafts,⏰,weaving,Weaving,Weave plain weave
🔨,diy-crafts,DIY & Crafts,⏰,weaving,Weaving,Weave twill weave
🔨,diy-crafts,DIY & Crafts,⏰,weaving,Weaving,Weave satin weave
🔨,diy-crafts,DIY & Crafts,⏰,weaving,Weaving,Weave basket weave
🔨,diy-crafts,DIY & Crafts,⏰,weaving,Weaving,Weave rib weave
🔨,diy-crafts,DIY & Crafts,⏰,weaving,Weaving,Weave herringbone techniques
🔨,diy-crafts,DIY & Crafts,⏰,weaving,Weaving,Weave summer winter
🔨,diy-crafts,DIY & Crafts,⏰,weaving,Weaving,Weave overshot techniques
🔨,diy-crafts,DIY & Crafts,⏰,weaving,Weaving,Weave double weave
🔨,diy-crafts,DIY & Crafts,⏰,weaving,Weaving,Weave lace weave
🔨,diy-crafts,DIY & Crafts,⏰,weaving,Weaving,Weave tapestry weave
🔨,diy-crafts,DIY & Crafts,⏰,weaving,Weaving,Weave rya knots
🔨,diy-crafts,DIY & Crafts,⏰,weaving,Weaving,Weave soumak techniques
🔨,diy-crafts,DIY & Crafts,⏰,weaving,Weaving,Weave weft faced
🔨,diy-crafts,DIY & Crafts,⏰,weaving,Weaving,Weave warp faced
🔨,diy-crafts,DIY & Crafts,⏰,weaving,Weaving,Weave balanced weave
🔨,diy-crafts,DIY & Crafts,⏰,weaving,Weaving,Weave color blending
🔨,diy-crafts,DIY & Crafts,⏰,weaving,Weaving,Weave selvedge techniques
🔨,diy-crafts,DIY & Crafts,⏰,weaving,Weaving,Weave beating techniques
🔨,diy-crafts,DIY & Crafts,⏰,weaving,Weaving,Weave advancing warp
🔨,diy-crafts,DIY & Crafts,⏰,weaving,Weaving,Weave cutting off
🔨,diy-crafts,DIY & Crafts,⏰,weaving,Weaving,Weave hemstitch techniques
🔨,diy-crafts,DIY & Crafts,⏰,weaving,Weaving,Weave finishing techniques
🔨,diy-crafts,DIY & Crafts,💍,jewelry-making,Jewelry Making,Make bead stringing
🔨,diy-crafts,DIY & Crafts,💍,jewelry-making,Jewelry Making,Make wire wrapping
🔨,diy-crafts,DIY & Crafts,💍,jewelry-making,Jewelry Making,Make wire gauge
🔨,diy-crafts,DIY & Crafts,💍,jewelry-making,Jewelry Making,Make cutting wire
🔨,diy-crafts,DIY & Crafts,💍,jewelry-making,Jewelry Making,Make round nose pliers
🔨,diy-crafts,DIY & Crafts,💍,jewelry-making,Jewelry Making,Make chain nose pliers
🔨,diy-crafts,DIY & Crafts,💍,jewelry-making,Jewelry Making,Make crimping techniques
🔨,diy-crafts,DIY & Crafts,💍,jewelry-making,Jewelry Making,Make crimp bead
🔨,diy-crafts,DIY & Crafts,💍,jewelry-making,Jewelry Making,Make crimp cover
🔨,diy-crafts,DIY & Crafts,💍,jewelry-making,Jewelry Making,Make clasp attachment
🔨,diy-crafts,DIY & Crafts,💍,jewelry-making,Jewelry Making,Make jump ring
🔨,diy-crafts,DIY & Crafts,💍,jewelry-making,Jewelry Making,Make split ring
🔨,diy-crafts,DIY & Crafts,💍,jewelry-making,Jewelry Making,Make head pin
🔨,diy-crafts,DIY & Crafts,💍,jewelry-making,Jewelry Making,Make eye pin
🔨,diy-crafts,DIY & Crafts,💍,jewelry-making,Jewelry Making,Make ear wire
🔨,diy-crafts,DIY & Crafts,💍,jewelry-making,Jewelry Making,Make findings selection
🔨,diy-crafts,DIY & Crafts,💍,jewelry-making,Jewelry Making,Make design layout
🔨,diy-crafts,DIY & Crafts,💍,jewelry-making,Jewelry Making,Make pattern repeat
🔨,diy-crafts,DIY & Crafts,💍,jewelry-making,Jewelry Making,Make bead types
🔨,diy-crafts,DIY & Crafts,💍,jewelry-making,Jewelry Making,Make glass beads
🔨,diy-crafts,DIY & Crafts,💍,jewelry-making,Jewelry Making,Make semi precious
🔨,diy-crafts,DIY & Crafts,💍,jewelry-making,Jewelry Making,Make pearl stringing
🔨,diy-crafts,DIY & Crafts,💍,jewelry-making,Jewelry Making,Make knotting pearls
🔨,diy-crafts,DIY & Crafts,💍,jewelry-making,Jewelry Making,Make memory wire
🔨,diy-crafts,DIY & Crafts,💍,jewelry-making,Jewelry Making,Make chain maille
🔨,diy-crafts,DIY & Crafts,💍,jewelry-making,Jewelry Making,Make solder jewelry
🔨,diy-crafts,DIY & Crafts,💍,jewelry-making,Jewelry Making,Make cold connection
🔨,diy-crafts,DIY & Crafts,💍,jewelry-making,Jewelry Making,Make metal stamping
🔨,diy-crafts,DIY & Crafts,💍,jewelry-making,Jewelry Making,Make resin jewelry
🔨,diy-crafts,DIY & Crafts,💍,jewelry-making,Jewelry Making,Make polymer clay bead
🔨,diy-crafts,DIY & Crafts,🏺,pottery-ceramics,Pottery & Ceramics,Throw wedging techniques
🔨,diy-crafts,DIY & Crafts,🏺,pottery-ceramics,Pottery & Ceramics,Throw centering techniques
🔨,diy-crafts,DIY & Crafts,🏺,pottery-ceramics,Pottery & Ceramics,Throw opening techniques
🔨,diy-crafts,DIY & Crafts,🏺,pottery-ceramics,Pottery & Ceramics,Throw pulling walls
🔨,diy-crafts,DIY & Crafts,🏺,pottery-ceramics,Pottery & Ceramics,Throw shaping techniques
🔨,diy-crafts,DIY & Crafts,🏺,pottery-ceramics,Pottery & Ceramics,Throw trimming techniques
🔨,diy-crafts,DIY & Crafts,🏺,pottery-ceramics,Pottery & Ceramics,Throw hand building
🔨,diy-crafts,DIY & Crafts,🏺,pottery-ceramics,Pottery & Ceramics,Throw pinch pot
🔨,diy-crafts,DIY & Crafts,🏺,pottery-ceramics,Pottery & Ceramics,Throw coil building
🔨,diy-crafts,DIY & Crafts,🏺,pottery-ceramics,Pottery & Ceramics,Throw slab building
🔨,diy-crafts,DIY & Crafts,🏺,pottery-ceramics,Pottery & Ceramics,Throw score and slip
🔨,diy-crafts,DIY & Crafts,🏺,pottery-ceramics,Pottery & Ceramics,Throw clay types
🔨,diy-crafts,DIY & Crafts,🏺,pottery-ceramics,Pottery & Ceramics,Throw stoneware techniques
🔨,diy-crafts,DIY & Crafts,🏺,pottery-ceramics,Pottery & Ceramics,Throw earthenware techniques
🔨,diy-crafts,DIY & Crafts,🏺,pottery-ceramics,Pottery & Ceramics,Throw porcelain techniques
🔨,diy-crafts,DIY & Crafts,🏺,pottery-ceramics,Pottery & Ceramics,Throw kiln loading
🔨,diy-crafts,DIY & Crafts,🏺,pottery-ceramics,Pottery & Ceramics,Throw bisque firing
🔨,diy-crafts,DIY & Crafts,🏺,pottery-ceramics,Pottery & Ceramics,Throw glaze firing
🔨,diy-crafts,DIY & Crafts,🏺,pottery-ceramics,Pottery & Ceramics,Throw glaze application
🔨,diy-crafts,DIY & Crafts,🏺,pottery-ceramics,Pottery & Ceramics,Throw dip glazing
🔨,diy-crafts,DIY & Crafts,🏺,pottery-ceramics,Pottery & Ceramics,Throw pour glazing
🔨,diy-crafts,DIY & Crafts,🏺,pottery-ceramics,Pottery & Ceramics,Throw brush glazing
🔨,diy-crafts,DIY & Crafts,🏺,pottery-ceramics,Pottery & Ceramics,Throw wax resist
🔨,diy-crafts,DIY & Crafts,🏺,pottery-ceramics,Pottery & Ceramics,Throw glaze chemistry
🔨,diy-crafts,DIY & Crafts,🏺,pottery-ceramics,Pottery & Ceramics,Throw raku firing
🔨,diy-crafts,DIY & Crafts,🏺,pottery-ceramics,Pottery & Ceramics,Throw pit firing
🔨,diy-crafts,DIY & Crafts,🏺,pottery-ceramics,Pottery & Ceramics,Throw sagger firing
🔨,diy-crafts,DIY & Crafts,🏺,pottery-ceramics,Pottery & Ceramics,Throw kiln temperature
🔨,diy-crafts,DIY & Crafts,🏺,pottery-ceramics,Pottery & Ceramics,Throw cone system
🔨,diy-crafts,DIY & Crafts,🏺,pottery-ceramics,Pottery & Ceramics,Throw cooling rate
🔨,diy-crafts,DIY & Crafts,📄,paper-crafts,Paper Crafts,Fold paper cutting
🔨,diy-crafts,DIY & Crafts,📄,paper-crafts,Paper Crafts,Fold die cutting
🔨,diy-crafts,DIY & Crafts,📄,paper-crafts,Paper Crafts,Score food surfaces
🔨,diy-crafts,DIY & Crafts,📄,paper-crafts,Paper Crafts,Fold folding techniques
🔨,diy-crafts,DIY & Crafts,📄,paper-crafts,Paper Crafts,Fold embossing techniques
🔨,diy-crafts,DIY & Crafts,📄,paper-crafts,Paper Crafts,Fold dry embossing
🔨,diy-crafts,DIY & Crafts,📄,paper-crafts,Paper Crafts,Fold heat embossing
🔨,diy-crafts,DIY & Crafts,📄,paper-crafts,Paper Crafts,Fold paper layering
🔨,diy-crafts,DIY & Crafts,📄,paper-crafts,Paper Crafts,Fold decoupage techniques
🔨,diy-crafts,DIY & Crafts,📄,paper-crafts,Paper Crafts,Fold paper mache
🔨,diy-crafts,DIY & Crafts,📄,paper-crafts,Paper Crafts,Fold papier mâché
🔨,diy-crafts,DIY & Crafts,📄,paper-crafts,Paper Crafts,Fold card making
🔨,diy-crafts,DIY & Crafts,📄,paper-crafts,Paper Crafts,Fold stamping techniques
🔨,diy-crafts,DIY & Crafts,📄,paper-crafts,Paper Crafts,Fold stamp mounting
🔨,diy-crafts,DIY & Crafts,📄,paper-crafts,Paper Crafts,Fold ink selection
🔨,diy-crafts,DIY & Crafts,📄,paper-crafts,Paper Crafts,Fold masking paper
🔨,diy-crafts,DIY & Crafts,📄,paper-crafts,Paper Crafts,Fold stenciling techniques
🔨,diy-crafts,DIY & Crafts,📄,paper-crafts,Paper Crafts,Fold paper weaving
🔨,diy-crafts,DIY & Crafts,📄,paper-crafts,Paper Crafts,Fold quilling techniques
🔨,diy-crafts,DIY & Crafts,📄,paper-crafts,Paper Crafts,Fold paper rolling
🔨,diy-crafts,DIY & Crafts,📄,paper-crafts,Paper Crafts,Fold fringing techniques
🔨,diy-crafts,DIY & Crafts,📄,paper-crafts,Paper Crafts,Fold punching techniques
🔨,diy-crafts,DIY & Crafts,📄,paper-crafts,Paper Crafts,Fold shape punch
🔨,diy-crafts,DIY & Crafts,📄,paper-crafts,Paper Crafts,Fold corner punch
🔨,diy-crafts,DIY & Crafts,📄,paper-crafts,Paper Crafts,Fold edge punch
🔨,diy-crafts,DIY & Crafts,📄,paper-crafts,Paper Crafts,Fold paper piecing
🔨,diy-crafts,DIY & Crafts,📄,paper-crafts,Paper Crafts,Fold 3d paper
🔨,diy-crafts,DIY & Crafts,📄,paper-crafts,Paper Crafts,Fold pop up card
🔨,diy-crafts,DIY & Crafts,📄,paper-crafts,Paper Crafts,Fold kiri kiri
🔨,diy-crafts,DIY & Crafts,📄,paper-crafts,Paper Crafts,Fold paper sculpture
🔨,diy-crafts,DIY & Crafts,🦢,origami,Origami,Fold paper selection
🔨,diy-crafts,DIY & Crafts,🦢,origami,Origami,Fold kami paper
🔨,diy-crafts,DIY & Crafts,🦢,origami,Origami,Fold washi paper
🔨,diy-crafts,DIY & Crafts,🦢,origami,Origami,Fold foil paper
🔨,diy-crafts,DIY & Crafts,🦢,origami,Origami,Fold square base
🔨,diy-crafts,DIY & Crafts,🦢,origami,Origami,Fold preliminary fold
🔨,diy-crafts,DIY & Crafts,🦢,origami,Origami,Fold valley fold
🔨,diy-crafts,DIY & Crafts,🦢,origami,Origami,Fold mountain fold
🔨,diy-crafts,DIY & Crafts,🦢,origami,Origami,Fold reverse fold
🔨,diy-crafts,DIY & Crafts,🦢,origami,Origami,Fold inside reverse
🔨,diy-crafts,DIY & Crafts,🦢,origami,Origami,Fold outside reverse
🔨,diy-crafts,DIY & Crafts,🦢,origami,Origami,Fold pleat fold
🔨,diy-crafts,DIY & Crafts,🦢,origami,Origami,Fold crimp fold
🔨,diy-crafts,DIY & Crafts,🦢,origami,Origami,Fold sink fold
🔨,diy-crafts,DIY & Crafts,🦢,origami,Origami,Fold open sink
🔨,diy-crafts,DIY & Crafts,🦢,origami,Origami,Fold closed sink
🔨,diy-crafts,DIY & Crafts,🦢,origami,Origami,Fold squash fold
🔨,diy-crafts,DIY & Crafts,🦢,origami,Origami,Fold rabbit ear
🔨,diy-crafts,DIY & Crafts,🦢,origami,Origami,Fold blintz base
🔨,diy-crafts,DIY & Crafts,🦢,origami,Origami,Fold waterbomb base
🔨,diy-crafts,DIY & Crafts,🦢,origami,Origami,Fold bird base
🔨,diy-crafts,DIY & Crafts,🦢,origami,Origami,Fold frog base
🔨,diy-crafts,DIY & Crafts,🦢,origami,Origami,Fold diamond base
🔨,diy-crafts,DIY & Crafts,🦢,origami,Origami,Fold wet folding
🔨,diy-crafts,DIY & Crafts,🦢,origami,Origami,Fold multi piece
🔨,diy-crafts,DIY & Crafts,🦢,origami,Origami,Fold modular origami
🔨,diy-crafts,DIY & Crafts,🦢,origami,Origami,Fold crease pattern
🔨,diy-crafts,DIY & Crafts,🦢,origami,Origami,Fold diagram reading
🔨,diy-crafts,DIY & Crafts,🦢,origami,Origami,Fold action origami
🔨,diy-crafts,DIY & Crafts,🦢,origami,Origami,Fold kusudama techniques
🔨,diy-crafts,DIY & Crafts,📔,scrapbooking,Scrapbooking,Design album selection
🔨,diy-crafts,DIY & Crafts,📔,scrapbooking,Scrapbooking,Design page layout
🔨,diy-crafts,DIY & Crafts,📔,scrapbooking,Scrapbooking,Design photo selection
🔨,diy-crafts,DIY & Crafts,📔,scrapbooking,Scrapbooking,Design photo cropping
🔨,diy-crafts,DIY & Crafts,📔,scrapbooking,Scrapbooking,Design matting photos
🔨,diy-crafts,DIY & Crafts,📔,scrapbooking,Scrapbooking,Design journaling techniques
🔨,diy-crafts,DIY & Crafts,📔,scrapbooking,Scrapbooking,Design title design
🔨,diy-crafts,DIY & Crafts,📔,scrapbooking,Scrapbooking,Design letter stickers
🔨,diy-crafts,DIY & Crafts,📔,scrapbooking,Scrapbooking,Design embellishment techniques
🔨,diy-crafts,DIY & Crafts,📔,scrapbooking,Scrapbooking,Design paper layering
🔨,diy-crafts,DIY & Crafts,📔,scrapbooking,Scrapbooking,Design pattern paper
🔨,diy-crafts,DIY & Crafts,📔,scrapbooking,Scrapbooking,Design cardstock techniques
🔨,diy-crafts,DIY & Crafts,📔,scrapbooking,Scrapbooking,Design die cut shapes
🔨,diy-crafts,DIY & Crafts,📔,scrapbooking,Scrapbooking,Design sticker placement
🔨,diy-crafts,DIY & Crafts,📔,scrapbooking,Scrapbooking,Design washi tape
🔨,diy-crafts,DIY & Crafts,📔,scrapbooking,Scrapbooking,Design corner rounding
🔨,diy-crafts,DIY & Crafts,📔,scrapbooking,Scrapbooking,Design eyelet setting
🔨,diy-crafts,DIY & Crafts,📔,scrapbooking,Scrapbooking,Design brady pins
🔨,diy-crafts,DIY & Crafts,📔,scrapbooking,Scrapbooking,Design flower embellishment
🔨,diy-crafts,DIY & Crafts,📔,scrapbooking,Scrapbooking,Design ribbon accent
🔨,diy-crafts,DIY & Crafts,📔,scrapbooking,Scrapbooking,Design button detail
🔨,diy-crafts,DIY & Crafts,📔,scrapbooking,Scrapbooking,Design envelope pocket
🔨,diy-crafts,DIY & Crafts,📔,scrapbooking,Scrapbooking,Design interactive element
🔨,diy-crafts,DIY & Crafts,📔,scrapbooking,Scrapbooking,Design pop up photo
🔨,diy-crafts,DIY & Crafts,📔,scrapbooking,Scrapbooking,Design theme planning
🔨,diy-crafts,DIY & Crafts,📔,scrapbooking,Scrapbooking,Design color scheme
🔨,diy-crafts,DIY & Crafts,📔,scrapbooking,Scrapbooking,Design page protection
🔨,diy-crafts,DIY & Crafts,📔,scrapbooking,Scrapbooking,Design album storage
🔨,diy-crafts,DIY & Crafts,📔,scrapbooking,Scrapbooking,Design archival quality
🔨,diy-crafts,DIY & Crafts,📔,scrapbooking,Scrapbooking,Design documenting story
🔨,diy-crafts,DIY & Crafts,🕯️,candle-making,Candle Making,Make wax selection
🔨,diy-crafts,DIY & Crafts,🕯️,candle-making,Candle Making,Make paraffin wax
🔨,diy-crafts,DIY & Crafts,🕯️,candle-making,Candle Making,Make soy wax
🔨,diy-crafts,DIY & Crafts,🕯️,candle-making,Candle Making,Make beeswax techniques
🔨,diy-crafts,DIY & Crafts,🕯️,candle-making,Candle Making,Make palm wax
🔨,diy-crafts,DIY & Crafts,🕯️,candle-making,Candle Making,Make gel wax
🔨,diy-crafts,DIY & Crafts,🕯️,candle-making,Candle Making,Make wick selection
🔨,diy-crafts,DIY & Crafts,🕯️,candle-making,Candle Making,Make wick sizing
🔨,diy-crafts,DIY & Crafts,🕯️,candle-making,Candle Making,Make wick tab
🔨,diy-crafts,DIY & Crafts,🕯️,candle-making,Candle Making,Make melt wax
🔨,diy-crafts,DIY & Crafts,🕯️,candle-making,Candle Making,Make double boiler
🔨,diy-crafts,DIY & Crafts,🕯️,candle-making,Candle Making,Make temperature control
🔨,diy-crafts,DIY & Crafts,🕯️,candle-making,Candle Making,Make fragrance oil
🔨,diy-crafts,DIY & Crafts,🕯️,candle-making,Candle Making,Make essential oil
🔨,diy-crafts,DIY & Crafts,🕯️,candle-making,Candle Making,Make scent load
🔨,diy-crafts,DIY & Crafts,🕯️,candle-making,Candle Making,Make color dye
🔨,diy-crafts,DIY & Crafts,🕯️,candle-making,Candle Making,Make liquid dye
🔨,diy-crafts,DIY & Crafts,🕯️,candle-making,Candle Making,Make dye block
🔨,diy-crafts,DIY & Crafts,🕯️,candle-making,Candle Making,Make container selection
🔨,diy-crafts,DIY & Crafts,🕯️,candle-making,Candle Making,Make mold selection
🔨,diy-crafts,DIY & Crafts,🕯️,candle-making,Candle Making,Make silicone mold
🔨,diy-crafts,DIY & Crafts,🕯️,candle-making,Candle Making,Make pouring temperature
🔨,diy-crafts,DIY & Crafts,🕯️,candle-making,Candle Making,Make cooling process
🔨,diy-crafts,DIY & Crafts,🕯️,candle-making,Candle Making,Make curing time
🔨,diy-crafts,DIY & Crafts,🕯️,candle-making,Candle Making,Make frosting prevention
🔨,diy-crafts,DIY & Crafts,🕯️,candle-making,Candle Making,Make sinkhole fix
🔨,diy-crafts,DIY & Crafts,🕯️,candle-making,Candle Making,Make top finish
🔨,diy-crafts,DIY & Crafts,🕯️,candle-making,Candle Making,Make layer candle
🔨,diy-crafts,DIY & Crafts,🕯️,candle-making,Candle Making,Make pillar candle
🔨,diy-crafts,DIY & Crafts,🕯️,candle-making,Candle Making,Make votive candle
🔨,diy-crafts,DIY & Crafts,🧼,soap-making,Soap Making,Make cold process
🔨,diy-crafts,DIY & Crafts,🧼,soap-making,Soap Making,Make hot process
🔨,diy-crafts,DIY & Crafts,🧼,soap-making,Soap Making,Make melt and pour
🔨,diy-crafts,DIY & Crafts,🧼,soap-making,Soap Making,Make lye safety
🔨,diy-crafts,DIY & Crafts,🧼,soap-making,Soap Making,Make lye solution
🔨,diy-crafts,DIY & Crafts,🧼,soap-making,Soap Making,Make oil selection
🔨,diy-crafts,DIY & Crafts,🧼,soap-making,Soap Making,Make olive oil
🔨,diy-crafts,DIY & Crafts,🧼,soap-making,Soap Making,Make coconut oil
🔨,diy-crafts,DIY & Crafts,🧼,soap-making,Soap Making,Make palm oil
🔨,diy-crafts,DIY & Crafts,🧼,soap-making,Soap Making,Make castor oil
🔨,diy-crafts,DIY & Crafts,🧼,soap-making,Soap Making,Make shea butter
🔨,diy-crafts,DIY & Crafts,🧼,soap-making,Soap Making,Make cocoa butter
🔨,diy-crafts,DIY & Crafts,🧼,soap-making,Soap Making,Make superfatting techniques
🔨,diy-crafts,DIY & Crafts,🧼,soap-making,Soap Making,Make saponification techniques
🔨,diy-crafts,DIY & Crafts,🧼,soap-making,Soap Making,Make trace techniques
🔨,diy-crafts,DIY & Crafts,🧼,soap-making,Soap Making,Make stick blender
🔨,diy-crafts,DIY & Crafts,🧼,soap-making,Soap Making,Make mold prep
🔨,diy-crafts,DIY & Crafts,🧼,soap-making,Soap Making,Make silicone mold
🔨,diy-crafts,DIY & Crafts,🧼,soap-making,Soap Making,Make wood mold
🔨,diy-crafts,DIY & Crafts,🧼,soap-making,Soap Making,Make colorant techniques
🔨,diy-crafts,DIY & Crafts,🧼,soap-making,Soap Making,Make natural color
🔨,diy-crafts,DIY & Crafts,🧼,soap-making,Soap Making,Make mica powder
🔨,diy-crafts,DIY & Crafts,🧼,soap-making,Soap Making,Make clays techniques
🔨,diy-crafts,DIY & Crafts,🧼,soap-making,Soap Making,Make fragrance techniques
🔨,diy-crafts,DIY & Crafts,🧼,soap-making,Soap Making,Make essential oil blend
🔨,diy-crafts,DIY & Crafts,🧼,soap-making,Soap Making,Make swirl technique
🔨,diy-crafts,DIY & Crafts,🧼,soap-making,Soap Making,Make drop swirl
🔨,diy-crafts,DIY & Crafts,🧼,soap-making,Soap Making,Make it swirl
🔨,diy-crafts,DIY & Crafts,🧼,soap-making,Soap Making,Make layered soap
🔨,diy-crafts,DIY & Crafts,🧼,soap-making,Soap Making,Make cutting soap
🔨,diy-crafts,DIY & Crafts,🧵,leatherworking,Leatherworking,Tool leather types
🔨,diy-crafts,DIY & Crafts,🧵,leatherworking,Leatherworking,Tool full grain
🔨,diy-crafts,DIY & Crafts,🧵,leatherworking,Leatherworking,Tool top grain
🔨,diy-crafts,DIY & Crafts,🧵,leatherworking,Leatherworking,Tool genuine leather
🔨,diy-crafts,DIY & Crafts,🧵,leatherworking,Leatherworking,Tool veg tan
🔨,diy-crafts,DIY & Crafts,🧵,leatherworking,Leatherworking,Tool chrome tan
🔨,diy-crafts,DIY & Crafts,🧵,leatherworking,Leatherworking,Tool cutting leather
🔨,diy-crafts,DIY & Crafts,🧵,leatherworking,Leatherworking,Tool rotary cutter
🔨,diy-crafts,DIY & Crafts,🧵,leatherworking,Leatherworking,Tool head knife
🔨,diy-crafts,DIY & Crafts,🧵,leatherworking,Leatherworking,Tool stitching awl
🔨,diy-crafts,DIY & Crafts,🧵,leatherworking,Leatherworking,Tool saddle stitch
🔨,diy-crafts,DIY & Crafts,🧵,leatherworking,Leatherworking,Tool lock stitch
🔨,diy-crafts,DIY & Crafts,🧵,leatherworking,Leatherworking,Tool harness needle
🔨,diy-crafts,DIY & Crafts,🧵,leatherworking,Leatherworking,Tool thread waxing
🔨,diy-crafts,DIY & Crafts,🧵,leatherworking,Leatherworking,Tool edge finishing
🔨,diy-crafts,DIY & Crafts,🧵,leatherworking,Leatherworking,Tool edge beveler
🔨,diy-crafts,DIY & Crafts,🧵,leatherworking,Leatherworking,Tool burnishing techniques
🔨,diy-crafts,DIY & Crafts,🧵,leatherworking,Leatherworking,Tool gum tragacanth
🔨,diy-crafts,DIY & Crafts,🧵,leatherworking,Leatherworking,Tool edge paint
🔨,diy-crafts,DIY & Crafts,🧵,leatherworking,Leatherworking,Tool pricking iron
🔨,diy-crafts,DIY & Crafts,🧵,leatherworking,Leatherworking,Tool diamond chisel
🔨,diy-crafts,DIY & Crafts,🧵,leatherworking,Leatherworking,Tool stitching groove
🔨,diy-crafts,DIY & Crafts,🧵,leatherworking,Leatherworking,Tool crease marking
🔨,diy-crafts,DIY & Crafts,🧵,leatherworking,Leatherworking,Tool strap cutter
🔨,diy-crafts,DIY & Crafts,🧵,leatherworking,Leatherworking,Tool rivet setting
🔨,diy-crafts,DIY & Crafts,🧵,leatherworking,Leatherworking,Tool snap setting
🔨,diy-crafts,DIY & Crafts,🧵,leatherworking,Leatherworking,Tool buckle attach
🔨,diy-crafts,DIY & Crafts,🧵,leatherworking,Leatherworking,Tool leather dye
🔨,diy-crafts,DIY & Crafts,🧵,leatherworking,Leatherworking,Tool oil finish
🔨,diy-crafts,DIY & Crafts,🧵,leatherworking,Leatherworking,Tool leather condition
🔨,diy-crafts,DIY & Crafts,🔨,metalworking,Metalworking,Forge metal types
🔨,diy-crafts,DIY & Crafts,🔨,metalworking,Metalworking,Forge steel grades
🔨,diy-crafts,DIY & Crafts,🔨,metalworking,Metalworking,Forge aluminum techniques
🔨,diy-crafts,DIY & Crafts,🔨,metalworking,Metalworking,Forge copper techniques
🔨,diy-crafts,DIY & Crafts,🔨,metalworking,Metalworking,Forge brass techniques
🔨,diy-crafts,DIY & Crafts,🔨,metalworking,Metalworking,Forge sheet metal
🔨,diy-crafts,DIY & Crafts,🔨,metalworking,Metalworking,Forge cutting metal
🔨,diy-crafts,DIY & Crafts,🔨,metalworking,Metalworking,Forge hack saw
🔨,diy-crafts,DIY & Crafts,🔨,metalworking,Metalworking,Forge angle grinder
🔨,diy-crafts,DIY & Crafts,🔨,metalworking,Metalworking,Forge plasma cutter
🔨,diy-crafts,DIY & Crafts,🔨,metalworking,Metalworking,Forge filing techniques
🔨,diy-crafts,DIY & Crafts,🔨,metalworking,Metalworking,Forge metal filing
🔨,diy-crafts,DIY & Crafts,🔨,metalworking,Metalworking,Forge sandpaper grit
🔨,diy-crafts,DIY & Crafts,🔨,metalworking,Metalworking,Forge drilling metal
🔨,diy-crafts,DIY & Crafts,🔨,metalworking,Metalworking,Forge tap and die
🔨,diy-crafts,DIY & Crafts,🔨,metalworking,Metalworking,Forge threading techniques
🔨,diy-crafts,DIY & Crafts,🔨,metalworking,Metalworking,Forge welding basics
🔨,diy-crafts,DIY & Crafts,🔨,metalworking,Metalworking,Forge mig welding
🔨,diy-crafts,DIY & Crafts,🔨,metalworking,Metalworking,Forge tig welding
🔨,diy-crafts,DIY & Crafts,🔨,metalworking,Metalworking,Forge stick welding
🔨,diy-crafts,DIY & Crafts,🔨,metalworking,Metalworking,Forge oxy acetylene
🔨,diy-crafts,DIY & Crafts,🔨,metalworking,Metalworking,Forge brazing techniques
🔨,diy-crafts,DIY & Crafts,🔨,metalworking,Metalworking,Forge soldering techniques
🔨,diy-crafts,DIY & Crafts,🔨,metalworking,Metalworking,Forge silver solder
🔨,diy-crafts,DIY & Crafts,🔨,metalworking,Metalworking,Forge annealing techniques
🔨,diy-crafts,DIY & Crafts,🔨,metalworking,Metalworking,Forge tempering techniques
🔨,diy-crafts,DIY & Crafts,🔨,metalworking,Metalworking,Forge quenching techniques
🔨,diy-crafts,DIY & Crafts,🔨,metalworking,Metalworking,Forge metal finish
🔨,diy-crafts,DIY & Crafts,🔨,metalworking,Metalworking,Forge polishing metal
🔨,diy-crafts,DIY & Crafts,🔨,metalworking,Metalworking,Forge rust prevention
🔨,diy-crafts,DIY & Crafts,🔥,blacksmithing,Blacksmithing,Forge forge types
🔨,diy-crafts,DIY & Crafts,🔥,blacksmithing,Blacksmithing,Forge coal forge
🔨,diy-crafts,DIY & Crafts,🔥,blacksmithing,Blacksmithing,Forge gas forge
🔨,diy-crafts,DIY & Crafts,🔥,blacksmithing,Blacksmithing,Forge anvil setup
🔨,diy-crafts,DIY & Crafts,🔥,blacksmithing,Blacksmithing,Forge hammer types
🔨,diy-crafts,DIY & Crafts,🔥,blacksmithing,Blacksmithing,Forge cross peen
🔨,diy-crafts,DIY & Crafts,🔥,blacksmithing,Blacksmithing,Forge ball peen
🔨,diy-crafts,DIY & Crafts,🔥,blacksmithing,Blacksmithing,Forge sledge hammer
🔨,diy-crafts,DIY & Crafts,🔥,blacksmithing,Blacksmithing,Forge tongs techniques
🔨,diy-crafts,DIY & Crafts,🔥,blacksmithing,Blacksmithing,Forge heating metal
🔨,diy-crafts,DIY & Crafts,🔥,blacksmithing,Blacksmithing,Forge forging temperature
🔨,diy-crafts,DIY & Crafts,🔥,blacksmithing,Blacksmithing,Forge color scale
🔨,diy-crafts,DIY & Crafts,🔥,blacksmithing,Blacksmithing,Forge drawing out
🔨,diy-crafts,DIY & Crafts,🔥,blacksmithing,Blacksmithing,Forge upsetting techniques
🔨,diy-crafts,DIY & Crafts,🔥,blacksmithing,Blacksmithing,Forge bending techniques
🔨,diy-crafts,DIY & Crafts,🔥,blacksmithing,Blacksmithing,Forge twisting techniques
🔨,diy-crafts,DIY & Crafts,🔥,blacksmithing,Blacksmithing,Forge punching techniques
🔨,diy-crafts,DIY & Crafts,🔥,blacksmithing,Blacksmithing,Forge drifting techniques
🔨,diy-crafts,DIY & Crafts,🔥,blacksmithing,Blacksmithing,Forge fullering techniques
🔨,diy-crafts,DIY & Crafts,🔥,blacksmithing,Blacksmithing,Forge swaging techniques
🔨,diy-crafts,DIY & Crafts,🔥,blacksmithing,Blacksmithing,Forge welding forge
🔨,diy-crafts,DIY & Crafts,🔥,blacksmithing,Blacksmithing,Forge fold welding
🔨,diy-crafts,DIY & Crafts,🔥,blacksmithing,Blacksmithing,Forge pattern welding
🔨,diy-crafts,DIY & Crafts,🔥,blacksmithing,Blacksmithing,Forge damascus steel
🔨,diy-crafts,DIY & Crafts,🔥,blacksmithing,Blacksmithing,Forge normalizing techniques
🔨,diy-crafts,DIY & Crafts,🔥,blacksmithing,Blacksmithing,Forge annealing steel
🔨,diy-crafts,DIY & Crafts,🔥,blacksmithing,Blacksmithing,Forge quenching forge
🔨,diy-crafts,DIY & Crafts,🔥,blacksmithing,Blacksmithing,Forge tempering forge
🔨,diy-crafts,DIY & Crafts,🔥,blacksmithing,Blacksmithing,Forge hardening steel
🔨,diy-crafts,DIY & Crafts,🔥,blacksmithing,Blacksmithing,Forge tool making
🔨,diy-crafts,DIY & Crafts,🔮,glass-blowing,Glass Blowing,Blow glass types
🔨,diy-crafts,DIY & Crafts,🔮,glass-blowing,Glass Blowing,Blow soda lime
🔨,diy-crafts,DIY & Crafts,🔮,glass-blowing,Glass Blowing,Blow borosilicate techniques
🔨,diy-crafts,DIY & Crafts,🔮,glass-blowing,Glass Blowing,Blow furnace setup
🔨,diy-crafts,DIY & Crafts,🔮,glass-blowing,Glass Blowing,Blow glory hole
🔨,diy-crafts,DIY & Crafts,🔮,glass-blowing,Glass Blowing,Blow pipe warm up
🔨,diy-crafts,DIY & Crafts,🔮,glass-blowing,Glass Blowing,Blow gathering glass
🔨,diy-crafts,DIY & Crafts,🔮,glass-blowing,Glass Blowing,Blow parison techniques
🔨,diy-crafts,DIY & Crafts,🔮,glass-blowing,Glass Blowing,Blow marbling techniques
🔨,diy-crafts,DIY & Crafts,🔮,glass-blowing,Glass Blowing,Blow blowing bubble
🔨,diy-crafts,DIY & Crafts,🔮,glass-blowing,Glass Blowing,Blow shaping techniques
🔨,diy-crafts,DIY & Crafts,🔮,glass-blowing,Glass Blowing,Blow block tool
🔨,diy-crafts,DIY & Crafts,🔮,glass-blowing,Glass Blowing,Blow paper tool
🔨,diy-crafts,DIY & Crafts,🔮,glass-blowing,Glass Blowing,Blow paddle tool
🔨,diy-crafts,DIY & Crafts,🔮,glass-blowing,Glass Blowing,Blow jacks tool
🔨,diy-crafts,DIY & Crafts,🔮,glass-blowing,Glass Blowing,Blow shears techniques
🔨,diy-crafts,DIY & Crafts,🔮,glass-blowing,Glass Blowing,Blow wet paper
🔨,diy-crafts,DIY & Crafts,🔮,glass-blowing,Glass Blowing,Blow reheating techniques
🔨,diy-crafts,DIY & Crafts,🔮,glass-blowing,Glass Blowing,Blow adding color
🔨,diy-crafts,DIY & Crafts,🔮,glass-blowing,Glass Blowing,Blow frit application
🔨,diy-crafts,DIY & Crafts,🔮,glass-blowing,Glass Blowing,Blow powder application
🔨,diy-crafts,DIY & Crafts,🔮,glass-blowing,Glass Blowing,Blow striking color
🔨,diy-crafts,DIY & Crafts,🔮,glass-blowing,Glass Blowing,Blow puntie techniques
🔨,diy-crafts,DIY & Crafts,🔮,glass-blowing,Glass Blowing,Blow transfer techniques
🔨,diy-crafts,DIY & Crafts,🔮,glass-blowing,Glass Blowing,Blow open neck
🔨,diy-crafts,DIY & Crafts,🔮,glass-blowing,Glass Blowing,Blow flaring techniques
🔨,diy-crafts,DIY & Crafts,🔮,glass-blowing,Glass Blowing,Blow cracking off
🔨,diy-crafts,DIY & Crafts,🔮,glass-blowing,Glass Blowing,Blow annealing glass
🔨,diy-crafts,DIY & Crafts,🔮,glass-blowing,Glass Blowing,Blow annealing cycle
🔨,diy-crafts,DIY & Crafts,🔮,glass-blowing,Glass Blowing,Blow cold working
🔨,diy-crafts,DIY & Crafts,🪟,stained-glass,Stained Glass,Cut glass selection
🔨,diy-crafts,DIY & Crafts,🪟,stained-glass,Stained Glass,Cut glass color
🔨,diy-crafts,DIY & Crafts,🪟,stained-glass,Stained Glass,Cut opalescent techniques
🔨,diy-crafts,DIY & Crafts,🪟,stained-glass,Stained Glass,Cut cathedral techniques
🔨,diy-crafts,DIY & Crafts,🪟,stained-glass,Stained Glass,Cut textured glass
🔨,diy-crafts,DIY & Crafts,🪟,stained-glass,Stained Glass,Cut pattern design
🔨,diy-crafts,DIY & Crafts,🪟,stained-glass,Stained Glass,Cut template making
🔨,diy-crafts,DIY & Crafts,🪟,stained-glass,Stained Glass,Cut glass cutting
🔨,diy-crafts,DIY & Crafts,🪟,stained-glass,Stained Glass,Cut cutting curves
🔨,diy-crafts,DIY & Crafts,🪟,stained-glass,Stained Glass,Cut breaking glass
🔨,diy-crafts,DIY & Crafts,🪟,stained-glass,Stained Glass,Cut grozing pliers
🔨,diy-crafts,DIY & Crafts,🪟,stained-glass,Stained Glass,Cut grinding techniques
🔨,diy-crafts,DIY & Crafts,🪟,stained-glass,Stained Glass,Cut copper foil
🔨,diy-crafts,DIY & Crafts,🪟,stained-glass,Stained Glass,Cut tiffany method
🔨,diy-crafts,DIY & Crafts,🪟,stained-glass,Stained Glass,Cut lead came
🔨,diy-crafts,DIY & Crafts,🪟,stained-glass,Stained Glass,Cut lead came method
🔨,diy-crafts,DIY & Crafts,🪟,stained-glass,Stained Glass,Cut soldering stained
🔨,diy-crafts,DIY & Crafts,🪟,stained-glass,Stained Glass,Cut flux application
🔨,diy-crafts,DIY & Crafts,🪟,stained-glass,Stained Glass,Cut 60 40 solder
🔨,diy-crafts,DIY & Crafts,🪟,stained-glass,Stained Glass,Cut 50 50 solder
🔨,diy-crafts,DIY & Crafts,🪟,stained-glass,Stained Glass,Cut patina techniques
🔨,diy-crafts,DIY & Crafts,🪟,stained-glass,Stained Glass,Cut copper patina
🔨,diy-crafts,DIY & Crafts,🪟,stained-glass,Stained Glass,Cut black patina
🔨,diy-crafts,DIY & Crafts,🪟,stained-glass,Stained Glass,Cut framing panel
🔨,diy-crafts,DIY & Crafts,🪟,stained-glass,Stained Glass,Cut hanging panel
🔨,diy-crafts,DIY & Crafts,🪟,stained-glass,Stained Glass,Cut zinc frame
🔨,diy-crafts,DIY & Crafts,🪟,stained-glass,Stained Glass,Cut window installation
🔨,diy-crafts,DIY & Crafts,🪟,stained-glass,Stained Glass,Cut waterproofing techniques
🔨,diy-crafts,DIY & Crafts,🪟,stained-glass,Stained Glass,Cut cleaning glass
🔨,diy-crafts,DIY & Crafts,🪟,stained-glass,Stained Glass,Cut preservation techniques
🔨,diy-crafts,DIY & Crafts,📕,bookbinding,Bookbinding,Bind paper grain
🔨,diy-crafts,DIY & Crafts,📕,bookbinding,Bookbinding,Bind paper selection
🔨,diy-crafts,DIY & Crafts,📕,bookbinding,Bookbinding,Bind folding signatures
🔨,diy-crafts,DIY & Crafts,📕,bookbinding,Bookbinding,Bind awl punching
🔨,diy-crafts,DIY & Crafts,📕,bookbinding,Bookbinding,Bind sewing signatures
🔨,diy-crafts,DIY & Crafts,📕,bookbinding,Bookbinding,Bind coptic stitch
🔨,diy-crafts,DIY & Crafts,📕,bookbinding,Bookbinding,Bind kettle stitch
🔨,diy-crafts,DIY & Crafts,📕,bookbinding,Bookbinding,Bind french link
🔨,diy-crafts,DIY & Crafts,📕,bookbinding,Bookbinding,Bind long stitch
🔨,diy-crafts,DIY & Crafts,📕,bookbinding,Bookbinding,Bind japanese stitch
🔨,diy-crafts,DIY & Crafts,📕,bookbinding,Bookbinding,Bind flat back binding
🔨,diy-crafts,DIY & Crafts,📕,bookbinding,Bookbinding,Bind round back binding
🔨,diy-crafts,DIY & Crafts,📕,bookbinding,Bookbinding,Bind spine construction
🔨,diy-crafts,DIY & Crafts,📕,bookbinding,Bookbinding,Bind end bands
🔨,diy-crafts,DIY & Crafts,📕,bookbinding,Bookbinding,Bind headband techniques
🔨,diy-crafts,DIY & Crafts,📕,bookbinding,Bookbinding,Bind tailband techniques
🔨,diy-crafts,DIY & Crafts,📕,bookbinding,Bookbinding,Bind cover board
🔨,diy-crafts,DIY & Crafts,📕,bookbinding,Bookbinding,Bind board cutting
🔨,diy-crafts,DIY & Crafts,📕,bookbinding,Bookbinding,Bind spine hollow
🔨,diy-crafts,DIY & Crafts,📕,bookbinding,Bookbinding,Bind cloth cover
🔨,diy-crafts,DIY & Crafts,📕,bookbinding,Bookbinding,Bind leather cover
🔨,diy-crafts,DIY & Crafts,📕,bookbinding,Bookbinding,Bind paper cover
🔨,diy-crafts,DIY & Crafts,📕,bookbinding,Bookbinding,Bind cover attachment
🔨,diy-crafts,DIY & Crafts,📕,bookbinding,Bookbinding,Bind mull techniques
🔨,diy-crafts,DIY & Crafts,📕,bookbinding,Bookbinding,Bind super cloth
🔨,diy-crafts,DIY & Crafts,📕,bookbinding,Bookbinding,Bind hinge joint
🔨,diy-crafts,DIY & Crafts,📕,bookbinding,Bookbinding,Bind past down
🔨,diy-crafts,DIY & Crafts,📕,bookbinding,Bookbinding,Bind turn in
🔨,diy-crafts,DIY & Crafts,📕,bookbinding,Bookbinding,Bind corners techniques
🔨,diy-crafts,DIY & Crafts,📕,bookbinding,Bookbinding,Bind finishing book
🔨,diy-crafts,DIY & Crafts,💐,flower-arranging,Flower Arranging,Arrange flower selection
🔨,diy-crafts,DIY & Crafts,💐,flower-arranging,Flower Arranging,Arrange seasonal flowers
🔨,diy-crafts,DIY & Crafts,💐,flower-arranging,Flower Arranging,Arrange color harmony
🔨,diy-crafts,DIY & Crafts,💐,flower-arranging,Flower Arranging,Arrange texture contrast
🔨,diy-crafts,DIY & Crafts,💐,flower-arranging,Flower Arranging,Arrange line arrangement
🔨,diy-crafts,DIY & Crafts,💐,flower-arranging,Flower Arranging,Arrange mass arrangement
🔨,diy-crafts,DIY & Crafts,💐,flower-arranging,Flower Arranging,Arrange focal point
🔨,diy-crafts,DIY & Crafts,💐,flower-arranging,Flower Arranging,Arrange proportion techniques
🔨,diy-crafts,DIY & Crafts,💐,flower-arranging,Flower Arranging,Arrange scale techniques
🔨,diy-crafts,DIY & Crafts,💐,flower-arranging,Flower Arranging,Arrange balance techniques
🔨,diy-crafts,DIY & Crafts,💐,flower-arranging,Flower Arranging,Arrange rhythm techniques
🔨,diy-crafts,DIY & Crafts,💐,flower-arranging,Flower Arranging,Arrange vase selection
🔨,diy-crafts,DIY & Crafts,💐,flower-arranging,Flower Arranging,Arrange floral foam
🔨,diy-crafts,DIY & Crafts,💐,flower-arranging,Flower Arranging,Arrange chicken wire
🔨,diy-crafts,DIY & Crafts,💐,flower-arranging,Flower Arranging,Arrange frog pin
🔨,diy-crafts,DIY & Crafts,💐,flower-arranging,Flower Arranging,Arrange stem cutting
🔨,diy-crafts,DIY & Crafts,💐,flower-arranging,Flower Arranging,Arrange strip leaves
🔨,diy-crafts,DIY & Crafts,💐,flower-arranging,Flower Arranging,Arrange conditioning flowers
🔨,diy-crafts,DIY & Crafts,💐,flower-arranging,Flower Arranging,Arrange hydration techniques
🔨,diy-crafts,DIY & Crafts,💐,flower-arranging,Flower Arranging,Arrange preservative techniques
🔨,diy-crafts,DIY & Crafts,💐,flower-arranging,Flower Arranging,Arrange spiral bouquet
🔨,diy-crafts,DIY & Crafts,💐,flower-arranging,Flower Arranging,Arrange hand tied
🔨,diy-crafts,DIY & Crafts,💐,flower-arranging,Flower Arranging,Arrange centerpiece techniques
🔨,diy-crafts,DIY & Crafts,💐,flower-arranging,Flower Arranging,Arrange corsage making
🔨,diy-crafts,DIY & Crafts,💐,flower-arranging,Flower Arranging,Arrange boutonniere techniques
🔨,diy-crafts,DIY & Crafts,💐,flower-arranging,Flower Arranging,Arrange wreath making
🔨,diy-crafts,DIY & Crafts,💐,flower-arranging,Flower Arranging,Arrange dried arrangement
🔨,diy-crafts,DIY & Crafts,💐,flower-arranging,Flower Arranging,Arrange preserved flowers
🔨,diy-crafts,DIY & Crafts,💐,flower-arranging,Flower Arranging,Arrange gift wrap
🔨,diy-crafts,DIY & Crafts,💐,flower-arranging,Flower Arranging,Arrange delivery care
🔨,diy-crafts,DIY & Crafts,🧺,basket-weaving,Basket Weaving,Weave material prep
🔨,diy-crafts,DIY & Crafts,🧺,basket-weaving,Basket Weaving,Weave reed soaking
🔨,diy-crafts,DIY & Crafts,🧺,basket-weaving,Basket Weaving,Weave rattan core
🔨,diy-crafts,DIY & Crafts,🧺,basket-weaving,Basket Weaving,Weave sea grass
🔨,diy-crafts,DIY & Crafts,🧺,basket-weaving,Basket Weaving,Weave willow branches
🔨,diy-crafts,DIY & Crafts,🧺,basket-weaving,Basket Weaving,Weave base creation
🔨,diy-crafts,DIY & Crafts,🧺,basket-weaving,Basket Weaving,Weave slath techniques
🔨,diy-crafts,DIY & Crafts,🧺,basket-weaving,Basket Weaving,Weave twining techniques
🔨,diy-crafts,DIY & Crafts,🧺,basket-weaving,Basket Weaving,Weave plain weave
🔨,diy-crafts,DIY & Crafts,🧺,basket-weaving,Basket Weaving,Weave random weave
🔨,diy-crafts,DIY & Crafts,🧺,basket-weaving,Basket Weaving,Weave waling techniques
🔨,diy-crafts,DIY & Crafts,🧺,basket-weaving,Basket Weaving,Weave triple twist
🔨,diy-crafts,DIY & Crafts,🧺,basket-weaving,Basket Weaving,Weave french randing
🔨,diy-crafts,DIY & Crafts,🧺,basket-weaving,Basket Weaving,Weave upsetting techniques
🔨,diy-crafts,DIY & Crafts,🧺,basket-weaving,Basket Weaving,Weave stake insert
🔨,diy-crafts,DIY & Crafts,🧺,basket-weaving,Basket Weaving,Weave side weaving
🔨,diy-crafts,DIY & Crafts,🧺,basket-weaving,Basket Weaving,Weave border weave
🔨,diy-crafts,DIY & Crafts,🧺,basket-weaving,Basket Weaving,Weave rope border
🔨,diy-crafts,DIY & Crafts,🧺,basket-weaving,Basket Weaving,Weave three rod border
🔨,diy-crafts,DIY & Crafts,🧺,basket-weaving,Basket Weaving,Weave handle making
🔨,diy-crafts,DIY & Crafts,🧺,basket-weaving,Basket Weaving,Weave roving handle
🔨,diy-crafts,DIY & Crafts,🧺,basket-weaving,Basket Weaving,Weave twisted handle
🔨,diy-crafts,DIY & Crafts,🧺,basket-weaving,Basket Weaving,Weave lashing techniques
🔨,diy-crafts,DIY & Crafts,🧺,basket-weaving,Basket Weaving,Weave dyeing reed
🔨,diy-crafts,DIY & Crafts,🧺,basket-weaving,Basket Weaving,Weave color pattern
🔨,diy-crafts,DIY & Crafts,🧺,basket-weaving,Basket Weaving,Weave lid weaving
🔨,diy-crafts,DIY & Crafts,🧺,basket-weaving,Basket Weaving,Weave knotted lace
🔨,diy-crafts,DIY & Crafts,🧺,basket-weaving,Basket Weaving,Weave splicing reed
🔨,diy-crafts,DIY & Crafts,🧺,basket-weaving,Basket Weaving,Weave wood base
🔨,diy-crafts,DIY & Crafts,🧺,basket-weaving,Basket Weaving,Weave finishing rim
🔨,diy-crafts,DIY & Crafts,🧣,rug-making,Rug Making,Hook hook material
🔨,diy-crafts,DIY & Crafts,🧣,rug-making,Rug Making,Hook frame setup
🔨,diy-crafts,DIY & Crafts,🧣,rug-making,Rug Making,Hook pattern transfer
🔨,diy-crafts,DIY & Crafts,🧣,rug-making,Rug Making,Hook linen backing
🔨,diy-crafts,DIY & Crafts,🧣,rug-making,Rug Making,Hook binding edge
🔨,diy-crafts,DIY & Crafts,🧣,rug-making,Rug Making,Hook slip knot
🔨,diy-crafts,DIY & Crafts,🧣,rug-making,Rug Making,Hook latch hook
🔨,diy-crafts,DIY & Crafts,🧣,rug-making,Rug Making,Hook cut pile
🔨,diy-crafts,DIY & Crafts,🧣,rug-making,Rug Making,Hook loop pile
🔨,diy-crafts,DIY & Crafts,🧣,rug-making,Rug Making,Hook shading technique
🔨,diy-crafts,DIY & Crafts,🧣,rug-making,Rug Making,Hook color block
🔨,diy-crafts,DIY & Crafts,🧣,rug-making,Rug Making,Hook high low pile
🔨,diy-crafts,DIY & Crafts,🧣,rug-making,Rug Making,Hook hooking motion
🔨,diy-crafts,DIY & Crafts,🧣,rug-making,Rug Making,Hook yarn selection
🔨,diy-crafts,DIY & Crafts,🧣,rug-making,Rug Making,Hook wool strips
🔨,diy-crafts,DIY & Crafts,🧣,rug-making,Rug Making,Hook fabric strips
🔨,diy-crafts,DIY & Crafts,🧣,rug-making,Rug Making,Hook rag rug
🔨,diy-crafts,DIY & Crafts,🧣,rug-making,Rug Making,Hook braided rug
🔨,diy-crafts,DIY & Crafts,🧣,rug-making,Rug Making,Hook coiled rug
🔨,diy-crafts,DIY & Crafts,🧣,rug-making,Rug Making,Hook woven rug
🔨,diy-crafts,DIY & Crafts,🧣,rug-making,Rug Making,Hook tufting gun
🔨,diy-crafts,DIY & Crafts,🧣,rug-making,Rug Making,Hook hand tufting
🔨,diy-crafts,DIY & Crafts,🧣,rug-making,Rug Making,Hook punch needle
🔨,diy-crafts,DIY & Crafts,🧣,rug-making,Rug Making,Hook needle gauge
🔨,diy-crafts,DIY & Crafts,🧣,rug-making,Rug Making,Hook tufting frame
🔨,diy-crafts,DIY & Crafts,🧣,rug-making,Rug Making,Hook backing glue
🔨,diy-crafts,DIY & Crafts,🧣,rug-making,Rug Making,Hook latex coating
🔨,diy-crafts,DIY & Crafts,🧣,rug-making,Rug Making,Hook non slip back
🔨,diy-crafts,DIY & Crafts,🧣,rug-making,Rug Making,Hook finishing rug
🔨,diy-crafts,DIY & Crafts,🧣,rug-making,Rug Making,Hook binding tape
🔨,diy-crafts,DIY & Crafts,💎,beadwork,Beadwork,Bead bead types
🔨,diy-crafts,DIY & Crafts,💎,beadwork,Beadwork,Bead seed beads
🔨,diy-crafts,DIY & Crafts,💎,beadwork,Beadwork,Bead delica beads
🔨,diy-crafts,DIY & Crafts,💎,beadwork,Beadwork,Bead bugle beads
🔨,diy-crafts,DIY & Crafts,💎,beadwork,Beadwork,Bead pony beads
🔨,diy-crafts,DIY & Crafts,💎,beadwork,Beadwork,Bead crystal beads
🔨,diy-crafts,DIY & Crafts,💎,beadwork,Beadwork,Bead needle selection
🔨,diy-crafts,DIY & Crafts,💎,beadwork,Beadwork,Bead thread selection
🔨,diy-crafts,DIY & Crafts,💎,beadwork,Beadwork,Bead fireline techniques
🔨,diy-crafts,DIY & Crafts,💎,beadwork,Beadwork,Bead nymo thread
🔨,diy-crafts,DIY & Crafts,💎,beadwork,Beadwork,Bead thread conditioning
🔨,diy-crafts,DIY & Crafts,💎,beadwork,Beadwork,Bead single needle
🔨,diy-crafts,DIY & Crafts,💎,beadwork,Beadwork,Bead two needle
🔨,diy-crafts,DIY & Crafts,💎,beadwork,Beadwork,Bead peyote stitch
🔨,diy-crafts,DIY & Crafts,💎,beadwork,Beadwork,Bead even count peyote
🔨,diy-crafts,DIY & Crafts,💎,beadwork,Beadwork,Bead odd count peyote
🔨,diy-crafts,DIY & Crafts,💎,beadwork,Beadwork,Bead brick stitch
🔨,diy-crafts,DIY & Crafts,💎,beadwork,Beadwork,Bead square stitch
🔨,diy-crafts,DIY & Crafts,💎,beadwork,Beadwork,Bead loom beading
🔨,diy-crafts,DIY & Crafts,💎,beadwork,Beadwork,Bead bead loom
🔨,diy-crafts,DIY & Crafts,💎,beadwork,Beadwork,Bead warps beading
🔨,diy-crafts,DIY & Crafts,💎,beadwork,Beadwork,Bead weaving beads
🔨,diy-crafts,DIY & Crafts,💎,beadwork,Beadwork,Bead herringbone stitch
🔨,diy-crafts,DIY & Crafts,💎,beadwork,Beadwork,Bead right angle weave
🔨,diy-crafts,DIY & Crafts,💎,beadwork,Beadwork,Bead raw stitch
🔨,diy-crafts,DIY & Crafts,💎,beadwork,Beadwork,Bead netting stitch
🔨,diy-crafts,DIY & Crafts,💎,beadwork,Beadwork,Bead bead crochet
🔨,diy-crafts,DIY & Crafts,💎,beadwork,Beadwork,Bead bead embroidery
🔨,diy-crafts,DIY & Crafts,💎,beadwork,Beadwork,Bead freestyle beading
🔨,diy-crafts,DIY & Crafts,💎,beadwork,Beadwork,Bead pattern chart
🔨,diy-crafts,DIY & Crafts,🔗,chain-maille,Chain Maille,Weave ring types
🔨,diy-crafts,DIY & Crafts,🔗,chain-maille,Chain Maille,Weave ring sizing
🔨,diy-crafts,DIY & Crafts,🔗,chain-maille,Chain Maille,Weave wire gauge maille
🔨,diy-crafts,DIY & Crafts,🔗,chain-maille,Chain Maille,Weave ar ratio
🔨,diy-crafts,DIY & Crafts,🔗,chain-maille,Chain Maille,Weave opening rings
🔨,diy-crafts,DIY & Crafts,🔗,chain-maille,Chain Maille,Weave closing rings
🔨,diy-crafts,DIY & Crafts,🔗,chain-maille,Chain Maille,Weave pliers use
🔨,diy-crafts,DIY & Crafts,🔗,chain-maille,Chain Maille,Weave european 4in1
🔨,diy-crafts,DIY & Crafts,🔗,chain-maille,Chain Maille,Weave european 6in1
🔨,diy-crafts,DIY & Crafts,🔗,chain-maille,Chain Maille,Weave japanese 4in1
🔨,diy-crafts,DIY & Crafts,🔗,chain-maille,Chain Maille,Weave box chain
🔨,diy-crafts,DIY & Crafts,🔗,chain-maille,Chain Maille,Weave roundmaille techniques
🔨,diy-crafts,DIY & Crafts,🔗,chain-maille,Chain Maille,Weave full persian
🔨,diy-crafts,DIY & Crafts,🔗,chain-maille,Chain Maille,Weave half persian
🔨,diy-crafts,DIY & Crafts,🔗,chain-maille,Chain Maille,Weave dragonscale techniques
🔨,diy-crafts,DIY & Crafts,🔗,chain-maille,Chain Maille,Weave byzantine techniques
🔨,diy-crafts,DIY & Crafts,🔗,chain-maille,Chain Maille,Weave mobius techniques
🔨,diy-crafts,DIY & Crafts,🔗,chain-maille,Chain Maille,Weave helm chain
🔨,diy-crafts,DIY & Crafts,🔗,chain-maille,Chain Maille,Weave spiral chain
🔨,diy-crafts,DIY & Crafts,🔗,chain-maille,Chain Maille,Weave scale maille
🔨,diy-crafts,DIY & Crafts,🔗,chain-maille,Chain Maille,Weave mixed metal colors
🔨,diy-crafts,DIY & Crafts,🔗,chain-maille,Chain Maille,Weave anodized aluminum
🔨,diy-crafts,DIY & Crafts,🔗,chain-maille,Chain Maille,Weave stainless rings
🔨,diy-crafts,DIY & Crafts,🔗,chain-maille,Chain Maille,Weave copper rings
🔨,diy-crafts,DIY & Crafts,🔗,chain-maille,Chain Maille,Weave bright aluminum
🔨,diy-crafts,DIY & Crafts,🔗,chain-maille,Chain Maille,Weave pattern design
🔨,diy-crafts,DIY & Crafts,🔗,chain-maille,Chain Maille,Weave clasp making
🔨,diy-crafts,DIY & Crafts,🔗,chain-maille,Chain Maille,Weave necklace weave
🔨,diy-crafts,DIY & Crafts,🔗,chain-maille,Chain Maille,Weave bracelet weave
🔨,diy-crafts,DIY & Crafts,🔗,chain-maille,Chain Maille,Weave earring weave
🔨,diy-crafts,DIY & Crafts,🎨,resin-art,Resin Art,Pour epoxy resin
🔨,diy-crafts,DIY & Crafts,🎨,resin-art,Resin Art,Pour uv resin
🔨,diy-crafts,DIY & Crafts,🎨,resin-art,Resin Art,Pour polyester resin
🔨,diy-crafts,DIY & Crafts,🎨,resin-art,Resin Art,Pour catalyst mixing
🔨,diy-crafts,DIY & Crafts,🎨,resin-art,Resin Art,Pour resin ratio
🔨,diy-crafts,DIY & Crafts,🎨,resin-art,Resin Art,Pour measuring ratio
🔨,diy-crafts,DIY & Crafts,🎨,resin-art,Resin Art,Pour mixing technique
🔨,diy-crafts,DIY & Crafts,🎨,resin-art,Resin Art,Pour bubble removal
🔨,diy-crafts,DIY & Crafts,🎨,resin-art,Resin Art,Pour heat gun
🔨,diy-crafts,DIY & Crafts,🎨,resin-art,Resin Art,Pour torch method
🔨,diy-crafts,DIY & Crafts,🎨,resin-art,Resin Art,Pour mold selection
🔨,diy-crafts,DIY & Crafts,🎨,resin-art,Resin Art,Pour silicone mold
🔨,diy-crafts,DIY & Crafts,🎨,resin-art,Resin Art,Pour reusable mold
🔨,diy-crafts,DIY & Crafts,🎨,resin-art,Resin Art,Pour pigment addition
🔨,diy-crafts,DIY & Crafts,🎨,resin-art,Resin Art,Pour alcohol ink
🔨,diy-crafts,DIY & Crafts,🎨,resin-art,Resin Art,Pour mica powder
🔨,diy-crafts,DIY & Crafts,🎨,resin-art,Resin Art,Pour resin dye
🔨,diy-crafts,DIY & Crafts,🎨,resin-art,Resin Art,Pour layering pour
🔨,diy-crafts,DIY & Crafts,🎨,resin-art,Resin Art,Pour deep pour
🔨,diy-crafts,DIY & Crafts,🎨,resin-art,Resin Art,Pour thin layer
🔨,diy-crafts,DIY & Crafts,🎨,resin-art,Resin Art,Pour curing time
🔨,diy-crafts,DIY & Crafts,🎨,resin-art,Resin Art,Pour demolding techniques
🔨,diy-crafts,DIY & Crafts,🎨,resin-art,Resin Art,Pour sand and polish
🔨,diy-crafts,DIY & Crafts,🎨,resin-art,Resin Art,Pour wet sanding
🔨,diy-crafts,DIY & Crafts,🎨,resin-art,Resin Art,Pour resin polish
🔨,diy-crafts,DIY & Crafts,🎨,resin-art,Resin Art,Pour embedding objects
🔨,diy-crafts,DIY & Crafts,🎨,resin-art,Resin Art,Pour flower embed
🔨,diy-crafts,DIY & Crafts,🎨,resin-art,Resin Art,Pour glitter embed
🔨,diy-crafts,DIY & Crafts,🎨,resin-art,Resin Art,Pour resin coaster
🔨,diy-crafts,DIY & Crafts,🎨,resin-art,Resin Art,Pour resin jewelry
🔨,diy-crafts,DIY & Crafts,🖌️,decoupage,Decoupage,Apply paper selection
🔨,diy-crafts,DIY & Crafts,🖌️,decoupage,Decoupage,Apply napkin technique
🔨,diy-crafts,DIY & Crafts,🖌️,decoupage,Decoupage,Apply print images
🔨,diy-crafts,DIY & Crafts,🖌️,decoupage,Decoupage,Apply tissue paper
🔨,diy-crafts,DIY & Crafts,🖌️,decoupage,Decoupage,Apply mod podge
🔨,diy-crafts,DIY & Crafts,🖌️,decoupage,Decoupage,Apply decoupage medium
🔨,diy-crafts,DIY & Crafts,🖌️,decoupage,Decoupage,Apply base surface
🔨,diy-crafts,DIY & Crafts,🖌️,decoupage,Decoupage,Apply wood prep
🔨,diy-crafts,DIY & Crafts,🖌️,decoupage,Decoupage,Apply glass prep
🔨,diy-crafts,DIY & Crafts,🖌️,decoupage,Decoupage,Apply candle decoupage
🔨,diy-crafts,DIY & Crafts,🖌️,decoupage,Decoupage,Apply furniture decoupage
🔨,diy-crafts,DIY & Crafts,🖌️,decoupage,Decoupage,Apply layering paper
🔨,diy-crafts,DIY & Crafts,🖌️,decoupage,Decoupage,Apply tearing edges
🔨,diy-crafts,DIY & Crafts,🖌️,decoupage,Decoupage,Apply cutting edges
🔨,diy-crafts,DIY & Crafts,🖌️,decoupage,Decoupage,Apply image placement
🔨,diy-crafts,DIY & Crafts,🖌️,decoupage,Decoupage,Apply brush application
🔨,diy-crafts,DIY & Crafts,🖌️,decoupage,Decoupage,Apply wrinkle free
🔨,diy-crafts,DIY & Crafts,🖌️,decoupage,Decoupage,Apply bubble removal
🔨,diy-crafts,DIY & Crafts,🖌️,decoupage,Decoupage,Apply drying time
🔨,diy-crafts,DIY & Crafts,🖌️,decoupage,Decoupage,Apply multiple coats
🔨,diy-crafts,DIY & Crafts,🖌️,decoupage,Decoupage,Apply sealing techniques
🔨,diy-crafts,DIY & Crafts,🖌️,decoupage,Decoupage,Apply varnish layer
🔨,diy-crafts,DIY & Crafts,🖌️,decoupage,Decoupage,Apply crackle effect
🔨,diy-crafts,DIY & Crafts,🖌️,decoupage,Decoupage,Apply antique finish
🔨,diy-crafts,DIY & Crafts,🖌️,decoupage,Decoupage,Apply gold leaf
🔨,diy-crafts,DIY & Crafts,🖌️,decoupage,Decoupage,Apply metal leaf
🔨,diy-crafts,DIY & Crafts,🖌️,decoupage,Decoupage,Apply 3d decoupage
🔨,diy-crafts,DIY & Crafts,🖌️,decoupage,Decoupage,Apply embossing powder
🔨,diy-crafts,DIY & Crafts,🖌️,decoupage,Decoupage,Apply stamping combine
🔨,diy-crafts,DIY & Crafts,🖌️,decoupage,Decoupage,Apply mixed media
🔨,diy-crafts,DIY & Crafts,🧵,cross-stitch,Cross Stitch,Stitch fabric selection
🔨,diy-crafts,DIY & Crafts,🧵,cross-stitch,Cross Stitch,Stitch aida cloth
🔨,diy-crafts,DIY & Crafts,🧵,cross-stitch,Cross Stitch,Stitch evenweave techniques
🔨,diy-crafts,DIY & Crafts,🧵,cross-stitch,Cross Stitch,Stitch linen fabric
🔨,diy-crafts,DIY & Crafts,🧵,cross-stitch,Cross Stitch,Stitch count selection
🔨,diy-crafts,DIY & Crafts,🧵,cross-stitch,Cross Stitch,Stitch needle choice
🔨,diy-crafts,DIY & Crafts,🧵,cross-stitch,Cross Stitch,Stitch thread organization
🔨,diy-crafts,DIY & Crafts,🧵,cross-stitch,Cross Stitch,Stitch dmc floss
🔨,diy-crafts,DIY & Crafts,🧵,cross-stitch,Cross Stitch,Stitch floss stranding
🔨,diy-crafts,DIY & Crafts,🧵,cross-stitch,Cross Stitch,Stitch anchor thread
🔨,diy-crafts,DIY & Crafts,🧵,cross-stitch,Cross Stitch,Stitch stitching technique
🔨,diy-crafts,DIY & Crafts,🧵,cross-stitch,Cross Stitch,Stitch full cross
🔨,diy-crafts,DIY & Crafts,🧵,cross-stitch,Cross Stitch,Stitch half cross
🔨,diy-crafts,DIY & Crafts,🧵,cross-stitch,Cross Stitch,Stitch three quarter
🔨,diy-crafts,DIY & Crafts,🧵,cross-stitch,Cross Stitch,Stitch quarter stitch
🔨,diy-crafts,DIY & Crafts,🧵,cross-stitch,Cross Stitch,Stitch backstitch techniques
🔨,diy-crafts,DIY & Crafts,🧵,cross-stitch,Cross Stitch,Stitch french knot cross
🔨,diy-crafts,DIY & Crafts,🧵,cross-stitch,Cross Stitch,Stitch starting thread
🔨,diy-crafts,DIY & Crafts,🧵,cross-stitch,Cross Stitch,Stitch loop start
🔨,diy-crafts,DIY & Crafts,🧵,cross-stitch,Cross Stitch,Stitch pin stitch
🔨,diy-crafts,DIY & Crafts,🧵,cross-stitch,Cross Stitch,Stitch ending thread
🔨,diy-crafts,DIY & Crafts,🧵,cross-stitch,Cross Stitch,Stitch thread tension
🔨,diy-crafts,DIY & Crafts,🧵,cross-stitch,Cross Stitch,Stitch reading chart
🔨,diy-crafts,DIY & Crafts,🧵,cross-stitch,Cross Stitch,Stitch symbol chart
🔨,diy-crafts,DIY & Crafts,🧵,cross-stitch,Cross Stitch,Stitch grid method
🔨,diy-crafts,DIY & Crafts,🧵,cross-stitch,Cross Stitch,Stitch pre gridded fabric
🔨,diy-crafts,DIY & Crafts,🧵,cross-stitch,Cross Stitch,Stitch q snap frame
🔨,diy-crafts,DIY & Crafts,🧵,cross-stitch,Cross Stitch,Stitch scroll frame
🔨,diy-crafts,DIY & Crafts,🧵,cross-stitch,Cross Stitch,Stitch hoop cross stitch
🔨,diy-crafts,DIY & Crafts,🧵,cross-stitch,Cross Stitch,Stitch finishing cross
🔨,diy-crafts,DIY & Crafts,🖼️,frame-mount,Frame & Mount,Frame frame selection
🔨,diy-crafts,DIY & Crafts,🖼️,frame-mount,Frame & Mount,Frame frame material
🔨,diy-crafts,DIY & Crafts,🖼️,frame-mount,Frame & Mount,Frame wood frame
🔨,diy-crafts,DIY & Crafts,🖼️,frame-mount,Frame & Mount,Frame metal frame
🔨,diy-crafts,DIY & Crafts,🖼️,frame-mount,Frame & Mount,Frame custom framing
🔨,diy-crafts,DIY & Crafts,🖼️,frame-mount,Frame & Mount,Frame mat cutting
🔨,diy-crafts,DIY & Crafts,🖼️,frame-mount,Frame & Mount,Frame single mat
🔨,diy-crafts,DIY & Crafts,🖼️,frame-mount,Frame & Mount,Frame double mat
🔨,diy-crafts,DIY & Crafts,🖼️,frame-mount,Frame & Mount,Frame mat color
🔨,diy-crafts,DIY & Crafts,🖼️,frame-mount,Frame & Mount,Frame mat width
🔨,diy-crafts,DIY & Crafts,🖼️,frame-mount,Frame & Mount,Frame bevel cut
🔨,diy-crafts,DIY & Crafts,🖼️,frame-mount,Frame & Mount,Frame reverse bevel
🔨,diy-crafts,DIY & Crafts,🖼️,frame-mount,Frame & Mount,Frame mounting board
🔨,diy-crafts,DIY & Crafts,🖼️,frame-mount,Frame & Mount,Frame acid free board
🔨,diy-crafts,DIY & Crafts,🖼️,frame-mount,Frame & Mount,Frame hinging art
🔨,diy-crafts,DIY & Crafts,🖼️,frame-mount,Frame & Mount,Frame t hinge
🔨,diy-crafts,DIY & Crafts,🖼️,frame-mount,Frame & Mount,Frame photo corners
🔨,diy-crafts,DIY & Crafts,🖼️,frame-mount,Frame & Mount,Frame dry mounting
🔨,diy-crafts,DIY & Crafts,🖼️,frame-mount,Frame & Mount,Frame spray mount
🔨,diy-crafts,DIY & Crafts,🖼️,frame-mount,Frame & Mount,Frame wheat paste
🔨,diy-crafts,DIY & Crafts,🖼️,frame-mount,Frame & Mount,Frame glass types
🔨,diy-crafts,DIY & Crafts,🖼️,frame-mount,Frame & Mount,Frame regular glass
🔨,diy-crafts,DIY & Crafts,🖼️,frame-mount,Frame & Mount,Frame uv glass
🔨,diy-crafts,DIY & Crafts,🖼️,frame-mount,Frame & Mount,Frame non glare glass
🔨,diy-crafts,DIY & Crafts,🖼️,frame-mount,Frame & Mount,Frame acrylic glazing
🔨,diy-crafts,DIY & Crafts,🖼️,frame-mount,Frame & Mount,Frame spacer glass
🔨,diy-crafts,DIY & Crafts,🖼️,frame-mount,Frame & Mount,Frame sealing frame
🔨,diy-crafts,DIY & Crafts,🖼️,frame-mount,Frame & Mount,Frame frame wire
🔨,diy-crafts,DIY & Crafts,🖼️,frame-mount,Frame & Mount,Frame wall mounting
🔨,diy-crafts,DIY & Crafts,🖼️,frame-mount,Frame & Mount,Frame frame lighting
💪,fitness-exercise,Fitness & Exercise,🏋️,strength-training,Strength Training,Lift compound lifts
💪,fitness-exercise,Fitness & Exercise,🏋️,strength-training,Strength Training,Lift squat form
💪,fitness-exercise,Fitness & Exercise,🏋️,strength-training,Strength Training,Lift deadlift form
💪,fitness-exercise,Fitness & Exercise,🏋️,strength-training,Strength Training,Lift bench press
💪,fitness-exercise,Fitness & Exercise,🏋️,strength-training,Strength Training,Lift overhead press
💪,fitness-exercise,Fitness & Exercise,🏋️,strength-training,Strength Training,Lift barbell row
💪,fitness-exercise,Fitness & Exercise,🏋️,strength-training,Strength Training,Lift pull up
💪,fitness-exercise,Fitness & Exercise,🏋️,strength-training,Strength Training,Lift dip techniques
💪,fitness-exercise,Fitness & Exercise,🏋️,strength-training,Strength Training,Lift lunges techniques
💪,fitness-exercise,Fitness & Exercise,🏋️,strength-training,Strength Training,Lift glute bridge
💪,fitness-exercise,Fitness & Exercise,🏋️,strength-training,Strength Training,Lift hip thrust
💪,fitness-exercise,Fitness & Exercise,🏋️,strength-training,Strength Training,Lift romanian deadlift
💪,fitness-exercise,Fitness & Exercise,🏋️,strength-training,Strength Training,Lift leg press
💪,fitness-exercise,Fitness & Exercise,🏋️,strength-training,Strength Training,Lift chest fly
💪,fitness-exercise,Fitness & Exercise,🏋️,strength-training,Strength Training,Lift lateral raise
💪,fitness-exercise,Fitness & Exercise,🏋️,strength-training,Strength Training,Lift face pull
💪,fitness-exercise,Fitness & Exercise,🏋️,strength-training,Strength Training,Lift tricep pushdown
💪,fitness-exercise,Fitness & Exercise,🏋️,strength-training,Strength Training,Lift bicep curl
💪,fitness-exercise,Fitness & Exercise,🏋️,strength-training,Strength Training,Lift hammer curl
💪,fitness-exercise,Fitness & Exercise,🏋️,strength-training,Strength Training,Lift calf raise
💪,fitness-exercise,Fitness & Exercise,🏋️,strength-training,Strength Training,Lift shrug techniques
💪,fitness-exercise,Fitness & Exercise,🏋️,strength-training,Strength Training,Lift good morning
💪,fitness-exercise,Fitness & Exercise,🏋️,strength-training,Strength Training,Lift back extension
💪,fitness-exercise,Fitness & Exercise,🏋️,strength-training,Strength Training,Lift farmer walk
💪,fitness-exercise,Fitness & Exercise,🏋️,strength-training,Strength Training,Lift progressive overload
💪,fitness-exercise,Fitness & Exercise,🏋️,strength-training,Strength Training,Lift rep range
💪,fitness-exercise,Fitness & Exercise,🏋️,strength-training,Strength Training,Lift set structure
💪,fitness-exercise,Fitness & Exercise,🏋️,strength-training,Strength Training,Lift rest period
💪,fitness-exercise,Fitness & Exercise,🏋️,strength-training,Strength Training,Lift deload week
💪,fitness-exercise,Fitness & Exercise,🏋️,strength-training,Strength Training,Lift training split
💪,fitness-exercise,Fitness & Exercise,🤸,bodyweight-exercise,Bodyweight Exercise,Master push up
💪,fitness-exercise,Fitness & Exercise,🤸,bodyweight-exercise,Bodyweight Exercise,Master pull up
💪,fitness-exercise,Fitness & Exercise,🤸,bodyweight-exercise,Bodyweight Exercise,Master chin up
💪,fitness-exercise,Fitness & Exercise,🤸,bodyweight-exercise,Bodyweight Exercise,Master dip techniques
💪,fitness-exercise,Fitness & Exercise,🤸,bodyweight-exercise,Bodyweight Exercise,Master squat techniques
💪,fitness-exercise,Fitness & Exercise,🤸,bodyweight-exercise,Bodyweight Exercise,Master lunge techniques
💪,fitness-exercise,Fitness & Exercise,🤸,bodyweight-exercise,Bodyweight Exercise,Master glute bridge
💪,fitness-exercise,Fitness & Exercise,🤸,bodyweight-exercise,Bodyweight Exercise,Master plank techniques
💪,fitness-exercise,Fitness & Exercise,🤸,bodyweight-exercise,Bodyweight Exercise,Master side plank
💪,fitness-exercise,Fitness & Exercise,🤸,bodyweight-exercise,Bodyweight Exercise,Master mountain climber
💪,fitness-exercise,Fitness & Exercise,🤸,bodyweight-exercise,Bodyweight Exercise,Master burpee techniques
💪,fitness-exercise,Fitness & Exercise,🤸,bodyweight-exercise,Bodyweight Exercise,Master jump squat
💪,fitness-exercise,Fitness & Exercise,🤸,bodyweight-exercise,Bodyweight Exercise,Master bulgarian split squat
💪,fitness-exercise,Fitness & Exercise,🤸,bodyweight-exercise,Bodyweight Exercise,Master pistol squat
💪,fitness-exercise,Fitness & Exercise,🤸,bodyweight-exercise,Bodyweight Exercise,Master archer push up
💪,fitness-exercise,Fitness & Exercise,🤸,bodyweight-exercise,Bodyweight Exercise,Master pike push up
💪,fitness-exercise,Fitness & Exercise,🤸,bodyweight-exercise,Bodyweight Exercise,Master handstand hold
💪,fitness-exercise,Fitness & Exercise,🤸,bodyweight-exercise,Bodyweight Exercise,Master handstand push up
💪,fitness-exercise,Fitness & Exercise,🤸,bodyweight-exercise,Bodyweight Exercise,Master muscle up
💪,fitness-exercise,Fitness & Exercise,🤸,bodyweight-exercise,Bodyweight Exercise,Master ring dip
💪,fitness-exercise,Fitness & Exercise,🤸,bodyweight-exercise,Bodyweight Exercise,Master ring row
💪,fitness-exercise,Fitness & Exercise,🤸,bodyweight-exercise,Bodyweight Exercise,Master skin the cat
💪,fitness-exercise,Fitness & Exercise,🤸,bodyweight-exercise,Bodyweight Exercise,Master front lever
💪,fitness-exercise,Fitness & Exercise,🤸,bodyweight-exercise,Bodyweight Exercise,Master back lever
💪,fitness-exercise,Fitness & Exercise,🤸,bodyweight-exercise,Bodyweight Exercise,Master human flag
💪,fitness-exercise,Fitness & Exercise,🤸,bodyweight-exercise,Bodyweight Exercise,Master l sit
💪,fitness-exercise,Fitness & Exercise,🤸,bodyweight-exercise,Bodyweight Exercise,Master v sit
💪,fitness-exercise,Fitness & Exercise,🤸,bodyweight-exercise,Bodyweight Exercise,Master planche lean
💪,fitness-exercise,Fitness & Exercise,🤸,bodyweight-exercise,Bodyweight Exercise,Master tuck planche
💪,fitness-exercise,Fitness & Exercise,🤸,bodyweight-exercise,Bodyweight Exercise,Master calisthenics flow
💪,fitness-exercise,Fitness & Exercise,🧘,yoga,Yoga,Practice downward dog
💪,fitness-exercise,Fitness & Exercise,🧘,yoga,Yoga,Practice upward dog
💪,fitness-exercise,Fitness & Exercise,🧘,yoga,Yoga,Practice warrior i
💪,fitness-exercise,Fitness & Exercise,🧘,yoga,Yoga,Practice warrior ii
💪,fitness-exercise,Fitness & Exercise,🧘,yoga,Yoga,Practice triangle pose
💪,fitness-exercise,Fitness & Exercise,🧘,yoga,Yoga,Practice tree pose
💪,fitness-exercise,Fitness & Exercise,🧘,yoga,Yoga,Practice mountain pose
💪,fitness-exercise,Fitness & Exercise,🧘,yoga,Yoga,Practice forward fold
💪,fitness-exercise,Fitness & Exercise,🧘,yoga,Yoga,Practice cobra pose
💪,fitness-exercise,Fitness & Exercise,🧘,yoga,Yoga,Practice child's pose
💪,fitness-exercise,Fitness & Exercise,🧘,yoga,Yoga,Practice cat cow
💪,fitness-exercise,Fitness & Exercise,🧘,yoga,Yoga,Practice bridge pose
💪,fitness-exercise,Fitness & Exercise,🧘,yoga,Yoga,Practice wheel pose
💪,fitness-exercise,Fitness & Exercise,🧘,yoga,Yoga,Practice headstand techniques
💪,fitness-exercise,Fitness & Exercise,🧘,yoga,Yoga,Practice shoulder stand
💪,fitness-exercise,Fitness & Exercise,🧘,yoga,Yoga,Practice plow pose
💪,fitness-exercise,Fitness & Exercise,🧘,yoga,Yoga,Practice fish pose
💪,fitness-exercise,Fitness & Exercise,🧘,yoga,Yoga,Practice camel pose
💪,fitness-exercise,Fitness & Exercise,🧘,yoga,Yoga,Practice pigeon pose
💪,fitness-exercise,Fitness & Exercise,🧘,yoga,Yoga,Practice lizard pose
💪,fitness-exercise,Fitness & Exercise,🧘,yoga,Yoga,Practice half pigeon
💪,fitness-exercise,Fitness & Exercise,🧘,yoga,Yoga,Practice surya namaskar
💪,fitness-exercise,Fitness & Exercise,🧘,yoga,Yoga,Practice sun salutation
💪,fitness-exercise,Fitness & Exercise,🧘,yoga,Yoga,Practice vinyasa flow
💪,fitness-exercise,Fitness & Exercise,🧘,yoga,Yoga,Practice hatha sequence
💪,fitness-exercise,Fitness & Exercise,🧘,yoga,Yoga,Practice yin yoga
💪,fitness-exercise,Fitness & Exercise,🧘,yoga,Yoga,Practice restorative techniques
💪,fitness-exercise,Fitness & Exercise,🧘,yoga,Yoga,Practice breath control
💪,fitness-exercise,Fitness & Exercise,🧘,yoga,Yoga,Practice ujjayi breath
💪,fitness-exercise,Fitness & Exercise,🧘,yoga,Yoga,Practice bandha engagement
💪,fitness-exercise,Fitness & Exercise,🧘‍♀️,pilates,Pilates,Practice hundred techniques
💪,fitness-exercise,Fitness & Exercise,🧘‍♀️,pilates,Pilates,Practice roll up
💪,fitness-exercise,Fitness & Exercise,🧘‍♀️,pilates,Pilates,Practice rolling like ball
💪,fitness-exercise,Fitness & Exercise,🧘‍♀️,pilates,Pilates,Practice single leg stretch
💪,fitness-exercise,Fitness & Exercise,🧘‍♀️,pilates,Pilates,Practice double leg stretch
💪,fitness-exercise,Fitness & Exercise,🧘‍♀️,pilates,Pilates,Practice scissors techniques
💪,fitness-exercise,Fitness & Exercise,🧘‍♀️,pilates,Pilates,Practice criss cross
💪,fitness-exercise,Fitness & Exercise,🧘‍♀️,pilates,Pilates,Practice swan dive
💪,fitness-exercise,Fitness & Exercise,🧘‍♀️,pilates,Pilates,Practice swimming techniques
💪,fitness-exercise,Fitness & Exercise,🧘‍♀️,pilates,Pilates,Practice side kick
💪,fitness-exercise,Fitness & Exercise,🧘‍♀️,pilates,Pilates,Practice teaser techniques
💪,fitness-exercise,Fitness & Exercise,🧘‍♀️,pilates,Pilates,Practice corkscrew techniques
💪,fitness-exercise,Fitness & Exercise,🧘‍♀️,pilates,Pilates,Practice saw techniques
💪,fitness-exercise,Fitness & Exercise,🧘‍♀️,pilates,Pilates,Practice neck pull
💪,fitness-exercise,Fitness & Exercise,🧘‍♀️,pilates,Pilates,Practice spine twist
💪,fitness-exercise,Fitness & Exercise,🧘‍♀️,pilates,Pilates,Practice jackknife techniques
💪,fitness-exercise,Fitness & Exercise,🧘‍♀️,pilates,Pilates,Practice bicycle techniques
💪,fitness-exercise,Fitness & Exercise,🧘‍♀️,pilates,Pilates,Practice leg circle
💪,fitness-exercise,Fitness & Exercise,🧘‍♀️,pilates,Pilates,Practice bridge pilates
💪,fitness-exercise,Fitness & Exercise,🧘‍♀️,pilates,Pilates,Practice shoulder bridge
💪,fitness-exercise,Fitness & Exercise,🧘‍♀️,pilates,Pilates,Practice clam shell
💪,fitness-exercise,Fitness & Exercise,🧘‍♀️,pilates,Pilates,Practice side lying leg
💪,fitness-exercise,Fitness & Exercise,🧘‍♀️,pilates,Pilates,Practice mermaid techniques
💪,fitness-exercise,Fitness & Exercise,🧘‍♀️,pilates,Pilates,Practice cat stretch
💪,fitness-exercise,Fitness & Exercise,🧘‍♀️,pilates,Pilates,Practice spine stretch
💪,fitness-exercise,Fitness & Exercise,🧘‍♀️,pilates,Pilates,Practice open leg rock
💪,fitness-exercise,Fitness & Exercise,🧘‍♀️,pilates,Pilates,Practice boomerang techniques
💪,fitness-exercise,Fitness & Exercise,🧘‍♀️,pilates,Pilates,Practice seal stretch
💪,fitness-exercise,Fitness & Exercise,🧘‍♀️,pilates,Pilates,Practice control balance
💪,fitness-exercise,Fitness & Exercise,🧘‍♀️,pilates,Pilates,Practice mat sequence
💪,fitness-exercise,Fitness & Exercise,🏃,running,Running,Run running form
💪,fitness-exercise,Fitness & Exercise,🏃,running,Running,Run foot strike
💪,fitness-exercise,Fitness & Exercise,🏃,running,Running,Run cadence techniques
💪,fitness-exercise,Fitness & Exercise,🏃,running,Running,Run breathing rhythm
💪,fitness-exercise,Fitness & Exercise,🏃,running,Running,Run pacing techniques
💪,fitness-exercise,Fitness & Exercise,🏃,running,Running,Run easy run
💪,fitness-exercise,Fitness & Exercise,🏃,running,Running,Run tempo run
💪,fitness-exercise,Fitness & Exercise,🏃,running,Running,Run interval run
💪,fitness-exercise,Fitness & Exercise,🏃,running,Running,Run fartlek techniques
💪,fitness-exercise,Fitness & Exercise,🏃,running,Running,Run hill repeats
💪,fitness-exercise,Fitness & Exercise,🏃,running,Running,Run long run
💪,fitness-exercise,Fitness & Exercise,🏃,running,Running,Run recovery run
💪,fitness-exercise,Fitness & Exercise,🏃,running,Running,Run progression run
💪,fitness-exercise,Fitness & Exercise,🏃,running,Running,Run warm up jog
💪,fitness-exercise,Fitness & Exercise,🏃,running,Running,Perform cool down stretches
💪,fitness-exercise,Fitness & Exercise,🏃,running,Running,Run strides techniques
💪,fitness-exercise,Fitness & Exercise,🏃,running,Running,Run sprint drill
💪,fitness-exercise,Fitness & Exercise,🏃,running,Running,Run track workout
💪,fitness-exercise,Fitness & Exercise,🏃,running,Running,Run trail running
💪,fitness-exercise,Fitness & Exercise,🏃,running,Running,Run treadmill run
💪,fitness-exercise,Fitness & Exercise,🏃,running,Running,Run heart rate zone
💪,fitness-exercise,Fitness & Exercise,🏃,running,Running,Run vo2 max
💪,fitness-exercise,Fitness & Exercise,🏃,running,Running,Run lactate threshold
💪,fitness-exercise,Fitness & Exercise,🏃,running,Running,Run running economy
💪,fitness-exercise,Fitness & Exercise,🏃,running,Running,Run gait analysis
💪,fitness-exercise,Fitness & Exercise,🏃,running,Running,Run shoe selection
💪,fitness-exercise,Fitness & Exercise,🏃,running,Running,Run running gear
💪,fitness-exercise,Fitness & Exercise,🏃,running,Running,Run hydration techniques
💪,fitness-exercise,Fitness & Exercise,🏃,running,Running,Run nutrition running
💪,fitness-exercise,Fitness & Exercise,🏃,running,Running,Run injury prevention
💪,fitness-exercise,Fitness & Exercise,🚴,cycling,Cycling,Cycle bike fit
💪,fitness-exercise,Fitness & Exercise,🚴,cycling,Cycling,Cycle cadence cycling
💪,fitness-exercise,Fitness & Exercise,🚴,cycling,Cycling,Cycle gear shifting
💪,fitness-exercise,Fitness & Exercise,🚴,cycling,Cycling,Cycle braking technique
💪,fitness-exercise,Fitness & Exercise,🚴,cycling,Cycling,Cycle cornering techniques
💪,fitness-exercise,Fitness & Exercise,🚴,cycling,Cycling,Cycle descending techniques
💪,fitness-exercise,Fitness & Exercise,🚴,cycling,Cycling,Cycle climbing techniques
💪,fitness-exercise,Fitness & Exercise,🚴,cycling,Cycling,Cycle sprint cycling
💪,fitness-exercise,Fitness & Exercise,🚴,cycling,Cycling,Cycle endurance ride
💪,fitness-exercise,Fitness & Exercise,🚴,cycling,Cycling,Cycle interval training
💪,fitness-exercise,Fitness & Exercise,🚴,cycling,Cycling,Cycle tempo ride
💪,fitness-exercise,Fitness & Exercise,🚴,cycling,Cycling,Cycle recovery ride
💪,fitness-exercise,Fitness & Exercise,🚴,cycling,Cycling,Cycle group riding
💪,fitness-exercise,Fitness & Exercise,🚴,cycling,Cycling,Cycle drafting techniques
💪,fitness-exercise,Fitness & Exercise,🚴,cycling,Cycling,Cycle paceline techniques
💪,fitness-exercise,Fitness & Exercise,🚴,cycling,Cycling,Cycle hand signals
💪,fitness-exercise,Fitness & Exercise,🚴,cycling,Cycling,Cycle bike handling
💪,fitness-exercise,Fitness & Exercise,🚴,cycling,Cycling,Cycle pedal stroke
💪,fitness-exercise,Fitness & Exercise,🚴,cycling,Cycling,Cycle cleat engagement
💪,fitness-exercise,Fitness & Exercise,🚴,cycling,Cycling,Cycle clipless pedals
💪,fitness-exercise,Fitness & Exercise,🚴,cycling,Cycling,Cycle flat repair
💪,fitness-exercise,Fitness & Exercise,🚴,cycling,Cycling,Cycle chain maintenance
💪,fitness-exercise,Fitness & Exercise,🚴,cycling,Cycling,Cycle shift cable
💪,fitness-exercise,Fitness & Exercise,🚴,cycling,Cycling,Cycle brake pad
💪,fitness-exercise,Fitness & Exercise,🚴,cycling,Cycling,Cycle cycling nutrition
💪,fitness-exercise,Fitness & Exercise,🚴,cycling,Cycling,Cycle electrolytes techniques
💪,fitness-exercise,Fitness & Exercise,🚴,cycling,Cycling,Cycle aerodynamics techniques
💪,fitness-exercise,Fitness & Exercise,🚴,cycling,Cycling,Cycle wind training
💪,fitness-exercise,Fitness & Exercise,🚴,cycling,Cycling,Cycle power meter
💪,fitness-exercise,Fitness & Exercise,🚴,cycling,Cycling,Cycle heart rate cycling
💪,fitness-exercise,Fitness & Exercise,🏊,swimming,Swimming,Swim freestyle techniques
💪,fitness-exercise,Fitness & Exercise,🏊,swimming,Swimming,Swim breathing pattern
💪,fitness-exercise,Fitness & Exercise,🏊,swimming,Swimming,Swim bilateral breathing
💪,fitness-exercise,Fitness & Exercise,🏊,swimming,Swimming,Swim front crawl
💪,fitness-exercise,Fitness & Exercise,🏊,swimming,Swimming,Swim backstroke techniques
💪,fitness-exercise,Fitness & Exercise,🏊,swimming,Swimming,Swim breaststroke techniques
💪,fitness-exercise,Fitness & Exercise,🏊,swimming,Swimming,Swim butterfly techniques
💪,fitness-exercise,Fitness & Exercise,🏊,swimming,Swimming,Swim flip turn
💪,fitness-exercise,Fitness & Exercise,🏊,swimming,Swimming,Swim open turn
💪,fitness-exercise,Fitness & Exercise,🏊,swimming,Swimming,Swim dive start
💪,fitness-exercise,Fitness & Exercise,🏊,swimming,Swimming,Swim streamline techniques
💪,fitness-exercise,Fitness & Exercise,🏊,swimming,Swimming,Swim body position
💪,fitness-exercise,Fitness & Exercise,🏊,swimming,Swimming,Swim kick technique
💪,fitness-exercise,Fitness & Exercise,🏊,swimming,Swimming,Swim flutter kick
💪,fitness-exercise,Fitness & Exercise,🏊,swimming,Swimming,Swim dolphin kick
💪,fitness-exercise,Fitness & Exercise,🏊,swimming,Swimming,Swim breaststroke kick
💪,fitness-exercise,Fitness & Exercise,🏊,swimming,Swimming,Swim arm pull
💪,fitness-exercise,Fitness & Exercise,🏊,swimming,Swimming,Swim catch phase
💪,fitness-exercise,Fitness & Exercise,🏊,swimming,Swimming,Swim pull phase
💪,fitness-exercise,Fitness & Exercise,🏊,swimming,Swimming,Swim recovery phase
💪,fitness-exercise,Fitness & Exercise,🏊,swimming,Swimming,Swim sighting techniques
💪,fitness-exercise,Fitness & Exercise,🏊,swimming,Swimming,Swim pacing swim
💪,fitness-exercise,Fitness & Exercise,🏊,swimming,Swimming,Swim interval swimming
💪,fitness-exercise,Fitness & Exercise,🏊,swimming,Swimming,Swim drills swimming
💪,fitness-exercise,Fitness & Exercise,🏊,swimming,Swimming,Swim kickboard drill
💪,fitness-exercise,Fitness & Exercise,🏊,swimming,Swimming,Swim pull buoy
💪,fitness-exercise,Fitness & Exercise,🏊,swimming,Swimming,Swim fins training
💪,fitness-exercise,Fitness & Exercise,🏊,swimming,Swimming,Swim paddles training
💪,fitness-exercise,Fitness & Exercise,🏊,swimming,Swimming,Swim snorkel training
💪,fitness-exercise,Fitness & Exercise,🏊,swimming,Swimming,Swim open water swim
💪,fitness-exercise,Fitness & Exercise,🔥,hiit,HIIT,Sprint interval design
💪,fitness-exercise,Fitness & Exercise,🔥,hiit,HIIT,Sprint work rest ratio
💪,fitness-exercise,Fitness & Exercise,🔥,hiit,HIIT,Sprint tabata protocol
💪,fitness-exercise,Fitness & Exercise,🔥,hiit,HIIT,Sprint 30 30 interval
💪,fitness-exercise,Fitness & Exercise,🔥,hiit,HIIT,Sprint 1 1 ratio
💪,fitness-exercise,Fitness & Exercise,🔥,hiit,HIIT,Sprint 2 1 ratio
💪,fitness-exercise,Fitness & Exercise,🔥,hiit,HIIT,Sprint stair sprints
💪,fitness-exercise,Fitness & Exercise,🔥,hiit,HIIT,Sprint battle ropes
💪,fitness-exercise,Fitness & Exercise,🔥,hiit,HIIT,Sprint kettlebell swing
💪,fitness-exercise,Fitness & Exercise,🔥,hiit,HIIT,Sprint box jump
💪,fitness-exercise,Fitness & Exercise,🔥,hiit,HIIT,Sprint medicine ball slam
💪,fitness-exercise,Fitness & Exercise,🔥,hiit,HIIT,Sprint sprint interval
💪,fitness-exercise,Fitness & Exercise,🔥,hiit,HIIT,Sprint sled push
💪,fitness-exercise,Fitness & Exercise,🔥,hiit,HIIT,Sprint sled pull
💪,fitness-exercise,Fitness & Exercise,🔥,hiit,HIIT,Sprint rowing sprint
💪,fitness-exercise,Fitness & Exercise,🔥,hiit,HIIT,Sprint assault bike
💪,fitness-exercise,Fitness & Exercise,🔥,hiit,HIIT,Sprint jump rope
💪,fitness-exercise,Fitness & Exercise,🔥,hiit,HIIT,Sprint burpee HIIT
💪,fitness-exercise,Fitness & Exercise,🔥,hiit,HIIT,Sprint mountain climber
💪,fitness-exercise,Fitness & Exercise,🔥,hiit,HIIT,Sprint high knee sprint
💪,fitness-exercise,Fitness & Exercise,🔥,hiit,HIIT,Sprint plank jack
💪,fitness-exercise,Fitness & Exercise,🔥,hiit,HIIT,Sprint skater jump
💪,fitness-exercise,Fitness & Exercise,🔥,hiit,HIIT,Sprint lunge jump
💪,fitness-exercise,Fitness & Exercise,🔥,hiit,HIIT,Sprint tuck jump
💪,fitness-exercise,Fitness & Exercise,🔥,hiit,HIIT,Sprint star jump
💪,fitness-exercise,Fitness & Exercise,🔥,hiit,HIIT,Sprint ice skater
💪,fitness-exercise,Fitness & Exercise,🔥,hiit,HIIT,Sprint speed skater
💪,fitness-exercise,Fitness & Exercise,🔥,hiit,HIIT,Sprint HIIT circuit
💪,fitness-exercise,Fitness & Exercise,🔥,hiit,HIIT,Sprint amrap techniques
💪,fitness-exercise,Fitness & Exercise,🔥,hiit,HIIT,Sprint emom techniques
💪,fitness-exercise,Fitness & Exercise,🏋️,weightlifting,Weightlifting,Lift snatch techniques
💪,fitness-exercise,Fitness & Exercise,🏋️,weightlifting,Weightlifting,Lift clean and jerk
💪,fitness-exercise,Fitness & Exercise,🏋️,weightlifting,Weightlifting,Lift clean pull
💪,fitness-exercise,Fitness & Exercise,🏋️,weightlifting,Weightlifting,Lift snatch pull
💪,fitness-exercise,Fitness & Exercise,🏋️,weightlifting,Weightlifting,Lift hang clean
💪,fitness-exercise,Fitness & Exercise,🏋️,weightlifting,Weightlifting,Lift hang snatch
💪,fitness-exercise,Fitness & Exercise,🏋️,weightlifting,Weightlifting,Lift power clean
💪,fitness-exercise,Fitness & Exercise,🏋️,weightlifting,Weightlifting,Lift power snatch
💪,fitness-exercise,Fitness & Exercise,🏋️,weightlifting,Weightlifting,Lift split jerk
💪,fitness-exercise,Fitness & Exercise,🏋️,weightlifting,Weightlifting,Lift push jerk
💪,fitness-exercise,Fitness & Exercise,🏋️,weightlifting,Weightlifting,Lift push press
💪,fitness-exercise,Fitness & Exercise,🏋️,weightlifting,Weightlifting,Lift front squat
💪,fitness-exercise,Fitness & Exercise,🏋️,weightlifting,Weightlifting,Lift overhead squat
💪,fitness-exercise,Fitness & Exercise,🏋️,weightlifting,Weightlifting,Lift deadlift snatch
💪,fitness-exercise,Fitness & Exercise,🏋️,weightlifting,Weightlifting,Lift snatch balance
💪,fitness-exercise,Fitness & Exercise,🏋️,weightlifting,Weightlifting,Lift muscle snatch
💪,fitness-exercise,Fitness & Exercise,🏋️,weightlifting,Weightlifting,Lift muscle clean
💪,fitness-exercise,Fitness & Exercise,🏋️,weightlifting,Weightlifting,Lift drop snatch
💪,fitness-exercise,Fitness & Exercise,🏋️,weightlifting,Weightlifting,Lift tall snatch
💪,fitness-exercise,Fitness & Exercise,🏋️,weightlifting,Weightlifting,Lift snatch high pull
💪,fitness-exercise,Fitness & Exercise,🏋️,weightlifting,Weightlifting,Lift clean high pull
💪,fitness-exercise,Fitness & Exercise,🏋️,weightlifting,Weightlifting,Lift snatch grip
💪,fitness-exercise,Fitness & Exercise,🏋️,weightlifting,Weightlifting,Lift hook grip
💪,fitness-exercise,Fitness & Exercise,🏋️,weightlifting,Weightlifting,Lift beltless work
💪,fitness-exercise,Fitness & Exercise,🏋️,weightlifting,Weightlifting,Lift shoe lifting
💪,fitness-exercise,Fitness & Exercise,🏋️,weightlifting,Weightlifting,Lift lifting belt
💪,fitness-exercise,Fitness & Exercise,🏋️,weightlifting,Weightlifting,Lift wrist wrap
💪,fitness-exercise,Fitness & Exercise,🏋️,weightlifting,Weightlifting,Lift knee sleeve
💪,fitness-exercise,Fitness & Exercise,🏋️,weightlifting,Weightlifting,Lift chalk use
💪,fitness-exercise,Fitness & Exercise,🏋️,weightlifting,Weightlifting,Lift platform setup
💪,fitness-exercise,Fitness & Exercise,💪,crossfit,CrossFit,Crush wod structure
💪,fitness-exercise,Fitness & Exercise,💪,crossfit,CrossFit,Crush metcon techniques
💪,fitness-exercise,Fitness & Exercise,💪,crossfit,CrossFit,Crush amrap wod
💪,fitness-exercise,Fitness & Exercise,💪,crossfit,CrossFit,Crush emom wod
💪,fitness-exercise,Fitness & Exercise,💪,crossfit,CrossFit,Crush for time
💪,fitness-exercise,Fitness & Exercise,💪,crossfit,CrossFit,Crush rft wod
💪,fitness-exercise,Fitness & Exercise,💪,crossfit,CrossFit,Crush hero wod
💪,fitness-exercise,Fitness & Exercise,💪,crossfit,CrossFit,Crush girl wod
💪,fitness-exercise,Fitness & Exercise,💪,crossfit,CrossFit,Crush open workout
💪,fitness-exercise,Fitness & Exercise,💪,crossfit,CrossFit,Crush box jump
💪,fitness-exercise,Fitness & Exercise,💪,crossfit,CrossFit,Crush wall ball
💪,fitness-exercise,Fitness & Exercise,💪,crossfit,CrossFit,Crush thruster techniques
💪,fitness-exercise,Fitness & Exercise,💪,crossfit,CrossFit,Crush kettlebell swing
💪,fitness-exercise,Fitness & Exercise,💪,crossfit,CrossFit,Crush double under
💪,fitness-exercise,Fitness & Exercise,💪,crossfit,CrossFit,Crush jump rope skill
💪,fitness-exercise,Fitness & Exercise,💪,crossfit,CrossFit,Crush toes to bar
💪,fitness-exercise,Fitness & Exercise,💪,crossfit,CrossFit,Crush pull up kip
💪,fitness-exercise,Fitness & Exercise,💪,crossfit,CrossFit,Crush chest to bar
💪,fitness-exercise,Fitness & Exercise,💪,crossfit,CrossFit,Crush ring muscle up
💪,fitness-exercise,Fitness & Exercise,💪,crossfit,CrossFit,Crush bar muscle up
💪,fitness-exercise,Fitness & Exercise,💪,crossfit,CrossFit,Crush handstand walk
💪,fitness-exercise,Fitness & Exercise,💪,crossfit,CrossFit,Crush pistol squat cross
💪,fitness-exercise,Fitness & Exercise,💪,crossfit,CrossFit,Crush snatch crossfit
💪,fitness-exercise,Fitness & Exercise,💪,crossfit,CrossFit,Crush clean crossfit
💪,fitness-exercise,Fitness & Exercise,💪,crossfit,CrossFit,Crush row erg
💪,fitness-exercise,Fitness & Exercise,💪,crossfit,CrossFit,Crush ski erg
💪,fitness-exercise,Fitness & Exercise,💪,crossfit,CrossFit,Crush assault bike
💪,fitness-exercise,Fitness & Exercise,💪,crossfit,CrossFit,Crush rope climb
💪,fitness-exercise,Fitness & Exercise,💪,crossfit,CrossFit,Crush ghd sit up
💪,fitness-exercise,Fitness & Exercise,💪,crossfit,CrossFit,Crush dumbbell workout
💪,fitness-exercise,Fitness & Exercise,🤸,calisthenics,Calisthenics,Master pull up progression
💪,fitness-exercise,Fitness & Exercise,🤸,calisthenics,Calisthenics,Master push up progression
💪,fitness-exercise,Fitness & Exercise,🤸,calisthenics,Calisthenics,Master dip progression
💪,fitness-exercise,Fitness & Exercise,🤸,calisthenics,Calisthenics,Master squat progression
💪,fitness-exercise,Fitness & Exercise,🤸,calisthenics,Calisthenics,Master l sit
💪,fitness-exercise,Fitness & Exercise,🤸,calisthenics,Calisthenics,Master v sit
💪,fitness-exercise,Fitness & Exercise,🤸,calisthenics,Calisthenics,Master front lever
💪,fitness-exercise,Fitness & Exercise,🤸,calisthenics,Calisthenics,Master back lever
💪,fitness-exercise,Fitness & Exercise,🤸,calisthenics,Calisthenics,Master planche tutorial
💪,fitness-exercise,Fitness & Exercise,🤸,calisthenics,Calisthenics,Master hand balance
💪,fitness-exercise,Fitness & Exercise,🤸,calisthenics,Calisthenics,Master handstand push-up
💪,fitness-exercise,Fitness & Exercise,🤸,calisthenics,Calisthenics,Master muscle up
💪,fitness-exercise,Fitness & Exercise,🤸,calisthenics,Calisthenics,Master ring strength
💪,fitness-exercise,Fitness & Exercise,🤸,calisthenics,Calisthenics,Master romanian ring
💪,fitness-exercise,Fitness & Exercise,🤸,calisthenics,Calisthenics,Master ring support
💪,fitness-exercise,Fitness & Exercise,🤸,calisthenics,Calisthenics,Master pseudo planche
💪,fitness-exercise,Fitness & Exercise,🤸,calisthenics,Calisthenics,Master tuck planche
💪,fitness-exercise,Fitness & Exercise,🤸,calisthenics,Calisthenics,Master advanced tuck
💪,fitness-exercise,Fitness & Exercise,🤸,calisthenics,Calisthenics,Master straddle planche
💪,fitness-exercise,Fitness & Exercise,🤸,calisthenics,Calisthenics,Master full planche
💪,fitness-exercise,Fitness & Exercise,🤸,calisthenics,Calisthenics,Master front lever tuck
💪,fitness-exercise,Fitness & Exercise,🤸,calisthenics,Calisthenics,Master front lever straddle
💪,fitness-exercise,Fitness & Exercise,🤸,calisthenics,Calisthenics,Master back lever tuck
💪,fitness-exercise,Fitness & Exercise,🤸,calisthenics,Calisthenics,Master back lever straddle
💪,fitness-exercise,Fitness & Exercise,🤸,calisthenics,Calisthenics,Master one arm push up
💪,fitness-exercise,Fitness & Exercise,🤸,calisthenics,Calisthenics,Master one arm chin up
💪,fitness-exercise,Fitness & Exercise,🤸,calisthenics,Calisthenics,Master pistol squat
💪,fitness-exercise,Fitness & Exercise,🤸,calisthenics,Calisthenics,Master shrimp squat
💪,fitness-exercise,Fitness & Exercise,🤸,calisthenics,Calisthenics,Master hespu techniques
💪,fitness-exercise,Fitness & Exercise,🤸,calisthenics,Calisthenics,Master calisthenics routine
💪,fitness-exercise,Fitness & Exercise,🥋,martial-arts,Martial Arts,Practice stance techniques
💪,fitness-exercise,Fitness & Exercise,🥋,martial-arts,Martial Arts,Practice footwork techniques
💪,fitness-exercise,Fitness & Exercise,🥋,martial-arts,Martial Arts,Practice punch technique
💪,fitness-exercise,Fitness & Exercise,🥋,martial-arts,Martial Arts,Practice cross punch
💪,fitness-exercise,Fitness & Exercise,🥋,martial-arts,Martial Arts,Practice jab techniques
💪,fitness-exercise,Fitness & Exercise,🥋,martial-arts,Martial Arts,Practice hook techniques
💪,fitness-exercise,Fitness & Exercise,🥋,martial-arts,Martial Arts,Practice uppercut techniques
💪,fitness-exercise,Fitness & Exercise,🥋,martial-arts,Martial Arts,Practice kick technique
💪,fitness-exercise,Fitness & Exercise,🥋,martial-arts,Martial Arts,Practice front kick
💪,fitness-exercise,Fitness & Exercise,🥋,martial-arts,Martial Arts,Practice roundhouse techniques
💪,fitness-exercise,Fitness & Exercise,🥋,martial-arts,Martial Arts,Practice side kick
💪,fitness-exercise,Fitness & Exercise,🥋,martial-arts,Martial Arts,Practice back kick
💪,fitness-exercise,Fitness & Exercise,🥋,martial-arts,Martial Arts,Practice knee strike
💪,fitness-exercise,Fitness & Exercise,🥋,martial-arts,Martial Arts,Practice elbow strike
💪,fitness-exercise,Fitness & Exercise,🥋,martial-arts,Martial Arts,Practice block technique
💪,fitness-exercise,Fitness & Exercise,🥋,martial-arts,Martial Arts,Practice parry techniques
💪,fitness-exercise,Fitness & Exercise,🥋,martial-arts,Martial Arts,Practice slip techniques
💪,fitness-exercise,Fitness & Exercise,🥋,martial-arts,Martial Arts,Practice roll techniques
💪,fitness-exercise,Fitness & Exercise,🥋,martial-arts,Martial Arts,Practice clinch techniques
💪,fitness-exercise,Fitness & Exercise,🥋,martial-arts,Martial Arts,Practice throw technique
💪,fitness-exercise,Fitness & Exercise,🥋,martial-arts,Martial Arts,Practice trip techniques
💪,fitness-exercise,Fitness & Exercise,🥋,martial-arts,Martial Arts,Practice sweep techniques
💪,fitness-exercise,Fitness & Exercise,🥋,martial-arts,Martial Arts,Practice takedown techniques
💪,fitness-exercise,Fitness & Exercise,🥋,martial-arts,Martial Arts,Practice guard position
💪,fitness-exercise,Fitness & Exercise,🥋,martial-arts,Martial Arts,Practice mount position
💪,fitness-exercise,Fitness & Exercise,🥋,martial-arts,Martial Arts,Practice side control
💪,fitness-exercise,Fitness & Exercise,🥋,martial-arts,Martial Arts,Practice submission techniques
💪,fitness-exercise,Fitness & Exercise,🥋,martial-arts,Martial Arts,Practice joint lock
💪,fitness-exercise,Fitness & Exercise,🥋,martial-arts,Martial Arts,Practice choke hold
💪,fitness-exercise,Fitness & Exercise,🥋,martial-arts,Martial Arts,Practice sparring techniques
💪,fitness-exercise,Fitness & Exercise,🥊,boxing,Boxing,Box boxing stance
💪,fitness-exercise,Fitness & Exercise,🥊,boxing,Boxing,Box jab cross
💪,fitness-exercise,Fitness & Exercise,🥊,boxing,Boxing,Box lead hook
💪,fitness-exercise,Fitness & Exercise,🥊,boxing,Boxing,Box rear hook
💪,fitness-exercise,Fitness & Exercise,🥊,boxing,Boxing,Box uppercut techniques
💪,fitness-exercise,Fitness & Exercise,🥊,boxing,Boxing,Box body shot
💪,fitness-exercise,Fitness & Exercise,🥊,boxing,Boxing,Box combination punch
💪,fitness-exercise,Fitness & Exercise,🥊,boxing,Boxing,Box footwork boxing
💪,fitness-exercise,Fitness & Exercise,🥊,boxing,Boxing,Box head movement
💪,fitness-exercise,Fitness & Exercise,🥊,boxing,Boxing,Box slip punch
💪,fitness-exercise,Fitness & Exercise,🥊,boxing,Boxing,Box roll punch
💪,fitness-exercise,Fitness & Exercise,🥊,boxing,Boxing,Box bob and weave
💪,fitness-exercise,Fitness & Exercise,🥊,boxing,Boxing,Box blocking punch
💪,fitness-exercise,Fitness & Exercise,🥊,boxing,Boxing,Box parry punch
💪,fitness-exercise,Fitness & Exercise,🥊,boxing,Boxing,Box counter punch
💪,fitness-exercise,Fitness & Exercise,🥊,boxing,Boxing,Box shadow boxing
💪,fitness-exercise,Fitness & Exercise,🥊,boxing,Boxing,Box heavy bag
💪,fitness-exercise,Fitness & Exercise,🥊,boxing,Boxing,Box speed bag
💪,fitness-exercise,Fitness & Exercise,🥊,boxing,Boxing,Box double end bag
💪,fitness-exercise,Fitness & Exercise,🥊,boxing,Boxing,Box pad work
💪,fitness-exercise,Fitness & Exercise,🥊,boxing,Boxing,Box sparring boxing
💪,fitness-exercise,Fitness & Exercise,🥊,boxing,Boxing,Box ring control
💪,fitness-exercise,Fitness & Exercise,🥊,boxing,Boxing,Box distance management
💪,fitness-exercise,Fitness & Exercise,🥊,boxing,Boxing,Box feinting techniques
💪,fitness-exercise,Fitness & Exercise,🥊,boxing,Boxing,Box angles boxing
💪,fitness-exercise,Fitness & Exercise,🥊,boxing,Boxing,Box bob and weave
💪,fitness-exercise,Fitness & Exercise,🥊,boxing,Boxing,Box mayweather defense
💪,fitness-exercise,Fitness & Exercise,🥊,boxing,Boxing,Box peekaboo style
💪,fitness-exercise,Fitness & Exercise,🥊,boxing,Boxing,Box outboxing techniques
💪,fitness-exercise,Fitness & Exercise,🥊,boxing,Boxing,Box pressure fighting
💪,fitness-exercise,Fitness & Exercise,💃,dance-fitness,Dance Fitness,Dance Zumba routines
💪,fitness-exercise,Fitness & Exercise,💃,dance-fitness,Dance Fitness,Dance hip hop dance
💪,fitness-exercise,Fitness & Exercise,💃,dance-fitness,Dance Fitness,Dance jazzercise techniques
💪,fitness-exercise,Fitness & Exercise,💃,dance-fitness,Dance Fitness,Dance aerobics techniques
💪,fitness-exercise,Fitness & Exercise,💃,dance-fitness,Dance Fitness,Dance step aerobics
💪,fitness-exercise,Fitness & Exercise,💃,dance-fitness,Dance Fitness,Dance cardio dance
💪,fitness-exercise,Fitness & Exercise,💃,dance-fitness,Dance Fitness,Dance salsa fitness
💪,fitness-exercise,Fitness & Exercise,💃,dance-fitness,Dance Fitness,Dance bachata techniques
💪,fitness-exercise,Fitness & Exercise,💃,dance-fitness,Dance Fitness,Dance merengue dance
💪,fitness-exercise,Fitness & Exercise,💃,dance-fitness,Dance Fitness,Dance reggaeton techniques
💪,fitness-exercise,Fitness & Exercise,💃,dance-fitness,Dance Fitness,Dance samba fitness
💪,fitness-exercise,Fitness & Exercise,💃,dance-fitness,Dance Fitness,Dance belly dance
💪,fitness-exercise,Fitness & Exercise,💃,dance-fitness,Dance Fitness,Dance bollywood dance
💪,fitness-exercise,Fitness & Exercise,💃,dance-fitness,Dance Fitness,Dance african dance
💪,fitness-exercise,Fitness & Exercise,💃,dance-fitness,Dance Fitness,Dance twerk fitness
💪,fitness-exercise,Fitness & Exercise,💃,dance-fitness,Dance Fitness,Dance pole fitness
💪,fitness-exercise,Fitness & Exercise,💃,dance-fitness,Dance Fitness,Dance aerial silks
💪,fitness-exercise,Fitness & Exercise,💃,dance-fitness,Dance Fitness,Dance hula dance
💪,fitness-exercise,Fitness & Exercise,💃,dance-fitness,Dance Fitness,Dance line dance
💪,fitness-exercise,Fitness & Exercise,💃,dance-fitness,Dance Fitness,Dance country dance
💪,fitness-exercise,Fitness & Exercise,💃,dance-fitness,Dance Fitness,Dance latin cardio
💪,fitness-exercise,Fitness & Exercise,💃,dance-fitness,Dance Fitness,Dance dance warmup
💪,fitness-exercise,Fitness & Exercise,💃,dance-fitness,Dance Fitness,Dance choreography techniques
💪,fitness-exercise,Fitness & Exercise,💃,dance-fitness,Dance Fitness,Dance rhythm training
💪,fitness-exercise,Fitness & Exercise,💃,dance-fitness,Dance Fitness,Dance coordination techniques
💪,fitness-exercise,Fitness & Exercise,💃,dance-fitness,Dance Fitness,Dance isolation movement
💪,fitness-exercise,Fitness & Exercise,💃,dance-fitness,Dance Fitness,Dance body roll
💪,fitness-exercise,Fitness & Exercise,💃,dance-fitness,Dance Fitness,Dance arm wave
💪,fitness-exercise,Fitness & Exercise,💃,dance-fitness,Dance Fitness,Dance stretching dance
💪,fitness-exercise,Fitness & Exercise,💃,dance-fitness,Dance Fitness,Dance cool down dance
💪,fitness-exercise,Fitness & Exercise,🩰,barre,Barre,Plié plie techniques
💪,fitness-exercise,Fitness & Exercise,🩰,barre,Barre,Plié releve techniques
💪,fitness-exercise,Fitness & Exercise,🩰,barre,Barre,Plié tendu techniques
💪,fitness-exercise,Fitness & Exercise,🩰,barre,Barre,Plié degage techniques
💪,fitness-exercise,Fitness & Exercise,🩰,barre,Barre,Plié grand battement
💪,fitness-exercise,Fitness & Exercise,🩰,barre,Barre,Plié rond de jambe
💪,fitness-exercise,Fitness & Exercise,🩰,barre,Barre,Plié fondu techniques
💪,fitness-exercise,Fitness & Exercise,🩰,barre,Barre,Plié frappe techniques
💪,fitness-exercise,Fitness & Exercise,🩰,barre,Barre,Plié adagio techniques
💪,fitness-exercise,Fitness & Exercise,🩰,barre,Barre,Plié arabesque techniques
💪,fitness-exercise,Fitness & Exercise,🩰,barre,Barre,Plié attitude techniques
💪,fitness-exercise,Fitness & Exercise,🩰,barre,Barre,Plié passe techniques
💪,fitness-exercise,Fitness & Exercise,🩰,barre,Barre,Plié develope techniques
💪,fitness-exercise,Fitness & Exercise,🩰,barre,Barre,Plié port de bras
💪,fitness-exercise,Fitness & Exercise,🩰,barre,Barre,Plié barre warmup
💪,fitness-exercise,Fitness & Exercise,🩰,barre,Barre,Plié leg lift
💪,fitness-exercise,Fitness & Exercise,🩰,barre,Barre,Plié glute press
💪,fitness-exercise,Fitness & Exercise,🩰,barre,Barre,Plié thigh work
💪,fitness-exercise,Fitness & Exercise,🩰,barre,Barre,Plié core barre
💪,fitness-exercise,Fitness & Exercise,🩰,barre,Barre,Plié arm series
💪,fitness-exercise,Fitness & Exercise,🩰,barre,Barre,Plié seat work
💪,fitness-exercise,Fitness & Exercise,🩰,barre,Barre,Plié stretch barre
💪,fitness-exercise,Fitness & Exercise,🩰,barre,Barre,Plié balance work
💪,fitness-exercise,Fitness & Exercise,🩰,barre,Barre,Plié turnout techniques
💪,fitness-exercise,Fitness & Exercise,🩰,barre,Barre,Plié alignment techniques
💪,fitness-exercise,Fitness & Exercise,🩰,barre,Barre,Plié posture barre
💪,fitness-exercise,Fitness & Exercise,🩰,barre,Barre,Plié pulse movement
💪,fitness-exercise,Fitness & Exercise,🩰,barre,Barre,Plié isometric hold
💪,fitness-exercise,Fitness & Exercise,🩰,barre,Barre,Plié small range
💪,fitness-exercise,Fitness & Exercise,🩰,barre,Barre,Plié full range
💪,fitness-exercise,Fitness & Exercise,🤸,stretching-mobility,Stretching & Mobility,Stretch static stretch
💪,fitness-exercise,Fitness & Exercise,🤸,stretching-mobility,Stretching & Mobility,Stretch dynamic stretch
💪,fitness-exercise,Fitness & Exercise,🤸,stretching-mobility,Stretching & Mobility,Stretch pnf stretching
💪,fitness-exercise,Fitness & Exercise,🤸,stretching-mobility,Stretching & Mobility,Stretch active stretch
💪,fitness-exercise,Fitness & Exercise,🤸,stretching-mobility,Stretching & Mobility,Stretch passive stretch
💪,fitness-exercise,Fitness & Exercise,🤸,stretching-mobility,Stretching & Mobility,Stretch ballistic stretch
💪,fitness-exercise,Fitness & Exercise,🤸,stretching-mobility,Stretching & Mobility,Stretch hip flexor stretch
💪,fitness-exercise,Fitness & Exercise,🤸,stretching-mobility,Stretching & Mobility,Stretch hamstring stretch
💪,fitness-exercise,Fitness & Exercise,🤸,stretching-mobility,Stretching & Mobility,Stretch quad stretch
💪,fitness-exercise,Fitness & Exercise,🤸,stretching-mobility,Stretching & Mobility,Stretch glute stretch
💪,fitness-exercise,Fitness & Exercise,🤸,stretching-mobility,Stretching & Mobility,Stretch chest stretch
💪,fitness-exercise,Fitness & Exercise,🤸,stretching-mobility,Stretching & Mobility,Stretch upper back stretch
💪,fitness-exercise,Fitness & Exercise,🤸,stretching-mobility,Stretching & Mobility,Stretch neck stretch
💪,fitness-exercise,Fitness & Exercise,🤸,stretching-mobility,Stretching & Mobility,Stretch shoulder stretch
💪,fitness-exercise,Fitness & Exercise,🤸,stretching-mobility,Stretching & Mobility,Stretch tricep stretch
💪,fitness-exercise,Fitness & Exercise,🤸,stretching-mobility,Stretching & Mobility,Stretch wrist stretch
💪,fitness-exercise,Fitness & Exercise,🤸,stretching-mobility,Stretching & Mobility,Stretch ankle mobility
💪,fitness-exercise,Fitness & Exercise,🤸,stretching-mobility,Stretching & Mobility,Stretch hip mobility
💪,fitness-exercise,Fitness & Exercise,🤸,stretching-mobility,Stretching & Mobility,Stretch thoracic rotation
💪,fitness-exercise,Fitness & Exercise,🤸,stretching-mobility,Stretching & Mobility,Stretch shoulder cars
💪,fitness-exercise,Fitness & Exercise,🤸,stretching-mobility,Stretching & Mobility,Stretch hip cars
💪,fitness-exercise,Fitness & Exercise,🤸,stretching-mobility,Stretching & Mobility,Stretch ankle cars
💪,fitness-exercise,Fitness & Exercise,🤸,stretching-mobility,Stretching & Mobility,Stretch couch stretch
💪,fitness-exercise,Fitness & Exercise,🤸,stretching-mobility,Stretching & Mobility,Stretch pigeon stretch
💪,fitness-exercise,Fitness & Exercise,🤸,stretching-mobility,Stretching & Mobility,Stretch frog stretch
💪,fitness-exercise,Fitness & Exercise,🤸,stretching-mobility,Stretching & Mobility,Stretch butterfly stretch
💪,fitness-exercise,Fitness & Exercise,🤸,stretching-mobility,Stretching & Mobility,Stretch downward dog
💪,fitness-exercise,Fitness & Exercise,🤸,stretching-mobility,Stretching & Mobility,Stretch forward fold
💪,fitness-exercise,Fitness & Exercise,🤸,stretching-mobility,Stretching & Mobility,Stretch lat stretch
💪,fitness-exercise,Fitness & Exercise,🤸,stretching-mobility,Stretching & Mobility,Stretch full body routine
💪,fitness-exercise,Fitness & Exercise,🧍,posture-correction,Posture Correction,Align posture assessment
💪,fitness-exercise,Fitness & Exercise,🧍,posture-correction,Posture Correction,Align forward head
💪,fitness-exercise,Fitness & Exercise,🧍,posture-correction,Posture Correction,Align rounded shoulders
💪,fitness-exercise,Fitness & Exercise,🧍,posture-correction,Posture Correction,Align anterior pelvic tilt
💪,fitness-exercise,Fitness & Exercise,🧍,posture-correction,Posture Correction,Align posterior pelvic tilt
💪,fitness-exercise,Fitness & Exercise,🧍,posture-correction,Posture Correction,Align kyphosis correction
💪,fitness-exercise,Fitness & Exercise,🧍,posture-correction,Posture Correction,Align lordosis care
💪,fitness-exercise,Fitness & Exercise,🧍,posture-correction,Posture Correction,Align sway back
💪,fitness-exercise,Fitness & Exercise,🧍,posture-correction,Posture Correction,Align flat back
💪,fitness-exercise,Fitness & Exercise,🧍,posture-correction,Posture Correction,Align wall posture check
💪,fitness-exercise,Fitness & Exercise,🧍,posture-correction,Posture Correction,Align chin tuck
💪,fitness-exercise,Fitness & Exercise,🧍,posture-correction,Posture Correction,Align shoulder blade squeeze
💪,fitness-exercise,Fitness & Exercise,🧍,posture-correction,Posture Correction,Align doorway stretch
💪,fitness-exercise,Fitness & Exercise,🧍,posture-correction,Posture Correction,Align pectoral stretch
💪,fitness-exercise,Fitness & Exercise,🧍,posture-correction,Posture Correction,Align upper trap release
💪,fitness-exercise,Fitness & Exercise,🧍,posture-correction,Posture Correction,Align thoracic extension
💪,fitness-exercise,Fitness & Exercise,🧍,posture-correction,Posture Correction,Align cat cow posture
💪,fitness-exercise,Fitness & Exercise,🧍,posture-correction,Posture Correction,Align child pose
💪,fitness-exercise,Fitness & Exercise,🧍,posture-correction,Posture Correction,Align hip flexor release
💪,fitness-exercise,Fitness & Exercise,🧍,posture-correction,Posture Correction,Align glute activation
💪,fitness-exercise,Fitness & Exercise,🧍,posture-correction,Posture Correction,Align core bracing
💪,fitness-exercise,Fitness & Exercise,🧍,posture-correction,Posture Correction,Align neutral spine
💪,fitness-exercise,Fitness & Exercise,🧍,posture-correction,Posture Correction,Align pelvic tilt
💪,fitness-exercise,Fitness & Exercise,🧍,posture-correction,Posture Correction,Align standing posture
💪,fitness-exercise,Fitness & Exercise,🧍,posture-correction,Posture Correction,Align sitting posture
💪,fitness-exercise,Fitness & Exercise,🧍,posture-correction,Posture Correction,Align desk setup
💪,fitness-exercise,Fitness & Exercise,🧍,posture-correction,Posture Correction,Align standing desk
💪,fitness-exercise,Fitness & Exercise,🧍,posture-correction,Posture Correction,Align posture brace
💪,fitness-exercise,Fitness & Exercise,🧍,posture-correction,Posture Correction,Align posture breath
💪,fitness-exercise,Fitness & Exercise,🧍,posture-correction,Posture Correction,Align daily habits
💪,fitness-exercise,Fitness & Exercise,💪,core-training,Core Training,Strengthen plank hold
💪,fitness-exercise,Fitness & Exercise,💪,core-training,Core Training,Strengthen side plank
💪,fitness-exercise,Fitness & Exercise,💪,core-training,Core Training,Strengthen reverse plank
💪,fitness-exercise,Fitness & Exercise,💪,core-training,Core Training,Strengthen dead bug
💪,fitness-exercise,Fitness & Exercise,💪,core-training,Core Training,Strengthen bird dog
💪,fitness-exercise,Fitness & Exercise,💪,core-training,Core Training,Strengthen hollow hold
💪,fitness-exercise,Fitness & Exercise,💪,core-training,Core Training,Strengthen arch hold
💪,fitness-exercise,Fitness & Exercise,💪,core-training,Core Training,Strengthen crunches techniques
💪,fitness-exercise,Fitness & Exercise,💪,core-training,Core Training,Strengthen reverse crunch
💪,fitness-exercise,Fitness & Exercise,💪,core-training,Core Training,Strengthen russian twist
💪,fitness-exercise,Fitness & Exercise,💪,core-training,Core Training,Strengthen bicycle crunch
💪,fitness-exercise,Fitness & Exercise,💪,core-training,Core Training,Strengthen leg raise
💪,fitness-exercise,Fitness & Exercise,💪,core-training,Core Training,Strengthen hanging leg raise
💪,fitness-exercise,Fitness & Exercise,💪,core-training,Core Training,Strengthen toes to bar
💪,fitness-exercise,Fitness & Exercise,💪,core-training,Core Training,Strengthen ab wheel
💪,fitness-exercise,Fitness & Exercise,💪,core-training,Core Training,Strengthen pallof press
💪,fitness-exercise,Fitness & Exercise,💪,core-training,Core Training,Strengthen cable rotation
💪,fitness-exercise,Fitness & Exercise,💪,core-training,Core Training,Strengthen wood chop
💪,fitness-exercise,Fitness & Exercise,💪,core-training,Core Training,Strengthen medicine ball slam core
💪,fitness-exercise,Fitness & Exercise,💪,core-training,Core Training,Strengthen v up
💪,fitness-exercise,Fitness & Exercise,💪,core-training,Core Training,Strengthen jack knife
💪,fitness-exercise,Fitness & Exercise,💪,core-training,Core Training,Strengthen flutter kick
💪,fitness-exercise,Fitness & Exercise,💪,core-training,Core Training,Strengthen scissors core
💪,fitness-exercise,Fitness & Exercise,💪,core-training,Core Training,Strengthen heel tap
💪,fitness-exercise,Fitness & Exercise,💪,core-training,Core Training,Strengthen plank up down
💪,fitness-exercise,Fitness & Exercise,💪,core-training,Core Training,Strengthen mountain climber core
💪,fitness-exercise,Fitness & Exercise,💪,core-training,Core Training,Strengthen boat pose
💪,fitness-exercise,Fitness & Exercise,💪,core-training,Core Training,Strengthen stomach vacuum
💪,fitness-exercise,Fitness & Exercise,💪,core-training,Core Training,Strengthen dragon flag
💪,fitness-exercise,Fitness & Exercise,💪,core-training,Core Training,Strengthen core circuit
💪,fitness-exercise,Fitness & Exercise,❤️,cardio-training,Cardio Training,Run steady state
💪,fitness-exercise,Fitness & Exercise,❤️,cardio-training,Cardio Training,Run zone 2 training
💪,fitness-exercise,Fitness & Exercise,❤️,cardio-training,Cardio Training,Run aerobic base
💪,fitness-exercise,Fitness & Exercise,❤️,cardio-training,Cardio Training,Run anaerobic threshold
💪,fitness-exercise,Fitness & Exercise,❤️,cardio-training,Cardio Training,Run heart rate monitor
💪,fitness-exercise,Fitness & Exercise,❤️,cardio-training,Cardio Training,Run vo2 max cardio
💪,fitness-exercise,Fitness & Exercise,❤️,cardio-training,Cardio Training,Run rowing machine
💪,fitness-exercise,Fitness & Exercise,❤️,cardio-training,Cardio Training,Run elliptical techniques
💪,fitness-exercise,Fitness & Exercise,❤️,cardio-training,Cardio Training,Run stair climber
💪,fitness-exercise,Fitness & Exercise,❤️,cardio-training,Cardio Training,Run jump rope cardio
💪,fitness-exercise,Fitness & Exercise,❤️,cardio-training,Cardio Training,Run swimming laps
💪,fitness-exercise,Fitness & Exercise,❤️,cardio-training,Cardio Training,Run cycling cardio
💪,fitness-exercise,Fitness & Exercise,❤️,cardio-training,Cardio Training,Run running cardio
💪,fitness-exercise,Fitness & Exercise,❤️,cardio-training,Cardio Training,Run brisk walking
💪,fitness-exercise,Fitness & Exercise,❤️,cardio-training,Cardio Training,Run power walking
💪,fitness-exercise,Fitness & Exercise,❤️,cardio-training,Cardio Training,Run incline walking
💪,fitness-exercise,Fitness & Exercise,❤️,cardio-training,Cardio Training,Run cardio intervals
💪,fitness-exercise,Fitness & Exercise,❤️,cardio-training,Cardio Training,Run HIIT cardio
💪,fitness-exercise,Fitness & Exercise,❤️,cardio-training,Cardio Training,Run liss cardio
💪,fitness-exercise,Fitness & Exercise,❤️,cardio-training,Cardio Training,Run miss cardio
💪,fitness-exercise,Fitness & Exercise,❤️,cardio-training,Cardio Training,Run cardio duration
💪,fitness-exercise,Fitness & Exercise,❤️,cardio-training,Cardio Training,Run cardio frequency
💪,fitness-exercise,Fitness & Exercise,❤️,cardio-training,Cardio Training,Run recovery cardio
💪,fitness-exercise,Fitness & Exercise,❤️,cardio-training,Cardio Training,Run cardio warmup
💪,fitness-exercise,Fitness & Exercise,❤️,cardio-training,Cardio Training,Run cardio cooldown
💪,fitness-exercise,Fitness & Exercise,❤️,cardio-training,Cardio Training,Run hydration cardio
💪,fitness-exercise,Fitness & Exercise,❤️,cardio-training,Cardio Training,Run fuel cardio
💪,fitness-exercise,Fitness & Exercise,❤️,cardio-training,Cardio Training,Run heart rate zones
💪,fitness-exercise,Fitness & Exercise,❤️,cardio-training,Cardio Training,Run rpe scale
💪,fitness-exercise,Fitness & Exercise,❤️,cardio-training,Cardio Training,Run talk test
💪,fitness-exercise,Fitness & Exercise,🏃,endurance-training,Endurance Training,Build base building
💪,fitness-exercise,Fitness & Exercise,🏃,endurance-training,Endurance Training,Build mileage increase
💪,fitness-exercise,Fitness & Exercise,🏃,endurance-training,Endurance Training,Build long slow distance
💪,fitness-exercise,Fitness & Exercise,🏃,endurance-training,Endurance Training,Build pacing endurance
💪,fitness-exercise,Fitness & Exercise,🏃,endurance-training,Endurance Training,Build aerobic threshold
💪,fitness-exercise,Fitness & Exercise,🏃,endurance-training,Endurance Training,Build lactate threshold
💪,fitness-exercise,Fitness & Exercise,🏃,endurance-training,Endurance Training,Build tempo run
💪,fitness-exercise,Fitness & Exercise,🏃,endurance-training,Endurance Training,Build progression run
💪,fitness-exercise,Fitness & Exercise,🏃,endurance-training,Endurance Training,Build fartlek endurance
💪,fitness-exercise,Fitness & Exercise,🏃,endurance-training,Endurance Training,Build circuit endurance
💪,fitness-exercise,Fitness & Exercise,🏃,endurance-training,Endurance Training,Build muscular endurance
💪,fitness-exercise,Fitness & Exercise,🏃,endurance-training,Endurance Training,Build time under tension
💪,fitness-exercise,Fitness & Exercise,🏃,endurance-training,Endurance Training,Build endurance sets
💪,fitness-exercise,Fitness & Exercise,🏃,endurance-training,Endurance Training,Build rep range endurance
💪,fitness-exercise,Fitness & Exercise,🏃,endurance-training,Endurance Training,Build rest reduction
💪,fitness-exercise,Fitness & Exercise,🏃,endurance-training,Endurance Training,Build work capacity
💪,fitness-exercise,Fitness & Exercise,🏃,endurance-training,Endurance Training,Build aerobic capacity
💪,fitness-exercise,Fitness & Exercise,🏃,endurance-training,Endurance Training,Build endurance cycling
💪,fitness-exercise,Fitness & Exercise,🏃,endurance-training,Endurance Training,Build endurance swimming
💪,fitness-exercise,Fitness & Exercise,🏃,endurance-training,Endurance Training,Build endurance rowing
💪,fitness-exercise,Fitness & Exercise,🏃,endurance-training,Endurance Training,Build cross training
💪,fitness-exercise,Fitness & Exercise,🏃,endurance-training,Endurance Training,Build recovery importance
💪,fitness-exercise,Fitness & Exercise,🏃,endurance-training,Endurance Training,Build sleep endurance
💪,fitness-exercise,Fitness & Exercise,🏃,endurance-training,Endurance Training,Build nutrition endurance
💪,fitness-exercise,Fitness & Exercise,🏃,endurance-training,Endurance Training,Build hydration techniques
💪,fitness-exercise,Fitness & Exercise,🏃,endurance-training,Endurance Training,Build mental toughness
💪,fitness-exercise,Fitness & Exercise,🏃,endurance-training,Endurance Training,Build mindset endurance
💪,fitness-exercise,Fitness & Exercise,🏃,endurance-training,Endurance Training,Build goal setting
💪,fitness-exercise,Fitness & Exercise,🏃,endurance-training,Endurance Training,Build periodization techniques
💪,fitness-exercise,Fitness & Exercise,🏃,endurance-training,Endurance Training,Build taper week
💪,fitness-exercise,Fitness & Exercise,⚡,sprint-training,Sprint Training,Sprint acceleration techniques
💪,fitness-exercise,Fitness & Exercise,⚡,sprint-training,Sprint Training,Sprint top speed
💪,fitness-exercise,Fitness & Exercise,⚡,sprint-training,Sprint Training,Sprint start position
💪,fitness-exercise,Fitness & Exercise,⚡,sprint-training,Sprint Training,Sprint drive phase
💪,fitness-exercise,Fitness & Exercise,⚡,sprint-training,Sprint Training,Sprint upright phase
💪,fitness-exercise,Fitness & Exercise,⚡,sprint-training,Sprint Training,Sprint arm drive
💪,fitness-exercise,Fitness & Exercise,⚡,sprint-training,Sprint Training,Sprint knee drive
💪,fitness-exercise,Fitness & Exercise,⚡,sprint-training,Sprint Training,Sprint ground contact
💪,fitness-exercise,Fitness & Exercise,⚡,sprint-training,Sprint Training,Sprint stride length
💪,fitness-exercise,Fitness & Exercise,⚡,sprint-training,Sprint Training,Sprint stride frequency
💪,fitness-exercise,Fitness & Exercise,⚡,sprint-training,Sprint Training,Sprint sprint form
💪,fitness-exercise,Fitness & Exercise,⚡,sprint-training,Sprint Training,Sprint flying sprint
💪,fitness-exercise,Fitness & Exercise,⚡,sprint-training,Sprint Training,Sprint block start
💪,fitness-exercise,Fitness & Exercise,⚡,sprint-training,Sprint Training,Sprint sprint interval
💪,fitness-exercise,Fitness & Exercise,⚡,sprint-training,Sprint Training,Sprint hill sprint
💪,fitness-exercise,Fitness & Exercise,⚡,sprint-training,Sprint Training,Sprint sled sprint
💪,fitness-exercise,Fitness & Exercise,⚡,sprint-training,Sprint Training,Sprint resisted sprint
💪,fitness-exercise,Fitness & Exercise,⚡,sprint-training,Sprint Training,Sprint over speed
💪,fitness-exercise,Fitness & Exercise,⚡,sprint-training,Sprint Training,Sprint assisted sprint
💪,fitness-exercise,Fitness & Exercise,⚡,sprint-training,Sprint Training,Sprint turnover drill
💪,fitness-exercise,Fitness & Exercise,⚡,sprint-training,Sprint Training,Sprint wall drill
💪,fitness-exercise,Fitness & Exercise,⚡,sprint-training,Sprint Training,Sprint a skip
💪,fitness-exercise,Fitness & Exercise,⚡,sprint-training,Sprint Training,Sprint b skip
💪,fitness-exercise,Fitness & Exercise,⚡,sprint-training,Sprint Training,Sprint high knee drill
💪,fitness-exercise,Fitness & Exercise,⚡,sprint-training,Sprint Training,Sprint butt kicks
💪,fitness-exercise,Fitness & Exercise,⚡,sprint-training,Sprint Training,Sprint straight leg bound
💪,fitness-exercise,Fitness & Exercise,⚡,sprint-training,Sprint Training,Sprint power skip
💪,fitness-exercise,Fitness & Exercise,⚡,sprint-training,Sprint Training,Sprint bounding techniques
💪,fitness-exercise,Fitness & Exercise,⚡,sprint-training,Sprint Training,Sprint injury prevention
💪,fitness-exercise,Fitness & Exercise,⚡,sprint-training,Sprint Training,Sprint sprint warmup
💪,fitness-exercise,Fitness & Exercise,🏅,marathon-training,Marathon Training,Train training plan
💪,fitness-exercise,Fitness & Exercise,🏅,marathon-training,Marathon Training,Train weekly mileage
💪,fitness-exercise,Fitness & Exercise,🏅,marathon-training,Marathon Training,Train long run
💪,fitness-exercise,Fitness & Exercise,🏅,marathon-training,Marathon Training,Train easy run marathon
💪,fitness-exercise,Fitness & Exercise,🏅,marathon-training,Marathon Training,Train tempo marathon
💪,fitness-exercise,Fitness & Exercise,🏅,marathon-training,Marathon Training,Train interval marathon
💪,fitness-exercise,Fitness & Exercise,🏅,marathon-training,Marathon Training,Train marathon pace
💪,fitness-exercise,Fitness & Exercise,🏅,marathon-training,Marathon Training,Train race pace run
💪,fitness-exercise,Fitness & Exercise,🏅,marathon-training,Marathon Training,Train progression long
💪,fitness-exercise,Fitness & Exercise,🏅,marathon-training,Marathon Training,Train cutback week
💪,fitness-exercise,Fitness & Exercise,🏅,marathon-training,Marathon Training,Train peak week
💪,fitness-exercise,Fitness & Exercise,🏅,marathon-training,Marathon Training,Train taper period
💪,fitness-exercise,Fitness & Exercise,🏅,marathon-training,Marathon Training,Train carb loading
💪,fitness-exercise,Fitness & Exercise,🏅,marathon-training,Marathon Training,Train gel strategy
💪,fitness-exercise,Fitness & Exercise,🏅,marathon-training,Marathon Training,Train water stations
💪,fitness-exercise,Fitness & Exercise,🏅,marathon-training,Marathon Training,Train electrolyte plan
💪,fitness-exercise,Fitness & Exercise,🏅,marathon-training,Marathon Training,Train race day plan
💪,fitness-exercise,Fitness & Exercise,🏅,marathon-training,Marathon Training,Train pacing strategy
💪,fitness-exercise,Fitness & Exercise,🏅,marathon-training,Marathon Training,Train negative split
💪,fitness-exercise,Fitness & Exercise,🏅,marathon-training,Marathon Training,Train positive split
💪,fitness-exercise,Fitness & Exercise,🏅,marathon-training,Marathon Training,Train even pace
💪,fitness-exercise,Fitness & Exercise,🏅,marathon-training,Marathon Training,Train hill training
💪,fitness-exercise,Fitness & Exercise,🏅,marathon-training,Marathon Training,Train strength marathon
💪,fitness-exercise,Fitness & Exercise,🏅,marathon-training,Marathon Training,Train cross training
💪,fitness-exercise,Fitness & Exercise,🏅,marathon-training,Marathon Training,Train recovery marathon
💪,fitness-exercise,Fitness & Exercise,🏅,marathon-training,Marathon Training,Train injury prevention
💪,fitness-exercise,Fitness & Exercise,🏅,marathon-training,Marathon Training,Train shoe rotation
💪,fitness-exercise,Fitness & Exercise,🏅,marathon-training,Marathon Training,Train gear check
💪,fitness-exercise,Fitness & Exercise,🏅,marathon-training,Marathon Training,Train mental strategy
💪,fitness-exercise,Fitness & Exercise,🏅,marathon-training,Marathon Training,Train post race recovery
💪,fitness-exercise,Fitness & Exercise,🏔️,trail-running,Trail Running,Trail run trail technique
💪,fitness-exercise,Fitness & Exercise,🏔️,trail-running,Trail Running,Trail run uphill running
💪,fitness-exercise,Fitness & Exercise,🏔️,trail-running,Trail Running,Trail run downhill running
💪,fitness-exercise,Fitness & Exercise,🏔️,trail-running,Trail Running,Trail run technical terrain
💪,fitness-exercise,Fitness & Exercise,🏔️,trail-running,Trail Running,Trail run root navigation
💪,fitness-exercise,Fitness & Exercise,🏔️,trail-running,Trail Running,Trail run rock hopping
💪,fitness-exercise,Fitness & Exercise,🏔️,trail-running,Trail Running,Trail run stream crossing
💪,fitness-exercise,Fitness & Exercise,🏔️,trail-running,Trail Running,Trail run trail etiquette
💪,fitness-exercise,Fitness & Exercise,🏔️,trail-running,Trail Running,Trail run trail shoe
💪,fitness-exercise,Fitness & Exercise,🏔️,trail-running,Trail Running,Trail run trail gear
💪,fitness-exercise,Fitness & Exercise,🏔️,trail-running,Trail Running,Trail run hydration pack
💪,fitness-exercise,Fitness & Exercise,🏔️,trail-running,Trail Running,Trail run trail poles
💪,fitness-exercise,Fitness & Exercise,🏔️,trail-running,Trail Running,Trail run navigation
💪,fitness-exercise,Fitness & Exercise,🏔️,trail-running,Trail Running,Trail run trail map
💪,fitness-exercise,Fitness & Exercise,🏔️,trail-running,Trail Running,Trail run gps trail
💪,fitness-exercise,Fitness & Exercise,🏔️,trail-running,Trail Running,Trail run elevation gain
💪,fitness-exercise,Fitness & Exercise,🏔️,trail-running,Trail Running,Trail run grade running
💪,fitness-exercise,Fitness & Exercise,🏔️,trail-running,Trail Running,Trail run power hike
💪,fitness-exercise,Fitness & Exercise,🏔️,trail-running,Trail Running,Trail run trail pace
💪,fitness-exercise,Fitness & Exercise,🏔️,trail-running,Trail Running,Trail run descending control
💪,fitness-exercise,Fitness & Exercise,🏔️,trail-running,Trail Running,Trail run single track
💪,fitness-exercise,Fitness & Exercise,🏔️,trail-running,Trail Running,Trail run fire road
💪,fitness-exercise,Fitness & Exercise,🏔️,trail-running,Trail Running,Trail run switchback
💪,fitness-exercise,Fitness & Exercise,🏔️,trail-running,Trail Running,Trail run mountain trail
💪,fitness-exercise,Fitness & Exercise,🏔️,trail-running,Trail Running,Trail run forest run
💪,fitness-exercise,Fitness & Exercise,🏔️,trail-running,Trail Running,Trail run desert trail
💪,fitness-exercise,Fitness & Exercise,🏔️,trail-running,Trail Running,Trail run coastal trail
💪,fitness-exercise,Fitness & Exercise,🏔️,trail-running,Trail Running,Trail run winter trail
💪,fitness-exercise,Fitness & Exercise,🏔️,trail-running,Trail Running,Trail run trail safety
💪,fitness-exercise,Fitness & Exercise,🏔️,trail-running,Trail Running,Trail run wildlife awareness
💪,fitness-exercise,Fitness & Exercise,🏋️,gym-programming,Gym Programming,Design training split
💪,fitness-exercise,Fitness & Exercise,🏋️,gym-programming,Gym Programming,Design push pull legs
💪,fitness-exercise,Fitness & Exercise,🏋️,gym-programming,Gym Programming,Design upper lower
💪,fitness-exercise,Fitness & Exercise,🏋️,gym-programming,Gym Programming,Design full body
💪,fitness-exercise,Fitness & Exercise,🏋️,gym-programming,Gym Programming,Design bro split
💪,fitness-exercise,Fitness & Exercise,🏋️,gym-programming,Gym Programming,Design periodization techniques
💪,fitness-exercise,Fitness & Exercise,🏋️,gym-programming,Gym Programming,Design linear progression
💪,fitness-exercise,Fitness & Exercise,🏋️,gym-programming,Gym Programming,Design double progression
💪,fitness-exercise,Fitness & Exercise,🏋️,gym-programming,Gym Programming,Design undulating periodization
💪,fitness-exercise,Fitness & Exercise,🏋️,gym-programming,Gym Programming,Design block periodization
💪,fitness-exercise,Fitness & Exercise,🏋️,gym-programming,Gym Programming,Design conjugate method
💪,fitness-exercise,Fitness & Exercise,🏋️,gym-programming,Gym Programming,Design 5 3 1 system
💪,fitness-exercise,Fitness & Exercise,🏋️,gym-programming,Gym Programming,Design starting strength
💪,fitness-exercise,Fitness & Exercise,🏋️,gym-programming,Gym Programming,Design stronglifts techniques
💪,fitness-exercise,Fitness & Exercise,🏋️,gym-programming,Gym Programming,Design westside barbell
💪,fitness-exercise,Fitness & Exercise,🏋️,gym-programming,Gym Programming,Design rpe training
💪,fitness-exercise,Fitness & Exercise,🏋️,gym-programming,Gym Programming,Design rir training
💪,fitness-exercise,Fitness & Exercise,🏋️,gym-programming,Gym Programming,Design volume landmarks
💪,fitness-exercise,Fitness & Exercise,🏋️,gym-programming,Gym Programming,Design intensity zones
💪,fitness-exercise,Fitness & Exercise,🏋️,gym-programming,Gym Programming,Design exercise selection
💪,fitness-exercise,Fitness & Exercise,🏋️,gym-programming,Gym Programming,Design order of exercises
💪,fitness-exercise,Fitness & Exercise,🏋️,gym-programming,Gym Programming,Design superset techniques
💪,fitness-exercise,Fitness & Exercise,🏋️,gym-programming,Gym Programming,Design dropset techniques
💪,fitness-exercise,Fitness & Exercise,🏋️,gym-programming,Gym Programming,Design cluster set
💪,fitness-exercise,Fitness & Exercise,🏋️,gym-programming,Gym Programming,Design giant set
💪,fitness-exercise,Fitness & Exercise,🏋️,gym-programming,Gym Programming,Design rest pause
💪,fitness-exercise,Fitness & Exercise,🏋️,gym-programming,Gym Programming,Design myo reps
💪,fitness-exercise,Fitness & Exercise,🏋️,gym-programming,Gym Programming,Design bfr training
💪,fitness-exercise,Fitness & Exercise,🏋️,gym-programming,Gym Programming,Design warmup sets
💪,fitness-exercise,Fitness & Exercise,🏋️,gym-programming,Gym Programming,Design working sets
💪,fitness-exercise,Fitness & Exercise,💆,recovery-regeneration,Recovery & Regeneration,Rest active recovery
💪,fitness-exercise,Fitness & Exercise,💆,recovery-regeneration,Recovery & Regeneration,Rest sleep optimization
💪,fitness-exercise,Fitness & Exercise,💆,recovery-regeneration,Recovery & Regeneration,Rest nutrition recovery
💪,fitness-exercise,Fitness & Exercise,💆,recovery-regeneration,Recovery & Regeneration,Rest protein timing
💪,fitness-exercise,Fitness & Exercise,💆,recovery-regeneration,Recovery & Regeneration,Rest carb timing
💪,fitness-exercise,Fitness & Exercise,💆,recovery-regeneration,Recovery & Regeneration,Rest hydration recovery
💪,fitness-exercise,Fitness & Exercise,💆,recovery-regeneration,Recovery & Regeneration,Rest foam rolling
💪,fitness-exercise,Fitness & Exercise,💆,recovery-regeneration,Recovery & Regeneration,Rest massage gun
💪,fitness-exercise,Fitness & Exercise,💆,recovery-regeneration,Recovery & Regeneration,Rest stretching recovery
💪,fitness-exercise,Fitness & Exercise,💆,recovery-regeneration,Recovery & Regeneration,Rest yoga recovery
💪,fitness-exercise,Fitness & Exercise,💆,recovery-regeneration,Recovery & Regeneration,Rest cold plunge
💪,fitness-exercise,Fitness & Exercise,💆,recovery-regeneration,Recovery & Regeneration,Rest ice bath
💪,fitness-exercise,Fitness & Exercise,💆,recovery-regeneration,Recovery & Regeneration,Rest contrast therapy
💪,fitness-exercise,Fitness & Exercise,💆,recovery-regeneration,Recovery & Regeneration,Rest sauna session
💪,fitness-exercise,Fitness & Exercise,💆,recovery-regeneration,Recovery & Regeneration,Rest compression gear
💪,fitness-exercise,Fitness & Exercise,💆,recovery-regeneration,Recovery & Regeneration,Rest elevation recovery
💪,fitness-exercise,Fitness & Exercise,💆,recovery-regeneration,Recovery & Regeneration,Rest rest day
💪,fitness-exercise,Fitness & Exercise,💆,recovery-regeneration,Recovery & Regeneration,Rest deload week
💪,fitness-exercise,Fitness & Exercise,💆,recovery-regeneration,Recovery & Regeneration,Rest mobility work
💪,fitness-exercise,Fitness & Exercise,💆,recovery-regeneration,Recovery & Regeneration,Rest breathwork recovery
💪,fitness-exercise,Fitness & Exercise,💆,recovery-regeneration,Recovery & Regeneration,Rest meditation sport
💪,fitness-exercise,Fitness & Exercise,💆,recovery-regeneration,Recovery & Regeneration,Rest heart rate variability
💪,fitness-exercise,Fitness & Exercise,💆,recovery-regeneration,Recovery & Regeneration,Rest readiness score
💪,fitness-exercise,Fitness & Exercise,💆,recovery-regeneration,Recovery & Regeneration,Rest sleep tracking
💪,fitness-exercise,Fitness & Exercise,💆,recovery-regeneration,Recovery & Regeneration,Rest recovery metrics
💪,fitness-exercise,Fitness & Exercise,💆,recovery-regeneration,Recovery & Regeneration,Rest stress management
💪,fitness-exercise,Fitness & Exercise,💆,recovery-regeneration,Recovery & Regeneration,Rest massage therapy
💪,fitness-exercise,Fitness & Exercise,💆,recovery-regeneration,Recovery & Regeneration,Rest physical therapy
💪,fitness-exercise,Fitness & Exercise,💆,recovery-regeneration,Recovery & Regeneration,Rest chiro care
💪,fitness-exercise,Fitness & Exercise,💆,recovery-regeneration,Recovery & Regeneration,Rest active release
💪,fitness-exercise,Fitness & Exercise,🏋️,warm-up-cool-down,Warm Up & Cool Down,Warm general warmup
💪,fitness-exercise,Fitness & Exercise,🏋️,warm-up-cool-down,Warm Up & Cool Down,Warm ramp protocol
💪,fitness-exercise,Fitness & Exercise,🏋️,warm-up-cool-down,Warm Up & Cool Down,Warm raise heart rate
💪,fitness-exercise,Fitness & Exercise,🏋️,warm-up-cool-down,Warm Up & Cool Down,Warm activate muscles
💪,fitness-exercise,Fitness & Exercise,🏋️,warm-up-cool-down,Warm Up & Cool Down,Warm mobilize joints
💪,fitness-exercise,Fitness & Exercise,🏋️,warm-up-cool-down,Warm Up & Cool Down,Warm potentiate movement
💪,fitness-exercise,Fitness & Exercise,🏋️,warm-up-cool-down,Warm Up & Cool Down,Warm dynamic warmup
💪,fitness-exercise,Fitness & Exercise,🏋️,warm-up-cool-down,Warm Up & Cool Down,Warm leg swings
💪,fitness-exercise,Fitness & Exercise,🏋️,warm-up-cool-down,Warm Up & Cool Down,Warm arm circles
💪,fitness-exercise,Fitness & Exercise,🏋️,warm-up-cool-down,Warm Up & Cool Down,Warm torso twist
💪,fitness-exercise,Fitness & Exercise,🏋️,warm-up-cool-down,Warm Up & Cool Down,Warm lunge walk
💪,fitness-exercise,Fitness & Exercise,🏋️,warm-up-cool-down,Warm Up & Cool Down,Warm high knee
💪,fitness-exercise,Fitness & Exercise,🏋️,warm-up-cool-down,Warm Up & Cool Down,Warm butt kick
💪,fitness-exercise,Fitness & Exercise,🏋️,warm-up-cool-down,Warm Up & Cool Down,Warm carioca techniques
💪,fitness-exercise,Fitness & Exercise,🏋️,warm-up-cool-down,Warm Up & Cool Down,Warm gradual intensity
💪,fitness-exercise,Fitness & Exercise,🏋️,warm-up-cool-down,Warm Up & Cool Down,Warm sport specific
💪,fitness-exercise,Fitness & Exercise,🏋️,warm-up-cool-down,Warm Up & Cool Down,Warm cool down phase
💪,fitness-exercise,Fitness & Exercise,🏋️,warm-up-cool-down,Warm Up & Cool Down,Warm lower heart rate
💪,fitness-exercise,Fitness & Exercise,🏋️,warm-up-cool-down,Warm Up & Cool Down,Warm static hold
💪,fitness-exercise,Fitness & Exercise,🏋️,warm-up-cool-down,Warm Up & Cool Down,Warm maintain stretch
💪,fitness-exercise,Fitness & Exercise,🏋️,warm-up-cool-down,Warm Up & Cool Down,Warm breathing down
💪,fitness-exercise,Fitness & Exercise,🏋️,warm-up-cool-down,Warm Up & Cool Down,Warm foam roll cool
💪,fitness-exercise,Fitness & Exercise,🏋️,warm-up-cool-down,Warm Up & Cool Down,Warm stretch cool
💪,fitness-exercise,Fitness & Exercise,🏋️,warm-up-cool-down,Warm Up & Cool Down,Warm hydrate cool
💪,fitness-exercise,Fitness & Exercise,🏋️,warm-up-cool-down,Warm Up & Cool Down,Warm refuel window
💪,fitness-exercise,Fitness & Exercise,🏋️,warm-up-cool-down,Warm Up & Cool Down,Warm recovery start
💪,fitness-exercise,Fitness & Exercise,🏋️,warm-up-cool-down,Warm Up & Cool Down,Warm injury prevention
💪,fitness-exercise,Fitness & Exercise,🏋️,warm-up-cool-down,Warm Up & Cool Down,Warm consistency techniques
💪,fitness-exercise,Fitness & Exercise,🏋️,warm-up-cool-down,Warm Up & Cool Down,Warm time allocation
💪,fitness-exercise,Fitness & Exercise,🏋️,warm-up-cool-down,Warm Up & Cool Down,Warm routine building
💪,fitness-exercise,Fitness & Exercise,🧘,breathwork-meditation,Breathwork & Meditation,Breathe diaphragmatic breath
💪,fitness-exercise,Fitness & Exercise,🧘,breathwork-meditation,Breathwork & Meditation,Breathe box breathing
💪,fitness-exercise,Fitness & Exercise,🧘,breathwork-meditation,Breathwork & Meditation,Breathe 4 7 8 breath
💪,fitness-exercise,Fitness & Exercise,🧘,breathwork-meditation,Breathwork & Meditation,Breathe pursed lip
💪,fitness-exercise,Fitness & Exercise,🧘,breathwork-meditation,Breathwork & Meditation,Breathe alternate nostril
💪,fitness-exercise,Fitness & Exercise,🧘,breathwork-meditation,Breathwork & Meditation,Breathe ujjayi breath
💪,fitness-exercise,Fitness & Exercise,🧘,breathwork-meditation,Breathwork & Meditation,Breathe lion's breath
💪,fitness-exercise,Fitness & Exercise,🧘,breathwork-meditation,Breathwork & Meditation,Breathe breath hold
💪,fitness-exercise,Fitness & Exercise,🧘,breathwork-meditation,Breathwork & Meditation,Breathe wim hof method
💪,fitness-exercise,Fitness & Exercise,🧘,breathwork-meditation,Breathwork & Meditation,Breathe tummo meditation
💪,fitness-exercise,Fitness & Exercise,🧘,breathwork-meditation,Breathwork & Meditation,Breathe mindfulness breath
💪,fitness-exercise,Fitness & Exercise,🧘,breathwork-meditation,Breathwork & Meditation,Breathe body scan
💪,fitness-exercise,Fitness & Exercise,🧘,breathwork-meditation,Breathwork & Meditation,Breathe walking meditation
💪,fitness-exercise,Fitness & Exercise,🧘,breathwork-meditation,Breathwork & Meditation,Breathe mantra meditation
💪,fitness-exercise,Fitness & Exercise,🧘,breathwork-meditation,Breathwork & Meditation,Breathe visualization techniques
💪,fitness-exercise,Fitness & Exercise,🧘,breathwork-meditation,Breathwork & Meditation,Breathe loving kindness
💪,fitness-exercise,Fitness & Exercise,🧘,breathwork-meditation,Breathwork & Meditation,Breathe zen meditation
💪,fitness-exercise,Fitness & Exercise,🧘,breathwork-meditation,Breathwork & Meditation,Breathe vipassana techniques
💪,fitness-exercise,Fitness & Exercise,🧘,breathwork-meditation,Breathwork & Meditation,Breathe transcendental techniques
💪,fitness-exercise,Fitness & Exercise,🧘,breathwork-meditation,Breathwork & Meditation,Breathe breath counting
💪,fitness-exercise,Fitness & Exercise,🧘,breathwork-meditation,Breathwork & Meditation,Breathe candle gazing
💪,fitness-exercise,Fitness & Exercise,🧘,breathwork-meditation,Breathwork & Meditation,Breathe sound meditation
💪,fitness-exercise,Fitness & Exercise,🧘,breathwork-meditation,Breathwork & Meditation,Breathe binaural beats
💪,fitness-exercise,Fitness & Exercise,🧘,breathwork-meditation,Breathwork & Meditation,Breathe guided session
💪,fitness-exercise,Fitness & Exercise,🧘,breathwork-meditation,Breathwork & Meditation,Breathe breath pacing
💪,fitness-exercise,Fitness & Exercise,🧘,breathwork-meditation,Breathwork & Meditation,Breathe inhale exhale ratio
💪,fitness-exercise,Fitness & Exercise,🧘,breathwork-meditation,Breathwork & Meditation,Breathe apnea walk
💪,fitness-exercise,Fitness & Exercise,🧘,breathwork-meditation,Breathwork & Meditation,Breathe co2 tolerance
💪,fitness-exercise,Fitness & Exercise,🧘,breathwork-meditation,Breathwork & Meditation,Breathe o2 advantage
💪,fitness-exercise,Fitness & Exercise,🧘,breathwork-meditation,Breathwork & Meditation,Breathe relaxation response
💪,fitness-exercise,Fitness & Exercise,🎯,goal-setting-habit,Goal Setting & Habit,Set smart goals
💪,fitness-exercise,Fitness & Exercise,🎯,goal-setting-habit,Goal Setting & Habit,Set process goals
💪,fitness-exercise,Fitness & Exercise,🎯,goal-setting-habit,Goal Setting & Habit,Set outcome goals
💪,fitness-exercise,Fitness & Exercise,🎯,goal-setting-habit,Goal Setting & Habit,Set short term goal
💪,fitness-exercise,Fitness & Exercise,🎯,goal-setting-habit,Goal Setting & Habit,Set long term goal
💪,fitness-exercise,Fitness & Exercise,🎯,goal-setting-habit,Goal Setting & Habit,Set weekly planning
💪,fitness-exercise,Fitness & Exercise,🎯,goal-setting-habit,Goal Setting & Habit,Set daily habits
💪,fitness-exercise,Fitness & Exercise,🎯,goal-setting-habit,Goal Setting & Habit,Set tiny habits
💪,fitness-exercise,Fitness & Exercise,🎯,goal-setting-habit,Goal Setting & Habit,Set habit stacking
💪,fitness-exercise,Fitness & Exercise,🎯,goal-setting-habit,Goal Setting & Habit,Set habit tracking
💪,fitness-exercise,Fitness & Exercise,🎯,goal-setting-habit,Goal Setting & Habit,Set streak building
💪,fitness-exercise,Fitness & Exercise,🎯,goal-setting-habit,Goal Setting & Habit,Set accountability techniques
💪,fitness-exercise,Fitness & Exercise,🎯,goal-setting-habit,Goal Setting & Habit,Set training log
💪,fitness-exercise,Fitness & Exercise,🎯,goal-setting-habit,Goal Setting & Habit,Set progress photos
💪,fitness-exercise,Fitness & Exercise,🎯,goal-setting-habit,Goal Setting & Habit,Set measurements techniques
💪,fitness-exercise,Fitness & Exercise,🎯,goal-setting-habit,Goal Setting & Habit,Set body fat test
💪,fitness-exercise,Fitness & Exercise,🎯,goal-setting-habit,Goal Setting & Habit,Set fitness test
💪,fitness-exercise,Fitness & Exercise,🎯,goal-setting-habit,Goal Setting & Habit,Set reassessment techniques
💪,fitness-exercise,Fitness & Exercise,🎯,goal-setting-habit,Goal Setting & Habit,Set period review
💪,fitness-exercise,Fitness & Exercise,🎯,goal-setting-habit,Goal Setting & Habit,Set goal adjustment
💪,fitness-exercise,Fitness & Exercise,🎯,goal-setting-habit,Goal Setting & Habit,Set reward system
💪,fitness-exercise,Fitness & Exercise,🎯,goal-setting-habit,Goal Setting & Habit,Set consistency plan
💪,fitness-exercise,Fitness & Exercise,🎯,goal-setting-habit,Goal Setting & Habit,Set backup plan
💪,fitness-exercise,Fitness & Exercise,🎯,goal-setting-habit,Goal Setting & Habit,Set motivation types
💪,fitness-exercise,Fitness & Exercise,🎯,goal-setting-habit,Goal Setting & Habit,Set intrinsic motivation
💪,fitness-exercise,Fitness & Exercise,🎯,goal-setting-habit,Goal Setting & Habit,Set extrinsic motivation
💪,fitness-exercise,Fitness & Exercise,🎯,goal-setting-habit,Goal Setting & Habit,Set routine design
💪,fitness-exercise,Fitness & Exercise,🎯,goal-setting-habit,Goal Setting & Habit,Set time blocking
💪,fitness-exercise,Fitness & Exercise,🎯,goal-setting-habit,Goal Setting & Habit,Set priority setting
💪,fitness-exercise,Fitness & Exercise,🎯,goal-setting-habit,Goal Setting & Habit,Set commitment device
💪,fitness-exercise,Fitness & Exercise,🤸,flexibility-training,Flexibility Training,Stretch static flexibility
💪,fitness-exercise,Fitness & Exercise,🤸,flexibility-training,Flexibility Training,Stretch dynamic flexibility
💪,fitness-exercise,Fitness & Exercise,🤸,flexibility-training,Flexibility Training,Stretch active stretch flex
💪,fitness-exercise,Fitness & Exercise,🤸,flexibility-training,Flexibility Training,Stretch passive stretch
💪,fitness-exercise,Fitness & Exercise,🤸,flexibility-training,Flexibility Training,Stretch pnf stretching flex
💪,fitness-exercise,Fitness & Exercise,🤸,flexibility-training,Flexibility Training,Stretch ballistic stretch
💪,fitness-exercise,Fitness & Exercise,🤸,flexibility-training,Flexibility Training,Stretch isometric stretch
💪,fitness-exercise,Fitness & Exercise,🤸,flexibility-training,Flexibility Training,Stretch hip flexibility
💪,fitness-exercise,Fitness & Exercise,🤸,flexibility-training,Flexibility Training,Stretch hamstring flexibility
💪,fitness-exercise,Fitness & Exercise,🤸,flexibility-training,Flexibility Training,Stretch quad flexibility
💪,fitness-exercise,Fitness & Exercise,🤸,flexibility-training,Flexibility Training,Stretch shoulder flexibility
💪,fitness-exercise,Fitness & Exercise,🤸,flexibility-training,Flexibility Training,Stretch chest flexibility
💪,fitness-exercise,Fitness & Exercise,🤸,flexibility-training,Flexibility Training,Stretch upper back flex
💪,fitness-exercise,Fitness & Exercise,🤸,flexibility-training,Flexibility Training,Stretch lower back flex
💪,fitness-exercise,Fitness & Exercise,🤸,flexibility-training,Flexibility Training,Stretch ankle flexibility
💪,fitness-exercise,Fitness & Exercise,🤸,flexibility-training,Flexibility Training,Stretch wrist flexibility
💪,fitness-exercise,Fitness & Exercise,🤸,flexibility-training,Flexibility Training,Stretch thoracic flex
💪,fitness-exercise,Fitness & Exercise,🤸,flexibility-training,Flexibility Training,Stretch hip flexor flex
💪,fitness-exercise,Fitness & Exercise,🤸,flexibility-training,Flexibility Training,Stretch glute flexibility
💪,fitness-exercise,Fitness & Exercise,🤸,flexibility-training,Flexibility Training,Stretch calf stretch flex
💪,fitness-exercise,Fitness & Exercise,🤸,flexibility-training,Flexibility Training,Stretch split progression
💪,fitness-exercise,Fitness & Exercise,🤸,flexibility-training,Flexibility Training,Stretch front split
💪,fitness-exercise,Fitness & Exercise,🤸,flexibility-training,Flexibility Training,Stretch side split
💪,fitness-exercise,Fitness & Exercise,🤸,flexibility-training,Flexibility Training,Stretch middle split
💪,fitness-exercise,Fitness & Exercise,🤸,flexibility-training,Flexibility Training,Stretch pancake stretch
💪,fitness-exercise,Fitness & Exercise,🤸,flexibility-training,Flexibility Training,Stretch pike stretch
💪,fitness-exercise,Fitness & Exercise,🤸,flexibility-training,Flexibility Training,Stretch bridge flexibility
💪,fitness-exercise,Fitness & Exercise,🤸,flexibility-training,Flexibility Training,Stretch backbend progression
💪,fitness-exercise,Fitness & Exercise,🤸,flexibility-training,Flexibility Training,Stretch oversplits techniques
💪,fitness-exercise,Fitness & Exercise,🤸,flexibility-training,Flexibility Training,Stretch flexibility routine
💪,fitness-exercise,Fitness & Exercise,🏋️,functional-training,Functional Training,Train kettlebell swing fun
💪,fitness-exercise,Fitness & Exercise,🏋️,functional-training,Functional Training,Train turkish get up
💪,fitness-exercise,Fitness & Exercise,🏋️,functional-training,Functional Training,Train medicine ball slam
💪,fitness-exercise,Fitness & Exercise,🏋️,functional-training,Functional Training,Train medicine ball toss
💪,fitness-exercise,Fitness & Exercise,🏋️,functional-training,Functional Training,Train farmer walk fun
💪,fitness-exercise,Fitness & Exercise,🏋️,functional-training,Functional Training,Train suitcase carry
💪,fitness-exercise,Fitness & Exercise,🏋️,functional-training,Functional Training,Train single leg dead
💪,fitness-exercise,Fitness & Exercise,🏋️,functional-training,Functional Training,Train pistol squat fun
💪,fitness-exercise,Fitness & Exercise,🏋️,functional-training,Functional Training,Train lunge variations
💪,fitness-exercise,Fitness & Exercise,🏋️,functional-training,Functional Training,Train step up fun
💪,fitness-exercise,Fitness & Exercise,🏋️,functional-training,Functional Training,Train box jump fun
💪,fitness-exercise,Fitness & Exercise,🏋️,functional-training,Functional Training,Train lateral bound
💪,fitness-exercise,Fitness & Exercise,🏋️,functional-training,Functional Training,Train banded walk
💪,fitness-exercise,Fitness & Exercise,🏋️,functional-training,Functional Training,Train bear crawl
💪,fitness-exercise,Fitness & Exercise,🏋️,functional-training,Functional Training,Train crab walk
💪,fitness-exercise,Fitness & Exercise,🏋️,functional-training,Functional Training,Train duck walk
💪,fitness-exercise,Fitness & Exercise,🏋️,functional-training,Functional Training,Train sled push fun
💪,fitness-exercise,Fitness & Exercise,🏋️,functional-training,Functional Training,Train sled pull fun
💪,fitness-exercise,Fitness & Exercise,🏋️,functional-training,Functional Training,Train battle ropes fun
💪,fitness-exercise,Fitness & Exercise,🏋️,functional-training,Functional Training,Train sandbag clean
💪,fitness-exercise,Fitness & Exercise,🏋️,functional-training,Functional Training,Train sandbag squat
💪,fitness-exercise,Fitness & Exercise,🏋️,functional-training,Functional Training,Train sandbag shoulder
💪,fitness-exercise,Fitness & Exercise,🏋️,functional-training,Functional Training,Train rope climb fun
💪,fitness-exercise,Fitness & Exercise,🏋️,functional-training,Functional Training,Train tire flip
💪,fitness-exercise,Fitness & Exercise,🏋️,functional-training,Functional Training,Train sledgehammer work
💪,fitness-exercise,Fitness & Exercise,🏋️,functional-training,Functional Training,Train animal flow
💪,fitness-exercise,Fitness & Exercise,🏋️,functional-training,Functional Training,Train ground work fun
💪,fitness-exercise,Fitness & Exercise,🏋️,functional-training,Functional Training,Train multi planar move
💪,fitness-exercise,Fitness & Exercise,🏋️,functional-training,Functional Training,Train unstable surface
💪,fitness-exercise,Fitness & Exercise,🏋️,functional-training,Functional Training,Train core functional
🌿,health-wellness,Health & Wellness,🧘,meditation,Meditation,Meditate breath awareness
🌿,health-wellness,Health & Wellness,🧘,meditation,Meditation,Meditate body scan
🌿,health-wellness,Health & Wellness,🧘,meditation,Meditation,Meditate loving kindness
🌿,health-wellness,Health & Wellness,🧘,meditation,Meditation,Meditate walking meditation
🌿,health-wellness,Health & Wellness,🧘,meditation,Meditation,Meditate mantra meditation
🌿,health-wellness,Health & Wellness,🧘,meditation,Meditation,Meditate zen meditation
🌿,health-wellness,Health & Wellness,🧘,meditation,Meditation,Meditate vipassana techniques
🌿,health-wellness,Health & Wellness,🧘,meditation,Meditation,Meditate mindfulness practice
🌿,health-wellness,Health & Wellness,🧘,meditation,Meditation,Meditate open monitoring
🌿,health-wellness,Health & Wellness,🧘,meditation,Meditation,Meditate focused attention
🌿,health-wellness,Health & Wellness,🧘,meditation,Meditation,Meditate noting technique
🌿,health-wellness,Health & Wellness,🧘,meditation,Meditation,Meditate labeling thoughts
🌿,health-wellness,Health & Wellness,🧘,meditation,Meditation,Meditate letting go
🌿,health-wellness,Health & Wellness,🧘,meditation,Meditation,Meditate beginner mind
🌿,health-wellness,Health & Wellness,🧘,meditation,Meditation,Meditate non striving
🌿,health-wellness,Health & Wellness,🧘,meditation,Meditation,Meditate acceptance practice
🌿,health-wellness,Health & Wellness,🧘,meditation,Meditation,Meditate patience cultivation
🌿,health-wellness,Health & Wellness,🧘,meditation,Meditation,Meditate trust practice
🌿,health-wellness,Health & Wellness,🧘,meditation,Meditation,Meditate generosity heart
🌿,health-wellness,Health & Wellness,🧘,meditation,Meditation,Meditate gratitude meditation
🌿,health-wellness,Health & Wellness,🧘,meditation,Meditation,Meditate compassion practice
🌿,health-wellness,Health & Wellness,🧘,meditation,Meditation,Meditate forgiveness meditation
🌿,health-wellness,Health & Wellness,🧘,meditation,Meditation,Meditate equanimity techniques
🌿,health-wellness,Health & Wellness,🧘,meditation,Meditation,Meditate joy meditation
🌿,health-wellness,Health & Wellness,🧘,meditation,Meditation,Meditate sitting posture
🌿,health-wellness,Health & Wellness,🧘,meditation,Meditation,Meditate cushion setup
🌿,health-wellness,Health & Wellness,🧘,meditation,Meditation,Meditate timer practice
🌿,health-wellness,Health & Wellness,🧘,meditation,Meditation,Meditate meditation space
🌿,health-wellness,Health & Wellness,🧘,meditation,Meditation,Meditate retreat practice
🌿,health-wellness,Health & Wellness,🧘,meditation,Meditation,Meditate daily routine med
🌿,health-wellness,Health & Wellness,🧠,mindfulness,Mindfulness,Practice present moment
🌿,health-wellness,Health & Wellness,🧠,mindfulness,Mindfulness,Practice mindful breathing
🌿,health-wellness,Health & Wellness,🧠,mindfulness,Mindfulness,Practice mindful eating
🌿,health-wellness,Health & Wellness,🧠,mindfulness,Mindfulness,Practice mindful walking
🌿,health-wellness,Health & Wellness,🧠,mindfulness,Mindfulness,Practice mindful listening
🌿,health-wellness,Health & Wellness,🧠,mindfulness,Mindfulness,Practice mindful speaking
🌿,health-wellness,Health & Wellness,🧠,mindfulness,Mindfulness,Practice body awareness
🌿,health-wellness,Health & Wellness,🧠,mindfulness,Mindfulness,Practice thought observation
🌿,health-wellness,Health & Wellness,🧠,mindfulness,Mindfulness,Practice emotion observation
🌿,health-wellness,Health & Wellness,🧠,mindfulness,Mindfulness,Practice sensation noting
🌿,health-wellness,Health & Wellness,🧠,mindfulness,Mindfulness,Practice stop practice
🌿,health-wellness,Health & Wellness,🧠,mindfulness,Mindfulness,Practice pause practice
🌿,health-wellness,Health & Wellness,🧠,mindfulness,Mindfulness,Practice single tasking
🌿,health-wellness,Health & Wellness,🧠,mindfulness,Mindfulness,Practice mindful commute
🌿,health-wellness,Health & Wellness,🧠,mindfulness,Mindfulness,Practice mindful pause
🌿,health-wellness,Health & Wellness,🧠,mindfulness,Mindfulness,Practice mindful routine
🌿,health-wellness,Health & Wellness,🧠,mindfulness,Mindfulness,Practice gratitude practice
🌿,health-wellness,Health & Wellness,🧠,mindfulness,Mindfulness,Practice mindful journal
🌿,health-wellness,Health & Wellness,🧠,mindfulness,Mindfulness,Practice rain method
🌿,health-wellness,Health & Wellness,🧠,mindfulness,Mindfulness,Practice recognize allow
🌿,health-wellness,Health & Wellness,🧠,mindfulness,Mindfulness,Practice investigate nurture
🌿,health-wellness,Health & Wellness,🧠,mindfulness,Mindfulness,Practice natural awareness
🌿,health-wellness,Health & Wellness,🧠,mindfulness,Mindfulness,Practice choiceless awareness
🌿,health-wellness,Health & Wellness,🧠,mindfulness,Mindfulness,Practice everyday mindfulness
🌿,health-wellness,Health & Wellness,🧠,mindfulness,Mindfulness,Practice mindfulness bell
🌿,health-wellness,Health & Wellness,🧠,mindfulness,Mindfulness,Practice mindfulness app
🌿,health-wellness,Health & Wellness,🧠,mindfulness,Mindfulness,Practice group practice
🌿,health-wellness,Health & Wellness,🧠,mindfulness,Mindfulness,Practice mindful check in
🌿,health-wellness,Health & Wellness,🧠,mindfulness,Mindfulness,Practice evening reflection
🌿,health-wellness,Health & Wellness,🧠,mindfulness,Mindfulness,Practice morning intention
🌿,health-wellness,Health & Wellness,😌,stress-management,Stress Management,De-stress stress recognition
🌿,health-wellness,Health & Wellness,😌,stress-management,Stress Management,De-stress trigger identify
🌿,health-wellness,Health & Wellness,😌,stress-management,Stress Management,De-stress fight flight freeze
🌿,health-wellness,Health & Wellness,😌,stress-management,Stress Management,De-stress relaxation response
🌿,health-wellness,Health & Wellness,😌,stress-management,Stress Management,De-stress breathing deep
🌿,health-wellness,Health & Wellness,😌,stress-management,Stress Management,De-stress progressive relaxation
🌿,health-wellness,Health & Wellness,😌,stress-management,Stress Management,De-stress body scan stress
🌿,health-wellness,Health & Wellness,😌,stress-management,Stress Management,De-stress visualization calm
🌿,health-wellness,Health & Wellness,😌,stress-management,Stress Management,De-stress safe place image
🌿,health-wellness,Health & Wellness,😌,stress-management,Stress Management,De-stress mindfulness stress
🌿,health-wellness,Health & Wellness,😌,stress-management,Stress Management,De-stress cognitive reframe
🌿,health-wellness,Health & Wellness,😌,stress-management,Stress Management,De-stress thought challenge
🌿,health-wellness,Health & Wellness,😌,stress-management,Stress Management,De-stress perspective shift
🌿,health-wellness,Health & Wellness,😌,stress-management,Stress Management,De-stress acceptance stress
🌿,health-wellness,Health & Wellness,😌,stress-management,Stress Management,De-stress letting go control
🌿,health-wellness,Health & Wellness,😌,stress-management,Stress Management,De-stress time management
🌿,health-wellness,Health & Wellness,😌,stress-management,Stress Management,De-stress priority setting
🌿,health-wellness,Health & Wellness,😌,stress-management,Stress Management,De-stress boundary setting
🌿,health-wellness,Health & Wellness,😌,stress-management,Stress Management,De-stress saying no stress
🌿,health-wellness,Health & Wellness,😌,stress-management,Stress Management,De-stress social support
🌿,health-wellness,Health & Wellness,😌,stress-management,Stress Management,De-stress exercise stress
🌿,health-wellness,Health & Wellness,😌,stress-management,Stress Management,De-stress sleep hygiene stress
🌿,health-wellness,Health & Wellness,😌,stress-management,Stress Management,De-stress nutrition stress
🌿,health-wellness,Health & Wellness,😌,stress-management,Stress Management,De-stress hobby time
🌿,health-wellness,Health & Wellness,😌,stress-management,Stress Management,De-stress digital detox
🌿,health-wellness,Health & Wellness,😌,stress-management,Stress Management,De-stress nature exposure
🌿,health-wellness,Health & Wellness,😌,stress-management,Stress Management,De-stress music relaxation
🌿,health-wellness,Health & Wellness,😌,stress-management,Stress Management,De-stress aromatherapy stress
🌿,health-wellness,Health & Wellness,😌,stress-management,Stress Management,De-stress laughter therapy
🌿,health-wellness,Health & Wellness,😌,stress-management,Stress Management,De-stress stress journal
🌿,health-wellness,Health & Wellness,🛌,sleep-hygiene,Sleep Hygiene,Sleep consistent schedule
🌿,health-wellness,Health & Wellness,🛌,sleep-hygiene,Sleep Hygiene,Sleep wind down routine
🌿,health-wellness,Health & Wellness,🛌,sleep-hygiene,Sleep Hygiene,Sleep screen time reduce
🌿,health-wellness,Health & Wellness,🛌,sleep-hygiene,Sleep Hygiene,Sleep blue light block
🌿,health-wellness,Health & Wellness,🛌,sleep-hygiene,Sleep Hygiene,Sleep dark room sleep
🌿,health-wellness,Health & Wellness,🛌,sleep-hygiene,Sleep Hygiene,Sleep cool temperature
🌿,health-wellness,Health & Wellness,🛌,sleep-hygiene,Sleep Hygiene,Sleep quiet environment
🌿,health-wellness,Health & Wellness,🛌,sleep-hygiene,Sleep Hygiene,Sleep white noise use
🌿,health-wellness,Health & Wellness,🛌,sleep-hygiene,Sleep Hygiene,Sleep mattress selection
🌿,health-wellness,Health & Wellness,🛌,sleep-hygiene,Sleep Hygiene,Sleep pillow support
🌿,health-wellness,Health & Wellness,🛌,sleep-hygiene,Sleep Hygiene,Sleep bedding choice
🌿,health-wellness,Health & Wellness,🛌,sleep-hygiene,Sleep Hygiene,Sleep caffeine timing
🌿,health-wellness,Health & Wellness,🛌,sleep-hygiene,Sleep Hygiene,Sleep alcohol sleep
🌿,health-wellness,Health & Wellness,🛌,sleep-hygiene,Sleep Hygiene,Sleep exercise sleep
🌿,health-wellness,Health & Wellness,🛌,sleep-hygiene,Sleep Hygiene,Sleep meal timing sleep
🌿,health-wellness,Health & Wellness,🛌,sleep-hygiene,Sleep Hygiene,Sleep nap strategy
🌿,health-wellness,Health & Wellness,🛌,sleep-hygiene,Sleep Hygiene,Sleep sleep cycle
🌿,health-wellness,Health & Wellness,🛌,sleep-hygiene,Sleep Hygiene,Sleep circadian rhythm
🌿,health-wellness,Health & Wellness,🛌,sleep-hygiene,Sleep Hygiene,Sleep melatonin natural
🌿,health-wellness,Health & Wellness,🛌,sleep-hygiene,Sleep Hygiene,Sleep sleep supplements
🌿,health-wellness,Health & Wellness,🛌,sleep-hygiene,Sleep Hygiene,Sleep sleep tracking
🌿,health-wellness,Health & Wellness,🛌,sleep-hygiene,Sleep Hygiene,Sleep sleep journal
🌿,health-wellness,Health & Wellness,🛌,sleep-hygiene,Sleep Hygiene,Sleep dream recall
🌿,health-wellness,Health & Wellness,🛌,sleep-hygiene,Sleep Hygiene,Sleep insomnia coping
🌿,health-wellness,Health & Wellness,🛌,sleep-hygiene,Sleep Hygiene,Sleep wake up routine
🌿,health-wellness,Health & Wellness,🛌,sleep-hygiene,Sleep Hygiene,Sleep sunlight morning
🌿,health-wellness,Health & Wellness,🛌,sleep-hygiene,Sleep Hygiene,Sleep evening dim light
🌿,health-wellness,Health & Wellness,🛌,sleep-hygiene,Sleep Hygiene,Sleep bath before bed
🌿,health-wellness,Health & Wellness,🛌,sleep-hygiene,Sleep Hygiene,Sleep reading wind down
🌿,health-wellness,Health & Wellness,🛌,sleep-hygiene,Sleep Hygiene,Sleep sleep meditation
🌿,health-wellness,Health & Wellness,🥗,nutrition,Nutrition,Eat macronutrients techniques
🌿,health-wellness,Health & Wellness,🥗,nutrition,Nutrition,Eat protein sources
🌿,health-wellness,Health & Wellness,🥗,nutrition,Nutrition,Eat carb types
🌿,health-wellness,Health & Wellness,🥗,nutrition,Nutrition,Eat fat types
🌿,health-wellness,Health & Wellness,🥗,nutrition,Nutrition,Eat micronutrients techniques
🌿,health-wellness,Health & Wellness,🥗,nutrition,Nutrition,Eat vitamin a
🌿,health-wellness,Health & Wellness,🥗,nutrition,Nutrition,Eat vitamin c
🌿,health-wellness,Health & Wellness,🥗,nutrition,Nutrition,Eat vitamin d
🌿,health-wellness,Health & Wellness,🥗,nutrition,Nutrition,Eat b complex
🌿,health-wellness,Health & Wellness,🥗,nutrition,Nutrition,Eat minerals techniques
🌿,health-wellness,Health & Wellness,🥗,nutrition,Nutrition,Eat iron sources
🌿,health-wellness,Health & Wellness,🥗,nutrition,Nutrition,Eat calcium sources
🌿,health-wellness,Health & Wellness,🥗,nutrition,Nutrition,Eat magnesium sources
🌿,health-wellness,Health & Wellness,🥗,nutrition,Nutrition,Eat zinc sources
🌿,health-wellness,Health & Wellness,🥗,nutrition,Nutrition,Eat hydration techniques
🌿,health-wellness,Health & Wellness,🥗,nutrition,Nutrition,Eat daily water intake
🌿,health-wellness,Health & Wellness,🥗,nutrition,Nutrition,Eat meal planning
🌿,health-wellness,Health & Wellness,🥗,nutrition,Nutrition,Eat portion control
🌿,health-wellness,Health & Wellness,🥗,nutrition,Nutrition,Eat calorie awareness
🌿,health-wellness,Health & Wellness,🥗,nutrition,Nutrition,Eat mindful eating
🌿,health-wellness,Health & Wellness,🥗,nutrition,Nutrition,Eat whole foods
🌿,health-wellness,Health & Wellness,🥗,nutrition,Nutrition,Eat processed foods
🌿,health-wellness,Health & Wellness,🥗,nutrition,Nutrition,Eat sugar reduction
🌿,health-wellness,Health & Wellness,🥗,nutrition,Nutrition,Eat salt intake
🌿,health-wellness,Health & Wellness,🥗,nutrition,Nutrition,Eat fiber intake
🌿,health-wellness,Health & Wellness,🥗,nutrition,Nutrition,Eat gut health foods
🌿,health-wellness,Health & Wellness,🥗,nutrition,Nutrition,Eat antioxidants techniques
🌿,health-wellness,Health & Wellness,🥗,nutrition,Nutrition,Eat meal prep
🌿,health-wellness,Health & Wellness,🥗,nutrition,Nutrition,Eat grocery shopping
🌿,health-wellness,Health & Wellness,🥗,nutrition,Nutrition,Eat food labels
🌿,health-wellness,Health & Wellness,📋,meal-planning,Meal Planning,Plan weekly prep
🌿,health-wellness,Health & Wellness,📋,meal-planning,Meal Planning,Plan grocery list
🌿,health-wellness,Health & Wellness,📋,meal-planning,Meal Planning,Plan batch cooking
🌿,health-wellness,Health & Wellness,📋,meal-planning,Meal Planning,Plan portion prep
🌿,health-wellness,Health & Wellness,📋,meal-planning,Meal Planning,Plan leftover plan
🌿,health-wellness,Health & Wellness,📋,meal-planning,Meal Planning,Plan freezer meals
🌿,health-wellness,Health & Wellness,📋,meal-planning,Meal Planning,Plan pantry staples
🌿,health-wellness,Health & Wellness,📋,meal-planning,Meal Planning,Plan recipe collection
🌿,health-wellness,Health & Wellness,📋,meal-planning,Meal Planning,Plan nutrition balance
🌿,health-wellness,Health & Wellness,📋,meal-planning,Meal Planning,Plan calorie planning
🌿,health-wellness,Health & Wellness,📋,meal-planning,Meal Planning,Plan macro tracking
🌿,health-wellness,Health & Wellness,📋,meal-planning,Meal Planning,Plan meal timing
🌿,health-wellness,Health & Wellness,📋,meal-planning,Meal Planning,Plan pre workout meal
🌿,health-wellness,Health & Wellness,📋,meal-planning,Meal Planning,Plan post workout meal
🌿,health-wellness,Health & Wellness,📋,meal-planning,Meal Planning,Plan budget meal plan
🌿,health-wellness,Health & Wellness,📋,meal-planning,Meal Planning,Plan family meal plan
🌿,health-wellness,Health & Wellness,📋,meal-planning,Meal Planning,Plan single serving
🌿,health-wellness,Health & Wellness,📋,meal-planning,Meal Planning,Plan vegetarian plan
🌿,health-wellness,Health & Wellness,📋,meal-planning,Meal Planning,Plan vegan plan
🌿,health-wellness,Health & Wellness,📋,meal-planning,Meal Planning,Plan gluten free plan
🌿,health-wellness,Health & Wellness,📋,meal-planning,Meal Planning,Plan dairy free plan
🌿,health-wellness,Health & Wellness,📋,meal-planning,Meal Planning,Plan low carb plan
🌿,health-wellness,Health & Wellness,📋,meal-planning,Meal Planning,Plan mediterranean diet
🌿,health-wellness,Health & Wellness,📋,meal-planning,Meal Planning,Plan dash diet
🌿,health-wellness,Health & Wellness,📋,meal-planning,Meal Planning,Plan whole30 plan
🌿,health-wellness,Health & Wellness,📋,meal-planning,Meal Planning,Plan paleo plan
🌿,health-wellness,Health & Wellness,📋,meal-planning,Meal Planning,Plan keto plan
🌿,health-wellness,Health & Wellness,📋,meal-planning,Meal Planning,Plan intermittent fasting
🌿,health-wellness,Health & Wellness,📋,meal-planning,Meal Planning,Plan flexible dieting
🌿,health-wellness,Health & Wellness,📋,meal-planning,Meal Planning,Plan iifym approach
🌿,health-wellness,Health & Wellness,🌿,herbalism,Herbalism,Study herb identification
🌿,health-wellness,Health & Wellness,🌿,herbalism,Herbalism,Study drying herbs
🌿,health-wellness,Health & Wellness,🌿,herbalism,Herbalism,Study tincture making
🌿,health-wellness,Health & Wellness,🌿,herbalism,Herbalism,Study infusion method
🌿,health-wellness,Health & Wellness,🌿,herbalism,Herbalism,Study decoction method
🌿,health-wellness,Health & Wellness,🌿,herbalism,Herbalism,Study salve making
🌿,health-wellness,Health & Wellness,🌿,herbalism,Herbalism,Study poultice techniques
🌿,health-wellness,Health & Wellness,🌿,herbalism,Herbalism,Study compress herbal
🌿,health-wellness,Health & Wellness,🌿,herbalism,Herbalism,Study essential oil safety
🌿,health-wellness,Health & Wellness,🌿,herbalism,Herbalism,Study carrier oils
🌿,health-wellness,Health & Wellness,🌿,herbalism,Herbalism,Study herbal tea blend
🌿,health-wellness,Health & Wellness,🌿,herbalism,Herbalism,Study chamomile uses
🌿,health-wellness,Health & Wellness,🌿,herbalism,Herbalism,Study peppermint uses
🌿,health-wellness,Health & Wellness,🌿,herbalism,Herbalism,Study ginger uses
🌿,health-wellness,Health & Wellness,🌿,herbalism,Herbalism,Study turmeric uses
🌿,health-wellness,Health & Wellness,🌿,herbalism,Herbalism,Study echinacea uses
🌿,health-wellness,Health & Wellness,🌿,herbalism,Herbalism,Study elderberry uses
🌿,health-wellness,Health & Wellness,🌿,herbalism,Herbalism,Study calendula uses
🌿,health-wellness,Health & Wellness,🌿,herbalism,Herbalism,Study lavender uses
🌿,health-wellness,Health & Wellness,🌿,herbalism,Herbalism,Study nettle uses
🌿,health-wellness,Health & Wellness,🌿,herbalism,Herbalism,Study milk thistle
🌿,health-wellness,Health & Wellness,🌿,herbalism,Herbalism,Study ashwagandha techniques
🌿,health-wellness,Health & Wellness,🌿,herbalism,Herbalism,Study rhodiola techniques
🌿,health-wellness,Health & Wellness,🌿,herbalism,Herbalism,Study holy basil
🌿,health-wellness,Health & Wellness,🌿,herbalism,Herbalism,Study mushroom herbal
🌿,health-wellness,Health & Wellness,🌿,herbalism,Herbalism,Study reishi mushroom
🌿,health-wellness,Health & Wellness,🌿,herbalism,Herbalism,Study lion's mane
🌿,health-wellness,Health & Wellness,🌿,herbalism,Herbalism,Study chaga mushroom
🌿,health-wellness,Health & Wellness,🌿,herbalism,Herbalism,Study herbalsafety techniques
🌿,health-wellness,Health & Wellness,🌿,herbalism,Herbalism,Study dosage herbs
🌿,health-wellness,Health & Wellness,🌸,aromatherapy,Aromatherapy,Diffuse essential oil quality
🌿,health-wellness,Health & Wellness,🌸,aromatherapy,Aromatherapy,Diffuse carrier oil selection
🌿,health-wellness,Health & Wellness,🌸,aromatherapy,Aromatherapy,Diffuse diffuser types
🌿,health-wellness,Health & Wellness,🌸,aromatherapy,Aromatherapy,Diffuse ultrasonic diffuser
🌿,health-wellness,Health & Wellness,🌸,aromatherapy,Aromatherapy,Diffuse nebulizer diffuser
🌿,health-wellness,Health & Wellness,🌸,aromatherapy,Aromatherapy,Diffuse inhalation method
🌿,health-wellness,Health & Wellness,🌸,aromatherapy,Aromatherapy,Diffuse topical application
🌿,health-wellness,Health & Wellness,🌸,aromatherapy,Aromatherapy,Diffuse massage blend
🌿,health-wellness,Health & Wellness,🌸,aromatherapy,Aromatherapy,Diffuse bath oil
🌿,health-wellness,Health & Wellness,🌸,aromatherapy,Aromatherapy,Diffuse compress aroma
🌿,health-wellness,Health & Wellness,🌸,aromatherapy,Aromatherapy,Diffuse lavender oil uses
🌿,health-wellness,Health & Wellness,🌸,aromatherapy,Aromatherapy,Diffuse peppermint oil
🌿,health-wellness,Health & Wellness,🌸,aromatherapy,Aromatherapy,Diffuse tea tree oil
🌿,health-wellness,Health & Wellness,🌸,aromatherapy,Aromatherapy,Diffuse eucalyptus oil
🌿,health-wellness,Health & Wellness,🌸,aromatherapy,Aromatherapy,Diffuse lemon oil uses
🌿,health-wellness,Health & Wellness,🌸,aromatherapy,Aromatherapy,Diffuse orange oil
🌿,health-wellness,Health & Wellness,🌸,aromatherapy,Aromatherapy,Diffuse frankincense oil
🌿,health-wellness,Health & Wellness,🌸,aromatherapy,Aromatherapy,Diffuse rosemary oil
🌿,health-wellness,Health & Wellness,🌸,aromatherapy,Aromatherapy,Diffuse chamomile oil
🌿,health-wellness,Health & Wellness,🌸,aromatherapy,Aromatherapy,Diffuse ylang ylang
🌿,health-wellness,Health & Wellness,🌸,aromatherapy,Aromatherapy,Diffuse bergamot oil
🌿,health-wellness,Health & Wellness,🌸,aromatherapy,Aromatherapy,Diffuse sandalwood oil
🌿,health-wellness,Health & Wellness,🌸,aromatherapy,Aromatherapy,Diffuse patchouli oil
🌿,health-wellness,Health & Wellness,🌸,aromatherapy,Aromatherapy,Diffuse cedarwood oil
🌿,health-wellness,Health & Wellness,🌸,aromatherapy,Aromatherapy,Diffuse blend creation
🌿,health-wellness,Health & Wellness,🌸,aromatherapy,Aromatherapy,Diffuse relaxation blend
🌿,health-wellness,Health & Wellness,🌸,aromatherapy,Aromatherapy,Diffuse energy blend
🌿,health-wellness,Health & Wellness,🌸,aromatherapy,Aromatherapy,Diffuse focus blend
🌿,health-wellness,Health & Wellness,🌸,aromatherapy,Aromatherapy,Diffuse sleep blend
🌿,health-wellness,Health & Wellness,🌸,aromatherapy,Aromatherapy,Diffuse safety precautions
🌿,health-wellness,Health & Wellness,💆,massage-therapy,Massage Therapy,Massage swedish massage
🌿,health-wellness,Health & Wellness,💆,massage-therapy,Massage Therapy,Massage effleurage techniques
🌿,health-wellness,Health & Wellness,💆,massage-therapy,Massage Therapy,Massage petrissage techniques
🌿,health-wellness,Health & Wellness,💆,massage-therapy,Massage Therapy,Massage tapotement techniques
🌿,health-wellness,Health & Wellness,💆,massage-therapy,Massage Therapy,Massage friction technique
🌿,health-wellness,Health & Wellness,💆,massage-therapy,Massage Therapy,Massage vibration massage
🌿,health-wellness,Health & Wellness,💆,massage-therapy,Massage Therapy,Massage deep tissue
🌿,health-wellness,Health & Wellness,💆,massage-therapy,Massage Therapy,Massage trigger point
🌿,health-wellness,Health & Wellness,💆,massage-therapy,Massage Therapy,Massage myofascial release
🌿,health-wellness,Health & Wellness,💆,massage-therapy,Massage Therapy,Massage sports massage
🌿,health-wellness,Health & Wellness,💆,massage-therapy,Massage Therapy,Massage prenatal massage
🌿,health-wellness,Health & Wellness,💆,massage-therapy,Massage Therapy,Massage hot stone massage
🌿,health-wellness,Health & Wellness,💆,massage-therapy,Massage Therapy,Massage aromatherapy massage
🌿,health-wellness,Health & Wellness,💆,massage-therapy,Massage Therapy,Massage chair massage
🌿,health-wellness,Health & Wellness,💆,massage-therapy,Massage Therapy,Massage table setup
🌿,health-wellness,Health & Wellness,💆,massage-therapy,Massage Therapy,Massage massage oil
🌿,health-wellness,Health & Wellness,💆,massage-therapy,Massage Therapy,Massage client intake
🌿,health-wellness,Health & Wellness,💆,massage-therapy,Massage Therapy,Massage contraindications techniques
🌿,health-wellness,Health & Wellness,💆,massage-therapy,Massage Therapy,Massage body mechanics mass
🌿,health-wellness,Health & Wellness,💆,massage-therapy,Massage Therapy,Massage hand position
🌿,health-wellness,Health & Wellness,💆,massage-therapy,Massage Therapy,Massage flow technique
🌿,health-wellness,Health & Wellness,💆,massage-therapy,Massage Therapy,Massage pressure control
🌿,health-wellness,Health & Wellness,💆,massage-therapy,Massage Therapy,Massage rhythm massage
🌿,health-wellness,Health & Wellness,💆,massage-therapy,Massage Therapy,Massage stretch integration
🌿,health-wellness,Health & Wellness,💆,massage-therapy,Massage Therapy,Massage draping technique
🌿,health-wellness,Health & Wellness,💆,massage-therapy,Massage Therapy,Massage modesty respect
🌿,health-wellness,Health & Wellness,💆,massage-therapy,Massage Therapy,Massage session flow
🌿,health-wellness,Health & Wellness,💆,massage-therapy,Massage Therapy,Massage aftercare advice
🌿,health-wellness,Health & Wellness,💆,massage-therapy,Massage Therapy,Massage self care massage
🌿,health-wellness,Health & Wellness,💆,massage-therapy,Massage Therapy,Massage business massage
🌿,health-wellness,Health & Wellness,🤲,acupressure,Acupressure,Stimulate meridian theory
🌿,health-wellness,Health & Wellness,🤲,acupressure,Acupressure,Stimulate qi flow
🌿,health-wellness,Health & Wellness,🤲,acupressure,Acupressure,Stimulate pressure points
🌿,health-wellness,Health & Wellness,🤲,acupressure,Acupressure,Stimulate li4 point
🌿,health-wellness,Health & Wellness,🤲,acupressure,Acupressure,Stimulate pc6 point
🌿,health-wellness,Health & Wellness,🤲,acupressure,Acupressure,Stimulate st36 point
🌿,health-wellness,Health & Wellness,🤲,acupressure,Acupressure,Stimulate sp6 point
🌿,health-wellness,Health & Wellness,🤲,acupressure,Acupressure,Stimulate lv3 point
🌿,health-wellness,Health & Wellness,🤲,acupressure,Acupressure,Stimulate gb20 point
🌿,health-wellness,Health & Wellness,🤲,acupressure,Acupressure,Stimulate li11 point
🌿,health-wellness,Health & Wellness,🤲,acupressure,Acupressure,Stimulate cv6 point
🌿,health-wellness,Health & Wellness,🤲,acupressure,Acupressure,Stimulate cv17 point
🌿,health-wellness,Health & Wellness,🤲,acupressure,Acupressure,Stimulate bl40 point
🌿,health-wellness,Health & Wellness,🤲,acupressure,Acupressure,Stimulate bl60 point
🌿,health-wellness,Health & Wellness,🤲,acupressure,Acupressure,Stimulate k1 point
🌿,health-wellness,Health & Wellness,🤲,acupressure,Acupressure,Stimulate point location
🌿,health-wellness,Health & Wellness,🤲,acupressure,Acupressure,Stimulate finger pressure
🌿,health-wellness,Health & Wellness,🤲,acupressure,Acupressure,Stimulate thumb technique
🌿,health-wellness,Health & Wellness,🤲,acupressure,Acupressure,Stimulate palm pressure
🌿,health-wellness,Health & Wellness,🤲,acupressure,Acupressure,Stimulate elbow technique
🌿,health-wellness,Health & Wellness,🤲,acupressure,Acupressure,Stimulate tool acupressure
🌿,health-wellness,Health & Wellness,🤲,acupressure,Acupressure,Stimulate session sequence
🌿,health-wellness,Health & Wellness,🤲,acupressure,Acupressure,Stimulate full body routine
🌿,health-wellness,Health & Wellness,🤲,acupressure,Acupressure,Stimulate headache relief
🌿,health-wellness,Health & Wellness,🤲,acupressure,Acupressure,Stimulate digestion support
🌿,health-wellness,Health & Wellness,🤲,acupressure,Acupressure,Stimulate sleep support
🌿,health-wellness,Health & Wellness,🤲,acupressure,Acupressure,Stimulate energy boost
🌿,health-wellness,Health & Wellness,🤲,acupressure,Acupressure,Stimulate stress relief
🌿,health-wellness,Health & Wellness,🤲,acupressure,Acupressure,Stimulate pain management
🌿,health-wellness,Health & Wellness,🤲,acupressure,Acupressure,Stimulate self treatment
🌿,health-wellness,Health & Wellness,🦶,reflexology,Reflexology,Press foot mapping
🌿,health-wellness,Health & Wellness,🦶,reflexology,Reflexology,Press zone theory
🌿,health-wellness,Health & Wellness,🦶,reflexology,Reflexology,Press solar plexus reflex
🌿,health-wellness,Health & Wellness,🦶,reflexology,Reflexology,Press spine reflex
🌿,health-wellness,Health & Wellness,🦶,reflexology,Reflexology,Press head brain reflex
🌿,health-wellness,Health & Wellness,🦶,reflexology,Reflexology,Press eye ear reflex
🌿,health-wellness,Health & Wellness,🦶,reflexology,Reflexology,Press lung reflex
🌿,health-wellness,Health & Wellness,🦶,reflexology,Reflexology,Press heart reflex
🌿,health-wellness,Health & Wellness,🦶,reflexology,Reflexology,Press digestive reflex
🌿,health-wellness,Health & Wellness,🦶,reflexology,Reflexology,Press kidney reflex
🌿,health-wellness,Health & Wellness,🦶,reflexology,Reflexology,Press liver reflex
🌿,health-wellness,Health & Wellness,🦶,reflexology,Reflexology,Press bladder reflex
🌿,health-wellness,Health & Wellness,🦶,reflexology,Reflexology,Press sinus reflex
🌿,health-wellness,Health & Wellness,🦶,reflexology,Reflexology,Press pituitary reflex
🌿,health-wellness,Health & Wellness,🦶,reflexology,Reflexology,Press thyroid reflex
🌿,health-wellness,Health & Wellness,🦶,reflexology,Reflexology,Press hand reflexology
🌿,health-wellness,Health & Wellness,🦶,reflexology,Reflexology,Press thumb walking
🌿,health-wellness,Health & Wellness,🦶,reflexology,Reflexology,Press finger walking
🌿,health-wellness,Health & Wellness,🦶,reflexology,Reflexology,Press hook and backup
🌿,health-wellness,Health & Wellness,🦶,reflexology,Reflexology,Press rotation reflex
🌿,health-wellness,Health & Wellness,🦶,reflexology,Reflexology,Press relaxation technique
🌿,health-wellness,Health & Wellness,🦶,reflexology,Reflexology,Press squeeze technique
🌿,health-wellness,Health & Wellness,🦶,reflexology,Reflexology,Press stretch reflex
🌿,health-wellness,Health & Wellness,🦶,reflexology,Reflexology,Press cream lotion
🌿,health-wellness,Health & Wellness,🦶,reflexology,Reflexology,Press session structure
🌿,health-wellness,Health & Wellness,🦶,reflexology,Reflexology,Press client comfort
🌿,health-wellness,Health & Wellness,🦶,reflexology,Reflexology,Press contraindications techniques
🌿,health-wellness,Health & Wellness,🦶,reflexology,Reflexology,Press self reflexology
🌿,health-wellness,Health & Wellness,🦶,reflexology,Reflexology,Press foot care tips
🌿,health-wellness,Health & Wellness,🦶,reflexology,Reflexology,Press aftercare reflex
🌿,health-wellness,Health & Wellness,💤,yoga-nidra,Yoga Nidra,Practice intention setting
🌿,health-wellness,Health & Wellness,💤,yoga-nidra,Yoga Nidra,Practice sankalpa techniques
🌿,health-wellness,Health & Wellness,💤,yoga-nidra,Yoga Nidra,Practice body scan nidra
🌿,health-wellness,Health & Wellness,💤,yoga-nidra,Yoga Nidra,Practice breath awareness nidra
🌿,health-wellness,Health & Wellness,💤,yoga-nidra,Yoga Nidra,Practice rotation of consciousness
🌿,health-wellness,Health & Wellness,💤,yoga-nidra,Yoga Nidra,Practice opposite sensation
🌿,health-wellness,Health & Wellness,💤,yoga-nidra,Yoga Nidra,Practice visualization nidra
🌿,health-wellness,Health & Wellness,💤,yoga-nidra,Yoga Nidra,Practice layer kosha
🌿,health-wellness,Health & Wellness,💤,yoga-nidra,Yoga Nidra,Practice annamaya kosha
🌿,health-wellness,Health & Wellness,💤,yoga-nidra,Yoga Nidra,Practice pranamaya kosha
🌿,health-wellness,Health & Wellness,💤,yoga-nidra,Yoga Nidra,Practice manomaya kosha
🌿,health-wellness,Health & Wellness,💤,yoga-nidra,Yoga Nidra,Practice vijnanamaya kosha
🌿,health-wellness,Health & Wellness,💤,yoga-nidra,Yoga Nidra,Practice anandamaya kosha
🌿,health-wellness,Health & Wellness,💤,yoga-nidra,Yoga Nidra,Practice deep relaxation
🌿,health-wellness,Health & Wellness,💤,yoga-nidra,Yoga Nidra,Practice hypnagogic state
🌿,health-wellness,Health & Wellness,💤,yoga-nidra,Yoga Nidra,Practice savasana setup
🌿,health-wellness,Health & Wellness,💤,yoga-nidra,Yoga Nidra,Practice voice guidance
🌿,health-wellness,Health & Wellness,💤,yoga-nidra,Yoga Nidra,Practice script writing nidra
🌿,health-wellness,Health & Wellness,💤,yoga-nidra,Yoga Nidra,Practice timing nidra
🌿,health-wellness,Health & Wellness,💤,yoga-nidra,Yoga Nidra,Practice props setup
🌿,health-wellness,Health & Wellness,💤,yoga-nidra,Yoga Nidra,Practice recording nidra
🌿,health-wellness,Health & Wellness,💤,yoga-nidra,Yoga Nidra,Practice group nidra
🌿,health-wellness,Health & Wellness,💤,yoga-nidra,Yoga Nidra,Practice yoga nidra sequence
🌿,health-wellness,Health & Wellness,💤,yoga-nidra,Yoga Nidra,Practice themes nidra
🌿,health-wellness,Health & Wellness,💤,yoga-nidra,Yoga Nidra,Practice healing nidra
🌿,health-wellness,Health & Wellness,💤,yoga-nidra,Yoga Nidra,Practice sleep nidra
🌿,health-wellness,Health & Wellness,💤,yoga-nidra,Yoga Nidra,Practice dream nidra
🌿,health-wellness,Health & Wellness,💤,yoga-nidra,Yoga Nidra,Practice inner peace
🌿,health-wellness,Health & Wellness,💤,yoga-nidra,Yoga Nidra,Practice stress relief nidra
🌿,health-wellness,Health & Wellness,💤,yoga-nidra,Yoga Nidra,Practice integration phase
🌿,health-wellness,Health & Wellness,🫁,breathing-exercises,Breathing Exercises,Breathe diaphragmatic breath
🌿,health-wellness,Health & Wellness,🫁,breathing-exercises,Breathing Exercises,Practice box breathing technique
🌿,health-wellness,Health & Wellness,🫁,breathing-exercises,Breathing Exercises,Practice 4-7-8 breathing technique
🌿,health-wellness,Health & Wellness,🫁,breathing-exercises,Breathing Exercises,Breathe pursed lip breath
🌿,health-wellness,Health & Wellness,🫁,breathing-exercises,Breathing Exercises,Breathe alternate nostril
🌿,health-wellness,Health & Wellness,🫁,breathing-exercises,Breathing Exercises,Breathe ujjayi breath ex
🌿,health-wellness,Health & Wellness,🫁,breathing-exercises,Breathing Exercises,Breathe sitali breath
🌿,health-wellness,Health & Wellness,🫁,breathing-exercises,Breathing Exercises,Breathe sitkari breath
🌿,health-wellness,Health & Wellness,🫁,breathing-exercises,Breathing Exercises,Breathe brahmari breath
🌿,health-wellness,Health & Wellness,🫁,breathing-exercises,Breathing Exercises,Breathe bhastrika breath
🌿,health-wellness,Health & Wellness,🫁,breathing-exercises,Breathing Exercises,Breathe kapalabhati breath
🌿,health-wellness,Health & Wellness,🫁,breathing-exercises,Breathing Exercises,Breathe anulom vilom
🌿,health-wellness,Health & Wellness,🫁,breathing-exercises,Breathing Exercises,Breathe nadi shodhana
🌿,health-wellness,Health & Wellness,🫁,breathing-exercises,Breathing Exercises,Breathe three part breath
🌿,health-wellness,Health & Wellness,🫁,breathing-exercises,Breathing Exercises,Breathe ocean breath
🌿,health-wellness,Health & Wellness,🫁,breathing-exercises,Breathing Exercises,Breathe lion's breath ex
🌿,health-wellness,Health & Wellness,🫁,breathing-exercises,Breathing Exercises,Breathe breath counting
🌿,health-wellness,Health & Wellness,🫁,breathing-exercises,Breathing Exercises,Breathe extended exhale
🌿,health-wellness,Health & Wellness,🫁,breathing-exercises,Breathing Exercises,Breathe breath hold ex
🌿,health-wellness,Health & Wellness,🫁,breathing-exercises,Breathing Exercises,Breathe resistance breathing
🌿,health-wellness,Health & Wellness,🫁,breathing-exercises,Breathing Exercises,Breathe breath pacing
🌿,health-wellness,Health & Wellness,🫁,breathing-exercises,Breathing Exercises,Breathe coherent breathing
🌿,health-wellness,Health & Wellness,🫁,breathing-exercises,Breathing Exercises,Breathe resonant breathing
🌿,health-wellness,Health & Wellness,🫁,breathing-exercises,Breathing Exercises,Breathe physiological sigh
🌿,health-wellness,Health & Wellness,🫁,breathing-exercises,Breathing Exercises,Breathe breath of fire
🌿,health-wellness,Health & Wellness,🫁,breathing-exercises,Breathing Exercises,Breathe skull shining
🌿,health-wellness,Health & Wellness,🫁,breathing-exercises,Breathing Exercises,Breathe buteyko method
🌿,health-wellness,Health & Wellness,🫁,breathing-exercises,Breathing Exercises,Breathe pranayama basics
🌿,health-wellness,Health & Wellness,🫁,breathing-exercises,Breathing Exercises,Breathe yogic breathing
🌿,health-wellness,Health & Wellness,🫁,breathing-exercises,Breathing Exercises,Breathe daily breath routine
🌿,health-wellness,Health & Wellness,📓,journaling,Journaling,Write daily journal
🌿,health-wellness,Health & Wellness,📓,journaling,Journaling,Write morning pages
🌿,health-wellness,Health & Wellness,📓,journaling,Journaling,Write gratitude journal
🌿,health-wellness,Health & Wellness,📓,journaling,Journaling,Write reflection practice
🌿,health-wellness,Health & Wellness,📓,journaling,Journaling,Write prompt writing
🌿,health-wellness,Health & Wellness,📓,journaling,Journaling,Write stream of consciousness
🌿,health-wellness,Health & Wellness,📓,journaling,Journaling,Write bullet journal
🌿,health-wellness,Health & Wellness,📓,journaling,Journaling,Write art journal
🌿,health-wellness,Health & Wellness,📓,journaling,Journaling,Write travel journal
🌿,health-wellness,Health & Wellness,📓,journaling,Journaling,Write food journal
🌿,health-wellness,Health & Wellness,📓,journaling,Journaling,Write dream journal
🌿,health-wellness,Health & Wellness,📓,journaling,Journaling,Write mood tracker
🌿,health-wellness,Health & Wellness,📓,journaling,Journaling,Write habit tracker
🌿,health-wellness,Health & Wellness,📓,journaling,Journaling,Write goal journal
🌿,health-wellness,Health & Wellness,📓,journaling,Journaling,Write therapy journal
🌿,health-wellness,Health & Wellness,📓,journaling,Journaling,Write cognitive journal
🌿,health-wellness,Health & Wellness,📓,journaling,Journaling,Write thought record
🌿,health-wellness,Health & Wellness,📓,journaling,Journaling,Write behavioral log
🌿,health-wellness,Health & Wellness,📓,journaling,Journaling,Write emotion wheel
🌿,health-wellness,Health & Wellness,📓,journaling,Journaling,Write writing routine
🌿,health-wellness,Health & Wellness,📓,journaling,Journaling,Write time set journal
🌿,health-wellness,Health & Wellness,📓,journaling,Journaling,Write private vs share
🌿,health-wellness,Health & Wellness,📓,journaling,Journaling,Write pen and paper
🌿,health-wellness,Health & Wellness,📓,journaling,Journaling,Write digital journal
🌿,health-wellness,Health & Wellness,📓,journaling,Journaling,Write review practice
🌿,health-wellness,Health & Wellness,📓,journaling,Journaling,Write insight harvest
🌿,health-wellness,Health & Wellness,📓,journaling,Journaling,Write pattern spotting
🌿,health-wellness,Health & Wellness,📓,journaling,Journaling,Write growth tracking
🌿,health-wellness,Health & Wellness,📓,journaling,Journaling,Write year review
🌿,health-wellness,Health & Wellness,📓,journaling,Journaling,Write letter writing
🌿,health-wellness,Health & Wellness,🛋️,therapy-basics,Therapy Basics,Learn cbt principles
🌿,health-wellness,Health & Wellness,🛋️,therapy-basics,Therapy Basics,Learn thought record
🌿,health-wellness,Health & Wellness,🛋️,therapy-basics,Therapy Basics,Learn cognitive distortion
🌿,health-wellness,Health & Wellness,🛋️,therapy-basics,Therapy Basics,Learn behavioral activation
🌿,health-wellness,Health & Wellness,🛋️,therapy-basics,Therapy Basics,Learn exposure therapy
🌿,health-wellness,Health & Wellness,🛋️,therapy-basics,Therapy Basics,Learn mindfulness based
🌿,health-wellness,Health & Wellness,🛋️,therapy-basics,Therapy Basics,Learn dbt skills
🌿,health-wellness,Health & Wellness,🛋️,therapy-basics,Therapy Basics,Learn emotion regulation
🌿,health-wellness,Health & Wellness,🛋️,therapy-basics,Therapy Basics,Learn interpersonal skills
🌿,health-wellness,Health & Wellness,🛋️,therapy-basics,Therapy Basics,Learn distress tolerance
🌿,health-wellness,Health & Wellness,🛋️,therapy-basics,Therapy Basics,Learn acceptance therapy
🌿,health-wellness,Health & Wellness,🛋️,therapy-basics,Therapy Basics,Learn values clarification
🌿,health-wellness,Health & Wellness,🛋️,therapy-basics,Therapy Basics,Learn committed action
🌿,health-wellness,Health & Wellness,🛋️,therapy-basics,Therapy Basics,Learn self compassion
🌿,health-wellness,Health & Wellness,🛋️,therapy-basics,Therapy Basics,Learn inner critic work
🌿,health-wellness,Health & Wellness,🛋️,therapy-basics,Therapy Basics,Learn inner child work
🌿,health-wellness,Health & Wellness,🛋️,therapy-basics,Therapy Basics,Learn parts work
🌿,health-wellness,Health & Wellness,🛋️,therapy-basics,Therapy Basics,Learn somatic therapy
🌿,health-wellness,Health & Wellness,🛋️,therapy-basics,Therapy Basics,Learn grounding technique
🌿,health-wellness,Health & Wellness,🛋️,therapy-basics,Therapy Basics,Learn safe place visualization
🌿,health-wellness,Health & Wellness,🛋️,therapy-basics,Therapy Basics,Learn container exercise
🌿,health-wellness,Health & Wellness,🛋️,therapy-basics,Therapy Basics,Learn window of tolerance
🌿,health-wellness,Health & Wellness,🛋️,therapy-basics,Therapy Basics,Learn polyvagal theory
🌿,health-wellness,Health & Wellness,🛋️,therapy-basics,Therapy Basics,Learn ventral vagal
🌿,health-wellness,Health & Wellness,🛋️,therapy-basics,Therapy Basics,Learn sympathetic state
🌿,health-wellness,Health & Wellness,🛋️,therapy-basics,Therapy Basics,Learn dorsal vagal
🌿,health-wellness,Health & Wellness,🛋️,therapy-basics,Therapy Basics,Learn nervous system reg
🌿,health-wellness,Health & Wellness,🛋️,therapy-basics,Therapy Basics,Learn trauma awareness
🌿,health-wellness,Health & Wellness,🛋️,therapy-basics,Therapy Basics,Learn attachment theory
🌿,health-wellness,Health & Wellness,🛋️,therapy-basics,Therapy Basics,Learn therapeutic alliance
🌿,health-wellness,Health & Wellness,🧠,cognitive-behavioral,Cognitive Behavioral,Reframe cognitive triangle
🌿,health-wellness,Health & Wellness,🧠,cognitive-behavioral,Cognitive Behavioral,Reframe situation thought feel
🌿,health-wellness,Health & Wellness,🧠,cognitive-behavioral,Cognitive Behavioral,Reframe cognitive distortion
🌿,health-wellness,Health & Wellness,🧠,cognitive-behavioral,Cognitive Behavioral,Reframe all or nothing
🌿,health-wellness,Health & Wellness,🧠,cognitive-behavioral,Cognitive Behavioral,Reframe overgeneralization techniques
🌿,health-wellness,Health & Wellness,🧠,cognitive-behavioral,Cognitive Behavioral,Reframe mental filter
🌿,health-wellness,Health & Wellness,🧠,cognitive-behavioral,Cognitive Behavioral,Reframe catastrophizing techniques
🌿,health-wellness,Health & Wellness,🧠,cognitive-behavioral,Cognitive Behavioral,Reframe personalization techniques
🌿,health-wellness,Health & Wellness,🧠,cognitive-behavioral,Cognitive Behavioral,Reframe mind reading
🌿,health-wellness,Health & Wellness,🧠,cognitive-behavioral,Cognitive Behavioral,Reframe fortune telling
🌿,health-wellness,Health & Wellness,🧠,cognitive-behavioral,Cognitive Behavioral,Reframe emotional reasoning
🌿,health-wellness,Health & Wellness,🧠,cognitive-behavioral,Cognitive Behavioral,Reframe should statements
🌿,health-wellness,Health & Wellness,🧠,cognitive-behavioral,Cognitive Behavioral,Reframe labeling mistake
🌿,health-wellness,Health & Wellness,🧠,cognitive-behavioral,Cognitive Behavioral,Reframe minimizing good
🌿,health-wellness,Health & Wellness,🧠,cognitive-behavioral,Cognitive Behavioral,Reframe challenging thoughts
🌿,health-wellness,Health & Wellness,🧠,cognitive-behavioral,Cognitive Behavioral,Reframe evidence for against
🌿,health-wellness,Health & Wellness,🧠,cognitive-behavioral,Cognitive Behavioral,Reframe alternative thought
🌿,health-wellness,Health & Wellness,🧠,cognitive-behavioral,Cognitive Behavioral,Reframe rational response
🌿,health-wellness,Health & Wellness,🧠,cognitive-behavioral,Cognitive Behavioral,Reframe behavioral experiment
🌿,health-wellness,Health & Wellness,🧠,cognitive-behavioral,Cognitive Behavioral,Reframe activity scheduling
🌿,health-wellness,Health & Wellness,🧠,cognitive-behavioral,Cognitive Behavioral,Reframe mastery pleasure
🌿,health-wellness,Health & Wellness,🧠,cognitive-behavioral,Cognitive Behavioral,Reframe graded task
🌿,health-wellness,Health & Wellness,🧠,cognitive-behavioral,Cognitive Behavioral,Reframe problem solving cbt
🌿,health-wellness,Health & Wellness,🧠,cognitive-behavioral,Cognitive Behavioral,Reframe coping cards
🌿,health-wellness,Health & Wellness,🧠,cognitive-behavioral,Cognitive Behavioral,Reframe thought stopping
🌿,health-wellness,Health & Wellness,🧠,cognitive-behavioral,Cognitive Behavioral,Reframe distraction cbt
🌿,health-wellness,Health & Wellness,🧠,cognitive-behavioral,Cognitive Behavioral,Reframe self monitoring
🌿,health-wellness,Health & Wellness,🧠,cognitive-behavioral,Cognitive Behavioral,Reframe cognitive restructure
🌿,health-wellness,Health & Wellness,🧠,cognitive-behavioral,Cognitive Behavioral,Reframe relapse prevention
🌿,health-wellness,Health & Wellness,🧠,cognitive-behavioral,Cognitive Behavioral,Reframe maintenance plan
🌿,health-wellness,Health & Wellness,🙏,gratitude-practice,Gratitude Practice,Practice gratitude journal
🌿,health-wellness,Health & Wellness,🙏,gratitude-practice,Gratitude Practice,Practice three good things
🌿,health-wellness,Health & Wellness,🙏,gratitude-practice,Gratitude Practice,Practice gratitude letter
🌿,health-wellness,Health & Wellness,🙏,gratitude-practice,Gratitude Practice,Practice thank you visit
🌿,health-wellness,Health & Wellness,🙏,gratitude-practice,Gratitude Practice,Practice mental gratitude
🌿,health-wellness,Health & Wellness,🙏,gratitude-practice,Gratitude Practice,Practice gratitude walk
🌿,health-wellness,Health & Wellness,🙏,gratitude-practice,Gratitude Practice,Practice appreciation practice
🌿,health-wellness,Health & Wellness,🙏,gratitude-practice,Gratitude Practice,Practice silver lining
🌿,health-wellness,Health & Wellness,🙏,gratitude-practice,Gratitude Practice,Practice gratitude meditation
🌿,health-wellness,Health & Wellness,🙏,gratitude-practice,Gratitude Practice,Practice bedtime gratitude
🌿,health-wellness,Health & Wellness,🙏,gratitude-practice,Gratitude Practice,Practice morning gratitude
🌿,health-wellness,Health & Wellness,🙏,gratitude-practice,Gratitude Practice,Practice gratitude list
🌿,health-wellness,Health & Wellness,🙏,gratitude-practice,Gratitude Practice,Practice gratitude jar
🌿,health-wellness,Health & Wellness,🙏,gratitude-practice,Gratitude Practice,Practice gratitude tree
🌿,health-wellness,Health & Wellness,🙏,gratitude-practice,Gratitude Practice,Practice savoring good
🌿,health-wellness,Health & Wellness,🙏,gratitude-practice,Gratitude Practice,Practice positive memory
🌿,health-wellness,Health & Wellness,🙏,gratitude-practice,Gratitude Practice,Practice gratitude partner
🌿,health-wellness,Health & Wellness,🙏,gratitude-practice,Gratitude Practice,Practice gratitude ritual
🌿,health-wellness,Health & Wellness,🙏,gratitude-practice,Gratitude Practice,Practice notice beauty
🌿,health-wellness,Health & Wellness,🙏,gratitude-practice,Gratitude Practice,Practice appreciate small
🌿,health-wellness,Health & Wellness,🙏,gratitude-practice,Gratitude Practice,Practice gratitude turn
🌿,health-wellness,Health & Wellness,🙏,gratitude-practice,Gratitude Practice,Practice challenge find good
🌿,health-wellness,Health & Wellness,🙏,gratitude-practice,Gratitude Practice,Practice gratitude in hard
🌿,health-wellness,Health & Wellness,🙏,gratitude-practice,Gratitude Practice,Practice loss appreciation
🌿,health-wellness,Health & Wellness,🙏,gratitude-practice,Gratitude Practice,Practice people gratitude
🌿,health-wellness,Health & Wellness,🙏,gratitude-practice,Gratitude Practice,Practice nature gratitude
🌿,health-wellness,Health & Wellness,🙏,gratitude-practice,Gratitude Practice,Practice self gratitude
🌿,health-wellness,Health & Wellness,🙏,gratitude-practice,Gratitude Practice,Practice body gratitude
🌿,health-wellness,Health & Wellness,🙏,gratitude-practice,Gratitude Practice,Practice gratitude and share
🌿,health-wellness,Health & Wellness,🙏,gratitude-practice,Gratitude Practice,Practice gratitude science
🌿,health-wellness,Health & Wellness,🛁,self-care,Self Care,Nurture physical self care
🌿,health-wellness,Health & Wellness,🛁,self-care,Self Care,Nurture emotional self care
🌿,health-wellness,Health & Wellness,🛁,self-care,Self Care,Nurture mental self care
🌿,health-wellness,Health & Wellness,🛁,self-care,Self Care,Nurture social self care
🌿,health-wellness,Health & Wellness,🛁,self-care,Self Care,Nurture spiritual self care
🌿,health-wellness,Health & Wellness,🛁,self-care,Self Care,Nurture daily ritual
🌿,health-wellness,Health & Wellness,🛁,self-care,Self Care,Nurture morning self care
🌿,health-wellness,Health & Wellness,🛁,self-care,Self Care,Nurture evening ritual
🌿,health-wellness,Health & Wellness,🛁,self-care,Self Care,Nurture me time
🌿,health-wellness,Health & Wellness,🛁,self-care,Self Care,Nurture boundary self care
🌿,health-wellness,Health & Wellness,🛁,self-care,Self Care,Nurture compassion self
🌿,health-wellness,Health & Wellness,🛁,self-care,Self Care,Nurture body care
🌿,health-wellness,Health & Wellness,🛁,self-care,Self Care,Nurture skin routine
🌿,health-wellness,Health & Wellness,🛁,self-care,Self Care,Nurture bath ritual
🌿,health-wellness,Health & Wellness,🛁,self-care,Self Care,Nurture face care
🌿,health-wellness,Health & Wellness,🛁,self-care,Self Care,Nurture hair care
🌿,health-wellness,Health & Wellness,🛁,self-care,Self Care,Nurture nail care
🌿,health-wellness,Health & Wellness,🛁,self-care,Self Care,Nurture comfort food
🌿,health-wellness,Health & Wellness,🛁,self-care,Self Care,Nurture rest day
🌿,health-wellness,Health & Wellness,🛁,self-care,Self Care,Nurture do nothing day
🌿,health-wellness,Health & Wellness,🛁,self-care,Self Care,Nurture hobby time self
🌿,health-wellness,Health & Wellness,🛁,self-care,Self Care,Nurture creative outlet
🌿,health-wellness,Health & Wellness,🛁,self-care,Self Care,Nurture music self care
🌿,health-wellness,Health & Wellness,🛁,self-care,Self Care,Nurture nature self care
🌿,health-wellness,Health & Wellness,🛁,self-care,Self Care,Nurture digital break
🌿,health-wellness,Health & Wellness,🛁,self-care,Self Care,Nurture screentime limit
🌿,health-wellness,Health & Wellness,🛁,self-care,Self Care,Nurture saying no self
🌿,health-wellness,Health & Wellness,🛁,self-care,Self Care,Nurture pleasure list
🌿,health-wellness,Health & Wellness,🛁,self-care,Self Care,Nurture self care plan
🌿,health-wellness,Health & Wellness,🛁,self-care,Self Care,Nurture emergency self care
🌿,health-wellness,Health & Wellness,⏰,time-management,Time Management,Schedule priority matrix
🌿,health-wellness,Health & Wellness,⏰,time-management,Time Management,Schedule eisenhower box
🌿,health-wellness,Health & Wellness,⏰,time-management,Time Management,Schedule urgent vs important
🌿,health-wellness,Health & Wellness,⏰,time-management,Time Management,Schedule time blocking
🌿,health-wellness,Health & Wellness,⏰,time-management,Time Management,Schedule deep work block
🌿,health-wellness,Health & Wellness,⏰,time-management,Time Management,Schedule pomodoro method
🌿,health-wellness,Health & Wellness,⏰,time-management,Time Management,Schedule 25 minute focus
🌿,health-wellness,Health & Wellness,⏰,time-management,Time Management,Schedule task batching
🌿,health-wellness,Health & Wellness,⏰,time-management,Time Management,Schedule single task
🌿,health-wellness,Health & Wellness,⏰,time-management,Time Management,Schedule abc method
🌿,health-wellness,Health & Wellness,⏰,time-management,Time Management,Schedule getting things done
🌿,health-wellness,Health & Wellness,⏰,time-management,Time Management,Schedule capture mode
🌿,health-wellness,Health & Wellness,⏰,time-management,Time Management,Schedule clarify next action
🌿,health-wellness,Health & Wellness,⏰,time-management,Time Management,Schedule organize context
🌿,health-wellness,Health & Wellness,⏰,time-management,Time Management,Schedule weekly review
🌿,health-wellness,Health & Wellness,⏰,time-management,Time Management,Schedule calendar manage
🌿,health-wellness,Health & Wellness,⏰,time-management,Time Management,Schedule digital calendar
🌿,health-wellness,Health & Wellness,⏰,time-management,Time Management,Schedule paper planner
🌿,health-wellness,Health & Wellness,⏰,time-management,Time Management,Schedule bullet journal time
🌿,health-wellness,Health & Wellness,⏰,time-management,Time Management,Schedule delegation skill
🌿,health-wellness,Health & Wellness,⏰,time-management,Time Management,Schedule eat the frog
🌿,health-wellness,Health & Wellness,⏰,time-management,Time Management,Schedule mit most important
🌿,health-wellness,Health & Wellness,⏰,time-management,Time Management,Schedule 90 minute focus
🌿,health-wellness,Health & Wellness,⏰,time-management,Time Management,Schedule buffer time
🌿,health-wellness,Health & Wellness,⏰,time-management,Time Management,Schedule energy management
🌿,health-wellness,Health & Wellness,⏰,time-management,Time Management,Schedule chronotype awareness
🌿,health-wellness,Health & Wellness,⏰,time-management,Time Management,Schedule peak hours use
🌿,health-wellness,Health & Wellness,⏰,time-management,Time Management,Schedule meeting reduction
🌿,health-wellness,Health & Wellness,⏰,time-management,Time Management,Schedule time audit
🌿,health-wellness,Health & Wellness,⏰,time-management,Time Management,Schedule time log
🌿,health-wellness,Health & Wellness,⚖️,work-life-balance,Work Life Balance,Balance boundary setting work
🌿,health-wellness,Health & Wellness,⚖️,work-life-balance,Work Life Balance,Balance work hours limit
🌿,health-wellness,Health & Wellness,⚖️,work-life-balance,Work Life Balance,Balance not checking email
🌿,health-wellness,Health & Wellness,⚖️,work-life-balance,Work Life Balance,Balance weekend disconnect
🌿,health-wellness,Health & Wellness,⚖️,work-life-balance,Work Life Balance,Balance vacation policy
🌿,health-wellness,Health & Wellness,⚖️,work-life-balance,Work Life Balance,Balance breaks at work
🌿,health-wellness,Health & Wellness,⚖️,work-life-balance,Work Life Balance,Balance lunch away
🌿,health-wellness,Health & Wellness,⚖️,work-life-balance,Work Life Balance,Balance after hours policy
🌿,health-wellness,Health & Wellness,⚖️,work-life-balance,Work Life Balance,Balance home office line
🌿,health-wellness,Health & Wellness,⚖️,work-life-balance,Work Life Balance,Balance commute transition
🌿,health-wellness,Health & Wellness,⚖️,work-life-balance,Work Life Balance,Balance wind down ritual
🌿,health-wellness,Health & Wellness,⚖️,work-life-balance,Work Life Balance,Balance morning routine work
🌿,health-wellness,Health & Wellness,⚖️,work-life-balance,Work Life Balance,Balance evening routine
🌿,health-wellness,Health & Wellness,⚖️,work-life-balance,Work Life Balance,Balance role separation
🌿,health-wellness,Health & Wellness,⚖️,work-life-balance,Work Life Balance,Balance parent work balance
🌿,health-wellness,Health & Wellness,⚖️,work-life-balance,Work Life Balance,Balance partner work balance
🌿,health-wellness,Health & Wellness,⚖️,work-life-balance,Work Life Balance,Balance flexible schedule
🌿,health-wellness,Health & Wellness,⚖️,work-life-balance,Work Life Balance,Balance remote balance
🌿,health-wellness,Health & Wellness,⚖️,work-life-balance,Work Life Balance,Balance office balance
🌿,health-wellness,Health & Wellness,⚖️,work-life-balance,Work Life Balance,Balance energy preservation
🌿,health-wellness,Health & Wellness,⚖️,work-life-balance,Work Life Balance,Balance saying no work
🌿,health-wellness,Health & Wellness,⚖️,work-life-balance,Work Life Balance,Balance overcommit avoid
🌿,health-wellness,Health & Wellness,⚖️,work-life-balance,Work Life Balance,Balance delegate delegate
🌿,health-wellness,Health & Wellness,⚖️,work-life-balance,Work Life Balance,Balance system over will
🌿,health-wellness,Health & Wellness,⚖️,work-life-balance,Work Life Balance,Balance automation use
🌿,health-wellness,Health & Wellness,⚖️,work-life-balance,Work Life Balance,Balance outsource option
🌿,health-wellness,Health & Wellness,⚖️,work-life-balance,Work Life Balance,Balance hobby priority
🌿,health-wellness,Health & Wellness,⚖️,work-life-balance,Work Life Balance,Balance family priority
🌿,health-wellness,Health & Wellness,⚖️,work-life-balance,Work Life Balance,Balance health priority
🌿,health-wellness,Health & Wellness,⚖️,work-life-balance,Work Life Balance,Balance work life integration
🌿,health-wellness,Health & Wellness,💧,hydration,Hydration,Hydrate daily water need
🌿,health-wellness,Health & Wellness,💧,hydration,Hydration,Hydrate hydration calculation
🌿,health-wellness,Health & Wellness,💧,hydration,Hydration,Hydrate water quality
🌿,health-wellness,Health & Wellness,💧,hydration,Hydration,Hydrate tap vs bottled
🌿,health-wellness,Health & Wellness,💧,hydration,Hydration,Hydrate filtered water
🌿,health-wellness,Health & Wellness,💧,hydration,Hydration,Hydrate infused water
🌿,health-wellness,Health & Wellness,💧,hydration,Hydration,Hydrate fruit infusion
🌿,health-wellness,Health & Wellness,💧,hydration,Hydration,Hydrate herb infusion
🌿,health-wellness,Health & Wellness,💧,hydration,Hydration,Hydrate hydration tracker
🌿,health-wellness,Health & Wellness,💧,hydration,Hydration,Hydrate water bottle
🌿,health-wellness,Health & Wellness,💧,hydration,Hydration,Hydrate hydration reminder
🌿,health-wellness,Health & Wellness,💧,hydration,Hydration,Hydrate drink schedule
🌿,health-wellness,Health & Wellness,💧,hydration,Hydration,Hydrate morning hydration
🌿,health-wellness,Health & Wellness,💧,hydration,Hydration,Hydrate pre workout water
🌿,health-wellness,Health & Wellness,💧,hydration,Hydration,Hydrate post workout water
🌿,health-wellness,Health & Wellness,💧,hydration,Hydration,Hydrate electrolyte balance
🌿,health-wellness,Health & Wellness,💧,hydration,Hydration,Hydrate electrolyte source
🌿,health-wellness,Health & Wellness,💧,hydration,Hydration,Hydrate coconut water
🌿,health-wellness,Health & Wellness,💧,hydration,Hydration,Hydrate sports drink
🌿,health-wellness,Health & Wellness,💧,hydration,Hydration,Hydrate hydration and skin
🌿,health-wellness,Health & Wellness,💧,hydration,Hydration,Hydrate hydration energy
🌿,health-wellness,Health & Wellness,💧,hydration,Hydration,Hydrate hydration focus
🌿,health-wellness,Health & Wellness,💧,hydration,Hydration,Hydrate hydration headache
🌿,health-wellness,Health & Wellness,💧,hydration,Hydration,Hydrate hydration sleep
🌿,health-wellness,Health & Wellness,💧,hydration,Hydration,Hydrate hydration digestion
🌿,health-wellness,Health & Wellness,💧,hydration,Hydration,Hydrate overhydration risk
🌿,health-wellness,Health & Wellness,💧,hydration,Hydration,Hydrate dehydration sign
🌿,health-wellness,Health & Wellness,💧,hydration,Hydration,Hydrate urine color check
🌿,health-wellness,Health & Wellness,💧,hydration,Hydration,Hydrate hydration app
🌿,health-wellness,Health & Wellness,💧,hydration,Hydration,Hydrate hydration habit
🌿,health-wellness,Health & Wellness,🛡️,immune-support,Immune Support,Boost vitamin c immune
🌿,health-wellness,Health & Wellness,🛡️,immune-support,Immune Support,Boost vitamin d immune
🌿,health-wellness,Health & Wellness,🛡️,immune-support,Immune Support,Boost zinc immune
🌿,health-wellness,Health & Wellness,🛡️,immune-support,Immune Support,Boost elderberry immune
🌿,health-wellness,Health & Wellness,🛡️,immune-support,Immune Support,Boost echinacea immune
🌿,health-wellness,Health & Wellness,🛡️,immune-support,Immune Support,Boost garlic immune
🌿,health-wellness,Health & Wellness,🛡️,immune-support,Immune Support,Boost ginger immune
🌿,health-wellness,Health & Wellness,🛡️,immune-support,Immune Support,Boost turmeric immune
🌿,health-wellness,Health & Wellness,🛡️,immune-support,Immune Support,Boost sleep immune
🌿,health-wellness,Health & Wellness,🛡️,immune-support,Immune Support,Boost exercise immune
🌿,health-wellness,Health & Wellness,🛡️,immune-support,Immune Support,Boost stress immune
🌿,health-wellness,Health & Wellness,🛡️,immune-support,Immune Support,Boost hydration immune
🌿,health-wellness,Health & Wellness,🛡️,immune-support,Immune Support,Boost gut health immune
🌿,health-wellness,Health & Wellness,🛡️,immune-support,Immune Support,Boost probiotic immune
🌿,health-wellness,Health & Wellness,🛡️,immune-support,Immune Support,Boost prebiotic immune
🌿,health-wellness,Health & Wellness,🛡️,immune-support,Immune Support,Boost fermented food
🌿,health-wellness,Health & Wellness,🛡️,immune-support,Immune Support,Boost bone broth immune
🌿,health-wellness,Health & Wellness,🛡️,immune-support,Immune Support,Boost mushroom immune
🌿,health-wellness,Health & Wellness,🛡️,immune-support,Immune Support,Boost reishi immune
🌿,health-wellness,Health & Wellness,🛡️,immune-support,Immune Support,Boost turkey tail
🌿,health-wellness,Health & Wellness,🛡️,immune-support,Immune Support,Boost astragalus root
🌿,health-wellness,Health & Wellness,🛡️,immune-support,Immune Support,Boost olive leaf extract
🌿,health-wellness,Health & Wellness,🛡️,immune-support,Immune Support,Boost colloidal silver
🌿,health-wellness,Health & Wellness,🛡️,immune-support,Immune Support,Boost immune tea blend
🌿,health-wellness,Health & Wellness,🛡️,immune-support,Immune Support,Boost hygiene immune
🌿,health-wellness,Health & Wellness,🛡️,immune-support,Immune Support,Boost hand washing
🌿,health-wellness,Health & Wellness,🛡️,immune-support,Immune Support,Boost sleep hygiene immune
🌿,health-wellness,Health & Wellness,🛡️,immune-support,Immune Support,Boost immune avoiding sick
🌿,health-wellness,Health & Wellness,🛡️,immune-support,Immune Support,Boost seasonal immune
🌿,health-wellness,Health & Wellness,🛡️,immune-support,Immune Support,Boost immunity protocol
🌿,health-wellness,Health & Wellness,🫀,gut-health,Gut Health,Heal microbiome basics
🌿,health-wellness,Health & Wellness,🫀,gut-health,Gut Health,Heal probiotic foods
🌿,health-wellness,Health & Wellness,🫀,gut-health,Gut Health,Heal prebiotic foods
🌿,health-wellness,Health & Wellness,🫀,gut-health,Gut Health,Heal fermented foods
🌿,health-wellness,Health & Wellness,🫀,gut-health,Gut Health,Heal kefir benefits
🌿,health-wellness,Health & Wellness,🫀,gut-health,Gut Health,Heal kimchi gut
🌿,health-wellness,Health & Wellness,🫀,gut-health,Gut Health,Heal sauerkraut gut
🌿,health-wellness,Health & Wellness,🫀,gut-health,Gut Health,Heal kombucha gut
🌿,health-wellness,Health & Wellness,🫀,gut-health,Gut Health,Heal yogurt culture
🌿,health-wellness,Health & Wellness,🫀,gut-health,Gut Health,Heal fiber gut
🌿,health-wellness,Health & Wellness,🫀,gut-health,Gut Health,Heal soluble fiber
🌿,health-wellness,Health & Wellness,🫀,gut-health,Gut Health,Heal insoluble fiber
🌿,health-wellness,Health & Wellness,🫀,gut-health,Gut Health,Heal hydration gut
🌿,health-wellness,Health & Wellness,🫀,gut-health,Gut Health,Heal digestive enzyme
🌿,health-wellness,Health & Wellness,🫀,gut-health,Gut Health,Heal stomach acid
🌿,health-wellness,Health & Wellness,🫀,gut-health,Gut Health,Heal gut brain axis
🌿,health-wellness,Health & Wellness,🫀,gut-health,Gut Health,Heal serotonin gut
🌿,health-wellness,Health & Wellness,🫀,gut-health,Gut Health,Heal leaky gut syndrome
🌿,health-wellness,Health & Wellness,🫀,gut-health,Gut Health,Heal sibo awareness
🌿,health-wellness,Health & Wellness,🫀,gut-health,Gut Health,Heal food sensitivity
🌿,health-wellness,Health & Wellness,🫀,gut-health,Gut Health,Heal elimination diet
🌿,health-wellness,Health & Wellness,🫀,gut-health,Gut Health,Heal low fodmap
🌿,health-wellness,Health & Wellness,🫀,gut-health,Gut Health,Heal gut healing diet
🌿,health-wellness,Health & Wellness,🫀,gut-health,Gut Health,Heal bone broth gut
🌿,health-wellness,Health & Wellness,🫀,gut-health,Gut Health,Heal collagen gut
🌿,health-wellness,Health & Wellness,🫀,gut-health,Gut Health,Heal glutamine gut
🌿,health-wellness,Health & Wellness,🫀,gut-health,Gut Health,Heal aloe vera gut
🌿,health-wellness,Health & Wellness,🫀,gut-health,Gut Health,Heal peppermint gut
🌿,health-wellness,Health & Wellness,🫀,gut-health,Gut Health,Heal ginger gut
🌿,health-wellness,Health & Wellness,🫀,gut-health,Gut Health,Heal gut health plan
🌿,health-wellness,Health & Wellness,⚖️,hormone-balance,Hormone Balance,Balance cortisol balance
🌿,health-wellness,Health & Wellness,⚖️,hormone-balance,Hormone Balance,Balance melatonin rhythm
🌿,health-wellness,Health & Wellness,⚖️,hormone-balance,Hormone Balance,Balance thyroid hormones
🌿,health-wellness,Health & Wellness,⚖️,hormone-balance,Hormone Balance,Balance estrogen balance
🌿,health-wellness,Health & Wellness,⚖️,hormone-balance,Hormone Balance,Balance progesterone balance
🌿,health-wellness,Health & Wellness,⚖️,hormone-balance,Hormone Balance,Balance testosterone balance
🌿,health-wellness,Health & Wellness,⚖️,hormone-balance,Hormone Balance,Balance insulin sensitivity
🌿,health-wellness,Health & Wellness,⚖️,hormone-balance,Hormone Balance,Balance blood sugar reg
🌿,health-wellness,Health & Wellness,⚖️,hormone-balance,Hormone Balance,Balance leptin awareness
🌿,health-wellness,Health & Wellness,⚖️,hormone-balance,Hormone Balance,Balance ghrelin regulation
🌿,health-wellness,Health & Wellness,⚖️,hormone-balance,Hormone Balance,Balance stress hormones
🌿,health-wellness,Health & Wellness,⚖️,hormone-balance,Hormone Balance,Balance sleep hormones
🌿,health-wellness,Health & Wellness,⚖️,hormone-balance,Hormone Balance,Balance exercise hormones
🌿,health-wellness,Health & Wellness,⚖️,hormone-balance,Hormone Balance,Balance nutrition hormones
🌿,health-wellness,Health & Wellness,⚖️,hormone-balance,Hormone Balance,Balance healthy fats horm
🌿,health-wellness,Health & Wellness,⚖️,hormone-balance,Hormone Balance,Balance protein hormones
🌿,health-wellness,Health & Wellness,⚖️,hormone-balance,Hormone Balance,Balance carb hormone impact
🌿,health-wellness,Health & Wellness,⚖️,hormone-balance,Hormone Balance,Balance endocrine system
🌿,health-wellness,Health & Wellness,⚖️,hormone-balance,Hormone Balance,Balance endocrine disruptor
🌿,health-wellness,Health & Wellness,⚖️,hormone-balance,Hormone Balance,Balance plastic avoidance
🌿,health-wellness,Health & Wellness,⚖️,hormone-balance,Hormone Balance,Balance detox hormone
🌿,health-wellness,Health & Wellness,⚖️,hormone-balance,Hormone Balance,Balance liver support horm
🌿,health-wellness,Health & Wellness,⚖️,hormone-balance,Hormone Balance,Balance adaptogen support
🌿,health-wellness,Health & Wellness,⚖️,hormone-balance,Hormone Balance,Balance ashwagandha horm
🌿,health-wellness,Health & Wellness,⚖️,hormone-balance,Hormone Balance,Balance rhodiola horm
🌿,health-wellness,Health & Wellness,⚖️,hormone-balance,Hormone Balance,Balance maca root horm
🌿,health-wellness,Health & Wellness,⚖️,hormone-balance,Hormone Balance,Balance seed cycling
🌿,health-wellness,Health & Wellness,⚖️,hormone-balance,Hormone Balance,Balance cycle syncing
🌿,health-wellness,Health & Wellness,⚖️,hormone-balance,Hormone Balance,Balance pcos awareness
🌿,health-wellness,Health & Wellness,⚖️,hormone-balance,Hormone Balance,Balance thyroid support
🌿,health-wellness,Health & Wellness,⚡,energy-management,Energy Management,Optimize energy audit
🌿,health-wellness,Health & Wellness,⚡,energy-management,Energy Management,Optimize peak energy hour
🌿,health-wellness,Health & Wellness,⚡,energy-management,Energy Management,Optimize low energy task
🌿,health-wellness,Health & Wellness,⚡,energy-management,Energy Management,Optimize energy drain identify
🌿,health-wellness,Health & Wellness,⚡,energy-management,Energy Management,Optimize energy gain identify
🌿,health-wellness,Health & Wellness,⚡,energy-management,Energy Management,Optimize ultradian rhythm
🌿,health-wellness,Health & Wellness,⚡,energy-management,Energy Management,Optimize break scheduling
🌿,health-wellness,Health & Wellness,⚡,energy-management,Energy Management,Optimize movement energy
🌿,health-wellness,Health & Wellness,⚡,energy-management,Energy Management,Optimize exercise energy
🌿,health-wellness,Health & Wellness,⚡,energy-management,Energy Management,Optimize nutrition energy
🌿,health-wellness,Health & Wellness,⚡,energy-management,Energy Management,Optimize protein energy
🌿,health-wellness,Health & Wellness,⚡,energy-management,Energy Management,Optimize complex carb energy
🌿,health-wellness,Health & Wellness,⚡,energy-management,Energy Management,Optimize water energy
🌿,health-wellness,Health & Wellness,⚡,energy-management,Energy Management,Optimize sleep energy core
🌿,health-wellness,Health & Wellness,⚡,energy-management,Energy Management,Optimize nap energy boost
🌿,health-wellness,Health & Wellness,⚡,energy-management,Energy Management,Optimize power nap
🌿,health-wellness,Health & Wellness,⚡,energy-management,Energy Management,Optimize breath energy
🌿,health-wellness,Health & Wellness,⚡,energy-management,Energy Management,Optimize cold exposure energy
🌿,health-wellness,Health & Wellness,⚡,energy-management,Energy Management,Optimize cold plunge
🌿,health-wellness,Health & Wellness,⚡,energy-management,Energy Management,Optimize cold shower
🌿,health-wellness,Health & Wellness,⚡,energy-management,Energy Management,Optimize morning sunlight
🌿,health-wellness,Health & Wellness,⚡,energy-management,Energy Management,Optimize light exposure
🌿,health-wellness,Health & Wellness,⚡,energy-management,Energy Management,Optimize social energy
🌿,health-wellness,Health & Wellness,⚡,energy-management,Energy Management,Optimize alone energy
🌿,health-wellness,Health & Wellness,⚡,energy-management,Energy Management,Optimize creative energy
🌿,health-wellness,Health & Wellness,⚡,energy-management,Energy Management,Optimize focus energy
🌿,health-wellness,Health & Wellness,⚡,energy-management,Energy Management,Optimize restorative yoga
🌿,health-wellness,Health & Wellness,⚡,energy-management,Energy Management,Optimize energy healing
🌿,health-wellness,Health & Wellness,⚡,energy-management,Energy Management,Optimize qigong energy
🌿,health-wellness,Health & Wellness,⚡,energy-management,Energy Management,Optimize tapping energy
🌿,health-wellness,Health & Wellness,🌲,nature-therapy,Nature Therapy,Forest bathe forest bathing
🌿,health-wellness,Health & Wellness,🌲,nature-therapy,Nature Therapy,Forest bathe shinrin yoku
🌿,health-wellness,Health & Wellness,🌲,nature-therapy,Nature Therapy,Forest bathe nature walk
🌿,health-wellness,Health & Wellness,🌲,nature-therapy,Nature Therapy,Forest bathe sit spot practice
🌿,health-wellness,Health & Wellness,🌲,nature-therapy,Nature Therapy,Forest bathe nature meditation
🌿,health-wellness,Health & Wellness,🌲,nature-therapy,Nature Therapy,Forest bathe earthing grounding
🌿,health-wellness,Health & Wellness,🌲,nature-therapy,Nature Therapy,Forest bathe barefoot walk
🌿,health-wellness,Health & Wellness,🌲,nature-therapy,Nature Therapy,Forest bathe gardening therapy
🌿,health-wellness,Health & Wellness,🌲,nature-therapy,Nature Therapy,Forest bathe plant care
🌿,health-wellness,Health & Wellness,🌲,nature-therapy,Nature Therapy,Forest bathe nature journal
🌿,health-wellness,Health & Wellness,🌲,nature-therapy,Nature Therapy,Forest bathe bird watching
🌿,health-wellness,Health & Wellness,🌲,nature-therapy,Nature Therapy,Forest bathe cloud gazing
🌿,health-wellness,Health & Wellness,🌲,nature-therapy,Nature Therapy,Forest bathe sun gazing safe
🌿,health-wellness,Health & Wellness,🌲,nature-therapy,Nature Therapy,Forest bathe moon bathing
🌿,health-wellness,Health & Wellness,🌲,nature-therapy,Nature Therapy,Forest bathe star gazing
🌿,health-wellness,Health & Wellness,🌲,nature-therapy,Nature Therapy,Forest bathe nature photography
🌿,health-wellness,Health & Wellness,🌲,nature-therapy,Nature Therapy,Forest bathe wild swimming
🌿,health-wellness,Health & Wellness,🌲,nature-therapy,Nature Therapy,Forest bathe cold water swim
🌿,health-wellness,Health & Wellness,🌲,nature-therapy,Nature Therapy,Forest bathe river sound
🌿,health-wellness,Health & Wellness,🌲,nature-therapy,Nature Therapy,Forest bathe ocean sound
🌿,health-wellness,Health & Wellness,🌲,nature-therapy,Nature Therapy,Forest bathe wind listening
🌿,health-wellness,Health & Wellness,🌲,nature-therapy,Nature Therapy,Forest bathe tree hugging
🌿,health-wellness,Health & Wellness,🌲,nature-therapy,Nature Therapy,Forest bathe nature connection
🌿,health-wellness,Health & Wellness,🌲,nature-therapy,Nature Therapy,Forest bathe biophilia theory
🌿,health-wellness,Health & Wellness,🌲,nature-therapy,Nature Therapy,Forest bathe nature rx
🌿,health-wellness,Health & Wellness,🌲,nature-therapy,Nature Therapy,Forest bathe outdoor yoga
🌿,health-wellness,Health & Wellness,🌲,nature-therapy,Nature Therapy,Forest bathe hiking therapy
🌿,health-wellness,Health & Wellness,🌲,nature-therapy,Nature Therapy,Forest bathe trail meditate
🌿,health-wellness,Health & Wellness,🌲,nature-therapy,Nature Therapy,Forest bathe sunrise practice
🌿,health-wellness,Health & Wellness,🌲,nature-therapy,Nature Therapy,Forest bathe sunset practice
🌿,health-wellness,Health & Wellness,🔊,sound-healing,Sound Healing,Vibrate singing bowl
🌿,health-wellness,Health & Wellness,🔊,sound-healing,Sound Healing,Vibrate tibetan bowl
🌿,health-wellness,Health & Wellness,🔊,sound-healing,Sound Healing,Vibrate crystal bowl
🌿,health-wellness,Health & Wellness,🔊,sound-healing,Sound Healing,Vibrate gong bath
🌿,health-wellness,Health & Wellness,🔊,sound-healing,Sound Healing,Vibrate tuning fork
🌿,health-wellness,Health & Wellness,🔊,sound-healing,Sound Healing,Vibrate binaural beats
🌿,health-wellness,Health & Wellness,🔊,sound-healing,Sound Healing,Vibrate isochronic tones
🌿,health-wellness,Health & Wellness,🔊,sound-healing,Sound Healing,Vibrate solfeggio frequencies
🌿,health-wellness,Health & Wellness,🔊,sound-healing,Sound Healing,Tune instruments to 432 Hz
🌿,health-wellness,Health & Wellness,🔊,sound-healing,Sound Healing,Vibrate 528 hz love
🌿,health-wellness,Health & Wellness,🔊,sound-healing,Sound Healing,Vibrate 639 hz connect
🌿,health-wellness,Health & Wellness,🔊,sound-healing,Sound Healing,Vibrate 852 hz intuition
🌿,health-wellness,Health & Wellness,🔊,sound-healing,Sound Healing,Vibrate drumming healing
🌿,health-wellness,Health & Wellness,🔊,sound-healing,Sound Healing,Vibrate shamanic drum
🌿,health-wellness,Health & Wellness,🔊,sound-healing,Sound Healing,Vibrate frame drum
🌿,health-wellness,Health & Wellness,🔊,sound-healing,Sound Healing,Vibrate rattle use
🌿,health-wellness,Health & Wellness,🔊,sound-healing,Sound Healing,Vibrate voice sound healing
🌿,health-wellness,Health & Wellness,🔊,sound-healing,Sound Healing,Vibrate humming therapy
🌿,health-wellness,Health & Wellness,🔊,sound-healing,Sound Healing,Vibrate chanting practice
🌿,health-wellness,Health & Wellness,🔊,sound-healing,Sound Healing,Vibrate mantra sound
🌿,health-wellness,Health & Wellness,🔊,sound-healing,Sound Healing,Vibrate tonning practice
🌿,health-wellness,Health & Wellness,🔊,sound-healing,Sound Healing,Vibrate vowel sound healing
🌿,health-wellness,Health & Wellness,🔊,sound-healing,Sound Healing,Vibrate monaural beats
🌿,health-wellness,Health & Wellness,🔊,sound-healing,Sound Healing,Vibrate sound bath
🌿,health-wellness,Health & Wellness,🔊,sound-healing,Sound Healing,Vibrate body tuning
🌿,health-wellness,Health & Wellness,🔊,sound-healing,Sound Healing,Vibrate overtone singing
🌿,health-wellness,Health & Wellness,🔊,sound-healing,Sound Healing,Vibrate throat singing
🌿,health-wellness,Health & Wellness,🔊,sound-healing,Sound Healing,Vibrate harmonic overtone
🌿,health-wellness,Health & Wellness,🔊,sound-healing,Sound Healing,Vibrate sound meditation
🌿,health-wellness,Health & Wellness,🔊,sound-healing,Sound Healing,Vibrate sound session flow
🌿,health-wellness,Health & Wellness,💎,crystal-healing,Crystal Healing,Align crystal selection
🌿,health-wellness,Health & Wellness,💎,crystal-healing,Crystal Healing,Align crystal types
🌿,health-wellness,Health & Wellness,💎,crystal-healing,Crystal Healing,Align clear quartz
🌿,health-wellness,Health & Wellness,💎,crystal-healing,Crystal Healing,Align amethyst use
🌿,health-wellness,Health & Wellness,💎,crystal-healing,Crystal Healing,Align rose quartz
🌿,health-wellness,Health & Wellness,💎,crystal-healing,Crystal Healing,Align citrine use
🌿,health-wellness,Health & Wellness,💎,crystal-healing,Crystal Healing,Align black tourmaline
🌿,health-wellness,Health & Wellness,💎,crystal-healing,Crystal Healing,Align selenite use
🌿,health-wellness,Health & Wellness,💎,crystal-healing,Crystal Healing,Align smoky quartz
🌿,health-wellness,Health & Wellness,💎,crystal-healing,Crystal Healing,Align jade crystal
🌿,health-wellness,Health & Wellness,💎,crystal-healing,Crystal Healing,Align lapis lazuli
🌿,health-wellness,Health & Wellness,💎,crystal-healing,Crystal Healing,Align carnelian use
🌿,health-wellness,Health & Wellness,💎,crystal-healing,Crystal Healing,Align fluorite use
🌿,health-wellness,Health & Wellness,💎,crystal-healing,Crystal Healing,Align moonstone use
🌿,health-wellness,Health & Wellness,💎,crystal-healing,Crystal Healing,Align obsidian crystal
🌿,health-wellness,Health & Wellness,💎,crystal-healing,Crystal Healing,Align crystal grid
🌿,health-wellness,Health & Wellness,💎,crystal-healing,Crystal Healing,Align grid layout
🌿,health-wellness,Health & Wellness,💎,crystal-healing,Crystal Healing,Align sacred geometry
🌿,health-wellness,Health & Wellness,💎,crystal-healing,Crystal Healing,Align crystal cleansing
🌿,health-wellness,Health & Wellness,💎,crystal-healing,Crystal Healing,Align running water clean
🌿,health-wellness,Health & Wellness,💎,crystal-healing,Crystal Healing,Align smudging cleanse
🌿,health-wellness,Health & Wellness,💎,crystal-healing,Crystal Healing,Align moonlight cleanse
🌿,health-wellness,Health & Wellness,💎,crystal-healing,Crystal Healing,Align sunlight cleanse
🌿,health-wellness,Health & Wellness,💎,crystal-healing,Crystal Healing,Align crystal charging
🌿,health-wellness,Health & Wellness,💎,crystal-healing,Crystal Healing,Align intention setting
🌿,health-wellness,Health & Wellness,💎,crystal-healing,Crystal Healing,Align crystal elixir
🌿,health-wellness,Health & Wellness,💎,crystal-healing,Crystal Healing,Align crystal meditation
🌿,health-wellness,Health & Wellness,💎,crystal-healing,Crystal Healing,Align layout positioning
🌿,health-wellness,Health & Wellness,💎,crystal-healing,Crystal Healing,Align chakra crystal
🌿,health-wellness,Health & Wellness,💎,crystal-healing,Crystal Healing,Align crystal jewelry
🌿,health-wellness,Health & Wellness,🙌,reiki,Reiki,Channel reiki attunement
🌿,health-wellness,Health & Wellness,🙌,reiki,Reiki,Channel reiki level 1
🌿,health-wellness,Health & Wellness,🙌,reiki,Reiki,Channel reiki level 2
🌿,health-wellness,Health & Wellness,🙌,reiki,Reiki,Channel reiki master
🌿,health-wellness,Health & Wellness,🙌,reiki,Reiki,Channel hand positions
🌿,health-wellness,Health & Wellness,🙌,reiki,Reiki,Channel self treatment
🌿,health-wellness,Health & Wellness,🙌,reiki,Reiki,Channel chakra balance reiki
🌿,health-wellness,Health & Wellness,🙌,reiki,Reiki,Channel aura cleansing
🌿,health-wellness,Health & Wellness,🙌,reiki,Reiki,Channel distant healing
🌿,health-wellness,Health & Wellness,🙌,reiki,Reiki,Channel reiki symbols
🌿,health-wellness,Health & Wellness,🙌,reiki,Reiki,Channel cho ku rei
🌿,health-wellness,Health & Wellness,🙌,reiki,Reiki,Channel sei he ki
🌿,health-wellness,Health & Wellness,🙌,reiki,Reiki,Channel hon sha ze sho
🌿,health-wellness,Health & Wellness,🙌,reiki,Reiki,Channel dai ko myo
🌿,health-wellness,Health & Wellness,🙌,reiki,Reiki,Channel raku symbol
🌿,health-wellness,Health & Wellness,🙌,reiki,Reiki,Channel byosen scanning
🌿,health-wellness,Health & Wellness,🙌,reiki,Reiki,Channel beaming technique
🌿,health-wellness,Health & Wellness,🙌,reiki,Reiki,Channel koki ho breathing
🌿,health-wellness,Health & Wellness,🙌,reiki,Reiki,Channel jaki kiri joka
🌿,health-wellness,Health & Wellness,🙌,reiki,Reiki,Channel cleansing technique
🌿,health-wellness,Health & Wellness,🙌,reiki,Reiki,Channel root chakra reiki
🌿,health-wellness,Health & Wellness,🙌,reiki,Reiki,Channel sacral reiki
🌿,health-wellness,Health & Wellness,🙌,reiki,Reiki,Channel solar plexus reiki
🌿,health-wellness,Health & Wellness,🙌,reiki,Reiki,Channel heart reiki
🌿,health-wellness,Health & Wellness,🙌,reiki,Reiki,Channel throat reiki
🌿,health-wellness,Health & Wellness,🙌,reiki,Reiki,Channel third eye reiki
🌿,health-wellness,Health & Wellness,🙌,reiki,Reiki,Channel crown reiki
🌿,health-wellness,Health & Wellness,🙌,reiki,Reiki,Channel body scanning
🌿,health-wellness,Health & Wellness,🙌,reiki,Reiki,Channel centering reiki
🌿,health-wellness,Health & Wellness,🙌,reiki,Reiki,Channel grounding reiki
🌿,health-wellness,Health & Wellness,🌿,holistic-health,Holistic Health,Integrate whole person health
🌿,health-wellness,Health & Wellness,🌿,holistic-health,Holistic Health,Integrate mind body spirit
🌿,health-wellness,Health & Wellness,🌿,holistic-health,Holistic Health,Integrate holistic nutrition
🌿,health-wellness,Health & Wellness,🌿,holistic-health,Holistic Health,Integrate emotional wellness
🌿,health-wellness,Health & Wellness,🌿,holistic-health,Holistic Health,Integrate social wellness
🌿,health-wellness,Health & Wellness,🌿,holistic-health,Holistic Health,Integrate spiritual wellness
🌿,health-wellness,Health & Wellness,🌿,holistic-health,Holistic Health,Integrate intellectual wellness
🌿,health-wellness,Health & Wellness,🌿,holistic-health,Holistic Health,Integrate environmental health
🌿,health-wellness,Health & Wellness,🌿,holistic-health,Holistic Health,Integrate occupational health
🌿,health-wellness,Health & Wellness,🌿,holistic-health,Holistic Health,Integrate integrative medicine
🌿,health-wellness,Health & Wellness,🌿,holistic-health,Holistic Health,Integrate functional medicine
🌿,health-wellness,Health & Wellness,🌿,holistic-health,Holistic Health,Integrate naturopathic basics
🌿,health-wellness,Health & Wellness,🌿,holistic-health,Holistic Health,Integrate ayurvedic health
🌿,health-wellness,Health & Wellness,🌿,holistic-health,Holistic Health,Integrate dosha types
🌿,health-wellness,Health & Wellness,🌿,holistic-health,Holistic Health,Integrate vata pitta kapha
🌿,health-wellness,Health & Wellness,🌿,holistic-health,Holistic Health,Integrate ayurvedic diet
🌿,health-wellness,Health & Wellness,🌿,holistic-health,Holistic Health,Integrate traditional chinese med
🌿,health-wellness,Health & Wellness,🌿,holistic-health,Holistic Health,Integrate five elements
🌿,health-wellness,Health & Wellness,🌿,holistic-health,Holistic Health,Integrate qi gong basics
🌿,health-wellness,Health & Wellness,🌿,holistic-health,Holistic Health,Integrate tai chi basics
🌿,health-wellness,Health & Wellness,🌿,holistic-health,Holistic Health,Integrate acupuncture basics
🌿,health-wellness,Health & Wellness,🌿,holistic-health,Holistic Health,Integrate homeopathy basics
🌿,health-wellness,Health & Wellness,🌿,holistic-health,Holistic Health,Integrate hydrotherapy techniques
🌿,health-wellness,Health & Wellness,🌿,holistic-health,Holistic Health,Integrate balneotherapy techniques
🌿,health-wellness,Health & Wellness,🌿,holistic-health,Holistic Health,Integrate colon health
🌿,health-wellness,Health & Wellness,🌿,holistic-health,Holistic Health,Integrate detoxification hol
🌿,health-wellness,Health & Wellness,🌿,holistic-health,Holistic Health,Integrate clean eating hol
🌿,health-wellness,Health & Wellness,🌿,holistic-health,Holistic Health,Integrate seasonal living
🌿,health-wellness,Health & Wellness,🌿,holistic-health,Holistic Health,Integrate circadian health
🌿,health-wellness,Health & Wellness,🌿,holistic-health,Holistic Health,Integrate holistic health plan
🎵,music,Music,🎹,music-theory,Music Theory,Study note reading
🎵,music,Music,🎹,music-theory,Music Theory,Study rhythm notation
🎵,music,Music,🎹,music-theory,Music Theory,Study time signatures
🎵,music,Music,🎹,music-theory,Music Theory,Study key signatures
🎵,music,Music,🎹,music-theory,Music Theory,Study major scales
🎵,music,Music,🎹,music-theory,Music Theory,Study minor scales
🎵,music,Music,🎹,music-theory,Music Theory,Study intervals techniques
🎵,music,Music,🎹,music-theory,Music Theory,Study chord construction
🎵,music,Music,🎹,music-theory,Music Theory,Study chord progressions
🎵,music,Music,🎹,music-theory,Music Theory,Study cadences techniques
🎵,music,Music,🎹,music-theory,Music Theory,Study harmony techniques
🎵,music,Music,🎹,music-theory,Music Theory,Study counterpoint techniques
🎵,music,Music,🎹,music-theory,Music Theory,Study voice leading
🎵,music,Music,🎹,music-theory,Music Theory,Study modes techniques
🎵,music,Music,🎹,music-theory,Music Theory,Study pentatonic scale
🎵,music,Music,🎹,music-theory,Music Theory,Study blues scale
🎵,music,Music,🎹,music-theory,Music Theory,Study chromatic scale
🎵,music,Music,🎹,music-theory,Music Theory,Study diatonic chords
🎵,music,Music,🎹,music-theory,Music Theory,Study seventh chords
🎵,music,Music,🎹,music-theory,Music Theory,Study extended chords
🎵,music,Music,🎹,music-theory,Music Theory,Study altered chords
🎵,music,Music,🎹,music-theory,Music Theory,Study chord inversions
🎵,music,Music,🎹,music-theory,Music Theory,Study circle of fifths
🎵,music,Music,🎹,music-theory,Music Theory,Study transposition techniques
🎵,music,Music,🎹,music-theory,Music Theory,Study ear training
🎵,music,Music,🎹,music-theory,Music Theory,Study sight reading
🎵,music,Music,🎹,music-theory,Music Theory,Study solfege techniques
🎵,music,Music,🎹,music-theory,Music Theory,Study dynamics techniques
🎵,music,Music,🎹,music-theory,Music Theory,Study articulation techniques
🎵,music,Music,🎹,music-theory,Music Theory,Study tempo markings
🎵,music,Music,🎸,guitar,Guitar,Strum open chords
🎵,music,Music,🎸,guitar,Guitar,Strum barre chords
🎵,music,Music,🎸,guitar,Guitar,Strum power chords
🎵,music,Music,🎸,guitar,Guitar,Strum strumming patterns
🎵,music,Music,🎸,guitar,Guitar,Strum fingerpicking techniques
🎵,music,Music,🎸,guitar,Guitar,Strum alternate picking
🎵,music,Music,🎸,guitar,Guitar,Strum sweep picking
🎵,music,Music,🎸,guitar,Guitar,Strum hammer on
🎵,music,Music,🎸,guitar,Guitar,Strum pull off
🎵,music,Music,🎸,guitar,Guitar,Strum bending techniques
🎵,music,Music,🎸,guitar,Guitar,Strum sliding techniques
🎵,music,Music,🎸,guitar,Guitar,Strum vibrato techniques
🎵,music,Music,🎸,guitar,Guitar,Strum tremolo techniques
🎵,music,Music,🎸,guitar,Guitar,Strum palm muting
🎵,music,Music,🎸,guitar,Guitar,Strum arpeggios techniques
🎵,music,Music,🎸,guitar,Guitar,Strum lead guitar
🎵,music,Music,🎸,guitar,Guitar,Strum rhythm guitar
🎵,music,Music,🎸,guitar,Guitar,Strum chord melody
🎵,music,Music,🎸,guitar,Guitar,Strum slide guitar
🎵,music,Music,🎸,guitar,Guitar,Strum tapping techniques
🎵,music,Music,🎸,guitar,Guitar,Strum harmonics techniques
🎵,music,Music,🎸,guitar,Guitar,Strum pick harmonics
🎵,music,Music,🎸,guitar,Guitar,Strum tuning techniques
🎵,music,Music,🎸,guitar,Guitar,Strum capo usage
🎵,music,Music,🎸,guitar,Guitar,Strum chord shapes
🎵,music,Music,🎸,guitar,Guitar,Strum scale patterns
🎵,music,Music,🎸,guitar,Guitar,Strum blues phrasing
🎵,music,Music,🎸,guitar,Guitar,Strum jazz chords
🎵,music,Music,🎸,guitar,Guitar,Strum fingerstyle techniques
🎵,music,Music,🎸,guitar,Guitar,Strum flatpicking techniques
🎵,music,Music,🎹,piano,Piano,Play posture techniques
🎵,music,Music,🎹,piano,Piano,Play hand position
🎵,music,Music,🎹,piano,Piano,Play scales techniques
🎵,music,Music,🎹,piano,Piano,Play arpeggios techniques
🎵,music,Music,🎹,piano,Piano,Play chord voicing
🎵,music,Music,🎹,piano,Piano,Play pedal technique
🎵,music,Music,🎹,piano,Piano,Play sight reading
🎵,music,Music,🎹,piano,Piano,Play two hand coordination
🎵,music,Music,🎹,piano,Piano,Play dynamics control
🎵,music,Music,🎹,piano,Piano,Play phrasing techniques
🎵,music,Music,🎹,piano,Piano,Play staccato techniques
🎵,music,Music,🎹,piano,Piano,Play legato techniques
🎵,music,Music,🎹,piano,Piano,Play trills techniques
🎵,music,Music,🎹,piano,Piano,Play glissando techniques
🎵,music,Music,🎹,piano,Piano,Play chord inversions
🎵,music,Music,🎹,piano,Piano,Play walking bass
🎵,music,Music,🎹,piano,Piano,Play comping techniques
🎵,music,Music,🎹,piano,Piano,Play soloing techniques
🎵,music,Music,🎹,piano,Piano,Play blues piano
🎵,music,Music,🎹,piano,Piano,Play jazz piano
🎵,music,Music,🎹,piano,Piano,Play classical technique
🎵,music,Music,🎹,piano,Piano,Play chord progressions
🎵,music,Music,🎹,piano,Piano,Play left hand patterns
🎵,music,Music,🎹,piano,Piano,Play right hand melody
🎵,music,Music,🎹,piano,Piano,Play ear training
🎵,music,Music,🎹,piano,Piano,Play improvisation techniques
🎵,music,Music,🎹,piano,Piano,Play accompaniment techniques
🎵,music,Music,🎹,piano,Piano,Play lead sheets
🎵,music,Music,🎹,piano,Piano,Play reading chords
🎵,music,Music,🎹,piano,Piano,Play memorization techniques
🎵,music,Music,🥁,drums-percussion,Drums & Percussion,Drum grip technique
🎵,music,Music,🥁,drums-percussion,Drums & Percussion,Drum stick control
🎵,music,Music,🥁,drums-percussion,Drums & Percussion,Drum basic beats
🎵,music,Music,🥁,drums-percussion,Drums & Percussion,Drum fills techniques
🎵,music,Music,🥁,drums-percussion,Drums & Percussion,Drum bass drum
🎵,music,Music,🥁,drums-percussion,Drums & Percussion,Drum snare drum
🎵,music,Music,🥁,drums-percussion,Drums & Percussion,Drum hi hat
🎵,music,Music,🥁,drums-percussion,Drums & Percussion,Drum ride cymbal
🎵,music,Music,🥁,drums-percussion,Drums & Percussion,Drum crash cymbal
🎵,music,Music,🥁,drums-percussion,Drums & Percussion,Drum tom fills
🎵,music,Music,🥁,drums-percussion,Drums & Percussion,Drum drum rudiments
🎵,music,Music,🥁,drums-percussion,Drums & Percussion,Drum paradiddle techniques
🎵,music,Music,🥁,drums-percussion,Drums & Percussion,Drum flam techniques
🎵,music,Music,🥁,drums-percussion,Drums & Percussion,Drum drag techniques
🎵,music,Music,🥁,drums-percussion,Drums & Percussion,Drum rolls techniques
🎵,music,Music,🥁,drums-percussion,Drums & Percussion,Drum dynamics techniques
🎵,music,Music,🥁,drums-percussion,Drums & Percussion,Drum tempo control
🎵,music,Music,🥁,drums-percussion,Drums & Percussion,Drum metronome techniques
🎵,music,Music,🥁,drums-percussion,Drums & Percussion,Drum groove techniques
🎵,music,Music,🥁,drums-percussion,Drums & Percussion,Drum shuffle techniques
🎵,music,Music,🥁,drums-percussion,Drums & Percussion,Drum swing techniques
🎵,music,Music,🥁,drums-percussion,Drums & Percussion,Drum latin beats
🎵,music,Music,🥁,drums-percussion,Drums & Percussion,Drum rock beats
🎵,music,Music,🥁,drums-percussion,Drums & Percussion,Drum jazz beats
🎵,music,Music,🥁,drums-percussion,Drums & Percussion,Drum funk beats
🎵,music,Music,🥁,drums-percussion,Drums & Percussion,Drum half time
🎵,music,Music,🥁,drums-percussion,Drums & Percussion,Drum double time
🎵,music,Music,🥁,drums-percussion,Drums & Percussion,Drum drum set setup
🎵,music,Music,🥁,drums-percussion,Drums & Percussion,Drum tuning drums
🎵,music,Music,🥁,drums-percussion,Drums & Percussion,Drum drum notation
🎵,music,Music,🎤,singing,Singing,Sing breath support
🎵,music,Music,🎤,singing,Singing,Sing diaphragm control
🎵,music,Music,🎤,singing,Singing,Sing posture techniques
🎵,music,Music,🎤,singing,Singing,Sing vocal warmups
🎵,music,Music,🎤,singing,Singing,Sing pitch accuracy
🎵,music,Music,🎤,singing,Singing,Sing tone production
🎵,music,Music,🎤,singing,Singing,Sing resonance techniques
🎵,music,Music,🎤,singing,Singing,Sing projection techniques
🎵,music,Music,🎤,singing,Singing,Sing vibrato techniques
🎵,music,Music,🎤,singing,Singing,Sing vocal runs
🎵,music,Music,🎤,singing,Singing,Sing belting techniques
🎵,music,Music,🎤,singing,Singing,Sing head voice
🎵,music,Music,🎤,singing,Singing,Sing chest voice
🎵,music,Music,🎤,singing,Singing,Sing mixed voice
🎵,music,Music,🎤,singing,Singing,Sing falsetto techniques
🎵,music,Music,🎤,singing,Singing,Sing vocal fry
🎵,music,Music,🎤,singing,Singing,Sing whistle register
🎵,music,Music,🎤,singing,Singing,Sing diction techniques
🎵,music,Music,🎤,singing,Singing,Sing articulation techniques
🎵,music,Music,🎤,singing,Singing,Sing phrasing techniques
🎵,music,Music,🎤,singing,Singing,Sing dynamics techniques
🎵,music,Music,🎤,singing,Singing,Sing emotion delivery
🎵,music,Music,🎤,singing,Singing,Sing harmony singing
🎵,music,Music,🎤,singing,Singing,Sing backing vocals
🎵,music,Music,🎤,singing,Singing,Sing harmonizing techniques
🎵,music,Music,🎤,singing,Singing,Sing microphone technique
🎵,music,Music,🎤,singing,Singing,Sing stage presence
🎵,music,Music,🎤,singing,Singing,Sing vocal health
🎵,music,Music,🎤,singing,Singing,Sing register blending
🎵,music,Music,🎤,singing,Singing,Sing scale practice
🎵,music,Music,🎻,violin,Violin,Play bow hold
🎵,music,Music,🎻,violin,Violin,Play violin posture
🎵,music,Music,🎻,violin,Violin,Play tuning techniques
🎵,music,Music,🎻,violin,Violin,Play open strings
🎵,music,Music,🎻,violin,Violin,Play finger placement
🎵,music,Music,🎻,violin,Violin,Play scales techniques
🎵,music,Music,🎻,violin,Violin,Play arpeggios techniques
🎵,music,Music,🎻,violin,Violin,Play legato techniques
🎵,music,Music,🎻,violin,Violin,Play staccato techniques
🎵,music,Music,🎻,violin,Violin,Play spiccato techniques
🎵,music,Music,🎻,violin,Violin,Play detaché techniques
🎵,music,Music,🎻,violin,Violin,Play martelé techniques
🎵,music,Music,🎻,violin,Violin,Play vibrato techniques
🎵,music,Music,🎻,violin,Violin,Play double stops
🎵,music,Music,🎻,violin,Violin,Play trills techniques
🎵,music,Music,🎻,violin,Violin,Play glissando techniques
🎵,music,Music,🎻,violin,Violin,Play pizzicato techniques
🎵,music,Music,🎻,violin,Violin,Play sul ponticello
🎵,music,Music,🎻,violin,Violin,Play sul tasto
🎵,music,Music,🎻,violin,Violin,Play harmonics techniques
🎵,music,Music,🎻,violin,Violin,Play shifting positions
🎵,music,Music,🎻,violin,Violin,Play third position
🎵,music,Music,🎻,violin,Violin,Play fifth position
🎵,music,Music,🎻,violin,Violin,Play string crossings
🎵,music,Music,🎻,violin,Violin,Play bowing patterns
🎵,music,Music,🎻,violin,Violin,Play dynamics techniques
🎵,music,Music,🎻,violin,Violin,Play sight reading
🎵,music,Music,🎻,violin,Violin,Play ear training
🎵,music,Music,🎻,violin,Violin,Play orchestral playing
🎵,music,Music,🎻,violin,Violin,Play solo technique
🎵,music,Music,🎺,brass-instruments,Brass Instruments,Buzz embouchure techniques
🎵,music,Music,🎺,brass-instruments,Brass Instruments,Buzz breath support
🎵,music,Music,🎺,brass-instruments,Brass Instruments,Buzz buzz technique
🎵,music,Music,🎺,brass-instruments,Brass Instruments,Buzz mouthpiece position
🎵,music,Music,🎺,brass-instruments,Brass Instruments,Buzz tonguing techniques
🎵,music,Music,🎺,brass-instruments,Brass Instruments,Buzz slurring techniques
🎵,music,Music,🎺,brass-instruments,Brass Instruments,Buzz articulation techniques
🎵,music,Music,🎺,brass-instruments,Brass Instruments,Buzz dynamics control
🎵,music,Music,🎺,brass-instruments,Brass Instruments,Buzz range development
🎵,music,Music,🎺,brass-instruments,Brass Instruments,Buzz high register
🎵,music,Music,🎺,brass-instruments,Brass Instruments,Buzz low register
🎵,music,Music,🎺,brass-instruments,Brass Instruments,Buzz lip slurs
🎵,music,Music,🎺,brass-instruments,Brass Instruments,Buzz flexibility techniques
🎵,music,Music,🎺,brass-instruments,Brass Instruments,Buzz scales techniques
🎵,music,Music,🎺,brass-instruments,Brass Instruments,Buzz arpeggios techniques
🎵,music,Music,🎺,brass-instruments,Brass Instruments,Buzz chromatic scale
🎵,music,Music,🎺,brass-instruments,Brass Instruments,Buzz muting techniques
🎵,music,Music,🎺,brass-instruments,Brass Instruments,Buzz harmon mute
🎵,music,Music,🎺,brass-instruments,Brass Instruments,Buzz cup mute
🎵,music,Music,🎺,brass-instruments,Brass Instruments,Buzz straight mute
🎵,music,Music,🎺,brass-instruments,Brass Instruments,Buzz sight reading
🎵,music,Music,🎺,brass-instruments,Brass Instruments,Buzz transposition techniques
🎵,music,Music,🎺,brass-instruments,Brass Instruments,Buzz trumpet techniques
🎵,music,Music,🎺,brass-instruments,Brass Instruments,Buzz trombone techniques
🎵,music,Music,🎺,brass-instruments,Brass Instruments,Buzz french horn
🎵,music,Music,🎺,brass-instruments,Brass Instruments,Buzz tuba techniques
🎵,music,Music,🎺,brass-instruments,Brass Instruments,Buzz cornet techniques
🎵,music,Music,🎺,brass-instruments,Brass Instruments,Buzz flugelhorn techniques
🎵,music,Music,🎺,brass-instruments,Brass Instruments,Buzz brass ensemble
🎵,music,Music,🎺,brass-instruments,Brass Instruments,Buzz orchestral parts
🎵,music,Music,🎷,woodwinds,Woodwinds,Reed embouchure techniques
🎵,music,Music,🎷,woodwinds,Woodwinds,Reed reed selection
🎵,music,Music,🎷,woodwinds,Woodwinds,Reed breath support
🎵,music,Music,🎷,woodwinds,Woodwinds,Reed finger placement
🎵,music,Music,🎷,woodwinds,Woodwinds,Reed scales techniques
🎵,music,Music,🎷,woodwinds,Woodwinds,Reed overtones techniques
🎵,music,Music,🎷,woodwinds,Woodwinds,Reed altissimo techniques
🎵,music,Music,🎷,woodwinds,Woodwinds,Reed vibrato techniques
🎵,music,Music,🎷,woodwinds,Woodwinds,Reed dynamics techniques
🎵,music,Music,🎷,woodwinds,Woodwinds,Reed articulation techniques
🎵,music,Music,🎷,woodwinds,Woodwinds,Reed staccato techniques
🎵,music,Music,🎷,woodwinds,Woodwinds,Reed legato techniques
🎵,music,Music,🎷,woodwinds,Woodwinds,Reed circular breathing
🎵,music,Music,🎷,woodwinds,Woodwinds,Reed tonguing techniques
🎵,music,Music,🎷,woodwinds,Woodwinds,Reed double tonguing
🎵,music,Music,🎷,woodwinds,Woodwinds,Reed glissando techniques
🎵,music,Music,🎷,woodwinds,Woodwinds,Reed saxophone techniques
🎵,music,Music,🎷,woodwinds,Woodwinds,Reed clarinet techniques
🎵,music,Music,🎷,woodwinds,Woodwinds,Reed flute techniques
🎵,music,Music,🎷,woodwinds,Woodwinds,Reed oboe techniques
🎵,music,Music,🎷,woodwinds,Woodwinds,Reed bassoon techniques
🎵,music,Music,🎷,woodwinds,Woodwinds,Reed recorder techniques
🎵,music,Music,🎷,woodwinds,Woodwinds,Reed jazz phrasing
🎵,music,Music,🎷,woodwinds,Woodwinds,Reed improvisation techniques
🎵,music,Music,🎷,woodwinds,Woodwinds,Reed sight reading
🎵,music,Music,🎷,woodwinds,Woodwinds,Reed overblowing techniques
🎵,music,Music,🎷,woodwinds,Woodwinds,Reed pitch control
🎵,music,Music,🎷,woodwinds,Woodwinds,Reed tone quality
🎵,music,Music,🎷,woodwinds,Woodwinds,Reed register key
🎵,music,Music,🎷,woodwinds,Woodwinds,Reed embouchure change
🎵,music,Music,🎛️,music-production,Music Production,Produce daw setup
🎵,music,Music,🎛️,music-production,Music Production,Produce arrangement techniques
🎵,music,Music,🎛️,music-production,Music Production,Produce midi programming
🎵,music,Music,🎛️,music-production,Music Production,Produce audio recording
🎵,music,Music,🎛️,music-production,Music Production,Produce editing techniques
🎵,music,Music,🎛️,music-production,Music Production,Produce quantization techniques
🎵,music,Music,🎛️,music-production,Music Production,Produce time stretching
🎵,music,Music,🎛️,music-production,Music Production,Produce pitch correction
🎵,music,Music,🎛️,music-production,Music Production,Produce comping techniques
🎵,music,Music,🎛️,music-production,Music Production,Produce crossfading techniques
🎵,music,Music,🎛️,music-production,Music Production,Produce mixing techniques
🎵,music,Music,🎛️,music-production,Music Production,Produce eq techniques
🎵,music,Music,🎛️,music-production,Music Production,Produce compression techniques
🎵,music,Music,🎛️,music-production,Music Production,Produce reverb techniques
🎵,music,Music,🎛️,music-production,Music Production,Produce delay techniques
🎵,music,Music,🎛️,music-production,Music Production,Produce panning techniques
🎵,music,Music,🎛️,music-production,Music Production,Produce level balancing
🎵,music,Music,🎛️,music-production,Music Production,Produce automation techniques
🎵,music,Music,🎛️,music-production,Music Production,Produce sidechain techniques
🎵,music,Music,🎛️,music-production,Music Production,Produce mastering techniques
🎵,music,Music,🎛️,music-production,Music Production,Produce limiting techniques
🎵,music,Music,🎛️,music-production,Music Production,Produce stereo width
🎵,music,Music,🎛️,music-production,Music Production,Produce loudness techniques
🎵,music,Music,🎛️,music-production,Music Production,Produce genre production
🎵,music,Music,🎛️,music-production,Music Production,Produce beat making
🎵,music,Music,🎛️,music-production,Music Production,Produce sampling techniques
🎵,music,Music,🎛️,music-production,Music Production,Produce sound design
🎵,music,Music,🎛️,music-production,Music Production,Produce synthesis techniques
🎵,music,Music,🎛️,music-production,Music Production,Produce drum programming
🎵,music,Music,🎛️,music-production,Music Production,Produce mix bus
🎵,music,Music,🎚️,audio-engineering,Audio Engineering,Record microphone types
🎵,music,Music,🎚️,audio-engineering,Audio Engineering,Record polar patterns
🎵,music,Music,🎚️,audio-engineering,Audio Engineering,Record placement techniques
🎵,music,Music,🎚️,audio-engineering,Audio Engineering,Record recording chain
🎵,music,Music,🎚️,audio-engineering,Audio Engineering,Record gain staging
🎵,music,Music,🎚️,audio-engineering,Audio Engineering,Record signal flow
🎵,music,Music,🎚️,audio-engineering,Audio Engineering,Record preamp selection
🎵,music,Music,🎚️,audio-engineering,Audio Engineering,Record compressor types
🎵,music,Music,🎚️,audio-engineering,Audio Engineering,Record eq types
🎵,music,Music,🎚️,audio-engineering,Audio Engineering,Record reverb types
🎵,music,Music,🎚️,audio-engineering,Audio Engineering,Record delay types
🎵,music,Music,🎚️,audio-engineering,Audio Engineering,Record monitor setup
🎵,music,Music,🎚️,audio-engineering,Audio Engineering,Record room acoustics
🎵,music,Music,🎚️,audio-engineering,Audio Engineering,Record acoustic treatment
🎵,music,Music,🎚️,audio-engineering,Audio Engineering,Record reflection filter
🎵,music,Music,🎚️,audio-engineering,Audio Engineering,Record headphone mix
🎵,music,Music,🎚️,audio-engineering,Audio Engineering,Record latency management
🎵,music,Music,🎚️,audio-engineering,Audio Engineering,Record sample rate
🎵,music,Music,🎚️,audio-engineering,Audio Engineering,Record bit depth
🎵,music,Music,🎚️,audio-engineering,Audio Engineering,Record cable types
🎵,music,Music,🎚️,audio-engineering,Audio Engineering,Record connectors techniques
🎵,music,Music,🎚️,audio-engineering,Audio Engineering,Record patch bay
🎵,music,Music,🎚️,audio-engineering,Audio Engineering,Record console operation
🎵,music,Music,🎚️,audio-engineering,Audio Engineering,Record analog vs digital
🎵,music,Music,🎚️,audio-engineering,Audio Engineering,Record live sound
🎵,music,Music,🎚️,audio-engineering,Audio Engineering,Record pa system
🎵,music,Music,🎚️,audio-engineering,Audio Engineering,Record monitor wedges
🎵,music,Music,🎚️,audio-engineering,Audio Engineering,Record feedback control
🎵,music,Music,🎚️,audio-engineering,Audio Engineering,Record sound check
🎵,music,Music,🎚️,audio-engineering,Audio Engineering,Record fader control
🎵,music,Music,🎼,composition,Composition,Compose melody writing
🎵,music,Music,🎼,composition,Composition,Compose harmony techniques
🎵,music,Music,🎼,composition,Composition,Compose chord progressions
🎵,music,Music,🎼,composition,Composition,Compose song structure
🎵,music,Music,🎼,composition,Composition,Compose verse chorus
🎵,music,Music,🎼,composition,Composition,Compose bridge techniques
🎵,music,Music,🎼,composition,Composition,Compose pre chorus
🎵,music,Music,🎼,composition,Composition,Compose intro outro
🎵,music,Music,🎼,composition,Composition,Compose motif development
🎵,music,Music,🎼,composition,Composition,Compose theme techniques
🎵,music,Music,🎼,composition,Composition,Compose variation techniques
🎵,music,Music,🎼,composition,Composition,Compose counterpoint techniques
🎵,music,Music,🎼,composition,Composition,Compose orchestration techniques
🎵,music,Music,🎼,composition,Composition,Compose arrangement techniques
🎵,music,Music,🎼,composition,Composition,Compose form analysis
🎵,music,Music,🎼,composition,Composition,Compose sonata form
🎵,music,Music,🎼,composition,Composition,Compose rondo form
🎵,music,Music,🎼,composition,Composition,Compose binary form
🎵,music,Music,🎼,composition,Composition,Compose ternary form
🎵,music,Music,🎼,composition,Composition,Compose through composed
🎵,music,Music,🎼,composition,Composition,Compose program music
🎵,music,Music,🎼,composition,Composition,Compose film scoring
🎵,music,Music,🎼,composition,Composition,Compose jazz composition
🎵,music,Music,🎼,composition,Composition,Compose modal writing
🎵,music,Music,🎼,composition,Composition,Compose contemporary techniques
🎵,music,Music,🎼,composition,Composition,Compose experimental techniques
🎵,music,Music,🎼,composition,Composition,Compose minimalism techniques
🎵,music,Music,🎼,composition,Composition,Compose serialism techniques
🎵,music,Music,🎼,composition,Composition,Compose aleatoric techniques
🎵,music,Music,🎼,composition,Composition,Compose electronic composition
🎵,music,Music,📝,songwriting,Songwriting,Write lyric writing
🎵,music,Music,📝,songwriting,Songwriting,Write rhyme scheme
🎵,music,Music,📝,songwriting,Songwriting,Write meter techniques
🎵,music,Music,📝,songwriting,Songwriting,Write syllable count
🎵,music,Music,📝,songwriting,Songwriting,Write hook writing
🎵,music,Music,📝,songwriting,Songwriting,Write chorus techniques
🎵,music,Music,📝,songwriting,Songwriting,Write verse techniques
🎵,music,Music,📝,songwriting,Songwriting,Write bridge techniques
🎵,music,Music,📝,songwriting,Songwriting,Write pre chorus
🎵,music,Music,📝,songwriting,Songwriting,Write melody writing
🎵,music,Music,📝,songwriting,Songwriting,Write chord pacing
🎵,music,Music,📝,songwriting,Songwriting,Write song map
🎵,music,Music,📝,songwriting,Songwriting,Write theme development
🎵,music,Music,📝,songwriting,Songwriting,Write storytelling techniques
🎵,music,Music,📝,songwriting,Songwriting,Write metaphor techniques
🎵,music,Music,📝,songwriting,Songwriting,Write imagery techniques
🎵,music,Music,📝,songwriting,Songwriting,Write word painting
🎵,music,Music,📝,songwriting,Songwriting,Write rhyming dictionary
🎵,music,Music,📝,songwriting,Songwriting,Write collaboration techniques
🎵,music,Music,📝,songwriting,Songwriting,Write editing techniques
🎵,music,Music,📝,songwriting,Songwriting,Write rewriting techniques
🎵,music,Music,📝,songwriting,Songwriting,Write demo recording
🎵,music,Music,📝,songwriting,Songwriting,Write top lining
🎵,music,Music,📝,songwriting,Songwriting,Write co writing
🎵,music,Music,📝,songwriting,Songwriting,Write genre adaptation
🎵,music,Music,📝,songwriting,Songwriting,Write pop structure
🎵,music,Music,📝,songwriting,Songwriting,Write verse chorus form
🎵,music,Music,📝,songwriting,Songwriting,Write aaba form
🎵,music,Music,📝,songwriting,Songwriting,Write through composed
🎵,music,Music,📝,songwriting,Songwriting,Write song critique
🎵,music,Music,🎧,dj-electronic,DJ & Electronic,Mix beat matching
🎵,music,Music,🎧,dj-electronic,DJ & Electronic,Mix phrasing techniques
🎵,music,Music,🎧,dj-electronic,DJ & Electronic,Mix eq mixing
🎵,music,Music,🎧,dj-electronic,DJ & Electronic,Mix crossfader techniques
🎵,music,Music,🎧,dj-electronic,DJ & Electronic,Mix track selection
🎵,music,Music,🎧,dj-electronic,DJ & Electronic,Mix set building
🎵,music,Music,🎧,dj-electronic,DJ & Electronic,Mix energy management
🎵,music,Music,🎧,dj-electronic,DJ & Electronic,Mix cue point
🎵,music,Music,🎧,dj-electronic,DJ & Electronic,Mix looping techniques
🎵,music,Music,🎧,dj-electronic,DJ & Electronic,Mix sampling techniques
🎵,music,Music,🎧,dj-electronic,DJ & Electronic,Mix effects techniques
🎵,music,Music,🎧,dj-electronic,DJ & Electronic,Mix filter sweeps
🎵,music,Music,🎧,dj-electronic,DJ & Electronic,Mix reverb drops
🎵,music,Music,🎧,dj-electronic,DJ & Electronic,Mix delay throws
🎵,music,Music,🎧,dj-electronic,DJ & Electronic,Mix build up
🎵,music,Music,🎧,dj-electronic,DJ & Electronic,Mix drop techniques
🎵,music,Music,🎧,dj-electronic,DJ & Electronic,Mix breakdown techniques
🎵,music,Music,🎧,dj-electronic,DJ & Electronic,Mix mixing in key
🎵,music,Music,🎧,dj-electronic,DJ & Electronic,Mix harmonic mixing
🎵,music,Music,🎧,dj-electronic,DJ & Electronic,Mix bpm counting
🎵,music,Music,🎧,dj-electronic,DJ & Electronic,Mix sync vs manual
🎵,music,Music,🎧,dj-electronic,DJ & Electronic,Mix vinyl vs digital
🎵,music,Music,🎧,dj-electronic,DJ & Electronic,Mix controller setup
🎵,music,Music,🎧,dj-electronic,DJ & Electronic,Mix turntable techniques
🎵,music,Music,🎧,dj-electronic,DJ & Electronic,Mix cdj techniques
🎵,music,Music,🎧,dj-electronic,DJ & Electronic,Mix serato techniques
🎵,music,Music,🎧,dj-electronic,DJ & Electronic,Mix rekordbox techniques
🎵,music,Music,🎧,dj-electronic,DJ & Electronic,Mix ableton live
🎵,music,Music,🎧,dj-electronic,DJ & Electronic,Mix live pa
🎵,music,Music,🎧,dj-electronic,DJ & Electronic,Mix remixing techniques
🎵,music,Music,🎙️,music-business,Music Business,Promote copyright techniques
🎵,music,Music,🎙️,music-business,Music Business,Promote publishing techniques
🎵,music,Music,🎙️,music-business,Music Business,Promote royalties techniques
🎵,music,Music,🎙️,music-business,Music Business,Promote mechanical royalties
🎵,music,Music,🎙️,music-business,Music Business,Promote performance royalties
🎵,music,Music,🎙️,music-business,Music Business,Promote sync licensing
🎵,music,Music,🎙️,music-business,Music Business,Promote master rights
🎵,music,Music,🎙️,music-business,Music Business,Promote recording contract
🎵,music,Music,🎙️,music-business,Music Business,Promote management deals
🎵,music,Music,🎙️,music-business,Music Business,Promote booking agent
🎵,music,Music,🎙️,music-business,Music Business,Promote promotion techniques
🎵,music,Music,🎙️,music-business,Music Business,Promote distribution techniques
🎵,music,Music,🎙️,music-business,Music Business,Promote digital distribution
🎵,music,Music,🎙️,music-business,Music Business,Promote streaming strategy
🎵,music,Music,🎙️,music-business,Music Business,Promote playlist pitching
🎵,music,Music,🎙️,music-business,Music Business,Promote social media
🎵,music,Music,🎙️,music-business,Music Business,Promote branding techniques
🎵,music,Music,🎙️,music-business,Music Business,Promote merchandise techniques
🎵,music,Music,🎙️,music-business,Music Business,Promote touring techniques
🎵,music,Music,🎙️,music-business,Music Business,Promote budgeting techniques
🎵,music,Music,🎙️,music-business,Music Business,Promote revenue streams
🎵,music,Music,🎙️,music-business,Music Business,Promote taxes techniques
🎵,music,Music,🎙️,music-business,Music Business,Promote legal basics
🎵,music,Music,🎙️,music-business,Music Business,Promote contracts techniques
🎵,music,Music,🎙️,music-business,Music Business,Promote negotiation techniques
🎵,music,Music,🎙️,music-business,Music Business,Promote networking techniques
🎵,music,Music,🎙️,music-business,Music Business,Promote industry roles
🎵,music,Music,🎙️,music-business,Music Business,Promote label vs independent
🎵,music,Music,🎙️,music-business,Music Business,Promote diy strategy
🎵,music,Music,🎙️,music-business,Music Business,Promote career planning
🎵,music,Music,🎭,music-performance,Music Performance,Perform stage presence
🎵,music,Music,🎭,music-performance,Music Performance,Perform stage fright
🎵,music,Music,🎭,music-performance,Music Performance,Perform movement techniques
🎵,music,Music,🎭,music-performance,Music Performance,Perform eye contact
🎵,music,Music,🎭,music-performance,Music Performance,Perform engagement techniques
🎵,music,Music,🎭,music-performance,Music Performance,Perform set list
🎵,music,Music,🎭,music-performance,Music Performance,Perform banter techniques
🎵,music,Music,🎭,music-performance,Music Performance,Perform pacing techniques
🎵,music,Music,🎭,music-performance,Music Performance,Perform energy techniques
🎵,music,Music,🎭,music-performance,Music Performance,Perform band communication
🎵,music,Music,🎭,music-performance,Music Performance,Perform cue systems
🎵,music,Music,🎭,music-performance,Music Performance,Perform monitor mix
🎵,music,Music,🎭,music-performance,Music Performance,Perform stage setup
🎵,music,Music,🎭,music-performance,Music Performance,Perform sound check
🎵,music,Music,🎭,music-performance,Music Performance,Perform instrument check
🎵,music,Music,🎭,music-performance,Music Performance,Perform backup plan
🎵,music,Music,🎭,music-performance,Music Performance,Perform crowd reading
🎵,music,Music,🎭,music-performance,Music Performance,Perform adaptation techniques
🎵,music,Music,🎭,music-performance,Music Performance,Perform improvisation techniques
🎵,music,Music,🎭,music-performance,Music Performance,Perform solo performance
🎵,music,Music,🎭,music-performance,Music Performance,Perform duo performance
🎵,music,Music,🎭,music-performance,Music Performance,Perform band performance
🎵,music,Music,🎭,music-performance,Music Performance,Perform acoustic set
🎵,music,Music,🎭,music-performance,Music Performance,Perform electric set
🎵,music,Music,🎭,music-performance,Music Performance,Perform wedding gig
🎵,music,Music,🎭,music-performance,Music Performance,Perform club gig
🎵,music,Music,🎭,music-performance,Music Performance,Perform festival gig
🎵,music,Music,🎭,music-performance,Music Performance,Perform corporate gig
🎵,music,Music,🎭,music-performance,Music Performance,Perform street performance
🎵,music,Music,🎭,music-performance,Music Performance,Perform virtual concert
🎵,music,Music,🎶,choir-ensemble,Choir & Ensemble,Harmonize vocal blend
🎵,music,Music,🎶,choir-ensemble,Choir & Ensemble,Harmonize balance techniques
🎵,music,Music,🎶,choir-ensemble,Choir & Ensemble,Harmonize intonation techniques
🎵,music,Music,🎶,choir-ensemble,Choir & Ensemble,Harmonize diction techniques
🎵,music,Music,🎶,choir-ensemble,Choir & Ensemble,Harmonize phrasing techniques
🎵,music,Music,🎶,choir-ensemble,Choir & Ensemble,Harmonize dynamics techniques
🎵,music,Music,🎶,choir-ensemble,Choir & Ensemble,Harmonize breath control
🎵,music,Music,🎶,choir-ensemble,Choir & Ensemble,Harmonize section coordination
🎵,music,Music,🎶,choir-ensemble,Choir & Ensemble,Harmonize soprano techniques
🎵,music,Music,🎶,choir-ensemble,Choir & Ensemble,Harmonize alto techniques
🎵,music,Music,🎶,choir-ensemble,Choir & Ensemble,Harmonize tenor techniques
🎵,music,Music,🎶,choir-ensemble,Choir & Ensemble,Harmonize bass techniques
🎵,music,Music,🎶,choir-ensemble,Choir & Ensemble,Harmonize choral warmup
🎵,music,Music,🎶,choir-ensemble,Choir & Ensemble,Harmonize rehearsal technique
🎵,music,Music,🎶,choir-ensemble,Choir & Ensemble,Harmonize score reading
🎵,music,Music,🎶,choir-ensemble,Choir & Ensemble,Harmonize conductor cues
🎵,music,Music,🎶,choir-ensemble,Choir & Ensemble,Harmonize entrances techniques
🎵,music,Music,🎶,choir-ensemble,Choir & Ensemble,Harmonize cutoffs techniques
🎵,music,Music,🎶,choir-ensemble,Choir & Ensemble,Harmonize vowel matching
🎵,music,Music,🎶,choir-ensemble,Choir & Ensemble,Harmonize consonant unity
🎵,music,Music,🎶,choir-ensemble,Choir & Ensemble,Harmonize choreography techniques
🎵,music,Music,🎶,choir-ensemble,Choir & Ensemble,Harmonize formation techniques
🎵,music,Music,🎶,choir-ensemble,Choir & Ensemble,Harmonize repertoire techniques
🎵,music,Music,🎶,choir-ensemble,Choir & Ensemble,Harmonize a cappella
🎵,music,Music,🎶,choir-ensemble,Choir & Ensemble,Harmonize sacred music
🎵,music,Music,🎶,choir-ensemble,Choir & Ensemble,Harmonize secular music
🎵,music,Music,🎶,choir-ensemble,Choir & Ensemble,Harmonize madrigal techniques
🎵,music,Music,🎶,choir-ensemble,Choir & Ensemble,Harmonize gospel choir
🎵,music,Music,🎶,choir-ensemble,Choir & Ensemble,Harmonize jazz choir
🎵,music,Music,🎶,choir-ensemble,Choir & Ensemble,Harmonize choral arrangement
🎵,music,Music,🎸,bass-guitar,Bass Guitar,Slap fingerstyle techniques
🎵,music,Music,🎸,bass-guitar,Bass Guitar,Slap pick technique
🎵,music,Music,🎸,bass-guitar,Bass Guitar,Slap slap bass
🎵,music,Music,🎸,bass-guitar,Bass Guitar,Slap pop bass
🎵,music,Music,🎸,bass-guitar,Bass Guitar,Slap hammer on
🎵,music,Music,🎸,bass-guitar,Bass Guitar,Slap pull off
🎵,music,Music,🎸,bass-guitar,Bass Guitar,Slap ghost notes
🎵,music,Music,🎸,bass-guitar,Bass Guitar,Slap dead notes
🎵,music,Music,🎸,bass-guitar,Bass Guitar,Slap accents techniques
🎵,music,Music,🎸,bass-guitar,Bass Guitar,Slap syncopation techniques
🎵,music,Music,🎸,bass-guitar,Bass Guitar,Slap groove techniques
🎵,music,Music,🎸,bass-guitar,Bass Guitar,Slap walking bass
🎵,music,Music,🎸,bass-guitar,Bass Guitar,Slap root notes
🎵,music,Music,🎸,bass-guitar,Bass Guitar,Slap fifth techniques
🎵,music,Music,🎸,bass-guitar,Bass Guitar,Slap octave techniques
🎵,music,Music,🎸,bass-guitar,Bass Guitar,Slap arpeggios techniques
🎵,music,Music,🎸,bass-guitar,Bass Guitar,Slap scales techniques
🎵,music,Music,🎸,bass-guitar,Bass Guitar,Slap blues scale
🎵,music,Music,🎸,bass-guitar,Bass Guitar,Slap major scale
🎵,music,Music,🎸,bass-guitar,Bass Guitar,Slap minor scale
🎵,music,Music,🎸,bass-guitar,Bass Guitar,Slap pentatonic techniques
🎵,music,Music,🎸,bass-guitar,Bass Guitar,Slap chord tones
🎵,music,Music,🎸,bass-guitar,Bass Guitar,Slap passing notes
🎵,music,Music,🎸,bass-guitar,Bass Guitar,Slap approach notes
🎵,music,Music,🎸,bass-guitar,Bass Guitar,Slap chromatic techniques
🎵,music,Music,🎸,bass-guitar,Bass Guitar,Slap runs techniques
🎵,music,Music,🎸,bass-guitar,Bass Guitar,Slap riffs techniques
🎵,music,Music,🎸,bass-guitar,Bass Guitar,Slap locking in
🎵,music,Music,🎸,bass-guitar,Bass Guitar,Slap drum bass relationship
🎵,music,Music,🎸,bass-guitar,Bass Guitar,Slap tone control
🎵,music,Music,🎹,keyboard-instruments,Keyboard Instruments,Play organ technique
🎵,music,Music,🎹,keyboard-instruments,Keyboard Instruments,Play accordion techniques
🎵,music,Music,🎹,keyboard-instruments,Keyboard Instruments,Play synthesizer techniques
🎵,music,Music,🎹,keyboard-instruments,Keyboard Instruments,Play keytar techniques
🎵,music,Music,🎹,keyboard-instruments,Keyboard Instruments,Play harpsichord techniques
🎵,music,Music,🎹,keyboard-instruments,Keyboard Instruments,Play clavinet techniques
🎵,music,Music,🎹,keyboard-instruments,Keyboard Instruments,Play electric piano
🎵,music,Music,🎹,keyboard-instruments,Keyboard Instruments,Play rhodes techniques
🎵,music,Music,🎹,keyboard-instruments,Keyboard Instruments,Play wurlitzer techniques
🎵,music,Music,🎹,keyboard-instruments,Keyboard Instruments,Play hammond organ
🎵,music,Music,🎹,keyboard-instruments,Keyboard Instruments,Play leslie speaker
🎵,music,Music,🎹,keyboard-instruments,Keyboard Instruments,Play drawbars techniques
🎵,music,Music,🎹,keyboard-instruments,Keyboard Instruments,Play synth leads
🎵,music,Music,🎹,keyboard-instruments,Keyboard Instruments,Play synth pads
🎵,music,Music,🎹,keyboard-instruments,Keyboard Instruments,Play synth bass
🎵,music,Music,🎹,keyboard-instruments,Keyboard Instruments,Play arpeggiator techniques
🎵,music,Music,🎹,keyboard-instruments,Keyboard Instruments,Play sequencer techniques
🎵,music,Music,🎹,keyboard-instruments,Keyboard Instruments,Play lfo techniques
🎵,music,Music,🎹,keyboard-instruments,Keyboard Instruments,Play envelope techniques
🎵,music,Music,🎹,keyboard-instruments,Keyboard Instruments,Play filter techniques
🎵,music,Music,🎹,keyboard-instruments,Keyboard Instruments,Play patch design
🎵,music,Music,🎹,keyboard-instruments,Keyboard Instruments,Play sound layering
🎵,music,Music,🎹,keyboard-instruments,Keyboard Instruments,Play split mode
🎵,music,Music,🎹,keyboard-instruments,Keyboard Instruments,Play layer mode
🎵,music,Music,🎹,keyboard-instruments,Keyboard Instruments,Play midi controller
🎵,music,Music,🎹,keyboard-instruments,Keyboard Instruments,Play keyboard stand
🎵,music,Music,🎹,keyboard-instruments,Keyboard Instruments,Play pedalboard techniques
🎵,music,Music,🎹,keyboard-instruments,Keyboard Instruments,Play expression pedal
🎵,music,Music,🎹,keyboard-instruments,Keyboard Instruments,Play sustain pedal
🎵,music,Music,🎹,keyboard-instruments,Keyboard Instruments,Play keyboard amp
🎵,music,Music,🌍,world-music,World Music,Explore african drumming
🎵,music,Music,🌍,world-music,World Music,Explore djembe techniques
🎵,music,Music,🌍,world-music,World Music,Explore cajón techniques
🎵,music,Music,🌍,world-music,World Music,Explore flamenco guitar
🎵,music,Music,🌍,world-music,World Music,Explore sitar techniques
🎵,music,Music,🌍,world-music,World Music,Explore tabla techniques
🎵,music,Music,🌍,world-music,World Music,Explore shakuhachi techniques
🎵,music,Music,🌍,world-music,World Music,Explore didgeridoo techniques
🎵,music,Music,🌍,world-music,World Music,Explore steel pan
🎵,music,Music,🌍,world-music,World Music,Explore gamelan techniques
🎵,music,Music,🌍,world-music,World Music,Explore balinese gamelan
🎵,music,Music,🌍,world-music,World Music,Explore javanese gamelan
🎵,music,Music,🌍,world-music,World Music,Explore kora techniques
🎵,music,Music,🌍,world-music,World Music,Explore mbira techniques
🎵,music,Music,🌍,world-music,World Music,Explore oud techniques
🎵,music,Music,🌍,world-music,World Music,Explore bouzouki techniques
🎵,music,Music,🌍,world-music,World Music,Explore bagpipes techniques
🎵,music,Music,🌍,world-music,World Music,Explore pan flute
🎵,music,Music,🌍,world-music,World Music,Explore andean music
🎵,music,Music,🌍,world-music,World Music,Explore bossa nova
🎵,music,Music,🌍,world-music,World Music,Explore samba techniques
🎵,music,Music,🌍,world-music,World Music,Explore reggae techniques
🎵,music,Music,🌍,world-music,World Music,Explore ska techniques
🎵,music,Music,🌍,world-music,World Music,Explore afrobeat techniques
🎵,music,Music,🌍,world-music,World Music,Explore highlife techniques
🎵,music,Music,🌍,world-music,World Music,Explore bhangra techniques
🎵,music,Music,🌍,world-music,World Music,Explore qawwali techniques
🎵,music,Music,🌍,world-music,World Music,Explore fado techniques
🎵,music,Music,🌍,world-music,World Music,Explore flamenco rhythms
🎵,music,Music,🌍,world-music,World Music,Explore griot tradition
🎵,music,Music,🎵,jazz-studies,Jazz Studies,Swing jazz harmony
🎵,music,Music,🎵,jazz-studies,Jazz Studies,Swing chord voicings
🎵,music,Music,🎵,jazz-studies,Jazz Studies,Swing shell voicings
🎵,music,Music,🎵,jazz-studies,Jazz Studies,Swing guide tones
🎵,music,Music,🎵,jazz-studies,Jazz Studies,Swing extensions techniques
🎵,music,Music,🎵,jazz-studies,Jazz Studies,Swing alterations techniques
🎵,music,Music,🎵,jazz-studies,Jazz Studies,Practice II-V-I chord progression
🎵,music,Music,🎵,jazz-studies,Jazz Studies,Swing turnarounds techniques
🎵,music,Music,🎵,jazz-studies,Jazz Studies,Swing rhythm changes
🎵,music,Music,🎵,jazz-studies,Jazz Studies,Swing blues form
🎵,music,Music,🎵,jazz-studies,Jazz Studies,Swing jazz blues
🎵,music,Music,🎵,jazz-studies,Jazz Studies,Swing bebop scale
🎵,music,Music,🎵,jazz-studies,Jazz Studies,Swing bebop lines
🎵,music,Music,🎵,jazz-studies,Jazz Studies,Swing swing feel
🎵,music,Music,🎵,jazz-studies,Jazz Studies,Swing walking bass
🎵,music,Music,🎵,jazz-studies,Jazz Studies,Swing comping techniques
🎵,music,Music,🎵,jazz-studies,Jazz Studies,Swing trading fours
🎵,music,Music,🎵,jazz-studies,Jazz Studies,Swing soloing techniques
🎵,music,Music,🎵,jazz-studies,Jazz Studies,Swing head arrangement
🎵,music,Music,🎵,jazz-studies,Jazz Studies,Swing standards techniques
🎵,music,Music,🎵,jazz-studies,Jazz Studies,Swing real book
🎵,music,Music,🎵,jazz-studies,Jazz Studies,Swing transcription techniques
🎵,music,Music,🎵,jazz-studies,Jazz Studies,Swing ear training
🎵,music,Music,🎵,jazz-studies,Jazz Studies,Swing melodic development
🎵,music,Music,🎵,jazz-studies,Jazz Studies,Swing motif techniques
🎵,music,Music,🎵,jazz-studies,Jazz Studies,Swing sequence techniques
🎵,music,Music,🎵,jazz-studies,Jazz Studies,Swing side slipping
🎵,music,Music,🎵,jazz-studies,Jazz Studies,Swing outside playing
🎵,music,Music,🎵,jazz-studies,Jazz Studies,Swing jazz vocabulary
🎵,music,Music,🎵,jazz-studies,Jazz Studies,Swing jam session
🎵,music,Music,🎸,blues-guitar,Blues Guitar,Shred 12 bar blues
🎵,music,Music,🎸,blues-guitar,Blues Guitar,Shred blues scale
🎵,music,Music,🎸,blues-guitar,Blues Guitar,Shred pentatonic scale
🎵,music,Music,🎸,blues-guitar,Blues Guitar,Shred bending techniques
🎵,music,Music,🎸,blues-guitar,Blues Guitar,Shred vibrato techniques
🎵,music,Music,🎸,blues-guitar,Blues Guitar,Shred double stops
🎵,music,Music,🎸,blues-guitar,Blues Guitar,Shred chord shapes
🎵,music,Music,🎸,blues-guitar,Blues Guitar,Shred shuffle rhythm
🎵,music,Music,🎸,blues-guitar,Blues Guitar,Shred straight rhythm
🎵,music,Music,🎸,blues-guitar,Blues Guitar,Shred slow blues
🎵,music,Music,🎸,blues-guitar,Blues Guitar,Shred texas blues
🎵,music,Music,🎸,blues-guitar,Blues Guitar,Shred chicago blues
🎵,music,Music,🎸,blues-guitar,Blues Guitar,Shred delta blues
🎵,music,Music,🎸,blues-guitar,Blues Guitar,Shred slide guitar
🎵,music,Music,🎸,blues-guitar,Blues Guitar,Shred open tuning
🎵,music,Music,🎸,blues-guitar,Blues Guitar,Shred turnaround techniques
🎵,music,Music,🎸,blues-guitar,Blues Guitar,Shred call and response
🎵,music,Music,🎸,blues-guitar,Blues Guitar,Shred phrasing techniques
🎵,music,Music,🎸,blues-guitar,Blues Guitar,Shred tone control
🎵,music,Music,🎸,blues-guitar,Blues Guitar,Shred blues amp
🎵,music,Music,🎸,blues-guitar,Blues Guitar,Shred overdrive tone
🎵,music,Music,🎸,blues-guitar,Blues Guitar,Shred clean tone
🎵,music,Music,🎸,blues-guitar,Blues Guitar,Shred blues licks
🎵,music,Music,🎸,blues-guitar,Blues Guitar,Shred box patterns
🎵,music,Music,🎸,blues-guitar,Blues Guitar,Shred position playing
🎵,music,Music,🎸,blues-guitar,Blues Guitar,Shred string bending
🎵,music,Music,🎸,blues-guitar,Blues Guitar,Shred prebend techniques
🎵,music,Music,🎸,blues-guitar,Blues Guitar,Shred unison bend
🎵,music,Music,🎸,blues-guitar,Blues Guitar,Shred harmonic bend
🎵,music,Music,🎸,blues-guitar,Blues Guitar,Shred blues feel
🎵,music,Music,🎶,classical-music,Classical Music,Interpret sonata form
🎵,music,Music,🎶,classical-music,Classical Music,Interpret symphonic form
🎵,music,Music,🎶,classical-music,Classical Music,Interpret concerto techniques
🎵,music,Music,🎶,classical-music,Classical Music,Interpret oratorio techniques
🎵,music,Music,🎶,classical-music,Classical Music,Interpret cantata techniques
🎵,music,Music,🎶,classical-music,Classical Music,Interpret opera techniques
🎵,music,Music,🎶,classical-music,Classical Music,Interpret chamber music
🎵,music,Music,🎶,classical-music,Classical Music,Interpret string quartet
🎵,music,Music,🎶,classical-music,Classical Music,Interpret piano trio
🎵,music,Music,🎶,classical-music,Classical Music,Interpret art song
🎵,music,Music,🎶,classical-music,Classical Music,Interpret lied techniques
🎵,music,Music,🎶,classical-music,Classical Music,Interpret orchestration techniques
🎵,music,Music,🎶,classical-music,Classical Music,Interpret score reading
🎵,music,Music,🎶,classical-music,Classical Music,Interpret conducting techniques
🎵,music,Music,🎶,classical-music,Classical Music,Interpret beat patterns
🎵,music,Music,🎶,classical-music,Classical Music,Interpret interpretation techniques
🎵,music,Music,🎶,classical-music,Classical Music,Interpret historical performance
🎵,music,Music,🎶,classical-music,Classical Music,Interpret period instrument
🎵,music,Music,🎶,classical-music,Classical Music,Interpret baroque style
🎵,music,Music,🎶,classical-music,Classical Music,Interpret classical style
🎵,music,Music,🎶,classical-music,Classical Music,Interpret romantic style
🎵,music,Music,🎶,classical-music,Classical Music,Interpret contemporary classical
🎵,music,Music,🎶,classical-music,Classical Music,Interpret minimalism techniques
🎵,music,Music,🎶,classical-music,Classical Music,Interpret choral works
🎵,music,Music,🎶,classical-music,Classical Music,Interpret liturgical music
🎵,music,Music,🎶,classical-music,Classical Music,Interpret counterpoint techniques
🎵,music,Music,🎶,classical-music,Classical Music,Interpret fugue techniques
🎵,music,Music,🎶,classical-music,Classical Music,Interpret canon techniques
🎵,music,Music,🎶,classical-music,Classical Music,Interpret theme and variation
🎵,music,Music,🎶,classical-music,Classical Music,Interpret development techniques
🎵,music,Music,🎧,music-technology,Music Technology,Patch midi protocol
🎵,music,Music,🎧,music-technology,Music Technology,Patch usb midi
🎵,music,Music,🎧,music-technology,Music Technology,Patch bluetooth midi
🎵,music,Music,🎧,music-technology,Music Technology,Patch controller mapping
🎵,music,Music,🎧,music-technology,Music Technology,Patch daw automation
🎵,music,Music,🎧,music-technology,Music Technology,Patch virtual instruments
🎵,music,Music,🎧,music-technology,Music Technology,Patch sample libraries
🎵,music,Music,🎧,music-technology,Music Technology,Patch plugin format
🎵,music,Music,🎧,music-technology,Music Technology,Patch vst techniques
🎵,music,Music,🎧,music-technology,Music Technology,Patch au techniques
🎵,music,Music,🎧,music-technology,Music Technology,Patch aax techniques
🎵,music,Music,🎧,music-technology,Music Technology,Patch audio interface
🎵,music,Music,🎧,music-technology,Music Technology,Patch adda conversion
🎵,music,Music,🎧,music-technology,Music Technology,Patch clock sync
🎵,music,Music,🎧,music-technology,Music Technology,Patch word clock
🎵,music,Music,🎧,music-technology,Music Technology,Patch patch management
🎵,music,Music,🎧,music-technology,Music Technology,Patch template setup
🎵,music,Music,🎧,music-technology,Music Technology,Patch keyboard shortcuts
🎵,music,Music,🎧,music-technology,Music Technology,Patch macro mapping
🎵,music,Music,🎧,music-technology,Music Technology,Patch custom scripts
🎵,music,Music,🎧,music-technology,Music Technology,Patch remote control
🎵,music,Music,🎧,music-technology,Music Technology,Patch ipad integration
🎵,music,Music,🎧,music-technology,Music Technology,Patch touch osc
🎵,music,Music,🎧,music-technology,Music Technology,Patch max for live
🎵,music,Music,🎧,music-technology,Music Technology,Patch reaktor techniques
🎵,music,Music,🎧,music-technology,Music Technology,Patch pure data
🎵,music,Music,🎧,music-technology,Music Technology,Patch csound techniques
🎵,music,Music,🎧,music-technology,Music Technology,Patch supercollider techniques
🎵,music,Music,🎧,music-technology,Music Technology,Patch score software
🎵,music,Music,🎧,music-technology,Music Technology,Patch sibelius vs finale
🎵,music,Music,🎤,rap-hip-hop,Rap & Hip Hop,Spit flow techniques
🎵,music,Music,🎤,rap-hip-hop,Rap & Hip Hop,Spit rhyme scheme
🎵,music,Music,🎤,rap-hip-hop,Rap & Hip Hop,Spit multi syllable rhymes
🎵,music,Music,🎤,rap-hip-hop,Rap & Hip Hop,Spit internal rhyme
🎵,music,Music,🎤,rap-hip-hop,Rap & Hip Hop,Spit punchlines techniques
🎵,music,Music,🎤,rap-hip-hop,Rap & Hip Hop,Spit wordplay techniques
🎵,music,Music,🎤,rap-hip-hop,Rap & Hip Hop,Spit metaphor techniques
🎵,music,Music,🎤,rap-hip-hop,Rap & Hip Hop,Spit storytelling techniques
🎵,music,Music,🎤,rap-hip-hop,Rap & Hip Hop,Spit freestyle techniques
🎵,music,Music,🎤,rap-hip-hop,Rap & Hip Hop,Spit cypher techniques
🎵,music,Music,🎤,rap-hip-hop,Rap & Hip Hop,Spit battle rap
🎵,music,Music,🎤,rap-hip-hop,Rap & Hip Hop,Spit breath control
🎵,music,Music,🎤,rap-hip-hop,Rap & Hip Hop,Spit delivery techniques
🎵,music,Music,🎤,rap-hip-hop,Rap & Hip Hop,Spit cadence techniques
🎵,music,Music,🎤,rap-hip-hop,Rap & Hip Hop,Spit pocket techniques
🎵,music,Music,🎤,rap-hip-hop,Rap & Hip Hop,Spit off beat
🎵,music,Music,🎤,rap-hip-hop,Rap & Hip Hop,Spit syncopation techniques
🎵,music,Music,🎤,rap-hip-hop,Rap & Hip Hop,Spit ad libs
🎵,music,Music,🎤,rap-hip-hop,Rap & Hip Hop,Spit hooks techniques
🎵,music,Music,🎤,rap-hip-hop,Rap & Hip Hop,Spit catchphrases techniques
🎵,music,Music,🎤,rap-hip-hop,Rap & Hip Hop,Spit song structure
🎵,music,Music,🎤,rap-hip-hop,Rap & Hip Hop,Spit beat selection
🎵,music,Music,🎤,rap-hip-hop,Rap & Hip Hop,Spit production techniques
🎵,music,Music,🎤,rap-hip-hop,Rap & Hip Hop,Spit sampling techniques
🎵,music,Music,🎤,rap-hip-hop,Rap & Hip Hop,Spit boom bap
🎵,music,Music,🎤,rap-hip-hop,Rap & Hip Hop,Spit trap flow
🎵,music,Music,🎤,rap-hip-hop,Rap & Hip Hop,Spit mumble rap
🎵,music,Music,🎤,rap-hip-hop,Rap & Hip Hop,Spit conscious rap
🎵,music,Music,🎤,rap-hip-hop,Rap & Hip Hop,Spit lyricism techniques
🎵,music,Music,🎤,rap-hip-hop,Rap & Hip Hop,Spit studio technique
🎵,music,Music,🎶,music-education,Music Education,Teach teaching methods
🎵,music,Music,🎶,music-education,Music Education,Teach suzuki method
🎵,music,Music,🎶,music-education,Music Education,Teach kodály method
🎵,music,Music,🎶,music-education,Music Education,Teach orff approach
🎵,music,Music,🎶,music-education,Music Education,Teach dalcroze techniques
🎵,music,Music,🎶,music-education,Music Education,Teach lesson planning
🎵,music,Music,🎶,music-education,Music Education,Teach student assessment
🎵,music,Music,🎶,music-education,Music Education,Teach repertoire selection
🎵,music,Music,🎶,music-education,Music Education,Teach technique building
🎵,music,Music,🎶,music-education,Music Education,Teach sight reading pedagogy
🎵,music,Music,🎶,music-education,Music Education,Teach ear training pedagogy
🎵,music,Music,🎶,music-education,Music Education,Teach theory pedagogy
🎵,music,Music,🎶,music-education,Music Education,Teach group teaching
🎵,music,Music,🎶,music-education,Music Education,Teach private teaching
🎵,music,Music,🎶,music-education,Music Education,Teach classroom management
🎵,music,Music,🎶,music-education,Music Education,Teach motivation techniques
🎵,music,Music,🎶,music-education,Music Education,Teach practice strategies
🎵,music,Music,🎶,music-education,Music Education,Teach parent communication
🎵,music,Music,🎶,music-education,Music Education,Teach recital preparation
🎵,music,Music,🎶,music-education,Music Education,Teach ensemble direction
🎵,music,Music,🎶,music-education,Music Education,Teach beginner methods
🎵,music,Music,🎶,music-education,Music Education,Teach advanced methods
🎵,music,Music,🎶,music-education,Music Education,Teach curriculum design
🎵,music,Music,🎶,music-education,Music Education,Teach music history teaching
🎵,music,Music,🎶,music-education,Music Education,Teach technology in education
🎵,music,Music,🎶,music-education,Music Education,Teach exam preparation
🎵,music,Music,🎶,music-education,Music Education,Teach grading rubric
🎵,music,Music,🎶,music-education,Music Education,Teach feedback methods
🎵,music,Music,🎶,music-education,Music Education,Teach continuing education
🎵,music,Music,🎶,music-education,Music Education,Teach performance coaching
🎵,music,Music,🎬,film-scoring,Film Scoring,Score spotting session
🎵,music,Music,🎬,film-scoring,Film Scoring,Score tempo mapping
🎵,music,Music,🎬,film-scoring,Film Scoring,Score hit points
🎵,music,Music,🎬,film-scoring,Film Scoring,Score cue sheet
🎵,music,Music,🎬,film-scoring,Film Scoring,Score time code
🎵,music,Music,🎬,film-scoring,Film Scoring,Score midi sync
🎵,music,Music,🎬,film-scoring,Film Scoring,Score video sync
🎵,music,Music,🎬,film-scoring,Film Scoring,Score orchestral template
🎵,music,Music,🎬,film-scoring,Film Scoring,Score mockup techniques
🎵,music,Music,🎬,film-scoring,Film Scoring,Score string writing
🎵,music,Music,🎬,film-scoring,Film Scoring,Score brass writing
🎵,music,Music,🎬,film-scoring,Film Scoring,Score woodwind writing
🎵,music,Music,🎬,film-scoring,Film Scoring,Score percussion writing
🎵,music,Music,🎬,film-scoring,Film Scoring,Score electronic elements
🎵,music,Music,🎬,film-scoring,Film Scoring,Score hybrid score
🎵,music,Music,🎬,film-scoring,Film Scoring,Score leitmotif techniques
🎵,music,Music,🎬,film-scoring,Film Scoring,Score theme development
🎵,music,Music,🎬,film-scoring,Film Scoring,Score character theme
🎵,music,Music,🎬,film-scoring,Film Scoring,Score emotional cue
🎵,music,Music,🎬,film-scoring,Film Scoring,Score action cue
🎵,music,Music,🎬,film-scoring,Film Scoring,Score dramatic underscore
🎵,music,Music,🎬,film-scoring,Film Scoring,Score source music
🎵,music,Music,🎬,film-scoring,Film Scoring,Score diegetic sound
🎵,music,Music,🎬,film-scoring,Film Scoring,Score non diegetic
🎵,music,Music,🎬,film-scoring,Film Scoring,Score temp love
🎵,music,Music,🎬,film-scoring,Film Scoring,Score drafting techniques
🎵,music,Music,🎬,film-scoring,Film Scoring,Score orchestration techniques
🎵,music,Music,🎬,film-scoring,Film Scoring,Score mixing for film
🎵,music,Music,🎬,film-scoring,Film Scoring,Score stems delivery
🎵,music,Music,🎬,film-scoring,Film Scoring,Score final mix
🎵,music,Music,🎵,music-history,Music History,Study medieval music
🎵,music,Music,🎵,music-history,Music History,Study gregorian chant
🎵,music,Music,🎵,music-history,Music History,Study renaissance music
🎵,music,Music,🎵,music-history,Music History,Study baroque period
🎵,music,Music,🎵,music-history,Music History,Study bach techniques
🎵,music,Music,🎵,music-history,Music History,Study handel techniques
🎵,music,Music,🎵,music-history,Music History,Study vivaldi techniques
🎵,music,Music,🎵,music-history,Music History,Study classical period
🎵,music,Music,🎵,music-history,Music History,Study haydn techniques
🎵,music,Music,🎵,music-history,Music History,Study mozart techniques
🎵,music,Music,🎵,music-history,Music History,Study beethoven techniques
🎵,music,Music,🎵,music-history,Music History,Study romantic period
🎵,music,Music,🎵,music-history,Music History,Study program music
🎵,music,Music,🎵,music-history,Music History,Study nationalism techniques
🎵,music,Music,🎵,music-history,Music History,Study impressionism techniques
🎵,music,Music,🎵,music-history,Music History,Study debussy techniques
🎵,music,Music,🎵,music-history,Music History,Study ravel techniques
🎵,music,Music,🎵,music-history,Music History,Study 20th century
🎵,music,Music,🎵,music-history,Music History,Study serialism techniques
🎵,music,Music,🎵,music-history,Music History,Study schoenberg techniques
🎵,music,Music,🎵,music-history,Music History,Study stravinsky techniques
🎵,music,Music,🎵,music-history,Music History,Study minimalism techniques
🎵,music,Music,🎵,music-history,Music History,Study cage techniques
🎵,music,Music,🎵,music-history,Music History,Study reich techniques
🎵,music,Music,🎵,music-history,Music History,Study glass techniques
🎵,music,Music,🎵,music-history,Music History,Study jazz history
🎵,music,Music,🎵,music-history,Music History,Study rock and roll
🎵,music,Music,🎵,music-history,Music History,Study popular music
🎵,music,Music,🎵,music-history,Music History,Study electronic music
🎵,music,Music,🎵,music-history,Music History,Study world music traditions
🎵,music,Music,🎛️,sound-design,Sound Design,Synthesize subtractive synthesis
🎵,music,Music,🎛️,sound-design,Sound Design,Synthesize additive synthesis
🎵,music,Music,🎛️,sound-design,Sound Design,Synthesize fm synthesis
🎵,music,Music,🎛️,sound-design,Sound Design,Synthesize wavetable synthesis
🎵,music,Music,🎛️,sound-design,Sound Design,Synthesize granular synthesis
🎵,music,Music,🎛️,sound-design,Sound Design,Synthesize physical modeling
🎵,music,Music,🎛️,sound-design,Sound Design,Synthesize sampling techniques
🎵,music,Music,🎛️,sound-design,Sound Design,Synthesize adsr envelope
🎵,music,Music,🎛️,sound-design,Sound Design,Synthesize filter types
🎵,music,Music,🎛️,sound-design,Sound Design,Synthesize lfo techniques
🎵,music,Music,🎛️,sound-design,Sound Design,Synthesize modulation techniques
🎵,music,Music,🎛️,sound-design,Sound Design,Synthesize patch creation
🎵,music,Music,🎛️,sound-design,Sound Design,Synthesize pad sounds
🎵,music,Music,🎛️,sound-design,Sound Design,Synthesize lead sounds
🎵,music,Music,🎛️,sound-design,Sound Design,Synthesize bass sounds
🎵,music,Music,🎛️,sound-design,Sound Design,Synthesize fx sounds
🎵,music,Music,🎛️,sound-design,Sound Design,Synthesize atmospheres techniques
🎵,music,Music,🎛️,sound-design,Sound Design,Synthesize transitions techniques
🎵,music,Music,🎛️,sound-design,Sound Design,Synthesize risers techniques
🎵,music,Music,🎛️,sound-design,Sound Design,Synthesize falls techniques
🎵,music,Music,🎛️,sound-design,Sound Design,Synthesize impacts techniques
🎵,music,Music,🎛️,sound-design,Sound Design,Synthesize foley techniques
🎵,music,Music,🎛️,sound-design,Sound Design,Synthesize field recording
🎵,music,Music,🎛️,sound-design,Sound Design,Synthesize sound effects
🎵,music,Music,🎛️,sound-design,Sound Design,Synthesize layering techniques
🎵,music,Music,🎛️,sound-design,Sound Design,Synthesize processing chain
🎵,music,Music,🎛️,sound-design,Sound Design,Synthesize spatial audio
🎵,music,Music,🎛️,sound-design,Sound Design,Synthesize surround sound
🎵,music,Music,🎛️,sound-design,Sound Design,Synthesize ambisonics techniques
🎵,music,Music,🎛️,sound-design,Sound Design,Synthesize binaural audio
🎵,music,Music,🎪,live-sound-engineering,Live Sound Engineering,Amplify pa system setup
🎵,music,Music,🎪,live-sound-engineering,Live Sound Engineering,Amplify console operation
🎵,music,Music,🎪,live-sound-engineering,Live Sound Engineering,Amplify gain structure
🎵,music,Music,🎪,live-sound-engineering,Live Sound Engineering,Amplify eq for live
🎵,music,Music,🎪,live-sound-engineering,Live Sound Engineering,Amplify feedback elimination
🎵,music,Music,🎪,live-sound-engineering,Live Sound Engineering,Amplify monitor mix
🎵,music,Music,🎪,live-sound-engineering,Live Sound Engineering,Amplify front of house
🎵,music,Music,🎪,live-sound-engineering,Live Sound Engineering,Amplify stage monitors
🎵,music,Music,🎪,live-sound-engineering,Live Sound Engineering,Amplify iem setup
🎵,music,Music,🎪,live-sound-engineering,Live Sound Engineering,Amplify subwoofer setup
🎵,music,Music,🎪,live-sound-engineering,Live Sound Engineering,Amplify line array
🎵,music,Music,🎪,live-sound-engineering,Live Sound Engineering,Amplify speaker placement
🎵,music,Music,🎪,live-sound-engineering,Live Sound Engineering,Amplify cable management
🎵,music,Music,🎪,live-sound-engineering,Live Sound Engineering,Amplify stage box
🎵,music,Music,🎪,live-sound-engineering,Live Sound Engineering,Amplify snake techniques
🎵,music,Music,🎪,live-sound-engineering,Live Sound Engineering,Amplify digital console
🎵,music,Music,🎪,live-sound-engineering,Live Sound Engineering,Amplify analog console
🎵,music,Music,🎪,live-sound-engineering,Live Sound Engineering,Amplify scene recall
🎵,music,Music,🎪,live-sound-engineering,Live Sound Engineering,Amplify fx routing
🎵,music,Music,🎪,live-sound-engineering,Live Sound Engineering,Amplify compressor on vocals
🎵,music,Music,🎪,live-sound-engineering,Live Sound Engineering,Amplify gate on drums
🎵,music,Music,🎪,live-sound-engineering,Live Sound Engineering,Amplify reverb send
🎵,music,Music,🎪,live-sound-engineering,Live Sound Engineering,Amplify delay send
🎵,music,Music,🎪,live-sound-engineering,Live Sound Engineering,Amplify sound check
🎵,music,Music,🎪,live-sound-engineering,Live Sound Engineering,Amplify load in
🎵,music,Music,🎪,live-sound-engineering,Live Sound Engineering,Amplify load out
🎵,music,Music,🎪,live-sound-engineering,Live Sound Engineering,Amplify patch list
🎵,music,Music,🎪,live-sound-engineering,Live Sound Engineering,Amplify input list
🎵,music,Music,🎪,live-sound-engineering,Live Sound Engineering,Amplify stage plot
🎵,music,Music,🎪,live-sound-engineering,Live Sound Engineering,Amplify system tuning
🎵,music,Music,🎹,music-software,Music Software,Sequence ableton live
🎵,music,Music,🎹,music-software,Music Software,Sequence logic pro
🎵,music,Music,🎹,music-software,Music Software,Sequence pro tools
🎵,music,Music,🎹,music-software,Music Software,Sequence fl studio
🎵,music,Music,🎹,music-software,Music Software,Sequence cubase techniques
🎵,music,Music,🎹,music-software,Music Software,Sequence studio one
🎵,music,Music,🎹,music-software,Music Software,Sequence reason techniques
🎵,music,Music,🎹,music-software,Music Software,Sequence bitwig techniques
🎵,music,Music,🎹,music-software,Music Software,Sequence garageband techniques
🎵,music,Music,🎹,music-software,Music Software,Sequence bandlab techniques
🎵,music,Music,🎹,music-software,Music Software,Sequence audacity techniques
🎵,music,Music,🎹,music-software,Music Software,Sequence melodyne techniques
🎵,music,Music,🎹,music-software,Music Software,Sequence vocalign techniques
🎵,music,Music,🎹,music-software,Music Software,Sequence waves plugins
🎵,music,Music,🎹,music-software,Music Software,Sequence fabfilter techniques
🎵,music,Music,🎹,music-software,Music Software,Sequence izotope techniques
🎵,music,Music,🎹,music-software,Music Software,Sequence kontakt techniques
🎵,music,Music,🎹,music-software,Music Software,Sequence omnisphere techniques
🎵,music,Music,🎹,music-software,Music Software,Sequence serum techniques
🎵,music,Music,🎹,music-software,Music Software,Sequence massive techniques
🎵,music,Music,🎹,music-software,Music Software,Sequence sylenth1 techniques
🎵,music,Music,🎹,music-software,Music Software,Sequence pigments techniques
🎵,music,Music,🎹,music-software,Music Software,Sequence battery techniques
🎵,music,Music,🎹,music-software,Music Software,Sequence maschine techniques
🎵,music,Music,🎹,music-software,Music Software,Sequence push controller
🎵,music,Music,🎹,music-software,Music Software,Sequence launchpad techniques
🎵,music,Music,🎹,music-software,Music Software,Sequence midi keyboard
🎵,music,Music,🎹,music-software,Music Software,Sequence audio interface
🎵,music,Music,🎹,music-software,Music Software,Sequence control surface
🎵,music,Music,🎹,music-software,Music Software,Sequence template design
🏔️,outdoor-adventure,Outdoor & Adventure,🏕️,camping,Camping,Pitch site selection
🏔️,outdoor-adventure,Outdoor & Adventure,🏕️,camping,Camping,Pitch tent setup
🏔️,outdoor-adventure,Outdoor & Adventure,🏕️,camping,Camping,Pitch tarp shelter
🏔️,outdoor-adventure,Outdoor & Adventure,🏕️,camping,Camping,Pitch sleep system
🏔️,outdoor-adventure,Outdoor & Adventure,🏕️,camping,Camping,Pitch sleeping bag
🏔️,outdoor-adventure,Outdoor & Adventure,🏕️,camping,Camping,Pitch sleeping pad
🏔️,outdoor-adventure,Outdoor & Adventure,🏕️,camping,Camping,Pitch campsite layout
🏔️,outdoor-adventure,Outdoor & Adventure,🏕️,camping,Camping,Pitch camp kitchen
🏔️,outdoor-adventure,Outdoor & Adventure,🏕️,camping,Camping,Pitch camp stove
🏔️,outdoor-adventure,Outdoor & Adventure,🏕️,camping,Camping,Pitch cooking fire
🏔️,outdoor-adventure,Outdoor & Adventure,🏕️,camping,Camping,Pitch campfire building
🏔️,outdoor-adventure,Outdoor & Adventure,🏕️,camping,Camping,Pitch fire safety camp
🏔️,outdoor-adventure,Outdoor & Adventure,🏕️,camping,Camping,Pitch bear bag hang
🏔️,outdoor-adventure,Outdoor & Adventure,🏕️,camping,Camping,Pitch bear canister
🏔️,outdoor-adventure,Outdoor & Adventure,🏕️,camping,Camping,Pitch food storage camp
🏔️,outdoor-adventure,Outdoor & Adventure,🏕️,camping,Camping,Pitch water sourcing
🏔️,outdoor-adventure,Outdoor & Adventure,🏕️,camping,Camping,Pitch water filter camp
🏔️,outdoor-adventure,Outdoor & Adventure,🏕️,camping,Camping,Pitch camp hygiene
🏔️,outdoor-adventure,Outdoor & Adventure,🏕️,camping,Camping,Pitch leave no trace
🏔️,outdoor-adventure,Outdoor & Adventure,🏕️,camping,Camping,Pitch camp hygiene pit
🏔️,outdoor-adventure,Outdoor & Adventure,🏕️,camping,Camping,Pitch camp lighting
🏔️,outdoor-adventure,Outdoor & Adventure,🏕️,camping,Camping,Pitch headlamp use
🏔️,outdoor-adventure,Outdoor & Adventure,🏕️,camping,Camping,Pitch camp navigation
🏔️,outdoor-adventure,Outdoor & Adventure,🏕️,camping,Camping,Pitch weather prep camp
🏔️,outdoor-adventure,Outdoor & Adventure,🏕️,camping,Camping,Pitch camp clothing
🏔️,outdoor-adventure,Outdoor & Adventure,🏕️,camping,Camping,Pitch layering camp
🏔️,outdoor-adventure,Outdoor & Adventure,🏕️,camping,Camping,Pitch rain shelter
🏔️,outdoor-adventure,Outdoor & Adventure,🏕️,camping,Camping,Pitch wind protection
🏔️,outdoor-adventure,Outdoor & Adventure,🏕️,camping,Camping,Pitch camp furniture
🏔️,outdoor-adventure,Outdoor & Adventure,🏕️,camping,Camping,Pitch camp comfort
🏔️,outdoor-adventure,Outdoor & Adventure,🥾,hiking,Hiking,Trek trail selection
🏔️,outdoor-adventure,Outdoor & Adventure,🥾,hiking,Hiking,Trek pace hiking
🏔️,outdoor-adventure,Outdoor & Adventure,🥾,hiking,Hiking,Trek rest stops
🏔️,outdoor-adventure,Outdoor & Adventure,🥾,hiking,Hiking,Trek hydration hiking
🏔️,outdoor-adventure,Outdoor & Adventure,🥾,hiking,Hiking,Trek nutrition hiking
🏔️,outdoor-adventure,Outdoor & Adventure,🥾,hiking,Hiking,Trek hiking poles
🏔️,outdoor-adventure,Outdoor & Adventure,🥾,hiking,Hiking,Trek posture hiking
🏔️,outdoor-adventure,Outdoor & Adventure,🥾,hiking,Hiking,Trek uphill technique
🏔️,outdoor-adventure,Outdoor & Adventure,🥾,hiking,Hiking,Trek downhill technique
🏔️,outdoor-adventure,Outdoor & Adventure,🥾,hiking,Hiking,Trek trail etiquette hike
🏔️,outdoor-adventure,Outdoor & Adventure,🥾,hiking,Hiking,Trek navigation hiking
🏔️,outdoor-adventure,Outdoor & Adventure,🥾,hiking,Hiking,Trek map reading hike
🏔️,outdoor-adventure,Outdoor & Adventure,🥾,hiking,Hiking,Trek gps hiking
🏔️,outdoor-adventure,Outdoor & Adventure,🥾,hiking,Hiking,Trek trail markers
🏔️,outdoor-adventure,Outdoor & Adventure,🥾,hiking,Hiking,Trek weather planning
🏔️,outdoor-adventure,Outdoor & Adventure,🥾,hiking,Hiking,Trek day hike prep
🏔️,outdoor-adventure,Outdoor & Adventure,🥾,hiking,Hiking,Trek overnight hike
🏔️,outdoor-adventure,Outdoor & Adventure,🥾,hiking,Hiking,Trek summit attempt
🏔️,outdoor-adventure,Outdoor & Adventure,🥾,hiking,Hiking,Trek ridge walking
🏔️,outdoor-adventure,Outdoor & Adventure,🥾,hiking,Hiking,Trek desert hiking
🏔️,outdoor-adventure,Outdoor & Adventure,🥾,hiking,Hiking,Trek forest hiking
🏔️,outdoor-adventure,Outdoor & Adventure,🥾,hiking,Hiking,Trek mountain hiking
🏔️,outdoor-adventure,Outdoor & Adventure,🥾,hiking,Hiking,Trek coastal trail hike
🏔️,outdoor-adventure,Outdoor & Adventure,🥾,hiking,Hiking,Trek rain hike prep
🏔️,outdoor-adventure,Outdoor & Adventure,🥾,hiking,Hiking,Trek cold weather hike
🏔️,outdoor-adventure,Outdoor & Adventure,🥾,hiking,Hiking,Trek hot weather hike
🏔️,outdoor-adventure,Outdoor & Adventure,🥾,hiking,Hiking,Trek altitude hiking
🏔️,outdoor-adventure,Outdoor & Adventure,🥾,hiking,Hiking,Trek pacing group hike
🏔️,outdoor-adventure,Outdoor & Adventure,🥾,hiking,Hiking,Trek solo hiking
🏔️,outdoor-adventure,Outdoor & Adventure,🥾,hiking,Hiking,Trek hiking safety
🏔️,outdoor-adventure,Outdoor & Adventure,🎒,backpacking,Backpacking,Backpack pack selection
🏔️,outdoor-adventure,Outdoor & Adventure,🎒,backpacking,Backpacking,Backpack pack fitting
🏔️,outdoor-adventure,Outdoor & Adventure,🎒,backpacking,Backpacking,Backpack pack weight
🏔️,outdoor-adventure,Outdoor & Adventure,🎒,backpacking,Backpacking,Backpack load distribution
🏔️,outdoor-adventure,Outdoor & Adventure,🎒,backpacking,Backpacking,Backpack ultralight pack
🏔️,outdoor-adventure,Outdoor & Adventure,🎒,backpacking,Backpacking,Backpack tarp tent back
🏔️,outdoor-adventure,Outdoor & Adventure,🎒,backpacking,Backpacking,Backpack sleeping bag back
🏔️,outdoor-adventure,Outdoor & Adventure,🎒,backpacking,Backpacking,Backpack sleeping pad back
🏔️,outdoor-adventure,Outdoor & Adventure,🎒,backpacking,Backpacking,Backpack stove backpacking
🏔️,outdoor-adventure,Outdoor & Adventure,🎒,backpacking,Backpacking,Backpack cookware back
🏔️,outdoor-adventure,Outdoor & Adventure,🎒,backpacking,Backpacking,Backpack food planning
🏔️,outdoor-adventure,Outdoor & Adventure,🎒,backpacking,Backpacking,Backpack calorie density
🏔️,outdoor-adventure,Outdoor & Adventure,🎒,backpacking,Backpacking,Backpack water filter back
🏔️,outdoor-adventure,Outdoor & Adventure,🎒,backpacking,Backpacking,Backpack water storage
🏔️,outdoor-adventure,Outdoor & Adventure,🎒,backpacking,Backpacking,Backpack clothing layers
🏔️,outdoor-adventure,Outdoor & Adventure,🎒,backpacking,Backpacking,Backpack rain gear back
🏔️,outdoor-adventure,Outdoor & Adventure,🎒,backpacking,Backpacking,Backpack first aid back
🏔️,outdoor-adventure,Outdoor & Adventure,🎒,backpacking,Backpacking,Backpack emergency kit
🏔️,outdoor-adventure,Outdoor & Adventure,🎒,backpacking,Backpacking,Backpack navigation back
🏔️,outdoor-adventure,Outdoor & Adventure,🎒,backpacking,Backpacking,Backpack map compass back
🏔️,outdoor-adventure,Outdoor & Adventure,🎒,backpacking,Backpacking,Backpack trail selection back
🏔️,outdoor-adventure,Outdoor & Adventure,🎒,backpacking,Backpacking,Backpack campsite find
🏔️,outdoor-adventure,Outdoor & Adventure,🎒,backpacking,Backpacking,Backpack bear safety back
🏔️,outdoor-adventure,Outdoor & Adventure,🎒,backpacking,Backpacking,Backpack leave no trace back
🏔️,outdoor-adventure,Outdoor & Adventure,🎒,backpacking,Backpacking,Backpack hygiene backpack
🏔️,outdoor-adventure,Outdoor & Adventure,🎒,backpacking,Backpacking,Backpack waste pack out
🏔️,outdoor-adventure,Outdoor & Adventure,🎒,backpacking,Backpacking,Backpack altitude backpack
🏔️,outdoor-adventure,Outdoor & Adventure,🎒,backpacking,Backpacking,Backpack river crossing
🏔️,outdoor-adventure,Outdoor & Adventure,🎒,backpacking,Backpacking,Backpack resupply point
🏔️,outdoor-adventure,Outdoor & Adventure,🎒,backpacking,Backpacking,Backpack shuttle planning
🏔️,outdoor-adventure,Outdoor & Adventure,🧭,orienteering,Orienteering,Navigate compass parts
🏔️,outdoor-adventure,Outdoor & Adventure,🧭,orienteering,Orienteering,Navigate magnetic north
🏔️,outdoor-adventure,Outdoor & Adventure,🧭,orienteering,Orienteering,Navigate true north
🏔️,outdoor-adventure,Outdoor & Adventure,🧭,orienteering,Orienteering,Navigate declination adjust
🏔️,outdoor-adventure,Outdoor & Adventure,🧭,orienteering,Orienteering,Navigate compass bearing
🏔️,outdoor-adventure,Outdoor & Adventure,🧭,orienteering,Orienteering,Navigate map orientation
🏔️,outdoor-adventure,Outdoor & Adventure,🧭,orienteering,Orienteering,Navigate grid lines
🏔️,outdoor-adventure,Outdoor & Adventure,🧭,orienteering,Orienteering,Navigate contour lines
🏔️,outdoor-adventure,Outdoor & Adventure,🧭,orienteering,Orienteering,Navigate topographic map
🏔️,outdoor-adventure,Outdoor & Adventure,🧭,orienteering,Orienteering,Navigate map legend
🏔️,outdoor-adventure,Outdoor & Adventure,🧭,orienteering,Orienteering,Navigate scale reading
🏔️,outdoor-adventure,Outdoor & Adventure,🧭,orienteering,Orienteering,Navigate distance measure
🏔️,outdoor-adventure,Outdoor & Adventure,🧭,orienteering,Orienteering,Navigate pacing distance
🏔️,outdoor-adventure,Outdoor & Adventure,🧭,orienteering,Orienteering,Navigate handrail feature
🏔️,outdoor-adventure,Outdoor & Adventure,🧭,orienteering,Orienteering,Navigate attack point
🏔️,outdoor-adventure,Outdoor & Adventure,🧭,orienteering,Orienteering,Navigate catching feature
🏔️,outdoor-adventure,Outdoor & Adventure,🧭,orienteering,Orienteering,Navigate aiming off
🏔️,outdoor-adventure,Outdoor & Adventure,🧭,orienteering,Orienteering,Navigate route choice
🏔️,outdoor-adventure,Outdoor & Adventure,🧭,orienteering,Orienteering,Navigate simplification techniques
🏔️,outdoor-adventure,Outdoor & Adventure,🧭,orienteering,Orienteering,Navigate compass navigation
🏔️,outdoor-adventure,Outdoor & Adventure,🧭,orienteering,Orienteering,Navigate terrain association
🏔️,outdoor-adventure,Outdoor & Adventure,🧭,orienteering,Orienteering,Navigate relocation skills
🏔️,outdoor-adventure,Outdoor & Adventure,🧭,orienteering,Orienteering,Navigate thumbing map
🏔️,outdoor-adventure,Outdoor & Adventure,🧭,orienteering,Orienteering,Navigate control card
🏔️,outdoor-adventure,Outdoor & Adventure,🧭,orienteering,Orienteering,Navigate punch system
🏔️,outdoor-adventure,Outdoor & Adventure,🧭,orienteering,Orienteering,Navigate sprint orienteer
🏔️,outdoor-adventure,Outdoor & Adventure,🧭,orienteering,Orienteering,Navigate forest orienteer
🏔️,outdoor-adventure,Outdoor & Adventure,🧭,orienteering,Orienteering,Navigate night orienteer
🏔️,outdoor-adventure,Outdoor & Adventure,🧭,orienteering,Orienteering,Navigate mountain orienteer
🏔️,outdoor-adventure,Outdoor & Adventure,🧭,orienteering,Orienteering,Navigate urban orienteer
🏔️,outdoor-adventure,Outdoor & Adventure,🗺️,map-reading,Map Reading,Interpret topographic map
🏔️,outdoor-adventure,Outdoor & Adventure,🗺️,map-reading,Map Reading,Interpret contour interval
🏔️,outdoor-adventure,Outdoor & Adventure,🗺️,map-reading,Map Reading,Interpret hill shape
🏔️,outdoor-adventure,Outdoor & Adventure,🗺️,map-reading,Map Reading,Interpret valley contour
🏔️,outdoor-adventure,Outdoor & Adventure,🗺️,map-reading,Map Reading,Interpret ridge line
🏔️,outdoor-adventure,Outdoor & Adventure,🗺️,map-reading,Map Reading,Interpret depression read
🏔️,outdoor-adventure,Outdoor & Adventure,🗺️,map-reading,Map Reading,Interpret map scale
🏔️,outdoor-adventure,Outdoor & Adventure,🗺️,map-reading,Map Reading,Interpret grid reference
🏔️,outdoor-adventure,Outdoor & Adventure,🗺️,map-reading,Map Reading,Interpret latitude longitude
🏔️,outdoor-adventure,Outdoor & Adventure,🗺️,map-reading,Map Reading,Interpret utm coordinates
🏔️,outdoor-adventure,Outdoor & Adventure,🗺️,map-reading,Map Reading,Interpret gps coordinate
🏔️,outdoor-adventure,Outdoor & Adventure,🗺️,map-reading,Map Reading,Interpret map legend map
🏔️,outdoor-adventure,Outdoor & Adventure,🗺️,map-reading,Map Reading,Interpret symbol recognition
🏔️,outdoor-adventure,Outdoor & Adventure,🗺️,map-reading,Map Reading,Interpret trail marking map
🏔️,outdoor-adventure,Outdoor & Adventure,🗺️,map-reading,Map Reading,Interpret water feature map
🏔️,outdoor-adventure,Outdoor & Adventure,🗺️,map-reading,Map Reading,Interpret vegetation map
🏔️,outdoor-adventure,Outdoor & Adventure,🗺️,map-reading,Map Reading,Interpret man made feature
🏔️,outdoor-adventure,Outdoor & Adventure,🗺️,map-reading,Map Reading,Interpret map orientation map
🏔️,outdoor-adventure,Outdoor & Adventure,🗺️,map-reading,Map Reading,Interpret triangulation techniques
🏔️,outdoor-adventure,Outdoor & Adventure,🗺️,map-reading,Map Reading,Interpret resection method
🏔️,outdoor-adventure,Outdoor & Adventure,🗺️,map-reading,Map Reading,Interpret intersection map
🏔️,outdoor-adventure,Outdoor & Adventure,🗺️,map-reading,Map Reading,Interpret distance map
🏔️,outdoor-adventure,Outdoor & Adventure,🗺️,map-reading,Map Reading,Interpret elevation profile
🏔️,outdoor-adventure,Outdoor & Adventure,🗺️,map-reading,Map Reading,Interpret slope aspect
🏔️,outdoor-adventure,Outdoor & Adventure,🗺️,map-reading,Map Reading,Interpret route planning map
🏔️,outdoor-adventure,Outdoor & Adventure,🗺️,map-reading,Map Reading,Interpret map case use
🏔️,outdoor-adventure,Outdoor & Adventure,🗺️,map-reading,Map Reading,Interpret digital map app
🏔️,outdoor-adventure,Outdoor & Adventure,🗺️,map-reading,Map Reading,Interpret gps device map
🏔️,outdoor-adventure,Outdoor & Adventure,🗺️,map-reading,Map Reading,Interpret offline map
🏔️,outdoor-adventure,Outdoor & Adventure,🗺️,map-reading,Map Reading,Interpret map update
🏔️,outdoor-adventure,Outdoor & Adventure,🔥,survival-skills,Survival Skills,Survive shelter building
🏔️,outdoor-adventure,Outdoor & Adventure,🔥,survival-skills,Survival Skills,Survive debris hut
🏔️,outdoor-adventure,Outdoor & Adventure,🔥,survival-skills,Survival Skills,Survive lean to shelter
🏔️,outdoor-adventure,Outdoor & Adventure,🔥,survival-skills,Survival Skills,Survive a frame shelter
🏔️,outdoor-adventure,Outdoor & Adventure,🔥,survival-skills,Survival Skills,Survive snow cave
🏔️,outdoor-adventure,Outdoor & Adventure,🔥,survival-skills,Survival Skills,Survive water finding
🏔️,outdoor-adventure,Outdoor & Adventure,🔥,survival-skills,Survival Skills,Survive water purify surv
🏔️,outdoor-adventure,Outdoor & Adventure,🔥,survival-skills,Survival Skills,Survive fire by friction
🏔️,outdoor-adventure,Outdoor & Adventure,🔥,survival-skills,Survival Skills,Survive bow drill
🏔️,outdoor-adventure,Outdoor & Adventure,🔥,survival-skills,Survival Skills,Survive hand drill
🏔️,outdoor-adventure,Outdoor & Adventure,🔥,survival-skills,Survival Skills,Survive flint and steel
🏔️,outdoor-adventure,Outdoor & Adventure,🔥,survival-skills,Survival Skills,Survive fire piston
🏔️,outdoor-adventure,Outdoor & Adventure,🔥,survival-skills,Survival Skills,Survive ferro rod
🏔️,outdoor-adventure,Outdoor & Adventure,🔥,survival-skills,Survival Skills,Survive food foraging
🏔️,outdoor-adventure,Outdoor & Adventure,🔥,survival-skills,Survival Skills,Survive edible plants
🏔️,outdoor-adventure,Outdoor & Adventure,🔥,survival-skills,Survival Skills,Survive trapping food
🏔️,outdoor-adventure,Outdoor & Adventure,🔥,survival-skills,Survival Skills,Survive fishing survival
🏔️,outdoor-adventure,Outdoor & Adventure,🔥,survival-skills,Survival Skills,Survive signaling help
🏔️,outdoor-adventure,Outdoor & Adventure,🔥,survival-skills,Survival Skills,Survive signal mirror
🏔️,outdoor-adventure,Outdoor & Adventure,🔥,survival-skills,Survival Skills,Survive whistle signal
🏔️,outdoor-adventure,Outdoor & Adventure,🔥,survival-skills,Survival Skills,Survive ground signal
🏔️,outdoor-adventure,Outdoor & Adventure,🔥,survival-skills,Survival Skills,Survive knot tying surv
🏔️,outdoor-adventure,Outdoor & Adventure,🔥,survival-skills,Survival Skills,Survive first aid survival
🏔️,outdoor-adventure,Outdoor & Adventure,🔥,survival-skills,Survival Skills,Survive tourniquet use
🏔️,outdoor-adventure,Outdoor & Adventure,🔥,survival-skills,Survival Skills,Survive splint making
🏔️,outdoor-adventure,Outdoor & Adventure,🔥,survival-skills,Survival Skills,Survive wound cleaning
🏔️,outdoor-adventure,Outdoor & Adventure,🔥,survival-skills,Survival Skills,Survive hypothermia care
🏔️,outdoor-adventure,Outdoor & Adventure,🔥,survival-skills,Survival Skills,Survive hyperthermia care
🏔️,outdoor-adventure,Outdoor & Adventure,🔥,survival-skills,Survival Skills,Survive survival mindset
🏔️,outdoor-adventure,Outdoor & Adventure,🔥,survival-skills,Survival Skills,Survive prioritize needs
🏔️,outdoor-adventure,Outdoor & Adventure,🔥,fire-starting,Fire Starting,Spark tinder collection
🏔️,outdoor-adventure,Outdoor & Adventure,🔥,fire-starting,Fire Starting,Spark birch bark
🏔️,outdoor-adventure,Outdoor & Adventure,🔥,fire-starting,Fire Starting,Spark fatwood use
🏔️,outdoor-adventure,Outdoor & Adventure,🔥,fire-starting,Fire Starting,Spark feather stick
🏔️,outdoor-adventure,Outdoor & Adventure,🔥,fire-starting,Fire Starting,Spark fire lay types
🏔️,outdoor-adventure,Outdoor & Adventure,🔥,fire-starting,Fire Starting,Spark teepee fire
🏔️,outdoor-adventure,Outdoor & Adventure,🔥,fire-starting,Fire Starting,Spark log cabin fire
🏔️,outdoor-adventure,Outdoor & Adventure,🔥,fire-starting,Fire Starting,Spark lean to fire
🏔️,outdoor-adventure,Outdoor & Adventure,🔥,fire-starting,Fire Starting,Spark star fire
🏔️,outdoor-adventure,Outdoor & Adventure,🔥,fire-starting,Fire Starting,Spark dakota fire hole
🏔️,outdoor-adventure,Outdoor & Adventure,🔥,fire-starting,Fire Starting,Spark swedish torch
🏔️,outdoor-adventure,Outdoor & Adventure,🔥,fire-starting,Fire Starting,Spark fire steel use
🏔️,outdoor-adventure,Outdoor & Adventure,🔥,fire-starting,Fire Starting,Spark matches survival
🏔️,outdoor-adventure,Outdoor & Adventure,🔥,fire-starting,Fire Starting,Spark lighter use
🏔️,outdoor-adventure,Outdoor & Adventure,🔥,fire-starting,Fire Starting,Spark magnifying glass
🏔️,outdoor-adventure,Outdoor & Adventure,🔥,fire-starting,Fire Starting,Spark battery fire
🏔️,outdoor-adventure,Outdoor & Adventure,🔥,fire-starting,Fire Starting,Spark fire piston surv
🏔️,outdoor-adventure,Outdoor & Adventure,🔥,fire-starting,Fire Starting,Spark bow drill fire
🏔️,outdoor-adventure,Outdoor & Adventure,🔥,fire-starting,Fire Starting,Spark hand drill fire
🏔️,outdoor-adventure,Outdoor & Adventure,🔥,fire-starting,Fire Starting,Spark pump drill
🏔️,outdoor-adventure,Outdoor & Adventure,🔥,fire-starting,Fire Starting,Spark fire bow setup
🏔️,outdoor-adventure,Outdoor & Adventure,🔥,fire-starting,Fire Starting,Spark ember transfer
🏔️,outdoor-adventure,Outdoor & Adventure,🔥,fire-starting,Fire Starting,Spark nest building
🏔️,outdoor-adventure,Outdoor & Adventure,🔥,fire-starting,Fire Starting,Spark blowing ember
🏔️,outdoor-adventure,Outdoor & Adventure,🔥,fire-starting,Fire Starting,Spark fire maintenance
🏔️,outdoor-adventure,Outdoor & Adventure,🔥,fire-starting,Fire Starting,Spark add fuel fire
🏔️,outdoor-adventure,Outdoor & Adventure,🔥,fire-starting,Fire Starting,Spark damp wood fire
🏔️,outdoor-adventure,Outdoor & Adventure,🔥,fire-starting,Fire Starting,Spark wet weather fire
🏔️,outdoor-adventure,Outdoor & Adventure,🔥,fire-starting,Fire Starting,Spark snow fire
🏔️,outdoor-adventure,Outdoor & Adventure,🔥,fire-starting,Fire Starting,Spark fire safety surv
🏔️,outdoor-adventure,Outdoor & Adventure,🏠,shelter-building,Shelter Building,Construct site selection sh
🏔️,outdoor-adventure,Outdoor & Adventure,🏠,shelter-building,Shelter Building,Construct natural shelter
🏔️,outdoor-adventure,Outdoor & Adventure,🏠,shelter-building,Shelter Building,Construct debris hut build
🏔️,outdoor-adventure,Outdoor & Adventure,🏠,shelter-building,Shelter Building,Construct leaf litter
🏔️,outdoor-adventure,Outdoor & Adventure,🏠,shelter-building,Shelter Building,Construct framework build
🏔️,outdoor-adventure,Outdoor & Adventure,🏠,shelter-building,Shelter Building,Construct ridgepole techniques
🏔️,outdoor-adventure,Outdoor & Adventure,🏠,shelter-building,Shelter Building,Construct ribbing shelter
🏔️,outdoor-adventure,Outdoor & Adventure,🏠,shelter-building,Shelter Building,Construct thatching roof
🏔️,outdoor-adventure,Outdoor & Adventure,🏠,shelter-building,Shelter Building,Construct waterproof roof
🏔️,outdoor-adventure,Outdoor & Adventure,🏠,shelter-building,Shelter Building,Construct ground insulation
🏔️,outdoor-adventure,Outdoor & Adventure,🏠,shelter-building,Shelter Building,Construct bedding material
🏔️,outdoor-adventure,Outdoor & Adventure,🏠,shelter-building,Shelter Building,Construct lean to build
🏔️,outdoor-adventure,Outdoor & Adventure,🏠,shelter-building,Shelter Building,Construct a frame build
🏔️,outdoor-adventure,Outdoor & Adventure,🏠,shelter-building,Shelter Building,Construct tarp shelter
🏔️,outdoor-adventure,Outdoor & Adventure,🏠,shelter-building,Shelter Building,Construct ridge line tarp
🏔️,outdoor-adventure,Outdoor & Adventure,🏠,shelter-building,Shelter Building,Construct a frame tarp
🏔️,outdoor-adventure,Outdoor & Adventure,🏠,shelter-building,Shelter Building,Construct wing tarp
🏔️,outdoor-adventure,Outdoor & Adventure,🏠,shelter-building,Shelter Building,Construct snow shelter
🏔️,outdoor-adventure,Outdoor & Adventure,🏠,shelter-building,Shelter Building,Construct quinzee build
🏔️,outdoor-adventure,Outdoor & Adventure,🏠,shelter-building,Shelter Building,Construct snow cave build
🏔️,outdoor-adventure,Outdoor & Adventure,🏠,shelter-building,Shelter Building,Construct igloo basics
🏔️,outdoor-adventure,Outdoor & Adventure,🏠,shelter-building,Shelter Building,Construct tree shelter
🏔️,outdoor-adventure,Outdoor & Adventure,🏠,shelter-building,Shelter Building,Construct natural cave
🏔️,outdoor-adventure,Outdoor & Adventure,🏠,shelter-building,Shelter Building,Construct rock overhang
🏔️,outdoor-adventure,Outdoor & Adventure,🏠,shelter-building,Shelter Building,Construct wind break
🏔️,outdoor-adventure,Outdoor & Adventure,🏠,shelter-building,Shelter Building,Construct reflector wall
🏔️,outdoor-adventure,Outdoor & Adventure,🏠,shelter-building,Shelter Building,Construct camouflage shelter
🏔️,outdoor-adventure,Outdoor & Adventure,🏠,shelter-building,Shelter Building,Construct emergency bivvy
🏔️,outdoor-adventure,Outdoor & Adventure,🏠,shelter-building,Shelter Building,Construct survival blanket
🏔️,outdoor-adventure,Outdoor & Adventure,🏠,shelter-building,Shelter Building,Construct shelter exit
🏔️,outdoor-adventure,Outdoor & Adventure,💧,water-purification,Water Purification,Purify boiling water
🏔️,outdoor-adventure,Outdoor & Adventure,💧,water-purification,Water Purification,Purify wilderness boil
🏔️,outdoor-adventure,Outdoor & Adventure,💧,water-purification,Water Purification,Purify chemical treatment
🏔️,outdoor-adventure,Outdoor & Adventure,💧,water-purification,Water Purification,Purify iodine tablets
🏔️,outdoor-adventure,Outdoor & Adventure,💧,water-purification,Water Purification,Purify chlorine dioxide
🏔️,outdoor-adventure,Outdoor & Adventure,💧,water-purification,Water Purification,Purify uv purifier
🏔️,outdoor-adventure,Outdoor & Adventure,💧,water-purification,Water Purification,Purify steripen use
🏔️,outdoor-adventure,Outdoor & Adventure,💧,water-purification,Water Purification,Purify pump filter
🏔️,outdoor-adventure,Outdoor & Adventure,💧,water-purification,Water Purification,Purify gravity filter
🏔️,outdoor-adventure,Outdoor & Adventure,💧,water-purification,Water Purification,Purify squeeze filter
🏔️,outdoor-adventure,Outdoor & Adventure,💧,water-purification,Water Purification,Purify straw filter
🏔️,outdoor-adventure,Outdoor & Adventure,💧,water-purification,Water Purification,Purify ceramic filter
🏔️,outdoor-adventure,Outdoor & Adventure,💧,water-purification,Water Purification,Purify carbon filter
🏔️,outdoor-adventure,Outdoor & Adventure,💧,water-purification,Water Purification,Purify distillation techniques
🏔️,outdoor-adventure,Outdoor & Adventure,💧,water-purification,Water Purification,Purify solar still
🏔️,outdoor-adventure,Outdoor & Adventure,💧,water-purification,Water Purification,Purify transpiration bag
🏔️,outdoor-adventure,Outdoor & Adventure,💧,water-purification,Water Purification,Purify cloth filter
🏔️,outdoor-adventure,Outdoor & Adventure,💧,water-purification,Water Purification,Purify sand filter
🏔️,outdoor-adventure,Outdoor & Adventure,💧,water-purification,Water Purification,Purify charcoal filter
🏔️,outdoor-adventure,Outdoor & Adventure,💧,water-purification,Water Purification,Purify sediment settle
🏔️,outdoor-adventure,Outdoor & Adventure,💧,water-purification,Water Purification,Purify pre filter cloth
🏔️,outdoor-adventure,Outdoor & Adventure,💧,water-purification,Water Purification,Purify snow melting
🏔️,outdoor-adventure,Outdoor & Adventure,💧,water-purification,Water Purification,Purify ice melting
🏔️,outdoor-adventure,Outdoor & Adventure,💧,water-purification,Water Purification,Purify collection rain
🏔️,outdoor-adventure,Outdoor & Adventure,💧,water-purification,Water Purification,Purify dew collection
🏔️,outdoor-adventure,Outdoor & Adventure,💧,water-purification,Water Purification,Purify desert water find
🏔️,outdoor-adventure,Outdoor & Adventure,💧,water-purification,Water Purification,Purify cactus water
🏔️,outdoor-adventure,Outdoor & Adventure,💧,water-purification,Water Purification,Purify birch water tap
🏔️,outdoor-adventure,Outdoor & Adventure,💧,water-purification,Water Purification,Purify coconut water
🏔️,outdoor-adventure,Outdoor & Adventure,💧,water-purification,Water Purification,Purify water storage safe
🏔️,outdoor-adventure,Outdoor & Adventure,🌿,foraging,Foraging,Forage plant ID basics
🏔️,outdoor-adventure,Outdoor & Adventure,🌿,foraging,Foraging,Forage edible greens
🏔️,outdoor-adventure,Outdoor & Adventure,🌿,foraging,Foraging,Forage dandelion uses
🏔️,outdoor-adventure,Outdoor & Adventure,🌿,foraging,Foraging,Forage nettle foraging
🏔️,outdoor-adventure,Outdoor & Adventure,🌿,foraging,Foraging,Forage plantain forage
🏔️,outdoor-adventure,Outdoor & Adventure,🌿,foraging,Foraging,Forage sorrel forage
🏔️,outdoor-adventure,Outdoor & Adventure,🌿,foraging,Foraging,Forage wild berries
🏔️,outdoor-adventure,Outdoor & Adventure,🌿,foraging,Foraging,Forage blackberries techniques
🏔️,outdoor-adventure,Outdoor & Adventure,🌿,foraging,Foraging,Forage blueberries wild
🏔️,outdoor-adventure,Outdoor & Adventure,🌿,foraging,Foraging,Forage raspberry wild
🏔️,outdoor-adventure,Outdoor & Adventure,🌿,foraging,Foraging,Forage strawberry wild
🏔️,outdoor-adventure,Outdoor & Adventure,🌿,foraging,Foraging,Forage mushroom forage
🏔️,outdoor-adventure,Outdoor & Adventure,🌿,foraging,Foraging,Forage morel mushroom
🏔️,outdoor-adventure,Outdoor & Adventure,🌿,foraging,Foraging,Forage chanterelle find
🏔️,outdoor-adventure,Outdoor & Adventure,🌿,foraging,Foraging,Forage oyster mushroom
🏔️,outdoor-adventure,Outdoor & Adventure,🌿,foraging,Foraging,Forage puffball mushroom
🏔️,outdoor-adventure,Outdoor & Adventure,🌿,foraging,Foraging,Forage tree identification
🏔️,outdoor-adventure,Outdoor & Adventure,🌿,foraging,Foraging,Forage pine ID
🏔️,outdoor-adventure,Outdoor & Adventure,🌿,foraging,Foraging,Forage oak ID
🏔️,outdoor-adventure,Outdoor & Adventure,🌿,foraging,Foraging,Forage birch ID
🏔️,outdoor-adventure,Outdoor & Adventure,🌿,foraging,Foraging,Forage maple ID
🏔️,outdoor-adventure,Outdoor & Adventure,🌿,foraging,Foraging,Forage sap harvesting
🏔️,outdoor-adventure,Outdoor & Adventure,🌿,foraging,Foraging,Forage wild edible root
🏔️,outdoor-adventure,Outdoor & Adventure,🌿,foraging,Foraging,Forage burdock root
🏔️,outdoor-adventure,Outdoor & Adventure,🌿,foraging,Foraging,Forage wild carrot
🏔️,outdoor-adventure,Outdoor & Adventure,🌿,foraging,Foraging,Forage dandelion root
🏔️,outdoor-adventure,Outdoor & Adventure,🌿,foraging,Foraging,Forage seaweed forage
🏔️,outdoor-adventure,Outdoor & Adventure,🌿,foraging,Foraging,Forage kelp harvest
🏔️,outdoor-adventure,Outdoor & Adventure,🌿,foraging,Foraging,Forage safety foraging
🏔️,outdoor-adventure,Outdoor & Adventure,🌿,foraging,Foraging,Forage sustainable harvest
🏔️,outdoor-adventure,Outdoor & Adventure,🎣,fishing,Fishing,Cast rod setup
🏔️,outdoor-adventure,Outdoor & Adventure,🎣,fishing,Fishing,Cast reel types
🏔️,outdoor-adventure,Outdoor & Adventure,🎣,fishing,Fishing,Cast spinning reel
🏔️,outdoor-adventure,Outdoor & Adventure,🎣,fishing,Fishing,Cast baitcasting techniques
🏔️,outdoor-adventure,Outdoor & Adventure,🎣,fishing,Fishing,Cast fly reel
🏔️,outdoor-adventure,Outdoor & Adventure,🎣,fishing,Fishing,Cast knot tying fish
🏔️,outdoor-adventure,Outdoor & Adventure,🎣,fishing,Fishing,Cast palomar knot
🏔️,outdoor-adventure,Outdoor & Adventure,🎣,fishing,Fishing,Cast improved clinch
🏔️,outdoor-adventure,Outdoor & Adventure,🎣,fishing,Fishing,Cast surgeon knot
🏔️,outdoor-adventure,Outdoor & Adventure,🎣,fishing,Fishing,Cast hook selection
🏔️,outdoor-adventure,Outdoor & Adventure,🎣,fishing,Fishing,Cast bait selection
🏔️,outdoor-adventure,Outdoor & Adventure,🎣,fishing,Fishing,Cast worms fishing
🏔️,outdoor-adventure,Outdoor & Adventure,🎣,fishing,Fishing,Cast minnow fishing
🏔️,outdoor-adventure,Outdoor & Adventure,🎣,fishing,Fishing,Cast artificial lures
🏔️,outdoor-adventure,Outdoor & Adventure,🎣,fishing,Fishing,Cast spinnerbait techniques
🏔️,outdoor-adventure,Outdoor & Adventure,🎣,fishing,Fishing,Cast crankbait use
🏔️,outdoor-adventure,Outdoor & Adventure,🎣,fishing,Fishing,Cast jig fishing
🏔️,outdoor-adventure,Outdoor & Adventure,🎣,fishing,Fishing,Cast soft plastic
🏔️,outdoor-adventure,Outdoor & Adventure,🎣,fishing,Fishing,Cast topwater lure
🏔️,outdoor-adventure,Outdoor & Adventure,🎣,fishing,Fishing,Cast fly fishing
🏔️,outdoor-adventure,Outdoor & Adventure,🎣,fishing,Fishing,Cast casting technique
🏔️,outdoor-adventure,Outdoor & Adventure,🎣,fishing,Fishing,Cast overhead cast
🏔️,outdoor-adventure,Outdoor & Adventure,🎣,fishing,Fishing,Cast side cast
🏔️,outdoor-adventure,Outdoor & Adventure,🎣,fishing,Fishing,Cast fly cast
🏔️,outdoor-adventure,Outdoor & Adventure,🎣,fishing,Fishing,Cast reading water
🏔️,outdoor-adventure,Outdoor & Adventure,🎣,fishing,Fishing,Cast fish habitat
🏔️,outdoor-adventure,Outdoor & Adventure,🎣,fishing,Fishing,Cast catch and release
🏔️,outdoor-adventure,Outdoor & Adventure,🎣,fishing,Fishing,Cast fish cleaning
🏔️,outdoor-adventure,Outdoor & Adventure,🎣,fishing,Fishing,Cast fillet fish
🏔️,outdoor-adventure,Outdoor & Adventure,🎣,fishing,Fishing,Cast regulations fish
🏔️,outdoor-adventure,Outdoor & Adventure,🏹,hunting,Hunting,Track firearm safety
🏔️,outdoor-adventure,Outdoor & Adventure,🏹,hunting,Hunting,Track hunter safety course
🏔️,outdoor-adventure,Outdoor & Adventure,🏹,hunting,Hunting,Track shotgun hunting
🏔️,outdoor-adventure,Outdoor & Adventure,🏹,hunting,Hunting,Track rifle hunting
🏔️,outdoor-adventure,Outdoor & Adventure,🏹,hunting,Hunting,Track bow hunting
🏔️,outdoor-adventure,Outdoor & Adventure,🏹,hunting,Hunting,Track crossbow hunt
🏔️,outdoor-adventure,Outdoor & Adventure,🏹,hunting,Hunting,Track ammunition types
🏔️,outdoor-adventure,Outdoor & Adventure,🏹,hunting,Hunting,Track caliber selection
🏔️,outdoor-adventure,Outdoor & Adventure,🏹,hunting,Hunting,Track gauge shotgun
🏔️,outdoor-adventure,Outdoor & Adventure,🏹,hunting,Hunting,Track archery form
🏔️,outdoor-adventure,Outdoor & Adventure,🏹,hunting,Hunting,Track draw technique
🏔️,outdoor-adventure,Outdoor & Adventure,🏹,hunting,Hunting,Track broadhead types
🏔️,outdoor-adventure,Outdoor & Adventure,🏹,hunting,Hunting,Track game identification
🏔️,outdoor-adventure,Outdoor & Adventure,🏹,hunting,Hunting,Track deer tracking
🏔️,outdoor-adventure,Outdoor & Adventure,🏹,hunting,Hunting,Track turkey hunting
🏔️,outdoor-adventure,Outdoor & Adventure,🏹,hunting,Hunting,Track waterfowl hunt
🏔️,outdoor-adventure,Outdoor & Adventure,🏹,hunting,Hunting,Track small game hunt
🏔️,outdoor-adventure,Outdoor & Adventure,🏹,hunting,Hunting,Track predator hunt
🏔️,outdoor-adventure,Outdoor & Adventure,🏹,hunting,Hunting,Track game calling
🏔️,outdoor-adventure,Outdoor & Adventure,🏹,hunting,Hunting,Track deer call
🏔️,outdoor-adventure,Outdoor & Adventure,🏹,hunting,Hunting,Track turkey call
🏔️,outdoor-adventure,Outdoor & Adventure,🏹,hunting,Hunting,Track duck call
🏔️,outdoor-adventure,Outdoor & Adventure,🏹,hunting,Hunting,Track scent control
🏔️,outdoor-adventure,Outdoor & Adventure,🏹,hunting,Hunting,Track camouflage hunt
🏔️,outdoor-adventure,Outdoor & Adventure,🏹,hunting,Hunting,Track tree stand setup
🏔️,outdoor-adventure,Outdoor & Adventure,🏹,hunting,Hunting,Track ground blind
🏔️,outdoor-adventure,Outdoor & Adventure,🏹,hunting,Hunting,Track spot and stalk
🏔️,outdoor-adventure,Outdoor & Adventure,🏹,hunting,Hunting,Track still hunting
🏔️,outdoor-adventure,Outdoor & Adventure,🏹,hunting,Hunting,Track game processing
🏔️,outdoor-adventure,Outdoor & Adventure,🏹,hunting,Hunting,Track field dressing
🏔️,outdoor-adventure,Outdoor & Adventure,🧗,climbing,Climbing,Climb knot tying climb
🏔️,outdoor-adventure,Outdoor & Adventure,🧗,climbing,Climbing,Climb figure eight knot
🏔️,outdoor-adventure,Outdoor & Adventure,🧗,climbing,Climbing,Climb clove hitch
🏔️,outdoor-adventure,Outdoor & Adventure,🧗,climbing,Climbing,Climb prusik knot
🏔️,outdoor-adventure,Outdoor & Adventure,🧗,climbing,Climbing,Climb belay device
🏔️,outdoor-adventure,Outdoor & Adventure,🧗,climbing,Climbing,Climb atc belay
🏔️,outdoor-adventure,Outdoor & Adventure,🧗,climbing,Climbing,Climb grigri belay
🏔️,outdoor-adventure,Outdoor & Adventure,🧗,climbing,Climbing,Climb belay technique
🏔️,outdoor-adventure,Outdoor & Adventure,🧗,climbing,Climbing,Climb lead climbing
🏔️,outdoor-adventure,Outdoor & Adventure,🧗,climbing,Climbing,Climb top rope setup
🏔️,outdoor-adventure,Outdoor & Adventure,🧗,climbing,Climbing,Climb anchor building
🏔️,outdoor-adventure,Outdoor & Adventure,🧗,climbing,Climbing,Climb bombproof anchor
🏔️,outdoor-adventure,Outdoor & Adventure,🧗,climbing,Climbing,Climb equalizing anchor
🏔️,outdoor-adventure,Outdoor & Adventure,🧗,climbing,Climbing,Climb sport climbing
🏔️,outdoor-adventure,Outdoor & Adventure,🧗,climbing,Climbing,Climb trad climbing
🏔️,outdoor-adventure,Outdoor & Adventure,🧗,climbing,Climbing,Climb gear placement
🏔️,outdoor-adventure,Outdoor & Adventure,🧗,climbing,Climbing,Climb cam placement
🏔️,outdoor-adventure,Outdoor & Adventure,🧗,climbing,Climbing,Climb nut placement
🏔️,outdoor-adventure,Outdoor & Adventure,🧗,climbing,Climbing,Climb hex placement
🏔️,outdoor-adventure,Outdoor & Adventure,🧗,climbing,Climbing,Climb quickdraw use
🏔️,outdoor-adventure,Outdoor & Adventure,🧗,climbing,Climbing,Climb clipping technique
🏔️,outdoor-adventure,Outdoor & Adventure,🧗,climbing,Climbing,Climb rope management
🏔️,outdoor-adventure,Outdoor & Adventure,🧗,climbing,Climbing,Climb lead fall
🏔️,outdoor-adventure,Outdoor & Adventure,🧗,climbing,Climbing,Climb lowering climb
🏔️,outdoor-adventure,Outdoor & Adventure,🧗,climbing,Climbing,Climb rappelling techniques
🏔️,outdoor-adventure,Outdoor & Adventure,🧗,climbing,Climbing,Climb auto block rappel
🏔️,outdoor-adventure,Outdoor & Adventure,🧗,climbing,Climbing,Climb fireman belay
🏔️,outdoor-adventure,Outdoor & Adventure,🧗,climbing,Climbing,Climb multi pitch
🏔️,outdoor-adventure,Outdoor & Adventure,🧗,climbing,Climbing,Climb climbing commands
🏔️,outdoor-adventure,Outdoor & Adventure,🧗,climbing,Climbing,Climb climbing gear
🏔️,outdoor-adventure,Outdoor & Adventure,🪨,bouldering,Bouldering,Boulder crash pad use
🏔️,outdoor-adventure,Outdoor & Adventure,🪨,bouldering,Bouldering,Boulder spotting tech
🏔️,outdoor-adventure,Outdoor & Adventure,🪨,bouldering,Bouldering,Boulder problem reading
🏔️,outdoor-adventure,Outdoor & Adventure,🪨,bouldering,Bouldering,Boulder beta finding
🏔️,outdoor-adventure,Outdoor & Adventure,🪨,bouldering,Bouldering,Boulder footwork boulder
🏔️,outdoor-adventure,Outdoor & Adventure,🪨,bouldering,Bouldering,Boulder quiet feet
🏔️,outdoor-adventure,Outdoor & Adventure,🪨,bouldering,Bouldering,Boulder edging shoes
🏔️,outdoor-adventure,Outdoor & Adventure,🪨,bouldering,Bouldering,Boulder smearing feet
🏔️,outdoor-adventure,Outdoor & Adventure,🪨,bouldering,Bouldering,Boulder heel hook
🏔️,outdoor-adventure,Outdoor & Adventure,🪨,bouldering,Bouldering,Boulder toe hook
🏔️,outdoor-adventure,Outdoor & Adventure,🪨,bouldering,Bouldering,Boulder drop knee
🏔️,outdoor-adventure,Outdoor & Adventure,🪨,bouldering,Bouldering,Boulder flagging boulder
🏔️,outdoor-adventure,Outdoor & Adventure,🪨,bouldering,Bouldering,Boulder bicycle point
🏔️,outdoor-adventure,Outdoor & Adventure,🪨,bouldering,Bouldering,Boulder gaston hold
🏔️,outdoor-adventure,Outdoor & Adventure,🪨,bouldering,Bouldering,Boulder undercling techniques
🏔️,outdoor-adventure,Outdoor & Adventure,🪨,bouldering,Bouldering,Boulder sidepull techniques
🏔️,outdoor-adventure,Outdoor & Adventure,🪨,bouldering,Bouldering,Boulder sloper grip
🏔️,outdoor-adventure,Outdoor & Adventure,🪨,bouldering,Bouldering,Boulder crimp grip
🏔️,outdoor-adventure,Outdoor & Adventure,🪨,bouldering,Bouldering,Boulder pinch grip
🏔️,outdoor-adventure,Outdoor & Adventure,🪨,bouldering,Bouldering,Boulder pocket hold
🏔️,outdoor-adventure,Outdoor & Adventure,🪨,bouldering,Bouldering,Boulder jug hold
🏔️,outdoor-adventure,Outdoor & Adventure,🪨,bouldering,Bouldering,Boulder dyno move
🏔️,outdoor-adventure,Outdoor & Adventure,🪨,bouldering,Bouldering,Boulder static move
🏔️,outdoor-adventure,Outdoor & Adventure,🪨,bouldering,Bouldering,Boulder mantle boulder
🏔️,outdoor-adventure,Outdoor & Adventure,🪨,bouldering,Bouldering,Boulder top out
🏔️,outdoor-adventure,Outdoor & Adventure,🪨,bouldering,Bouldering,Boulder slab climbing
🏔️,outdoor-adventure,Outdoor & Adventure,🪨,bouldering,Bouldering,Boulder overhang climb
🏔️,outdoor-adventure,Outdoor & Adventure,🪨,bouldering,Bouldering,Boulder roof problem
🏔️,outdoor-adventure,Outdoor & Adventure,🪨,bouldering,Bouldering,Boulder vertical wall
🏔️,outdoor-adventure,Outdoor & Adventure,🪨,bouldering,Bouldering,Boulder outdoor boulder
🏔️,outdoor-adventure,Outdoor & Adventure,🧗,rappelling,Rappelling,Rappel anchor rappel
🏔️,outdoor-adventure,Outdoor & Adventure,🧗,rappelling,Rappelling,Rappel rappel device
🏔️,outdoor-adventure,Outdoor & Adventure,🧗,rappelling,Rappelling,Rappel figure eight desc
🏔️,outdoor-adventure,Outdoor & Adventure,🧗,rappelling,Rappelling,Rappel atc rappel
🏔️,outdoor-adventure,Outdoor & Adventure,🧗,rappelling,Rappelling,Rappel grigri rappel
🏔️,outdoor-adventure,Outdoor & Adventure,🧗,rappelling,Rappelling,Rappel munter hitch rapp
🏔️,outdoor-adventure,Outdoor & Adventure,🧗,rappelling,Rappelling,Rappel rope setup rappel
🏔️,outdoor-adventure,Outdoor & Adventure,🧗,rappelling,Rappelling,Rappel extension rappel
🏔️,outdoor-adventure,Outdoor & Adventure,🧗,rappelling,Rappelling,Rappel extension setup
🏔️,outdoor-adventure,Outdoor & Adventure,🧗,rappelling,Rappelling,Rappel rappel brake hand
🏔️,outdoor-adventure,Outdoor & Adventure,🧗,rappelling,Rappelling,Rappel guide hand
🏔️,outdoor-adventure,Outdoor & Adventure,🧗,rappelling,Rappelling,Rappel speed control
🏔️,outdoor-adventure,Outdoor & Adventure,🧗,rappelling,Rappelling,Rappel slowing rappel
🏔️,outdoor-adventure,Outdoor & Adventure,🧗,rappelling,Rappelling,Rappel stopping rappel
🏔️,outdoor-adventure,Outdoor & Adventure,🧗,rappelling,Rappelling,Rappel autoblock backup
🏔️,outdoor-adventure,Outdoor & Adventure,🧗,rappelling,Rappelling,Rappel prusik backup
🏔️,outdoor-adventure,Outdoor & Adventure,🧗,rappelling,Rappelling,Rappel fireman backup
🏔️,outdoor-adventure,Outdoor & Adventure,🧗,rappelling,Rappelling,Rappel rappel safety
🏔️,outdoor-adventure,Outdoor & Adventure,🧗,rappelling,Rappelling,Rappel edge transition
🏔️,outdoor-adventure,Outdoor & Adventure,🧗,rappelling,Rappelling,Rappel free hanging
🏔️,outdoor-adventure,Outdoor & Adventure,🧗,rappelling,Rappelling,Rappel face rappel
🏔️,outdoor-adventure,Outdoor & Adventure,🧗,rappelling,Rappelling,Rappel releasable rappel
🏔️,outdoor-adventure,Outdoor & Adventure,🧗,rappelling,Rappelling,Rappel tandem rappel
🏔️,outdoor-adventure,Outdoor & Adventure,🧗,rappelling,Rappelling,Rappel heavy load rappel
🏔️,outdoor-adventure,Outdoor & Adventure,🧗,rappelling,Rappelling,Rappel rope retrieve
🏔️,outdoor-adventure,Outdoor & Adventure,🧗,rappelling,Rappelling,Rappel single rope rapp
🏔️,outdoor-adventure,Outdoor & Adventure,🧗,rappelling,Rappelling,Rappel double rope rapp
🏔️,outdoor-adventure,Outdoor & Adventure,🧗,rappelling,Rappelling,Rappel knot pass rappel
🏔️,outdoor-adventure,Outdoor & Adventure,🧗,rappelling,Rappelling,Rappel mid rappel rescue
🏔️,outdoor-adventure,Outdoor & Adventure,🧗,rappelling,Rappelling,Rappel practice rappel
🏔️,outdoor-adventure,Outdoor & Adventure,🛶,kayaking,Kayaking,Paddle kayak types
🏔️,outdoor-adventure,Outdoor & Adventure,🛶,kayaking,Kayaking,Paddle sit in vs sit
🏔️,outdoor-adventure,Outdoor & Adventure,🛶,kayaking,Kayaking,Paddle paddle selection
🏔️,outdoor-adventure,Outdoor & Adventure,🛶,kayaking,Kayaking,Paddle paddle grip
🏔️,outdoor-adventure,Outdoor & Adventure,🛶,kayaking,Kayaking,Paddle forward stroke
🏔️,outdoor-adventure,Outdoor & Adventure,🛶,kayaking,Kayaking,Paddle reverse stroke
🏔️,outdoor-adventure,Outdoor & Adventure,🛶,kayaking,Kayaking,Paddle sweep stroke
🏔️,outdoor-adventure,Outdoor & Adventure,🛶,kayaking,Kayaking,Paddle draw stroke kayak
🏔️,outdoor-adventure,Outdoor & Adventure,🛶,kayaking,Kayaking,Paddle brace kayak
🏔️,outdoor-adventure,Outdoor & Adventure,🛶,kayaking,Kayaking,Paddle low brace
🏔️,outdoor-adventure,Outdoor & Adventure,🛶,kayaking,Kayaking,Paddle high brace
🏔️,outdoor-adventure,Outdoor & Adventure,🛶,kayaking,Kayaking,Paddle edging kayak
🏔️,outdoor-adventure,Outdoor & Adventure,🛶,kayaking,Kayaking,Paddle tilt turn
🏔️,outdoor-adventure,Outdoor & Adventure,🛶,kayaking,Kayaking,Paddle rudder use
🏔️,outdoor-adventure,Outdoor & Adventure,🛶,kayaking,Kayaking,Paddle skeg use
🏔️,outdoor-adventure,Outdoor & Adventure,🛶,kayaking,Kayaking,Paddle self rescue
🏔️,outdoor-adventure,Outdoor & Adventure,🛶,kayaking,Kayaking,Paddle wet exit
🏔️,outdoor-adventure,Outdoor & Adventure,🛶,kayaking,Kayaking,Paddle eskimo roll
🏔️,outdoor-adventure,Outdoor & Adventure,🛶,kayaking,Kayaking,Paddle paddle float
🏔️,outdoor-adventure,Outdoor & Adventure,🛶,kayaking,Kayaking,Paddle rescue kayak
🏔️,outdoor-adventure,Outdoor & Adventure,🛶,kayaking,Kayaking,Paddle t rescue
🏔️,outdoor-adventure,Outdoor & Adventure,🛶,kayaking,Kayaking,Paddle sculling for support
🏔️,outdoor-adventure,Outdoor & Adventure,🛶,kayaking,Kayaking,Paddle surf kayak
🏔️,outdoor-adventure,Outdoor & Adventure,🛶,kayaking,Kayaking,Paddle roll practice
🏔️,outdoor-adventure,Outdoor & Adventure,🛶,kayaking,Kayaking,Paddle kayak transport
🏔️,outdoor-adventure,Outdoor & Adventure,🛶,kayaking,Kayaking,Paddle kayak storage
🏔️,outdoor-adventure,Outdoor & Adventure,🛶,kayaking,Kayaking,Paddle spray deck
🏔️,outdoor-adventure,Outdoor & Adventure,🛶,kayaking,Kayaking,Paddle pfd kayak
🏔️,outdoor-adventure,Outdoor & Adventure,🛶,kayaking,Kayaking,Paddle kayak safety
🏔️,outdoor-adventure,Outdoor & Adventure,🛶,kayaking,Kayaking,Paddle trip planning kayak
🏔️,outdoor-adventure,Outdoor & Adventure,🛶,canoeing,Canoeing,Canoe canoe types
🏔️,outdoor-adventure,Outdoor & Adventure,🛶,canoeing,Canoeing,Canoe paddle selection
🏔️,outdoor-adventure,Outdoor & Adventure,🛶,canoeing,Canoeing,Canoe grip canoe
🏔️,outdoor-adventure,Outdoor & Adventure,🛶,canoeing,Canoeing,Canoe j stroke
🏔️,outdoor-adventure,Outdoor & Adventure,🛶,canoeing,Canoeing,Canoe c stroke
🏔️,outdoor-adventure,Outdoor & Adventure,🛶,canoeing,Canoeing,Canoe draw stroke canoe
🏔️,outdoor-adventure,Outdoor & Adventure,🛶,canoeing,Canoeing,Canoe pry stroke
🏔️,outdoor-adventure,Outdoor & Adventure,🛶,canoeing,Canoeing,Canoe sweep canoe
🏔️,outdoor-adventure,Outdoor & Adventure,🛶,canoeing,Canoeing,Canoe cross forward
🏔️,outdoor-adventure,Outdoor & Adventure,🛶,canoeing,Canoeing,Canoe cross reverse
🏔️,outdoor-adventure,Outdoor & Adventure,🛶,canoeing,Canoeing,Canoe tandem paddling
🏔️,outdoor-adventure,Outdoor & Adventure,🛶,canoeing,Canoeing,Canoe stern position
🏔️,outdoor-adventure,Outdoor & Adventure,🛶,canoeing,Canoeing,Canoe bow position
🏔️,outdoor-adventure,Outdoor & Adventure,🛶,canoeing,Canoeing,Canoe trim canoe
🏔️,outdoor-adventure,Outdoor & Adventure,🛶,canoeing,Canoeing,Canoe heel canoe
🏔️,outdoor-adventure,Outdoor & Adventure,🛶,canoeing,Canoeing,Canoe turning canoe
🏔️,outdoor-adventure,Outdoor & Adventure,🛶,canoeing,Canoeing,Canoe solo canoe
🏔️,outdoor-adventure,Outdoor & Adventure,🛶,canoeing,Canoeing,Canoe kneeling canoe
🏔️,outdoor-adventure,Outdoor & Adventure,🛶,canoeing,Canoeing,Canoe portage canoe
🏔️,outdoor-adventure,Outdoor & Adventure,🛶,canoeing,Canoeing,Canoe canoe lift
🏔️,outdoor-adventure,Outdoor & Adventure,🛶,canoeing,Canoeing,Canoe yoke carry
🏔️,outdoor-adventure,Outdoor & Adventure,🛶,canoeing,Canoeing,Canoe tie down canoe
🏔️,outdoor-adventure,Outdoor & Adventure,🛶,canoeing,Canoeing,Canoe canoe safety
🏔️,outdoor-adventure,Outdoor & Adventure,🛶,canoeing,Canoeing,Canoe self rescue canoe
🏔️,outdoor-adventure,Outdoor & Adventure,🛶,canoeing,Canoeing,Canoe canoe over self
🏔️,outdoor-adventure,Outdoor & Adventure,🛶,canoeing,Canoeing,Canoe canoe pole
🏔️,outdoor-adventure,Outdoor & Adventure,🛶,canoeing,Canoeing,Canoe canoe sail
🏔️,outdoor-adventure,Outdoor & Adventure,🛶,canoeing,Canoeing,Canoe whitewater canoe
🏔️,outdoor-adventure,Outdoor & Adventure,🛶,canoeing,Canoeing,Canoe flatwater canoe
🏔️,outdoor-adventure,Outdoor & Adventure,🛶,canoeing,Canoeing,Canoe expedition canoe
🏔️,outdoor-adventure,Outdoor & Adventure,🛟,rafting,Rafting,Raft raft types
🏔️,outdoor-adventure,Outdoor & Adventure,🛟,rafting,Rafting,Raft paddle raft
🏔️,outdoor-adventure,Outdoor & Adventure,🛟,rafting,Rafting,Raft oar raft
🏔️,outdoor-adventure,Outdoor & Adventure,🛟,rafting,Rafting,Raft guide position
🏔️,outdoor-adventure,Outdoor & Adventure,🛟,rafting,Rafting,Raft paddle commands
🏔️,outdoor-adventure,Outdoor & Adventure,🛟,rafting,Rafting,Raft forward paddle
🏔️,outdoor-adventure,Outdoor & Adventure,🛟,rafting,Rafting,Raft back paddle
🏔️,outdoor-adventure,Outdoor & Adventure,🛟,rafting,Rafting,Raft left turn
🏔️,outdoor-adventure,Outdoor & Adventure,🛟,rafting,Rafting,Raft right turn
🏔️,outdoor-adventure,Outdoor & Adventure,🛟,rafting,Rafting,Raft stop command
🏔️,outdoor-adventure,Outdoor & Adventure,🛟,rafting,Rafting,Raft get down hold
🏔️,outdoor-adventure,Outdoor & Adventure,🛟,rafting,Rafting,Raft high siding
🏔️,outdoor-adventure,Outdoor & Adventure,🛟,rafting,Rafting,Raft reading rapids
🏔️,outdoor-adventure,Outdoor & Adventure,🛟,rafting,Rafting,Raft class rapids
🏔️,outdoor-adventure,Outdoor & Adventure,🛟,rafting,Rafting,Raft wave train
🏔️,outdoor-adventure,Outdoor & Adventure,🛟,rafting,Rafting,Raft hole reading
🏔️,outdoor-adventure,Outdoor & Adventure,🛟,rafting,Rafting,Raft eddy raft
🏔️,outdoor-adventure,Outdoor & Adventure,🛟,rafting,Rafting,Raft ferry angle
🏔️,outdoor-adventure,Outdoor & Adventure,🛟,rafting,Rafting,Raft peel out
🏔️,outdoor-adventure,Outdoor & Adventure,🛟,rafting,Rafting,Raft surf wave
🏔️,outdoor-adventure,Outdoor & Adventure,🛟,rafting,Rafting,Raft flip raft
🏔️,outdoor-adventure,Outdoor & Adventure,🛟,rafting,Rafting,Raft self rescue raft
🏔️,outdoor-adventure,Outdoor & Adventure,🛟,rafting,Rafting,Raft throw bag
🏔️,outdoor-adventure,Outdoor & Adventure,🛟,rafting,Rafting,Raft rope rescue raft
🏔️,outdoor-adventure,Outdoor & Adventure,🛟,rafting,Rafting,Raft wrap avoid
🏔️,outdoor-adventure,Outdoor & Adventure,🛟,rafting,Rafting,Raft raft inflation
🏔️,outdoor-adventure,Outdoor & Adventure,🛟,rafting,Rafting,Raft frame setup
🏔️,outdoor-adventure,Outdoor & Adventure,🛟,rafting,Rafting,Raft cooler rig
🏔️,outdoor-adventure,Outdoor & Adventure,🛟,rafting,Rafting,Raft oar frame
🏔️,outdoor-adventure,Outdoor & Adventure,🛟,rafting,Rafting,Raft trip leader raft
🏔️,outdoor-adventure,Outdoor & Adventure,⛵,sailing,Sailing,Sail sail types
🏔️,outdoor-adventure,Outdoor & Adventure,⛵,sailing,Sailing,Sail main sail
🏔️,outdoor-adventure,Outdoor & Adventure,⛵,sailing,Sailing,Sail jib sail
🏔️,outdoor-adventure,Outdoor & Adventure,⛵,sailing,Sailing,Sail spinnaker techniques
🏔️,outdoor-adventure,Outdoor & Adventure,⛵,sailing,Sailing,Sail rigging boat
🏔️,outdoor-adventure,Outdoor & Adventure,⛵,sailing,Sailing,Sail halyard lift
🏔️,outdoor-adventure,Outdoor & Adventure,⛵,sailing,Sailing,Sail sheet sail
🏔️,outdoor-adventure,Outdoor & Adventure,⛵,sailing,Sailing,Sail winch use
🏔️,outdoor-adventure,Outdoor & Adventure,⛵,sailing,Sailing,Sail trim main
🏔️,outdoor-adventure,Outdoor & Adventure,⛵,sailing,Sailing,Sail trim jib
🏔️,outdoor-adventure,Outdoor & Adventure,⛵,sailing,Sailing,Sail points of sail
🏔️,outdoor-adventure,Outdoor & Adventure,⛵,sailing,Sailing,Sail close hauled
🏔️,outdoor-adventure,Outdoor & Adventure,⛵,sailing,Sailing,Sail beam reach
🏔️,outdoor-adventure,Outdoor & Adventure,⛵,sailing,Sailing,Sail broad reach
🏔️,outdoor-adventure,Outdoor & Adventure,⛵,sailing,Sailing,Sail running sail
🏔️,outdoor-adventure,Outdoor & Adventure,⛵,sailing,Sailing,Sail tacking sail
🏔️,outdoor-adventure,Outdoor & Adventure,⛵,sailing,Sailing,Sail jibing sail
🏔️,outdoor-adventure,Outdoor & Adventure,⛵,sailing,Sailing,Sail heave to
🏔️,outdoor-adventure,Outdoor & Adventure,⛵,sailing,Sailing,Sail mooring sail
🏔️,outdoor-adventure,Outdoor & Adventure,⛵,sailing,Sailing,Sail docking sail
🏔️,outdoor-adventure,Outdoor & Adventure,⛵,sailing,Sailing,Sail anchoring sail
🏔️,outdoor-adventure,Outdoor & Adventure,⛵,sailing,Sailing,Sail navigation sail
🏔️,outdoor-adventure,Outdoor & Adventure,⛵,sailing,Sailing,Sail buoy recognition
🏔️,outdoor-adventure,Outdoor & Adventure,⛵,sailing,Sailing,Sail right of way
🏔️,outdoor-adventure,Outdoor & Adventure,⛵,sailing,Sailing,Sail weather sail
🏔️,outdoor-adventure,Outdoor & Adventure,⛵,sailing,Sailing,Sail knots sailing
🏔️,outdoor-adventure,Outdoor & Adventure,⛵,sailing,Sailing,Sail cleat hitch
🏔️,outdoor-adventure,Outdoor & Adventure,⛵,sailing,Sailing,Sail sail maintenance
🏔️,outdoor-adventure,Outdoor & Adventure,⛵,sailing,Sailing,Sail safety sailing
🏔️,outdoor-adventure,Outdoor & Adventure,⛵,sailing,Sailing,Sail crew commands
🏔️,outdoor-adventure,Outdoor & Adventure,🏄,surfing,Surfing,Surf board types
🏔️,outdoor-adventure,Outdoor & Adventure,🏄,surfing,Surfing,Surf longboard techniques
🏔️,outdoor-adventure,Outdoor & Adventure,🏄,surfing,Surfing,Surf shortboard techniques
🏔️,outdoor-adventure,Outdoor & Adventure,🏄,surfing,Surfing,Surf fish board
🏔️,outdoor-adventure,Outdoor & Adventure,🏄,surfing,Surfing,Surf foam board
🏔️,outdoor-adventure,Outdoor & Adventure,🏄,surfing,Surfing,Surf paddle out
🏔️,outdoor-adventure,Outdoor & Adventure,🏄,surfing,Surfing,Surf duck dive
🏔️,outdoor-adventure,Outdoor & Adventure,🏄,surfing,Surfing,Surf turtle roll
🏔️,outdoor-adventure,Outdoor & Adventure,🏄,surfing,Surfing,Surf pop up
🏔️,outdoor-adventure,Outdoor & Adventure,🏄,surfing,Surfing,Surf stance surf
🏔️,outdoor-adventure,Outdoor & Adventure,🏄,surfing,Surfing,Surf trimming surf
🏔️,outdoor-adventure,Outdoor & Adventure,🏄,surfing,Surfing,Surf bottom turn
🏔️,outdoor-adventure,Outdoor & Adventure,🏄,surfing,Surfing,Surf top turn
🏔️,outdoor-adventure,Outdoor & Adventure,🏄,surfing,Surfing,Surf cutback surf
🏔️,outdoor-adventure,Outdoor & Adventure,🏄,surfing,Surfing,Surf roundhouse cut
🏔️,outdoor-adventure,Outdoor & Adventure,🏄,surfing,Surfing,Surf snap surf
🏔️,outdoor-adventure,Outdoor & Adventure,🏄,surfing,Surfing,Surf floater surf
🏔️,outdoor-adventure,Outdoor & Adventure,🏄,surfing,Surfing,Surf tube riding
🏔️,outdoor-adventure,Outdoor & Adventure,🏄,surfing,Surfing,Surf drop in surf
🏔️,outdoor-adventure,Outdoor & Adventure,🏄,surfing,Surfing,Surf take off surf
🏔️,outdoor-adventure,Outdoor & Adventure,🏄,surfing,Surfing,Surf wave selection
🏔️,outdoor-adventure,Outdoor & Adventure,🏄,surfing,Surfing,Surf line up position
🏔️,outdoor-adventure,Outdoor & Adventure,🏄,surfing,Surfing,Surf etiquette surf
🏔️,outdoor-adventure,Outdoor & Adventure,🏄,surfing,Surfing,Surf dropping in rule
🏔️,outdoor-adventure,Outdoor & Adventure,🏄,surfing,Surfing,Surf respect local
🏔️,outdoor-adventure,Outdoor & Adventure,🏄,surfing,Surfing,Surf surf forecast
🏔️,outdoor-adventure,Outdoor & Adventure,🏄,surfing,Surfing,Surf swell direction
🏔️,outdoor-adventure,Outdoor & Adventure,🏄,surfing,Surfing,Surf wind surf
🏔️,outdoor-adventure,Outdoor & Adventure,🏄,surfing,Surfing,Surf tide surf
🏔️,outdoor-adventure,Outdoor & Adventure,🏄,surfing,Surfing,Surf surf fitness
🏔️,outdoor-adventure,Outdoor & Adventure,🏂,snowboarding,Snowboarding,Shred board setup
🏔️,outdoor-adventure,Outdoor & Adventure,🏂,snowboarding,Snowboarding,Shred stance angles
🏔️,outdoor-adventure,Outdoor & Adventure,🏂,snowboarding,Snowboarding,Shred bindings install
🏔️,outdoor-adventure,Outdoor & Adventure,🏂,snowboarding,Snowboarding,Shred boot fit
🏔️,outdoor-adventure,Outdoor & Adventure,🏂,snowboarding,Snowboarding,Shred falling leaf
🏔️,outdoor-adventure,Outdoor & Adventure,🏂,snowboarding,Snowboarding,Shred heel side
🏔️,outdoor-adventure,Outdoor & Adventure,🏂,snowboarding,Snowboarding,Shred toe side
🏔️,outdoor-adventure,Outdoor & Adventure,🏂,snowboarding,Snowboarding,Shred j turn
🏔️,outdoor-adventure,Outdoor & Adventure,🏂,snowboarding,Snowboarding,Shred garland turn
🏔️,outdoor-adventure,Outdoor & Adventure,🏂,snowboarding,Snowboarding,Shred linked turns
🏔️,outdoor-adventure,Outdoor & Adventure,🏂,snowboarding,Snowboarding,Shred carving board
🏔️,outdoor-adventure,Outdoor & Adventure,🏂,snowboarding,Snowboarding,Shred edge control
🏔️,outdoor-adventure,Outdoor & Adventure,🏂,snowboarding,Snowboarding,Shred speed control
🏔️,outdoor-adventure,Outdoor & Adventure,🏂,snowboarding,Snowboarding,Shred traverse snow
🏔️,outdoor-adventure,Outdoor & Adventure,🏂,snowboarding,Snowboarding,Shred flat board
🏔️,outdoor-adventure,Outdoor & Adventure,🏂,snowboarding,Snowboarding,Shred switch riding
🏔️,outdoor-adventure,Outdoor & Adventure,🏂,snowboarding,Snowboarding,Shred ollie board
🏔️,outdoor-adventure,Outdoor & Adventure,🏂,snowboarding,Snowboarding,Shred nollie board
🏔️,outdoor-adventure,Outdoor & Adventure,🏂,snowboarding,Snowboarding,Shred board slide
🏔️,outdoor-adventure,Outdoor & Adventure,🏂,snowboarding,Snowboarding,Shred box slide
🏔️,outdoor-adventure,Outdoor & Adventure,🏂,snowboarding,Snowboarding,Shred rail riding
🏔️,outdoor-adventure,Outdoor & Adventure,🏂,snowboarding,Snowboarding,Shred jump snowboard
🏔️,outdoor-adventure,Outdoor & Adventure,🏂,snowboarding,Snowboarding,Shred spin snowboard
🏔️,outdoor-adventure,Outdoor & Adventure,🏂,snowboarding,Snowboarding,Shred 180 spin
🏔️,outdoor-adventure,Outdoor & Adventure,🏂,snowboarding,Snowboarding,Shred 360 spin
🏔️,outdoor-adventure,Outdoor & Adventure,🏂,snowboarding,Snowboarding,Shred half pipe
🏔️,outdoor-adventure,Outdoor & Adventure,🏂,snowboarding,Snowboarding,Shred powder riding
🏔️,outdoor-adventure,Outdoor & Adventure,🏂,snowboarding,Snowboarding,Shred tree run
🏔️,outdoor-adventure,Outdoor & Adventure,🏂,snowboarding,Snowboarding,Shred mogul board
🏔️,outdoor-adventure,Outdoor & Adventure,🏂,snowboarding,Snowboarding,Shred snowboard safety
🏔️,outdoor-adventure,Outdoor & Adventure,🎿,skiing,Skiing,Ski ski types
🏔️,outdoor-adventure,Outdoor & Adventure,🎿,skiing,Skiing,Ski boot fit ski
🏔️,outdoor-adventure,Outdoor & Adventure,🎿,skiing,Skiing,Ski binding setup
🏔️,outdoor-adventure,Outdoor & Adventure,🎿,skiing,Skiing,Ski pole use ski
🏔️,outdoor-adventure,Outdoor & Adventure,🎿,skiing,Skiing,Ski snowplow techniques
🏔️,outdoor-adventure,Outdoor & Adventure,🎿,skiing,Skiing,Ski pizza wedge
🏔️,outdoor-adventure,Outdoor & Adventure,🎿,skiing,Skiing,Ski wedge turn
🏔️,outdoor-adventure,Outdoor & Adventure,🎿,skiing,Skiing,Ski parallel turn
🏔️,outdoor-adventure,Outdoor & Adventure,🎿,skiing,Skiing,Ski carving ski
🏔️,outdoor-adventure,Outdoor & Adventure,🎿,skiing,Skiing,Ski edge control ski
🏔️,outdoor-adventure,Outdoor & Adventure,🎿,skiing,Skiing,Ski pole plant
🏔️,outdoor-adventure,Outdoor & Adventure,🎿,skiing,Skiing,Ski short turn
🏔️,outdoor-adventure,Outdoor & Adventure,🎿,skiing,Skiing,Ski long turn
🏔️,outdoor-adventure,Outdoor & Adventure,🎿,skiing,Skiing,Ski mogul skiing
🏔️,outdoor-adventure,Outdoor & Adventure,🎿,skiing,Skiing,Ski bump technique
🏔️,outdoor-adventure,Outdoor & Adventure,🎿,skiing,Skiing,Ski powder ski
🏔️,outdoor-adventure,Outdoor & Adventure,🎿,skiing,Skiing,Ski off piste
🏔️,outdoor-adventure,Outdoor & Adventure,🎿,skiing,Skiing,Ski tree skiing
🏔️,outdoor-adventure,Outdoor & Adventure,🎿,skiing,Skiing,Ski steep terrain
🏔️,outdoor-adventure,Outdoor & Adventure,🎿,skiing,Skiing,Ski ice skiing
🏔️,outdoor-adventure,Outdoor & Adventure,🎿,skiing,Skiing,Ski ski jump
🏔️,outdoor-adventure,Outdoor & Adventure,🎿,skiing,Skiing,Ski race turn
🏔️,outdoor-adventure,Outdoor & Adventure,🎿,skiing,Skiing,Ski giant slalom
🏔️,outdoor-adventure,Outdoor & Adventure,🎿,skiing,Skiing,Ski slalom ski
🏔️,outdoor-adventure,Outdoor & Adventure,🎿,skiing,Skiing,Ski ski safety
🏔️,outdoor-adventure,Outdoor & Adventure,🎿,skiing,Skiing,Ski avalanche safety
🏔️,outdoor-adventure,Outdoor & Adventure,🎿,skiing,Skiing,Ski ski patrol
🏔️,outdoor-adventure,Outdoor & Adventure,🎿,skiing,Skiing,Ski uphill ski
🏔️,outdoor-adventure,Outdoor & Adventure,🎿,skiing,Skiing,Ski skin track
🏔️,outdoor-adventure,Outdoor & Adventure,🎿,skiing,Skiing,Ski backcountry ski
🏔️,outdoor-adventure,Outdoor & Adventure,🧊,ice-climbing,Ice Climbing,Ice climb ice tools
🏔️,outdoor-adventure,Outdoor & Adventure,🧊,ice-climbing,Ice Climbing,Ice climb tool selection
🏔️,outdoor-adventure,Outdoor & Adventure,🧊,ice-climbing,Ice Climbing,Ice climb crampon fit
🏔️,outdoor-adventure,Outdoor & Adventure,🧊,ice-climbing,Ice Climbing,Ice climb boot crampon
🏔️,outdoor-adventure,Outdoor & Adventure,🧊,ice-climbing,Ice Climbing,Ice climb front pointing
🏔️,outdoor-adventure,Outdoor & Adventure,🧊,ice-climbing,Ice Climbing,Ice climb swings technique
🏔️,outdoor-adventure,Outdoor & Adventure,🧊,ice-climbing,Ice Climbing,Ice climb screw placement
🏔️,outdoor-adventure,Outdoor & Adventure,🧊,ice-climbing,Ice Climbing,Ice climb ice screw
🏔️,outdoor-adventure,Outdoor & Adventure,🧊,ice-climbing,Ice Climbing,Ice climb v thread
🏔️,outdoor-adventure,Outdoor & Adventure,🧊,ice-climbing,Ice Climbing,Ice climb anchor ice
🏔️,outdoor-adventure,Outdoor & Adventure,🧊,ice-climbing,Ice Climbing,Ice climb top rope ice
🏔️,outdoor-adventure,Outdoor & Adventure,🧊,ice-climbing,Ice Climbing,Ice climb lead ice climb
🏔️,outdoor-adventure,Outdoor & Adventure,🧊,ice-climbing,Ice Climbing,Ice climb ice protection
🏔️,outdoor-adventure,Outdoor & Adventure,🧊,ice-climbing,Ice Climbing,Ice climb belay ice
🏔️,outdoor-adventure,Outdoor & Adventure,🧊,ice-climbing,Ice Climbing,Ice climb screw belay
🏔️,outdoor-adventure,Outdoor & Adventure,🧊,ice-climbing,Ice Climbing,Ice climb abbalakov thread
🏔️,outdoor-adventure,Outdoor & Adventure,🧊,ice-climbing,Ice Climbing,Ice climb ice structure
🏔️,outdoor-adventure,Outdoor & Adventure,🧊,ice-climbing,Ice Climbing,Ice climb blue ice
🏔️,outdoor-adventure,Outdoor & Adventure,🧊,ice-climbing,Ice Climbing,Ice climb cascade ice
🏔️,outdoor-adventure,Outdoor & Adventure,🧊,ice-climbing,Ice Climbing,Ice climb alpine ice
🏔️,outdoor-adventure,Outdoor & Adventure,🧊,ice-climbing,Ice Climbing,Ice climb mixed climbing
🏔️,outdoor-adventure,Outdoor & Adventure,🧊,ice-climbing,Ice Climbing,Ice climb dry tooling
🏔️,outdoor-adventure,Outdoor & Adventure,🧊,ice-climbing,Ice Climbing,Ice climb glacier travel ice
🏔️,outdoor-adventure,Outdoor & Adventure,🧊,ice-climbing,Ice Climbing,Ice climb rope ice climb
🏔️,outdoor-adventure,Outdoor & Adventure,🧊,ice-climbing,Ice Climbing,Ice climb ice climbing warm
🏔️,outdoor-adventure,Outdoor & Adventure,🧊,ice-climbing,Ice Climbing,Ice climb ice pitons
🏔️,outdoor-adventure,Outdoor & Adventure,🧊,ice-climbing,Ice Climbing,Ice climb ice hammer
🏔️,outdoor-adventure,Outdoor & Adventure,🧊,ice-climbing,Ice Climbing,Ice climb tool leash
🏔️,outdoor-adventure,Outdoor & Adventure,🧊,ice-climbing,Ice Climbing,Ice climb piolet traction
🏔️,outdoor-adventure,Outdoor & Adventure,🧊,ice-climbing,Ice Climbing,Ice climb self arrest ice
🏔️,outdoor-adventure,Outdoor & Adventure,🏔️,mountaineering,Mountaineering,Summit glacier travel
🏔️,outdoor-adventure,Outdoor & Adventure,🏔️,mountaineering,Mountaineering,Summit crevasse rescue
🏔️,outdoor-adventure,Outdoor & Adventure,🏔️,mountaineering,Mountaineering,Summit rope team mt
🏔️,outdoor-adventure,Outdoor & Adventure,🏔️,mountaineering,Mountaineering,Summit ice axe use
🏔️,outdoor-adventure,Outdoor & Adventure,🏔️,mountaineering,Mountaineering,Summit self arrest
🏔️,outdoor-adventure,Outdoor & Adventure,🏔️,mountaineering,Mountaineering,Summit crampon walk
🏔️,outdoor-adventure,Outdoor & Adventure,🏔️,mountaineering,Mountaineering,Summit step kicking
🏔️,outdoor-adventure,Outdoor & Adventure,🏔️,mountaineering,Mountaineering,Summit kicking steps
🏔️,outdoor-adventure,Outdoor & Adventure,🏔️,mountaineering,Mountaineering,Summit expedition plan
🏔️,outdoor-adventure,Outdoor & Adventure,🏔️,mountaineering,Mountaineering,Summit high altitude
🏔️,outdoor-adventure,Outdoor & Adventure,🏔️,mountaineering,Mountaineering,Summit acclimatization techniques
🏔️,outdoor-adventure,Outdoor & Adventure,🏔️,mountaineering,Mountaineering,Summit altitude sickness
🏔️,outdoor-adventure,Outdoor & Adventure,🏔️,mountaineering,Mountaineering,Summit summit strategy
🏔️,outdoor-adventure,Outdoor & Adventure,🏔️,mountaineering,Mountaineering,Summit mountain weather
🏔️,outdoor-adventure,Outdoor & Adventure,🏔️,mountaineering,Mountaineering,Summit route planning mt
🏔️,outdoor-adventure,Outdoor & Adventure,🏔️,mountaineering,Mountaineering,Summit navigation mt
🏔️,outdoor-adventure,Outdoor & Adventure,🏔️,mountaineering,Mountaineering,Summit alpine start
🏔️,outdoor-adventure,Outdoor & Adventure,🏔️,mountaineering,Mountaineering,Summit fixed line
🏔️,outdoor-adventure,Outdoor & Adventure,🏔️,mountaineering,Mountaineering,Summit jumar climbing
🏔️,outdoor-adventure,Outdoor & Adventure,🏔️,mountaineering,Mountaineering,Summit rappel mountain
🏔️,outdoor-adventure,Outdoor & Adventure,🏔️,mountaineering,Mountaineering,Summit snow anchor
🏔️,outdoor-adventure,Outdoor & Adventure,🏔️,mountaineering,Mountaineering,Summit ice anchor mt
🏔️,outdoor-adventure,Outdoor & Adventure,🏔️,mountaineering,Mountaineering,Summit rock protection
🏔️,outdoor-adventure,Outdoor & Adventure,🏔️,mountaineering,Mountaineering,Summit mountain camp
🏔️,outdoor-adventure,Outdoor & Adventure,🏔️,mountaineering,Mountaineering,Summit base camp setup
🏔️,outdoor-adventure,Outdoor & Adventure,🏔️,mountaineering,Mountaineering,Summit food altitude
🏔️,outdoor-adventure,Outdoor & Adventure,🏔️,mountaineering,Mountaineering,Summit hydration mt
🏔️,outdoor-adventure,Outdoor & Adventure,🏔️,mountaineering,Mountaineering,Summit gear mountain
🏔️,outdoor-adventure,Outdoor & Adventure,🏔️,mountaineering,Mountaineering,Summit mountain rescue
🏔️,outdoor-adventure,Outdoor & Adventure,🏔️,mountaineering,Mountaineering,Summit descent plan
🏔️,outdoor-adventure,Outdoor & Adventure,🏃,trail-running,Trail Running,Trail run trail technique
🏔️,outdoor-adventure,Outdoor & Adventure,🏃,trail-running,Trail Running,Trail run uphill running tr
🏔️,outdoor-adventure,Outdoor & Adventure,🏃,trail-running,Trail Running,Trail run downhill running tr
🏔️,outdoor-adventure,Outdoor & Adventure,🏃,trail-running,Trail Running,Trail run technical terrain
🏔️,outdoor-adventure,Outdoor & Adventure,🏃,trail-running,Trail Running,Trail run root navigation
🏔️,outdoor-adventure,Outdoor & Adventure,🏃,trail-running,Trail Running,Trail run rock hopping tr
🏔️,outdoor-adventure,Outdoor & Adventure,🏃,trail-running,Trail Running,Trail run stream crossing tr
🏔️,outdoor-adventure,Outdoor & Adventure,🏃,trail-running,Trail Running,Trail run trail etiquette tr
🏔️,outdoor-adventure,Outdoor & Adventure,🏃,trail-running,Trail Running,Trail run trail shoe tr
🏔️,outdoor-adventure,Outdoor & Adventure,🏃,trail-running,Trail Running,Trail run trail gear tr
🏔️,outdoor-adventure,Outdoor & Adventure,🏃,trail-running,Trail Running,Trail run hydration pack tr
🏔️,outdoor-adventure,Outdoor & Adventure,🏃,trail-running,Trail Running,Trail run trail poles tr
🏔️,outdoor-adventure,Outdoor & Adventure,🏃,trail-running,Trail Running,Trail run navigation tr
🏔️,outdoor-adventure,Outdoor & Adventure,🏃,trail-running,Trail Running,Trail run trail map tr
🏔️,outdoor-adventure,Outdoor & Adventure,🏃,trail-running,Trail Running,Trail run gps trail tr
🏔️,outdoor-adventure,Outdoor & Adventure,🏃,trail-running,Trail Running,Trail run elevation gain tr
🏔️,outdoor-adventure,Outdoor & Adventure,🏃,trail-running,Trail Running,Trail run grade running tr
🏔️,outdoor-adventure,Outdoor & Adventure,🏃,trail-running,Trail Running,Trail run power hike tr
🏔️,outdoor-adventure,Outdoor & Adventure,🏃,trail-running,Trail Running,Trail run trail pace tr
🏔️,outdoor-adventure,Outdoor & Adventure,🏃,trail-running,Trail Running,Trail run descending control tr
🏔️,outdoor-adventure,Outdoor & Adventure,🏃,trail-running,Trail Running,Trail run single track tr
🏔️,outdoor-adventure,Outdoor & Adventure,🏃,trail-running,Trail Running,Trail run fire road tr
🏔️,outdoor-adventure,Outdoor & Adventure,🏃,trail-running,Trail Running,Trail run switchback tr
🏔️,outdoor-adventure,Outdoor & Adventure,🏃,trail-running,Trail Running,Trail run mountain trail tr
🏔️,outdoor-adventure,Outdoor & Adventure,🏃,trail-running,Trail Running,Trail run forest run tr
🏔️,outdoor-adventure,Outdoor & Adventure,🏃,trail-running,Trail Running,Trail run desert trail tr
🏔️,outdoor-adventure,Outdoor & Adventure,🏃,trail-running,Trail Running,Trail run coastal trail tr
🏔️,outdoor-adventure,Outdoor & Adventure,🏃,trail-running,Trail Running,Trail run winter trail tr
🏔️,outdoor-adventure,Outdoor & Adventure,🏃,trail-running,Trail Running,Trail run trail safety tr
🏔️,outdoor-adventure,Outdoor & Adventure,🏃,trail-running,Trail Running,Trail run wildlife awareness tr
🏔️,outdoor-adventure,Outdoor & Adventure,🚵,mountain-biking,Mountain Biking,Ride bike setup mtb
🏔️,outdoor-adventure,Outdoor & Adventure,🚵,mountain-biking,Mountain Biking,Ride suspension setup
🏔️,outdoor-adventure,Outdoor & Adventure,🚵,mountain-biking,Mountain Biking,Ride dropper post
🏔️,outdoor-adventure,Outdoor & Adventure,🚵,mountain-biking,Mountain Biking,Ride climbing mtb
🏔️,outdoor-adventure,Outdoor & Adventure,🚵,mountain-biking,Mountain Biking,Ride descending mtb
🏔️,outdoor-adventure,Outdoor & Adventure,🚵,mountain-biking,Mountain Biking,Ride cornering mtb
🏔️,outdoor-adventure,Outdoor & Adventure,🚵,mountain-biking,Mountain Biking,Ride braking mtb
🏔️,outdoor-adventure,Outdoor & Adventure,🚵,mountain-biking,Mountain Biking,Ride body position mtb
🏔️,outdoor-adventure,Outdoor & Adventure,🚵,mountain-biking,Mountain Biking,Ride attack position
🏔️,outdoor-adventure,Outdoor & Adventure,🚵,mountain-biking,Mountain Biking,Ride weight distribution
🏔️,outdoor-adventure,Outdoor & Adventure,🚵,mountain-biking,Mountain Biking,Ride pedal stroke mtb
🏔️,outdoor-adventure,Outdoor & Adventure,🚵,mountain-biking,Mountain Biking,Ride flat pedal mtb
🏔️,outdoor-adventure,Outdoor & Adventure,🚵,mountain-biking,Mountain Biking,Ride clipless mtb
🏔️,outdoor-adventure,Outdoor & Adventure,🚵,mountain-biking,Mountain Biking,Ride wheelie mtb
🏔️,outdoor-adventure,Outdoor & Adventure,🚵,mountain-biking,Mountain Biking,Ride bunny hop mtb
🏔️,outdoor-adventure,Outdoor & Adventure,🚵,mountain-biking,Mountain Biking,Ride manual mtb
🏔️,outdoor-adventure,Outdoor & Adventure,🚵,mountain-biking,Mountain Biking,Ride jump mtb
🏔️,outdoor-adventure,Outdoor & Adventure,🚵,mountain-biking,Mountain Biking,Ride drop mtb
🏔️,outdoor-adventure,Outdoor & Adventure,🚵,mountain-biking,Mountain Biking,Ride rock garden
🏔️,outdoor-adventure,Outdoor & Adventure,🚵,mountain-biking,Mountain Biking,Ride root garden
🏔️,outdoor-adventure,Outdoor & Adventure,🚵,mountain-biking,Mountain Biking,Ride switchback mtb
🏔️,outdoor-adventure,Outdoor & Adventure,🚵,mountain-biking,Mountain Biking,Ride berm riding
🏔️,outdoor-adventure,Outdoor & Adventure,🚵,mountain-biking,Mountain Biking,Ride tabletop jump
🏔️,outdoor-adventure,Outdoor & Adventure,🚵,mountain-biking,Mountain Biking,Ride double jump
🏔️,outdoor-adventure,Outdoor & Adventure,🚵,mountain-biking,Mountain Biking,Ride step down mtb
🏔️,outdoor-adventure,Outdoor & Adventure,🚵,mountain-biking,Mountain Biking,Ride technical climb
🏔️,outdoor-adventure,Outdoor & Adventure,🚵,mountain-biking,Mountain Biking,Ride steep climb
🏔️,outdoor-adventure,Outdoor & Adventure,🚵,mountain-biking,Mountain Biking,Ride steep descent
🏔️,outdoor-adventure,Outdoor & Adventure,🚵,mountain-biking,Mountain Biking,Ride loose terrain
🏔️,outdoor-adventure,Outdoor & Adventure,🚵,mountain-biking,Mountain Biking,Ride mtb maintenance
🏔️,outdoor-adventure,Outdoor & Adventure,🪨,rock-scrambling,Rock Scrambling,Scramble route reading
🏔️,outdoor-adventure,Outdoor & Adventure,🪨,rock-scrambling,Rock Scrambling,Scramble three points contact
🏔️,outdoor-adventure,Outdoor & Adventure,🪨,rock-scrambling,Rock Scrambling,Scramble foot placement
🏔️,outdoor-adventure,Outdoor & Adventure,🪨,rock-scrambling,Rock Scrambling,Scramble hand hold
🏔️,outdoor-adventure,Outdoor & Adventure,🪨,rock-scrambling,Rock Scrambling,Scramble smearing rock
🏔️,outdoor-adventure,Outdoor & Adventure,🪨,rock-scrambling,Rock Scrambling,Scramble edging rock
🏔️,outdoor-adventure,Outdoor & Adventure,🪨,rock-scrambling,Rock Scrambling,Scramble mantle rock
🏔️,outdoor-adventure,Outdoor & Adventure,🪨,rock-scrambling,Rock Scrambling,Scramble high step
🏔️,outdoor-adventure,Outdoor & Adventure,🪨,rock-scrambling,Rock Scrambling,Scramble gaston scramble
🏔️,outdoor-adventure,Outdoor & Adventure,🪨,rock-scrambling,Rock Scrambling,Scramble layback move
🏔️,outdoor-adventure,Outdoor & Adventure,🪨,rock-scrambling,Rock Scrambling,Scramble stemming rock
🏔️,outdoor-adventure,Outdoor & Adventure,🪨,rock-scrambling,Rock Scrambling,Scramble bridging move
🏔️,outdoor-adventure,Outdoor & Adventure,🪨,rock-scrambling,Rock Scrambling,Scramble chimney climb
🏔️,outdoor-adventure,Outdoor & Adventure,🪨,rock-scrambling,Rock Scrambling,Scramble overhang scramble
🏔️,outdoor-adventure,Outdoor & Adventure,🪨,rock-scrambling,Rock Scrambling,Scramble dynamic move
🏔️,outdoor-adventure,Outdoor & Adventure,🪨,rock-scrambling,Rock Scrambling,Scramble static reach
🏔️,outdoor-adventure,Outdoor & Adventure,🪨,rock-scrambling,Rock Scrambling,Scramble traverse scramble
🏔️,outdoor-adventure,Outdoor & Adventure,🪨,rock-scrambling,Rock Scrambling,Scramble downclimb techniques
🏔️,outdoor-adventure,Outdoor & Adventure,🪨,rock-scrambling,Rock Scrambling,Scramble rock types
🏔️,outdoor-adventure,Outdoor & Adventure,🪨,rock-scrambling,Rock Scrambling,Scramble granite climb
🏔️,outdoor-adventure,Outdoor & Adventure,🪨,rock-scrambling,Rock Scrambling,Scramble sandstone climb
🏔️,outdoor-adventure,Outdoor & Adventure,🪨,rock-scrambling,Rock Scrambling,Scramble limestone climb
🏔️,outdoor-adventure,Outdoor & Adventure,🪨,rock-scrambling,Rock Scrambling,Scramble slab climb
🏔️,outdoor-adventure,Outdoor & Adventure,🪨,rock-scrambling,Rock Scrambling,Scramble crack climb
🏔️,outdoor-adventure,Outdoor & Adventure,🪨,rock-scrambling,Rock Scrambling,Scramble face climb
🏔️,outdoor-adventure,Outdoor & Adventure,🪨,rock-scrambling,Rock Scrambling,Scramble arete ridge
🏔️,outdoor-adventure,Outdoor & Adventure,🪨,rock-scrambling,Rock Scrambling,Scramble gully route
🏔️,outdoor-adventure,Outdoor & Adventure,🪨,rock-scrambling,Rock Scrambling,Scramble ridge walking scram
🏔️,outdoor-adventure,Outdoor & Adventure,🪨,rock-scrambling,Rock Scrambling,Scramble exposure manage
🏔️,outdoor-adventure,Outdoor & Adventure,🪨,rock-scrambling,Rock Scrambling,Scramble scramble safety
🏔️,outdoor-adventure,Outdoor & Adventure,🕳️,caving,Caving,Descend cave types
🏔️,outdoor-adventure,Outdoor & Adventure,🕳️,caving,Caving,Descend vertical cave
🏔️,outdoor-adventure,Outdoor & Adventure,🕳️,caving,Caving,Descend horizontal cave
🏔️,outdoor-adventure,Outdoor & Adventure,🕳️,caving,Caving,Descend caving helmet
🏔️,outdoor-adventure,Outdoor & Adventure,🕳️,caving,Caving,Descend headlamp cave
🏔️,outdoor-adventure,Outdoor & Adventure,🕳️,caving,Caving,Descend spare light
🏔️,outdoor-adventure,Outdoor & Adventure,🕳️,caving,Caving,Descend caving rope
🏔️,outdoor-adventure,Outdoor & Adventure,🕳️,caving,Caving,Descend knots caving
🏔️,outdoor-adventure,Outdoor & Adventure,🕳️,caving,Caving,Descend rappel cave
🏔️,outdoor-adventure,Outdoor & Adventure,🕳️,caving,Caving,Descend ascend rope
🏔️,outdoor-adventure,Outdoor & Adventure,🕳️,caving,Caving,Descend knot pass
🏔️,outdoor-adventure,Outdoor & Adventure,🕳️,caving,Caving,Descend rope protection
🏔️,outdoor-adventure,Outdoor & Adventure,🕳️,caving,Caving,Descend rigging cave
🏔️,outdoor-adventure,Outdoor & Adventure,🕳️,caving,Caving,Descend anchor cave
🏔️,outdoor-adventure,Outdoor & Adventure,🕳️,caving,Caving,Descend natural anchor
🏔️,outdoor-adventure,Outdoor & Adventure,🕳️,caving,Caving,Descend bolt cave
🏔️,outdoor-adventure,Outdoor & Adventure,🕳️,caving,Caving,Descend tackle cave
🏔️,outdoor-adventure,Outdoor & Adventure,🕳️,caving,Caving,Descend cave survey
🏔️,outdoor-adventure,Outdoor & Adventure,🕳️,caving,Caving,Descend survey sketch
🏔️,outdoor-adventure,Outdoor & Adventure,🕳️,caving,Caving,Descend cave mapping
🏔️,outdoor-adventure,Outdoor & Adventure,🕳️,caving,Caving,Descend cave geology
🏔️,outdoor-adventure,Outdoor & Adventure,🕳️,caving,Caving,Descend formation ID
🏔️,outdoor-adventure,Outdoor & Adventure,🕳️,caving,Caving,Descend stalactite techniques
🏔️,outdoor-adventure,Outdoor & Adventure,🕳️,caving,Caving,Descend stalagmite techniques
🏔️,outdoor-adventure,Outdoor & Adventure,🕳️,caving,Caving,Descend flowstone techniques
🏔️,outdoor-adventure,Outdoor & Adventure,🕳️,caving,Caving,Descend helictite techniques
🏔️,outdoor-adventure,Outdoor & Adventure,🕳️,caving,Caving,Descend cave biology
🏔️,outdoor-adventure,Outdoor & Adventure,🕳️,caving,Caving,Descend bat awareness
🏔️,outdoor-adventure,Outdoor & Adventure,🕳️,caving,Caving,Descend cave conservation
🏔️,outdoor-adventure,Outdoor & Adventure,🕳️,caving,Caving,Descend cave rescue
🏔️,outdoor-adventure,Outdoor & Adventure,🌙,night-hiking,Night Hiking,Night hike headlamp night
🏔️,outdoor-adventure,Outdoor & Adventure,🌙,night-hiking,Night Hiking,Night hike light discipline
🏔️,outdoor-adventure,Outdoor & Adventure,🌙,night-hiking,Night Hiking,Night hike red light use
🏔️,outdoor-adventure,Outdoor & Adventure,🌙,night-hiking,Night Hiking,Night hike moon phase plan
🏔️,outdoor-adventure,Outdoor & Adventure,🌙,night-hiking,Night Hiking,Night hike full moon hike
🏔️,outdoor-adventure,Outdoor & Adventure,🌙,night-hiking,Night Hiking,Night hike new moon hike
🏔️,outdoor-adventure,Outdoor & Adventure,🌙,night-hiking,Night Hiking,Night hike night navigation
🏔️,outdoor-adventure,Outdoor & Adventure,🌙,night-hiking,Night Hiking,Night hike night trail find
🏔️,outdoor-adventure,Outdoor & Adventure,🌙,night-hiking,Night Hiking,Night hike reflective markers
🏔️,outdoor-adventure,Outdoor & Adventure,🌙,night-hiking,Night Hiking,Night hike night pacing
🏔️,outdoor-adventure,Outdoor & Adventure,🌙,night-hiking,Night Hiking,Night hike night safety
🏔️,outdoor-adventure,Outdoor & Adventure,🌙,night-hiking,Night Hiking,Night hike buddy system
🏔️,outdoor-adventure,Outdoor & Adventure,🌙,night-hiking,Night Hiking,Night hike night noise
🏔️,outdoor-adventure,Outdoor & Adventure,🌙,night-hiking,Night Hiking,Night hike animal night
🏔️,outdoor-adventure,Outdoor & Adventure,🌙,night-hiking,Night Hiking,Night hike stargazing hike
🏔️,outdoor-adventure,Outdoor & Adventure,🌙,night-hiking,Night Hiking,Night hike night photography
🏔️,outdoor-adventure,Outdoor & Adventure,🌙,night-hiking,Night Hiking,Night hike milky way view
🏔️,outdoor-adventure,Outdoor & Adventure,🌙,night-hiking,Night Hiking,Night hike constellation ID
🏔️,outdoor-adventure,Outdoor & Adventure,🌙,night-hiking,Night Hiking,Night hike night temperature
🏔️,outdoor-adventure,Outdoor & Adventure,🌙,night-hiking,Night Hiking,Night hike layering night
🏔️,outdoor-adventure,Outdoor & Adventure,🌙,night-hiking,Night Hiking,Night hike night hydration
🏔️,outdoor-adventure,Outdoor & Adventure,🌙,night-hiking,Night Hiking,Night hike night meal
🏔️,outdoor-adventure,Outdoor & Adventure,🌙,night-hiking,Night Hiking,Night hike night rest stop
🏔️,outdoor-adventure,Outdoor & Adventure,🌙,night-hiking,Night Hiking,Night hike camp setup dark
🏔️,outdoor-adventure,Outdoor & Adventure,🌙,night-hiking,Night Hiking,Night hike tent night setup
🏔️,outdoor-adventure,Outdoor & Adventure,🌙,night-hiking,Night Hiking,Night hike night bathroom
🏔️,outdoor-adventure,Outdoor & Adventure,🌙,night-hiking,Night Hiking,Night hike night first aid
🏔️,outdoor-adventure,Outdoor & Adventure,🌙,night-hiking,Night Hiking,Night hike emergency night
🏔️,outdoor-adventure,Outdoor & Adventure,🌙,night-hiking,Night Hiking,Night hike night exit plan
🏔️,outdoor-adventure,Outdoor & Adventure,🌙,night-hiking,Night Hiking,Night hike sunrise finish
🏔️,outdoor-adventure,Outdoor & Adventure,🆘,wilderness-first-aid,Wilderness First Aid,Splint scene safety
🏔️,outdoor-adventure,Outdoor & Adventure,🆘,wilderness-first-aid,Wilderness First Aid,Splint patient assessment
🏔️,outdoor-adventure,Outdoor & Adventure,🆘,wilderness-first-aid,Wilderness First Aid,Splint primary survey
🏔️,outdoor-adventure,Outdoor & Adventure,🆘,wilderness-first-aid,Wilderness First Aid,Splint secondary survey
🏔️,outdoor-adventure,Outdoor & Adventure,🆘,wilderness-first-aid,Wilderness First Aid,Splint sample history
🏔️,outdoor-adventure,Outdoor & Adventure,🆘,wilderness-first-aid,Wilderness First Aid,Splint vital signs wild
🏔️,outdoor-adventure,Outdoor & Adventure,🆘,wilderness-first-aid,Wilderness First Aid,Splint cpr wilderness
🏔️,outdoor-adventure,Outdoor & Adventure,🆘,wilderness-first-aid,Wilderness First Aid,Splint rescue breathing
🏔️,outdoor-adventure,Outdoor & Adventure,🆘,wilderness-first-aid,Wilderness First Aid,Splint choking response
🏔️,outdoor-adventure,Outdoor & Adventure,🆘,wilderness-first-aid,Wilderness First Aid,Splint bleeding control
🏔️,outdoor-adventure,Outdoor & Adventure,🆘,wilderness-first-aid,Wilderness First Aid,Splint tourniquet wild
🏔️,outdoor-adventure,Outdoor & Adventure,🆘,wilderness-first-aid,Wilderness First Aid,Splint wound cleaning
🏔️,outdoor-adventure,Outdoor & Adventure,🆘,wilderness-first-aid,Wilderness First Aid,Splint wound dressing
🏔️,outdoor-adventure,Outdoor & Adventure,🆘,wilderness-first-aid,Wilderness First Aid,Splint burn treatment wild
🏔️,outdoor-adventure,Outdoor & Adventure,🆘,wilderness-first-aid,Wilderness First Aid,Splint fracture splint
🏔️,outdoor-adventure,Outdoor & Adventure,🆘,wilderness-first-aid,Wilderness First Aid,Splint dislocation reduce
🏔️,outdoor-adventure,Outdoor & Adventure,🆘,wilderness-first-aid,Wilderness First Aid,Splint sprain strain
🏔️,outdoor-adventure,Outdoor & Adventure,🆘,wilderness-first-aid,Wilderness First Aid,Splint head injury wild
🏔️,outdoor-adventure,Outdoor & Adventure,🆘,wilderness-first-aid,Wilderness First Aid,Splint spine injury
🏔️,outdoor-adventure,Outdoor & Adventure,🆘,wilderness-first-aid,Wilderness First Aid,Splint spinal motion restrict
🏔️,outdoor-adventure,Outdoor & Adventure,🆘,wilderness-first-aid,Wilderness First Aid,Splint hypothermia care
🏔️,outdoor-adventure,Outdoor & Adventure,🆘,wilderness-first-aid,Wilderness First Aid,Splint hyperthermia care
🏔️,outdoor-adventure,Outdoor & Adventure,🆘,wilderness-first-aid,Wilderness First Aid,Splint dehydration wild
🏔️,outdoor-adventure,Outdoor & Adventure,🆘,wilderness-first-aid,Wilderness First Aid,Splint altitude sickness
🏔️,outdoor-adventure,Outdoor & Adventure,🆘,wilderness-first-aid,Wilderness First Aid,Splint lightning safety
🏔️,outdoor-adventure,Outdoor & Adventure,🆘,wilderness-first-aid,Wilderness First Aid,Splint snake bite kit
🏔️,outdoor-adventure,Outdoor & Adventure,🆘,wilderness-first-aid,Wilderness First Aid,Splint insect sting
🏔️,outdoor-adventure,Outdoor & Adventure,🆘,wilderness-first-aid,Wilderness First Aid,Splint allergic reaction
🏔️,outdoor-adventure,Outdoor & Adventure,🆘,wilderness-first-aid,Wilderness First Aid,Splint evacuation plan
🏔️,outdoor-adventure,Outdoor & Adventure,🆘,wilderness-first-aid,Wilderness First Aid,Splint first aid kit wild
🧑‍💻,programming,Programming,🔗,api-development,API Development,Design REST maturity model
🧑‍💻,programming,Programming,🔗,api-development,API Development,Design HATEOAS techniques
🧑‍💻,programming,Programming,🔗,api-development,API Development,Design openapi 3.1
🧑‍💻,programming,Programming,🔗,api-development,API Development,Design JSON schema
🧑‍💻,programming,Programming,🔗,api-development,API Development,Design API versioning
🧑‍💻,programming,Programming,🔗,api-development,API Development,Design graphql resolvers
🧑‍💻,programming,Programming,🔗,api-development,API Development,Design graphql subscriptions
🧑‍💻,programming,Programming,🔗,api-development,API Development,Design federation techniques
🧑‍💻,programming,Programming,🔗,api-development,API Development,Design apollo federation
🧑‍💻,programming,Programming,🔗,api-development,API Development,Design schema stitching
🧑‍💻,programming,Programming,🔗,api-development,API Development,Design gRPC streams
🧑‍💻,programming,Programming,🔗,api-development,API Development,Design protocol buffers
🧑‍💻,programming,Programming,🔗,api-development,API Development,Design gRPC gateway
🧑‍💻,programming,Programming,🔗,api-development,API Development,Design connect rpc
🧑‍💻,programming,Programming,🔗,api-development,API Development,Design twirp techniques
🧑‍💻,programming,Programming,🔗,api-development,API Development,Design API gateway
🧑‍💻,programming,Programming,🔗,api-development,API Development,Design kong techniques
🧑‍💻,programming,Programming,🔗,api-development,API Development,Design nginx techniques
🧑‍💻,programming,Programming,🔗,api-development,API Development,Design traefik techniques
🧑‍💻,programming,Programming,🔗,api-development,API Development,Design rate limiting
🧑‍💻,programming,Programming,🔗,api-development,API Development,Design API authentication
🧑‍💻,programming,Programming,🔗,api-development,API Development,Design JWT techniques
🧑‍💻,programming,Programming,🔗,api-development,API Development,Design API keys
🧑‍💻,programming,Programming,🔗,api-development,API Development,Design hmac techniques
🧑‍💻,programming,Programming,🔗,api-development,API Development,Design mutual TLS
🧑‍💻,programming,Programming,🔗,api-development,API Development,Design webhook delivery
🧑‍💻,programming,Programming,🔗,api-development,API Development,Design retry logic
🧑‍💻,programming,Programming,🔗,api-development,API Development,Design idempotency techniques
🧑‍💻,programming,Programming,🔗,api-development,API Development,Design webhook security
🧑‍💻,programming,Programming,🔗,api-development,API Development,Design API documentation
🧑‍💻,programming,Programming,🥽,ar-vr-development,AR/VR Development,Immerse unity xr
🧑‍💻,programming,Programming,🥽,ar-vr-development,AR/VR Development,Immerse unreal vr
🧑‍💻,programming,Programming,🥽,ar-vr-development,AR/VR Development,Immerse openxr techniques
🧑‍💻,programming,Programming,🥽,ar-vr-development,AR/VR Development,Immerse webxr techniques
🧑‍💻,programming,Programming,🥽,ar-vr-development,AR/VR Development,Immerse ar foundation
🧑‍💻,programming,Programming,🥽,ar-vr-development,AR/VR Development,Immerse spatial computing
🧑‍💻,programming,Programming,🥽,ar-vr-development,AR/VR Development,Immerse 3d scene graph
🧑‍💻,programming,Programming,🥽,ar-vr-development,AR/VR Development,Immerse transform hierarchy
🧑‍💻,programming,Programming,🥽,ar-vr-development,AR/VR Development,Immerse camera rig
🧑‍💻,programming,Programming,🥽,ar-vr-development,AR/VR Development,Immerse hand tracking
🧑‍💻,programming,Programming,🥽,ar-vr-development,AR/VR Development,Immerse eye tracking
🧑‍💻,programming,Programming,🥽,ar-vr-development,AR/VR Development,Immerse room mapping
🧑‍💻,programming,Programming,🥽,ar-vr-development,AR/VR Development,Immerse plane detection
🧑‍💻,programming,Programming,🥽,ar-vr-development,AR/VR Development,Immerse image tracking
🧑‍💻,programming,Programming,🥽,ar-vr-development,AR/VR Development,Immerse mesh generation
🧑‍💻,programming,Programming,🥽,ar-vr-development,AR/VR Development,Immerse spatial audio
🧑‍💻,programming,Programming,🥽,ar-vr-development,AR/VR Development,Immerse hrtf techniques
🧑‍💻,programming,Programming,🥽,ar-vr-development,AR/VR Development,Immerse ambisonics techniques
🧑‍💻,programming,Programming,🥽,ar-vr-development,AR/VR Development,Immerse audio occlusion
🧑‍💻,programming,Programming,🥽,ar-vr-development,AR/VR Development,Immerse reverb zones
🧑‍💻,programming,Programming,🥽,ar-vr-development,AR/VR Development,Immerse interaction design
🧑‍💻,programming,Programming,🥽,ar-vr-development,AR/VR Development,Immerse gaze input
🧑‍💻,programming,Programming,🥽,ar-vr-development,AR/VR Development,Immerse controller tracking
🧑‍💻,programming,Programming,🥽,ar-vr-development,AR/VR Development,Immerse gesture recognition
🧑‍💻,programming,Programming,🥽,ar-vr-development,AR/VR Development,Immerse haptic feedback
🧑‍💻,programming,Programming,🥽,ar-vr-development,AR/VR Development,Immerse performance optimization
🧑‍💻,programming,Programming,🥽,ar-vr-development,AR/VR Development,Immerse foveated rendering
🧑‍💻,programming,Programming,🥽,ar-vr-development,AR/VR Development,Immerse fixed foveated
🧑‍💻,programming,Programming,🥽,ar-vr-development,AR/VR Development,Immerse frame timing
🧑‍💻,programming,Programming,🥽,ar-vr-development,AR/VR Development,Immerse thermal throttling
🧑‍💻,programming,Programming,⚙️,backend-development,Backend Development,Code REST API design
🧑‍💻,programming,Programming,⚙️,backend-development,Backend Development,Code graphql schema
🧑‍💻,programming,Programming,⚙️,backend-development,Backend Development,Code apollo server
🧑‍💻,programming,Programming,⚙️,backend-development,Backend Development,Code express.js techniques
🧑‍💻,programming,Programming,⚙️,backend-development,Backend Development,Code fastify techniques
🧑‍💻,programming,Programming,⚙️,backend-development,Backend Development,Code nestjs techniques
🧑‍💻,programming,Programming,⚙️,backend-development,Backend Development,Code spring boot
🧑‍💻,programming,Programming,⚙️,backend-development,Backend Development,Code asp.net core
🧑‍💻,programming,Programming,⚙️,backend-development,Backend Development,Code django techniques
🧑‍💻,programming,Programming,⚙️,backend-development,Backend Development,Code ruby on rails
🧑‍💻,programming,Programming,⚙️,backend-development,Backend Development,Code gin techniques
🧑‍💻,programming,Programming,⚙️,backend-development,Backend Development,Code echo techniques
🧑‍💻,programming,Programming,⚙️,backend-development,Backend Development,Code axum techniques
🧑‍💻,programming,Programming,⚙️,backend-development,Backend Development,Code actix web
🧑‍💻,programming,Programming,⚙️,backend-development,Backend Development,Code phoenix techniques
🧑‍💻,programming,Programming,⚙️,backend-development,Backend Development,Code message queues
🧑‍💻,programming,Programming,⚙️,backend-development,Backend Development,Code rabbitmq techniques
🧑‍💻,programming,Programming,⚙️,backend-development,Backend Development,Code apache kafka
🧑‍💻,programming,Programming,⚙️,backend-development,Backend Development,Code redis pub/sub
🧑‍💻,programming,Programming,⚙️,backend-development,Backend Development,Code webhook design
🧑‍💻,programming,Programming,⚙️,backend-development,Backend Development,Code background jobs
🧑‍💻,programming,Programming,⚙️,backend-development,Backend Development,Code cron scheduling
🧑‍💻,programming,Programming,⚙️,backend-development,Backend Development,Code rate limiting
🧑‍💻,programming,Programming,⚙️,backend-development,Backend Development,Code API versioning
🧑‍💻,programming,Programming,⚙️,backend-development,Backend Development,Code openapi spec
🧑‍💻,programming,Programming,⚙️,backend-development,Backend Development,Code gRPC techniques
🧑‍💻,programming,Programming,⚙️,backend-development,Backend Development,Code protocol buffers
🧑‍💻,programming,Programming,⚙️,backend-development,Backend Development,Code server-sent events
🧑‍💻,programming,Programming,⚙️,backend-development,Backend Development,Code long polling
🧑‍💻,programming,Programming,⚙️,backend-development,Backend Development,Code backpressure techniques
🧑‍💻,programming,Programming,⛓️,blockchain-development,Blockchain Development,Mine smart contracts
🧑‍💻,programming,Programming,⛓️,blockchain-development,Blockchain Development,Mine solidity techniques
🧑‍💻,programming,Programming,⛓️,blockchain-development,Blockchain Development,Mine rust for solana
🧑‍💻,programming,Programming,⛓️,blockchain-development,Blockchain Development,Mine vyper techniques
🧑‍💻,programming,Programming,⛓️,blockchain-development,Blockchain Development,Mine hardhat techniques
🧑‍💻,programming,Programming,⛓️,blockchain-development,Blockchain Development,Mine foundry techniques
🧑‍💻,programming,Programming,⛓️,blockchain-development,Blockchain Development,Mine truffle techniques
🧑‍💻,programming,Programming,⛓️,blockchain-development,Blockchain Development,Mine web3.js techniques
🧑‍💻,programming,Programming,⛓️,blockchain-development,Blockchain Development,Mine ethers.js techniques
🧑‍💻,programming,Programming,⛓️,blockchain-development,Blockchain Development,Mine viem techniques
🧑‍💻,programming,Programming,⛓️,blockchain-development,Blockchain Development,Mine ethereum evm
🧑‍💻,programming,Programming,⛓️,blockchain-development,Blockchain Development,Mine layer 2
🧑‍💻,programming,Programming,⛓️,blockchain-development,Blockchain Development,Mine rollups techniques
🧑‍💻,programming,Programming,⛓️,blockchain-development,Blockchain Development,Mine optimistic techniques
🧑‍💻,programming,Programming,⛓️,blockchain-development,Blockchain Development,Mine zk-rollups techniques
🧑‍💻,programming,Programming,⛓️,blockchain-development,Blockchain Development,Mine defi protocols
🧑‍💻,programming,Programming,⛓️,blockchain-development,Blockchain Development,Mine uniswap techniques
🧑‍💻,programming,Programming,⛓️,blockchain-development,Blockchain Development,Mine aave techniques
🧑‍💻,programming,Programming,⛓️,blockchain-development,Blockchain Development,Mine compound techniques
🧑‍💻,programming,Programming,⛓️,blockchain-development,Blockchain Development,Mine yield farming
🧑‍💻,programming,Programming,⛓️,blockchain-development,Blockchain Development,Mine nft standards
🧑‍💻,programming,Programming,⛓️,blockchain-development,Blockchain Development,Mine erc-721 techniques
🧑‍💻,programming,Programming,⛓️,blockchain-development,Blockchain Development,Mine erc-1155 techniques
🧑‍💻,programming,Programming,⛓️,blockchain-development,Blockchain Development,Mine ipfs techniques
🧑‍💻,programming,Programming,⛓️,blockchain-development,Blockchain Development,Mine metadata standards
🧑‍💻,programming,Programming,⛓️,blockchain-development,Blockchain Development,Mine consensus algorithms
🧑‍💻,programming,Programming,⛓️,blockchain-development,Blockchain Development,Mine proof of work
🧑‍💻,programming,Programming,⛓️,blockchain-development,Blockchain Development,Mine proof of stake
🧑‍💻,programming,Programming,⛓️,blockchain-development,Blockchain Development,Mine byzantine fault tolerance
🧑‍💻,programming,Programming,⛓️,blockchain-development,Blockchain Development,Mine cryptographic hashing
🧑‍💻,programming,Programming,☁️,cloud-computing,Cloud Computing,Architect AWS EC2
🧑‍💻,programming,Programming,☁️,cloud-computing,Cloud Computing,Architect AWS lambda
🧑‍💻,programming,Programming,☁️,cloud-computing,Cloud Computing,Architect S3 buckets
🧑‍💻,programming,Programming,☁️,cloud-computing,Cloud Computing,Architect cloudfront cdn
🧑‍💻,programming,Programming,☁️,cloud-computing,Cloud Computing,Architect vpc design
🧑‍💻,programming,Programming,☁️,cloud-computing,Cloud Computing,Architect azure functions
🧑‍💻,programming,Programming,☁️,cloud-computing,Cloud Computing,Architect azure devops
🧑‍💻,programming,Programming,☁️,cloud-computing,Cloud Computing,Architect google cloud run
🧑‍💻,programming,Programming,☁️,cloud-computing,Cloud Computing,Architect gke techniques
🧑‍💻,programming,Programming,☁️,cloud-computing,Cloud Computing,Architect cloud storage
🧑‍💻,programming,Programming,☁️,cloud-computing,Cloud Computing,Architect cloud networking
🧑‍💻,programming,Programming,☁️,cloud-computing,Cloud Computing,Architect load balancers
🧑‍💻,programming,Programming,☁️,cloud-computing,Cloud Computing,Architect auto scaling
🧑‍💻,programming,Programming,☁️,cloud-computing,Cloud Computing,Architect cloud watch
🧑‍💻,programming,Programming,☁️,cloud-computing,Cloud Computing,Architect cloudtrail techniques
🧑‍💻,programming,Programming,☁️,cloud-computing,Cloud Computing,Architect iam policies
🧑‍💻,programming,Programming,☁️,cloud-computing,Cloud Computing,Architect role-based access
🧑‍💻,programming,Programming,☁️,cloud-computing,Cloud Computing,Architect kms encryption
🧑‍💻,programming,Programming,☁️,cloud-computing,Cloud Computing,Architect secrets manager
🧑‍💻,programming,Programming,☁️,cloud-computing,Cloud Computing,Architect cost optimization
🧑‍💻,programming,Programming,☁️,cloud-computing,Cloud Computing,Architect reserved instances
🧑‍💻,programming,Programming,☁️,cloud-computing,Cloud Computing,Architect spot instances
🧑‍💻,programming,Programming,☁️,cloud-computing,Cloud Computing,Architect multi-cloud strategy
🧑‍💻,programming,Programming,☁️,cloud-computing,Cloud Computing,Architect cloud migration
🧑‍💻,programming,Programming,☁️,cloud-computing,Cloud Computing,Architect lift and shift
🧑‍💻,programming,Programming,☁️,cloud-computing,Cloud Computing,Architect serverless framework
🧑‍💻,programming,Programming,☁️,cloud-computing,Cloud Computing,Architect cloudformation techniques
🧑‍💻,programming,Programming,☁️,cloud-computing,Cloud Computing,Architect cdk techniques
🧑‍💻,programming,Programming,☁️,cloud-computing,Cloud Computing,Architect pulumi techniques
🧑‍💻,programming,Programming,☁️,cloud-computing,Cloud Computing,Architect edge computing
🧑‍💻,programming,Programming,🔄,compiler-design,Compiler Design,Parse lexical analysis
🧑‍💻,programming,Programming,🔄,compiler-design,Compiler Design,Parse regular expressions
🧑‍💻,programming,Programming,🔄,compiler-design,Compiler Design,Parse finite automata
🧑‍💻,programming,Programming,🔄,compiler-design,Compiler Design,Parse tokenization techniques
🧑‍💻,programming,Programming,🔄,compiler-design,Compiler Design,Parse lexer generators
🧑‍💻,programming,Programming,🔄,compiler-design,Compiler Design,Parse syntax analysis
🧑‍💻,programming,Programming,🔄,compiler-design,Compiler Design,Parse context-free grammars
🧑‍💻,programming,Programming,🔄,compiler-design,Compiler Design,Parse ll parsing
🧑‍💻,programming,Programming,🔄,compiler-design,Compiler Design,Parse lr parsing
🧑‍💻,programming,Programming,🔄,compiler-design,Compiler Design,Parse abstract syntax trees
🧑‍💻,programming,Programming,🔄,compiler-design,Compiler Design,Parse semantic analysis
🧑‍💻,programming,Programming,🔄,compiler-design,Compiler Design,Parse type checking
🧑‍💻,programming,Programming,🔄,compiler-design,Compiler Design,Parse symbol table
🧑‍💻,programming,Programming,🔄,compiler-design,Compiler Design,Parse scope resolution
🧑‍💻,programming,Programming,🔄,compiler-design,Compiler Design,Parse type inference
🧑‍💻,programming,Programming,🔄,compiler-design,Compiler Design,Parse intermediate representation
🧑‍💻,programming,Programming,🔄,compiler-design,Compiler Design,Parse three-address code
🧑‍💻,programming,Programming,🔄,compiler-design,Compiler Design,Parse static single assignment
🧑‍💻,programming,Programming,🔄,compiler-design,Compiler Design,Parse control flow graph
🧑‍💻,programming,Programming,🔄,compiler-design,Compiler Design,Parse basic blocks
🧑‍💻,programming,Programming,🔄,compiler-design,Compiler Design,Parse code generation
🧑‍💻,programming,Programming,🔄,compiler-design,Compiler Design,Parse register allocation
🧑‍💻,programming,Programming,🔄,compiler-design,Compiler Design,Parse instruction selection
🧑‍💻,programming,Programming,🔄,compiler-design,Compiler Design,Parse peephole optimization
🧑‍💻,programming,Programming,🔄,compiler-design,Compiler Design,Parse constant folding
🧑‍💻,programming,Programming,🔄,compiler-design,Compiler Design,Parse optimization passes
🧑‍💻,programming,Programming,🔄,compiler-design,Compiler Design,Parse loop optimization
🧑‍💻,programming,Programming,🔄,compiler-design,Compiler Design,Parse inlining techniques
🧑‍💻,programming,Programming,🔄,compiler-design,Compiler Design,Parse dead code elimination
🧑‍💻,programming,Programming,🔄,compiler-design,Compiler Design,Parse vectorization techniques
🧑‍💻,programming,Programming,🔒,cybersecurity,Cybersecurity,Harden owasp top 10
🧑‍💻,programming,Programming,🔒,cybersecurity,Cybersecurity,Harden SQL injection
🧑‍💻,programming,Programming,🔒,cybersecurity,Cybersecurity,Harden xss prevention
🧑‍💻,programming,Programming,🔒,cybersecurity,Cybersecurity,Harden csrf protection
🧑‍💻,programming,Programming,🔒,cybersecurity,Cybersecurity,Harden authentication bypass
🧑‍💻,programming,Programming,🔒,cybersecurity,Cybersecurity,Harden penetration testing
🧑‍💻,programming,Programming,🔒,cybersecurity,Cybersecurity,Harden burp suite
🧑‍💻,programming,Programming,🔒,cybersecurity,Cybersecurity,Harden metasploit techniques
🧑‍💻,programming,Programming,🔒,cybersecurity,Cybersecurity,Harden nmap techniques
🧑‍💻,programming,Programming,🔒,cybersecurity,Cybersecurity,Harden wireshark techniques
🧑‍💻,programming,Programming,🔒,cybersecurity,Cybersecurity,Harden vulnerability assessment
🧑‍💻,programming,Programming,🔒,cybersecurity,Cybersecurity,Harden cve research
🧑‍💻,programming,Programming,🔒,cybersecurity,Cybersecurity,Harden patch management
🧑‍💻,programming,Programming,🔒,cybersecurity,Cybersecurity,Harden security headers
🧑‍💻,programming,Programming,🔒,cybersecurity,Cybersecurity,Harden csp techniques
🧑‍💻,programming,Programming,🔒,cybersecurity,Cybersecurity,Harden encryption standards
🧑‍💻,programming,Programming,🔒,cybersecurity,Cybersecurity,Harden aes techniques
🧑‍💻,programming,Programming,🔒,cybersecurity,Cybersecurity,Harden rsa techniques
🧑‍💻,programming,Programming,🔒,cybersecurity,Cybersecurity,Harden tls/ssl techniques
🧑‍💻,programming,Programming,🔒,cybersecurity,Cybersecurity,Harden public key infrastructure
🧑‍💻,programming,Programming,🔒,cybersecurity,Cybersecurity,Harden identity management
🧑‍💻,programming,Programming,🔒,cybersecurity,Cybersecurity,Harden OAuth 2.0
🧑‍💻,programming,Programming,🔒,cybersecurity,Cybersecurity,Harden openid connect
🧑‍💻,programming,Programming,🔒,cybersecurity,Cybersecurity,Harden saml techniques
🧑‍💻,programming,Programming,🔒,cybersecurity,Cybersecurity,Harden zero trust architecture
🧑‍💻,programming,Programming,🔒,cybersecurity,Cybersecurity,Harden incident response
🧑‍💻,programming,Programming,🔒,cybersecurity,Cybersecurity,Harden forensics analysis
🧑‍💻,programming,Programming,🔒,cybersecurity,Cybersecurity,Harden siem techniques
🧑‍💻,programming,Programming,🔒,cybersecurity,Cybersecurity,Harden soar techniques
🧑‍💻,programming,Programming,🔒,cybersecurity,Cybersecurity,Harden threat modeling
🧑‍💻,programming,Programming,📊,data-science,Data Science,Analyze exploratory data analysis
🧑‍💻,programming,Programming,📊,data-science,Data Science,Analyze statistical testing
🧑‍💻,programming,Programming,📊,data-science,Data Science,Analyze a/b testing
🧑‍💻,programming,Programming,📊,data-science,Data Science,Analyze hypothesis testing
🧑‍💻,programming,Programming,📊,data-science,Data Science,Analyze bayesian inference
🧑‍💻,programming,Programming,📊,data-science,Data Science,Analyze regression analysis
🧑‍💻,programming,Programming,📊,data-science,Data Science,Analyze time series forecasting
🧑‍💻,programming,Programming,📊,data-science,Data Science,Analyze clustering techniques
🧑‍💻,programming,Programming,📊,data-science,Data Science,Analyze dimensionality reduction
🧑‍💻,programming,Programming,📊,data-science,Data Science,Analyze anomaly detection
🧑‍💻,programming,Programming,📊,data-science,Data Science,Analyze jupyter notebooks
🧑‍💻,programming,Programming,📊,data-science,Data Science,Analyze pandas techniques
🧑‍💻,programming,Programming,📊,data-science,Data Science,Analyze numpy techniques
🧑‍💻,programming,Programming,📊,data-science,Data Science,Analyze matplotlib techniques
🧑‍💻,programming,Programming,📊,data-science,Data Science,Analyze seaborn techniques
🧑‍💻,programming,Programming,📊,data-science,Data Science,Analyze data pipelines
🧑‍💻,programming,Programming,📊,data-science,Data Science,Analyze apache spark
🧑‍💻,programming,Programming,📊,data-science,Data Science,Analyze airflow techniques
🧑‍💻,programming,Programming,📊,data-science,Data Science,Analyze dbt techniques
🧑‍💻,programming,Programming,📊,data-science,Data Science,Analyze data warehousing
🧑‍💻,programming,Programming,📊,data-science,Data Science,Analyze SQL analytics
🧑‍💻,programming,Programming,📊,data-science,Data Science,Analyze window functions
🧑‍💻,programming,Programming,📊,data-science,Data Science,Analyze etl design
🧑‍💻,programming,Programming,📊,data-science,Data Science,Analyze data modeling
🧑‍💻,programming,Programming,📊,data-science,Data Science,Analyze star schema
🧑‍💻,programming,Programming,📊,data-science,Data Science,Analyze feature stores
🧑‍💻,programming,Programming,📊,data-science,Data Science,Analyze data quality
🧑‍💻,programming,Programming,📊,data-science,Data Science,Analyze data governance
🧑‍💻,programming,Programming,📊,data-science,Data Science,Analyze data catalog
🧑‍💻,programming,Programming,📊,data-science,Data Science,Analyze metadata management
🧑‍💻,programming,Programming,🗄️,database-administration,Database Administration,Query postgresql techniques
🧑‍💻,programming,Programming,🗄️,database-administration,Database Administration,Query mysql techniques
🧑‍💻,programming,Programming,🗄️,database-administration,Database Administration,Query sqlite techniques
🧑‍💻,programming,Programming,🗄️,database-administration,Database Administration,Query mongodb techniques
🧑‍💻,programming,Programming,🗄️,database-administration,Database Administration,Query dynamodb techniques
🧑‍💻,programming,Programming,🗄️,database-administration,Database Administration,Query cassandra techniques
🧑‍💻,programming,Programming,🗄️,database-administration,Database Administration,Query redis techniques
🧑‍💻,programming,Programming,🗄️,database-administration,Database Administration,Query elasticsearch techniques
🧑‍💻,programming,Programming,🗄️,database-administration,Database Administration,Query cockroachdb techniques
🧑‍💻,programming,Programming,🗄️,database-administration,Database Administration,Query couchbase techniques
🧑‍💻,programming,Programming,🗄️,database-administration,Database Administration,Query query optimization
🧑‍💻,programming,Programming,🗄️,database-administration,Database Administration,Query indexing strategies
🧑‍💻,programming,Programming,🗄️,database-administration,Database Administration,Query execution plans
🧑‍💻,programming,Programming,🗄️,database-administration,Database Administration,Query connection pooling
🧑‍💻,programming,Programming,🗄️,database-administration,Database Administration,Query read replicas
🧑‍💻,programming,Programming,🗄️,database-administration,Database Administration,Query sharding techniques
🧑‍💻,programming,Programming,🗄️,database-administration,Database Administration,Query partitioning techniques
🧑‍💻,programming,Programming,🗄️,database-administration,Database Administration,Query acid transactions
🧑‍💻,programming,Programming,🗄️,database-administration,Database Administration,Query cap theorem
🧑‍💻,programming,Programming,🗄️,database-administration,Database Administration,Query eventual consistency
🧑‍💻,programming,Programming,🗄️,database-administration,Database Administration,Query backup strategies
🧑‍💻,programming,Programming,🗄️,database-administration,Database Administration,Query point-in-time recovery
🧑‍💻,programming,Programming,🗄️,database-administration,Database Administration,Query database migration
🧑‍💻,programming,Programming,🗄️,database-administration,Database Administration,Query orm design
🧑‍💻,programming,Programming,🗄️,database-administration,Database Administration,Query raw SQL
🧑‍💻,programming,Programming,🗄️,database-administration,Database Administration,Query NoSQL patterns
🧑‍💻,programming,Programming,🗄️,database-administration,Database Administration,Query document stores
🧑‍💻,programming,Programming,🗄️,database-administration,Database Administration,Query graph databases
🧑‍💻,programming,Programming,🗄️,database-administration,Database Administration,Query time-series databases
🧑‍💻,programming,Programming,🗄️,database-administration,Database Administration,Query full-text search
🧑‍💻,programming,Programming,🖥️,desktop-development,Desktop Development,Compile electron techniques
🧑‍💻,programming,Programming,🖥️,desktop-development,Desktop Development,Compile tauri techniques
🧑‍💻,programming,Programming,🖥️,desktop-development,Desktop Development,Compile qt widgets
🧑‍💻,programming,Programming,🖥️,desktop-development,Desktop Development,Compile qt quick
🧑‍💻,programming,Programming,🖥️,desktop-development,Desktop Development,Compile gtk techniques
🧑‍💻,programming,Programming,🖥️,desktop-development,Desktop Development,Compile swiftui techniques
🧑‍💻,programming,Programming,🖥️,desktop-development,Desktop Development,Compile winui techniques
🧑‍💻,programming,Programming,🖥️,desktop-development,Desktop Development,Compile wpf techniques
🧑‍💻,programming,Programming,🖥️,desktop-development,Desktop Development,Compile maui techniques
🧑‍💻,programming,Programming,🖥️,desktop-development,Desktop Development,Compile javafx techniques
🧑‍💻,programming,Programming,🖥️,desktop-development,Desktop Development,Compile native API integration
🧑‍💻,programming,Programming,🖥️,desktop-development,Desktop Development,Compile file system access
🧑‍💻,programming,Programming,🖥️,desktop-development,Desktop Development,Compile system tray
🧑‍💻,programming,Programming,🖥️,desktop-development,Desktop Development,Compile menu bar
🧑‍💻,programming,Programming,🖥️,desktop-development,Desktop Development,Compile global hotkeys
🧑‍💻,programming,Programming,🖥️,desktop-development,Desktop Development,Compile auto updater
🧑‍💻,programming,Programming,🖥️,desktop-development,Desktop Development,Compile installer packaging
🧑‍💻,programming,Programming,🖥️,desktop-development,Desktop Development,Compile code signing
🧑‍💻,programming,Programming,🖥️,desktop-development,Desktop Development,Compile app sandbox
🧑‍💻,programming,Programming,🖥️,desktop-development,Desktop Development,Compile portable apps
🧑‍💻,programming,Programming,🖥️,desktop-development,Desktop Development,Compile cross-platform build
🧑‍💻,programming,Programming,🖥️,desktop-development,Desktop Development,Compile cmake techniques
🧑‍💻,programming,Programming,🖥️,desktop-development,Desktop Development,Compile conan techniques
🧑‍💻,programming,Programming,🖥️,desktop-development,Desktop Development,Compile vcpkg techniques
🧑‍💻,programming,Programming,🖥️,desktop-development,Desktop Development,Compile resource management
🧑‍💻,programming,Programming,🖥️,desktop-development,Desktop Development,Compile memory profiling
🧑‍💻,programming,Programming,🖥️,desktop-development,Desktop Development,Compile crash dumps
🧑‍💻,programming,Programming,🖥️,desktop-development,Desktop Development,Compile symbolication techniques
🧑‍💻,programming,Programming,🖥️,desktop-development,Desktop Development,Compile performance counters
🧑‍💻,programming,Programming,🖥️,desktop-development,Desktop Development,Compile hardware acceleration
🧑‍💻,programming,Programming,🚀,developer-experience,Developer Experience,Ship CLI design
🧑‍💻,programming,Programming,🚀,developer-experience,Developer Experience,Ship shell completion
🧑‍💻,programming,Programming,🚀,developer-experience,Developer Experience,Ship progress bars
🧑‍💻,programming,Programming,🚀,developer-experience,Developer Experience,Ship colorized output
🧑‍💻,programming,Programming,🚀,developer-experience,Developer Experience,Ship interactive prompts
🧑‍💻,programming,Programming,🚀,developer-experience,Developer Experience,Ship dev environment
🧑‍💻,programming,Programming,🚀,developer-experience,Developer Experience,Ship dev containers
🧑‍💻,programming,Programming,🚀,developer-experience,Developer Experience,Ship remote development
🧑‍💻,programming,Programming,🚀,developer-experience,Developer Experience,Ship nix shell
🧑‍💻,programming,Programming,🚀,developer-experience,Developer Experience,Ship docker dev
🧑‍💻,programming,Programming,🚀,developer-experience,Developer Experience,Ship hot reload
🧑‍💻,programming,Programming,🚀,developer-experience,Developer Experience,Ship file watching
🧑‍💻,programming,Programming,🚀,developer-experience,Developer Experience,Ship hmr techniques
🧑‍💻,programming,Programming,🚀,developer-experience,Developer Experience,Ship live preview
🧑‍💻,programming,Programming,🚀,developer-experience,Developer Experience,Ship fast builds
🧑‍💻,programming,Programming,🚀,developer-experience,Developer Experience,Ship code quality
🧑‍💻,programming,Programming,🚀,developer-experience,Developer Experience,Ship eslint techniques
🧑‍💻,programming,Programming,🚀,developer-experience,Developer Experience,Ship prettier techniques
🧑‍💻,programming,Programming,🚀,developer-experience,Developer Experience,Ship husky techniques
🧑‍💻,programming,Programming,🚀,developer-experience,Developer Experience,Ship lint-staged techniques
🧑‍💻,programming,Programming,🚀,developer-experience,Developer Experience,Ship testing experience
🧑‍💻,programming,Programming,🚀,developer-experience,Developer Experience,Ship watch mode
🧑‍💻,programming,Programming,🚀,developer-experience,Developer Experience,Ship test filtering
🧑‍💻,programming,Programming,🚀,developer-experience,Developer Experience,Ship snapshot review
🧑‍💻,programming,Programming,🚀,developer-experience,Developer Experience,Ship CI integration
🧑‍💻,programming,Programming,🚀,developer-experience,Developer Experience,Ship documentation dx
🧑‍💻,programming,Programming,🚀,developer-experience,Developer Experience,Ship inline help
🧑‍💻,programming,Programming,🚀,developer-experience,Developer Experience,Ship error messages
🧑‍💻,programming,Programming,🚀,developer-experience,Developer Experience,Ship stack trace
🧑‍💻,programming,Programming,🚀,developer-experience,Developer Experience,Ship debugging tools
🧑‍💻,programming,Programming,🛠️,devops,DevOps,Use Docker Compose for orchestration
🧑‍💻,programming,Programming,🛠️,devops,DevOps,Deploy dockerfile optimization
🧑‍💻,programming,Programming,🛠️,devops,DevOps,Deploy multi-stage builds
🧑‍💻,programming,Programming,🛠️,devops,DevOps,Deploy kubernetes pods
🧑‍💻,programming,Programming,🛠️,devops,DevOps,Deploy helm charts
🧑‍💻,programming,Programming,🛠️,devops,DevOps,Deploy terraform techniques
🧑‍💻,programming,Programming,🛠️,devops,DevOps,Deploy ansible techniques
🧑‍💻,programming,Programming,🛠️,devops,DevOps,Deploy packer techniques
🧑‍💻,programming,Programming,🛠️,devops,DevOps,Deploy vagrant techniques
🧑‍💻,programming,Programming,🛠️,devops,DevOps,Deploy ci/cd pipelines
🧑‍💻,programming,Programming,🛠️,devops,DevOps,Deploy github actions
🧑‍💻,programming,Programming,🛠️,devops,DevOps,Deploy gitlab CI
🧑‍💻,programming,Programming,🛠️,devops,DevOps,Deploy jenkins pipeline
🧑‍💻,programming,Programming,🛠️,devops,DevOps,Deploy argo CD
🧑‍💻,programming,Programming,🛠️,devops,DevOps,Deploy infrastructure as code
🧑‍💻,programming,Programming,🛠️,devops,DevOps,Deploy configuration management
🧑‍💻,programming,Programming,🛠️,devops,DevOps,Deploy secret management
🧑‍💻,programming,Programming,🛠️,devops,DevOps,Deploy vault techniques
🧑‍💻,programming,Programming,🛠️,devops,DevOps,Deploy sops techniques
🧑‍💻,programming,Programming,🛠️,devops,DevOps,Deploy container registry
🧑‍💻,programming,Programming,🛠️,devops,DevOps,Deploy service mesh
🧑‍💻,programming,Programming,🛠️,devops,DevOps,Deploy istio techniques
🧑‍💻,programming,Programming,🛠️,devops,DevOps,Deploy linkerd techniques
🧑‍💻,programming,Programming,🛠️,devops,DevOps,Deploy observability stack
🧑‍💻,programming,Programming,🛠️,devops,DevOps,Deploy grafana techniques
🧑‍💻,programming,Programming,🛠️,devops,DevOps,Deploy prometheus techniques
🧑‍💻,programming,Programming,🛠️,devops,DevOps,Deploy loki techniques
🧑‍💻,programming,Programming,🛠️,devops,DevOps,Deploy elk stack
🧑‍💻,programming,Programming,🛠️,devops,DevOps,Deploy datadog techniques
🧑‍💻,programming,Programming,🛠️,devops,DevOps,Deploy new relic
🧑‍💻,programming,Programming,🔌,embedded-systems,Embedded Systems,Flash microcontroller programming
🧑‍💻,programming,Programming,🔌,embedded-systems,Embedded Systems,Flash arm cortex-m
🧑‍💻,programming,Programming,🔌,embedded-systems,Embedded Systems,Flash risc-v techniques
🧑‍💻,programming,Programming,🔌,embedded-systems,Embedded Systems,Flash avr techniques
🧑‍💻,programming,Programming,🔌,embedded-systems,Embedded Systems,Flash esp32 techniques
🧑‍💻,programming,Programming,🔌,embedded-systems,Embedded Systems,Flash c for embedded
🧑‍💻,programming,Programming,🔌,embedded-systems,Embedded Systems,Flash c++ for embedded
🧑‍💻,programming,Programming,🔌,embedded-systems,Embedded Systems,Flash rust for embedded
🧑‍💻,programming,Programming,🔌,embedded-systems,Embedded Systems,Flash bare metal
🧑‍💻,programming,Programming,🔌,embedded-systems,Embedded Systems,Flash rtos techniques
🧑‍💻,programming,Programming,🔌,embedded-systems,Embedded Systems,Flash freertos techniques
🧑‍💻,programming,Programming,🔌,embedded-systems,Embedded Systems,Flash zephyr techniques
🧑‍💻,programming,Programming,🔌,embedded-systems,Embedded Systems,Flash interrupt handlers
🧑‍💻,programming,Programming,🔌,embedded-systems,Embedded Systems,Flash dma techniques
🧑‍💻,programming,Programming,🔌,embedded-systems,Embedded Systems,Flash memory-mapped i/o
🧑‍💻,programming,Programming,🔌,embedded-systems,Embedded Systems,Flash spi protocol
🧑‍💻,programming,Programming,🔌,embedded-systems,Embedded Systems,Flash i2c techniques
🧑‍💻,programming,Programming,🔌,embedded-systems,Embedded Systems,Flash uart techniques
🧑‍💻,programming,Programming,🔌,embedded-systems,Embedded Systems,Flash can bus
🧑‍💻,programming,Programming,🔌,embedded-systems,Embedded Systems,Flash usb device
🧑‍💻,programming,Programming,🔌,embedded-systems,Embedded Systems,Flash gpio control
🧑‍💻,programming,Programming,🔌,embedded-systems,Embedded Systems,Flash adc/dac techniques
🧑‍💻,programming,Programming,🔌,embedded-systems,Embedded Systems,Flash pwm techniques
🧑‍💻,programming,Programming,🔌,embedded-systems,Embedded Systems,Flash timer/counter techniques
🧑‍💻,programming,Programming,🔌,embedded-systems,Embedded Systems,Flash watchdog timer
🧑‍💻,programming,Programming,🔌,embedded-systems,Embedded Systems,Flash power management
🧑‍💻,programming,Programming,🔌,embedded-systems,Embedded Systems,Flash low-power design
🧑‍💻,programming,Programming,🔌,embedded-systems,Embedded Systems,Flash bootloader techniques
🧑‍💻,programming,Programming,🔌,embedded-systems,Embedded Systems,Flash firmware update
🧑‍💻,programming,Programming,🔌,embedded-systems,Embedded Systems,Flash jtag debug
🧑‍💻,programming,Programming,🎨,frontend-development,Frontend Development,Code component architecture
🧑‍💻,programming,Programming,🎨,frontend-development,Frontend Development,Code atomic design
🧑‍💻,programming,Programming,🎨,frontend-development,Frontend Development,Code render performance
🧑‍💻,programming,Programming,🎨,frontend-development,Frontend Development,Code virtual dom
🧑‍💻,programming,Programming,🎨,frontend-development,Frontend Development,Code reconciliation techniques
🧑‍💻,programming,Programming,🎨,frontend-development,Frontend Development,Code suspense techniques
🧑‍💻,programming,Programming,🎨,frontend-development,Frontend Development,Code streaming ssr
🧑‍💻,programming,Programming,🎨,frontend-development,Frontend Development,Code progressive hydration
🧑‍💻,programming,Programming,🎨,frontend-development,Frontend Development,Code islands architecture
🧑‍💻,programming,Programming,🎨,frontend-development,Frontend Development,Code micro frontends
🧑‍💻,programming,Programming,🎨,frontend-development,Frontend Development,Code module federation
🧑‍💻,programming,Programming,🎨,frontend-development,Frontend Development,Code web components
🧑‍💻,programming,Programming,🎨,frontend-development,Frontend Development,Code shadow dom
🧑‍💻,programming,Programming,🎨,frontend-development,Frontend Development,Code custom elements
🧑‍💻,programming,Programming,🎨,frontend-development,Frontend Development,Code lit techniques
🧑‍💻,programming,Programming,🎨,frontend-development,Frontend Development,Code state libraries
🧑‍💻,programming,Programming,🎨,frontend-development,Frontend Development,Code signals techniques
🧑‍💻,programming,Programming,🎨,frontend-development,Frontend Development,Code zustand techniques
🧑‍💻,programming,Programming,🎨,frontend-development,Frontend Development,Code redux toolkit
🧑‍💻,programming,Programming,🎨,frontend-development,Frontend Development,Code jotai techniques
🧑‍💻,programming,Programming,🎨,frontend-development,Frontend Development,Code animation libraries
🧑‍💻,programming,Programming,🎨,frontend-development,Frontend Development,Code framer motion
🧑‍💻,programming,Programming,🎨,frontend-development,Frontend Development,Code gsap techniques
🧑‍💻,programming,Programming,🎨,frontend-development,Frontend Development,Code canvas API
🧑‍💻,programming,Programming,🎨,frontend-development,Frontend Development,Code svg animation
🧑‍💻,programming,Programming,🎨,frontend-development,Frontend Development,Code data visualization
🧑‍💻,programming,Programming,🎨,frontend-development,Frontend Development,Code d3.js techniques
🧑‍💻,programming,Programming,🎨,frontend-development,Frontend Development,Code chart libraries
🧑‍💻,programming,Programming,🎨,frontend-development,Frontend Development,Code CSS houdini
🧑‍💻,programming,Programming,🎨,frontend-development,Frontend Development,Code container queries
🧑‍💻,programming,Programming,🎮,game-development,Game Development,Build unity engine
🧑‍💻,programming,Programming,🎮,game-development,Game Development,Build unreal engine
🧑‍💻,programming,Programming,🎮,game-development,Game Development,Build godot techniques
🧑‍💻,programming,Programming,🎮,game-development,Game Development,Build game physics
🧑‍💻,programming,Programming,🎮,game-development,Game Development,Build collision detection
🧑‍💻,programming,Programming,🎮,game-development,Game Development,Build entity component system
🧑‍💻,programming,Programming,🎮,game-development,Game Development,Build behavior trees
🧑‍💻,programming,Programming,🎮,game-development,Game Development,Build pathfinding techniques
🧑‍💻,programming,Programming,🎮,game-development,Game Development,Build a* algorithm
🧑‍💻,programming,Programming,🎮,game-development,Game Development,Build navmesh techniques
🧑‍💻,programming,Programming,🎮,game-development,Game Development,Build shader programming
🧑‍💻,programming,Programming,🎮,game-development,Game Development,Build hlsl techniques
🧑‍💻,programming,Programming,🎮,game-development,Game Development,Build glsl techniques
🧑‍💻,programming,Programming,🎮,game-development,Game Development,Build compute shaders
🧑‍💻,programming,Programming,🎮,game-development,Game Development,Build procedural generation
🧑‍💻,programming,Programming,🎮,game-development,Game Development,Build 3d modeling
🧑‍💻,programming,Programming,🎮,game-development,Game Development,Build rigging techniques
🧑‍💻,programming,Programming,🎮,game-development,Game Development,Build animation blending
🧑‍💻,programming,Programming,🎮,game-development,Game Development,Build ik solvers
🧑‍💻,programming,Programming,🎮,game-development,Game Development,Build particle systems
🧑‍💻,programming,Programming,🎮,game-development,Game Development,Build multiplayer networking
🧑‍💻,programming,Programming,🎮,game-development,Game Development,Build game state sync
🧑‍💻,programming,Programming,🎮,game-development,Game Development,Build lag compensation
🧑‍💻,programming,Programming,🎮,game-development,Game Development,Build matchmaking techniques
🧑‍💻,programming,Programming,🎮,game-development,Game Development,Build leaderboards techniques
🧑‍💻,programming,Programming,🎮,game-development,Game Development,Build audio programming
🧑‍💻,programming,Programming,🎮,game-development,Game Development,Build fmod techniques
🧑‍💻,programming,Programming,🎮,game-development,Game Development,Build wwise techniques
🧑‍💻,programming,Programming,🎮,game-development,Game Development,Build game localization
🧑‍💻,programming,Programming,🎮,game-development,Game Development,Build achievement systems
🧑‍💻,programming,Programming,📡,iot-development,IoT Development,Wire mqtt protocol
🧑‍💻,programming,Programming,📡,iot-development,IoT Development,Wire coap techniques
🧑‍💻,programming,Programming,📡,iot-development,IoT Development,Wire http/2 for iot
🧑‍💻,programming,Programming,📡,iot-development,IoT Development,Wire lorawan techniques
🧑‍💻,programming,Programming,📡,iot-development,IoT Development,Wire zigbee techniques
🧑‍💻,programming,Programming,📡,iot-development,IoT Development,Wire bluetooth low energy
🧑‍💻,programming,Programming,📡,iot-development,IoT Development,Wire ble advertising
🧑‍💻,programming,Programming,📡,iot-development,IoT Development,Wire gatt services
🧑‍💻,programming,Programming,📡,iot-development,IoT Development,Wire ibeacon techniques
🧑‍💻,programming,Programming,📡,iot-development,IoT Development,Wire eddystone techniques
🧑‍💻,programming,Programming,📡,iot-development,IoT Development,Wire edge computing
🧑‍💻,programming,Programming,📡,iot-development,IoT Development,Wire edge gateway
🧑‍💻,programming,Programming,📡,iot-development,IoT Development,Wire fog computing
🧑‍💻,programming,Programming,📡,iot-development,IoT Development,Wire sensor fusion
🧑‍💻,programming,Programming,📡,iot-development,IoT Development,Wire data aggregation
🧑‍💻,programming,Programming,📡,iot-development,IoT Development,Wire fleet management
🧑‍💻,programming,Programming,📡,iot-development,IoT Development,Wire ota updates
🧑‍💻,programming,Programming,📡,iot-development,IoT Development,Wire device provisioning
🧑‍💻,programming,Programming,📡,iot-development,IoT Development,Wire digital twins
🧑‍💻,programming,Programming,📡,iot-development,IoT Development,Wire device shadow
🧑‍💻,programming,Programming,📡,iot-development,IoT Development,Wire AWS iot core
🧑‍💻,programming,Programming,📡,iot-development,IoT Development,Wire azure iot hub
🧑‍💻,programming,Programming,📡,iot-development,IoT Development,Wire google iot core
🧑‍💻,programming,Programming,📡,iot-development,IoT Development,Wire thingspeak techniques
🧑‍💻,programming,Programming,📡,iot-development,IoT Development,Wire node-red techniques
🧑‍💻,programming,Programming,📡,iot-development,IoT Development,Wire energy harvesting
🧑‍💻,programming,Programming,📡,iot-development,IoT Development,Wire battery optimization
🧑‍💻,programming,Programming,📡,iot-development,IoT Development,Wire sleep modes
🧑‍💻,programming,Programming,📡,iot-development,IoT Development,Wire duty cycling
🧑‍💻,programming,Programming,📡,iot-development,IoT Development,Wire mesh networks
🧑‍💻,programming,Programming,🤖,machine-learning,Machine Learning,Train supervised learning
🧑‍💻,programming,Programming,🤖,machine-learning,Machine Learning,Train unsupervised learning
🧑‍💻,programming,Programming,🤖,machine-learning,Machine Learning,Train reinforcement learning
🧑‍💻,programming,Programming,🤖,machine-learning,Machine Learning,Train feature engineering
🧑‍💻,programming,Programming,🤖,machine-learning,Machine Learning,Train model selection
🧑‍💻,programming,Programming,🤖,machine-learning,Machine Learning,Train neural networks
🧑‍💻,programming,Programming,🤖,machine-learning,Machine Learning,Train deep learning
🧑‍💻,programming,Programming,🤖,machine-learning,Machine Learning,Train convolutional networks
🧑‍💻,programming,Programming,🤖,machine-learning,Machine Learning,Train recurrent networks
🧑‍💻,programming,Programming,🤖,machine-learning,Machine Learning,Train transformers techniques
🧑‍💻,programming,Programming,🤖,machine-learning,Machine Learning,Train transfer learning
🧑‍💻,programming,Programming,🤖,machine-learning,Machine Learning,Train fine-tuning techniques
🧑‍💻,programming,Programming,🤖,machine-learning,Machine Learning,Train hyperparameter tuning
🧑‍💻,programming,Programming,🤖,machine-learning,Machine Learning,Train cross validation
🧑‍💻,programming,Programming,🤖,machine-learning,Machine Learning,Train regularization techniques
🧑‍💻,programming,Programming,🤖,machine-learning,Machine Learning,Train tensorflow techniques
🧑‍💻,programming,Programming,🤖,machine-learning,Machine Learning,Train pytorch techniques
🧑‍💻,programming,Programming,🤖,machine-learning,Machine Learning,Train jax techniques
🧑‍💻,programming,Programming,🤖,machine-learning,Machine Learning,Train scikit-learn techniques
🧑‍💻,programming,Programming,🤖,machine-learning,Machine Learning,Train xgboost techniques
🧑‍💻,programming,Programming,🤖,machine-learning,Machine Learning,Train model deployment
🧑‍💻,programming,Programming,🤖,machine-learning,Machine Learning,Train mlflow techniques
🧑‍💻,programming,Programming,🤖,machine-learning,Machine Learning,Train kubeflow techniques
🧑‍💻,programming,Programming,🤖,machine-learning,Machine Learning,Train onnx techniques
🧑‍💻,programming,Programming,🤖,machine-learning,Machine Learning,Train triton server
🧑‍💻,programming,Programming,🤖,machine-learning,Machine Learning,Train llm fine-tuning
🧑‍💻,programming,Programming,🤖,machine-learning,Machine Learning,Train lora techniques
🧑‍💻,programming,Programming,🤖,machine-learning,Machine Learning,Train rlhf techniques
🧑‍💻,programming,Programming,🤖,machine-learning,Machine Learning,Train embeddings techniques
🧑‍💻,programming,Programming,🤖,machine-learning,Machine Learning,Train vector databases
🧑‍💻,programming,Programming,📱,mobile-development,Mobile Development,Build react native
🧑‍💻,programming,Programming,📱,mobile-development,Mobile Development,Build expo techniques
🧑‍💻,programming,Programming,📱,mobile-development,Mobile Development,Build swiftui techniques
🧑‍💻,programming,Programming,📱,mobile-development,Mobile Development,Build uikit techniques
🧑‍💻,programming,Programming,📱,mobile-development,Mobile Development,Build android jetpack compose
🧑‍💻,programming,Programming,📱,mobile-development,Mobile Development,Build kotlin multiplatform
🧑‍💻,programming,Programming,📱,mobile-development,Mobile Development,Build flutter techniques
🧑‍💻,programming,Programming,📱,mobile-development,Mobile Development,Build dart techniques
🧑‍💻,programming,Programming,📱,mobile-development,Mobile Development,Build native modules
🧑‍💻,programming,Programming,📱,mobile-development,Mobile Development,Build app architecture
🧑‍💻,programming,Programming,📱,mobile-development,Mobile Development,Build state management
🧑‍💻,programming,Programming,📱,mobile-development,Mobile Development,Build push notifications
🧑‍💻,programming,Programming,📱,mobile-development,Mobile Development,Build deep linking
🧑‍💻,programming,Programming,📱,mobile-development,Mobile Development,Build app store connect
🧑‍💻,programming,Programming,📱,mobile-development,Mobile Development,Build google play console
🧑‍💻,programming,Programming,📱,mobile-development,Mobile Development,Build in-app purchases
🧑‍💻,programming,Programming,📱,mobile-development,Mobile Development,Build subscription management
🧑‍💻,programming,Programming,📱,mobile-development,Mobile Development,Build analytics SDK
🧑‍💻,programming,Programming,📱,mobile-development,Mobile Development,Build crash reporting
🧑‍💻,programming,Programming,📱,mobile-development,Mobile Development,Build app theming
🧑‍💻,programming,Programming,📱,mobile-development,Mobile Development,Build offline storage
🧑‍💻,programming,Programming,📱,mobile-development,Mobile Development,Build sqlite techniques
🧑‍💻,programming,Programming,📱,mobile-development,Mobile Development,Build realm techniques
🧑‍💻,programming,Programming,📱,mobile-development,Mobile Development,Build biometric auth
🧑‍💻,programming,Programming,📱,mobile-development,Mobile Development,Build camera API
🧑‍💻,programming,Programming,📱,mobile-development,Mobile Development,Build background tasks
🧑‍💻,programming,Programming,📱,mobile-development,Mobile Development,Build widget development
🧑‍💻,programming,Programming,📱,mobile-development,Mobile Development,Build adaptive layout
🧑‍💻,programming,Programming,📱,mobile-development,Mobile Development,Build accessibility techniques
🧑‍💻,programming,Programming,📱,mobile-development,Mobile Development,Build app performance
🧑‍💻,programming,Programming,🌐,network-engineering,Network Engineering,Configure osi model
🧑‍💻,programming,Programming,🌐,network-engineering,Network Engineering,Configure tcp/ip stack
🧑‍💻,programming,Programming,🌐,network-engineering,Network Engineering,Configure UDP protocol
🧑‍💻,programming,Programming,🌐,network-engineering,Network Engineering,Configure DNS resolution
🧑‍💻,programming,Programming,🌐,network-engineering,Network Engineering,Configure http/2 techniques
🧑‍💻,programming,Programming,🌐,network-engineering,Network Engineering,Configure http/3 techniques
🧑‍💻,programming,Programming,🌐,network-engineering,Network Engineering,Configure quic techniques
🧑‍💻,programming,Programming,🌐,network-engineering,Network Engineering,Configure TLS handshake
🧑‍💻,programming,Programming,🌐,network-engineering,Network Engineering,Configure mtls techniques
🧑‍💻,programming,Programming,🌐,network-engineering,Network Engineering,Configure certificate pinning
🧑‍💻,programming,Programming,🌐,network-engineering,Network Engineering,Configure subnetting techniques
🧑‍💻,programming,Programming,🌐,network-engineering,Network Engineering,Configure cidr techniques
🧑‍💻,programming,Programming,🌐,network-engineering,Network Engineering,Configure vlan techniques
🧑‍💻,programming,Programming,🌐,network-engineering,Network Engineering,Configure bgp techniques
🧑‍💻,programming,Programming,🌐,network-engineering,Network Engineering,Configure ospf techniques
🧑‍💻,programming,Programming,🌐,network-engineering,Network Engineering,Configure firewall rules
🧑‍💻,programming,Programming,🌐,network-engineering,Network Engineering,Configure iptables techniques
🧑‍💻,programming,Programming,🌐,network-engineering,Network Engineering,Configure nftables techniques
🧑‍💻,programming,Programming,🌐,network-engineering,Network Engineering,Configure proxy configuration
🧑‍💻,programming,Programming,🌐,network-engineering,Network Engineering,Configure reverse proxy
🧑‍💻,programming,Programming,🌐,network-engineering,Network Engineering,Configure load balancing
🧑‍💻,programming,Programming,🌐,network-engineering,Network Engineering,Configure round robin
🧑‍💻,programming,Programming,🌐,network-engineering,Network Engineering,Configure least connections
🧑‍💻,programming,Programming,🌐,network-engineering,Network Engineering,Configure consistent hashing
🧑‍💻,programming,Programming,🌐,network-engineering,Network Engineering,Configure health checks
🧑‍💻,programming,Programming,🌐,network-engineering,Network Engineering,Configure network monitoring
🧑‍💻,programming,Programming,🌐,network-engineering,Network Engineering,Configure snmp techniques
🧑‍💻,programming,Programming,🌐,network-engineering,Network Engineering,Configure netflow techniques
🧑‍💻,programming,Programming,🌐,network-engineering,Network Engineering,Configure packet capture
🧑‍💻,programming,Programming,🌐,network-engineering,Network Engineering,Configure tcpdump techniques
🧑‍💻,programming,Programming,🌟,open-source-development,Open Source Development,Contribute contribution workflow
🧑‍💻,programming,Programming,🌟,open-source-development,Open Source Development,Contribute fork and pull
🧑‍💻,programming,Programming,🌟,open-source-development,Open Source Development,Contribute code review
🧑‍💻,programming,Programming,🌟,open-source-development,Open Source Development,Contribute issue triage
🧑‍💻,programming,Programming,🌟,open-source-development,Open Source Development,Contribute good first issue
🧑‍💻,programming,Programming,🌟,open-source-development,Open Source Development,Contribute maintainer responsibilities
🧑‍💻,programming,Programming,🌟,open-source-development,Open Source Development,Contribute release management
🧑‍💻,programming,Programming,🌟,open-source-development,Open Source Development,Contribute semantic versioning
🧑‍💻,programming,Programming,🌟,open-source-development,Open Source Development,Contribute changelog generation
🧑‍💻,programming,Programming,🌟,open-source-development,Open Source Development,Contribute cve disclosure
🧑‍💻,programming,Programming,🌟,open-source-development,Open Source Development,Contribute community management
🧑‍💻,programming,Programming,🌟,open-source-development,Open Source Development,Contribute code of conduct
🧑‍💻,programming,Programming,🌟,open-source-development,Open Source Development,Contribute contributor license
🧑‍💻,programming,Programming,🌟,open-source-development,Open Source Development,Contribute governance models
🧑‍💻,programming,Programming,🌟,open-source-development,Open Source Development,Contribute bdfl model
🧑‍💻,programming,Programming,🌟,open-source-development,Open Source Development,Contribute CI for oss
🧑‍💻,programming,Programming,🌟,open-source-development,Open Source Development,Contribute cross-platform testing
🧑‍💻,programming,Programming,🌟,open-source-development,Open Source Development,Contribute automated releases
🧑‍💻,programming,Programming,🌟,open-source-development,Open Source Development,Contribute package publishing
🧑‍💻,programming,Programming,🌟,open-source-development,Open Source Development,Contribute package signing
🧑‍💻,programming,Programming,🌟,open-source-development,Open Source Development,Contribute funding models
🧑‍💻,programming,Programming,🌟,open-source-development,Open Source Development,Contribute open collective
🧑‍💻,programming,Programming,🌟,open-source-development,Open Source Development,Contribute github sponsors
🧑‍💻,programming,Programming,🌟,open-source-development,Open Source Development,Contribute patreon techniques
🧑‍💻,programming,Programming,🌟,open-source-development,Open Source Development,Contribute bounty programs
🧑‍💻,programming,Programming,🌟,open-source-development,Open Source Development,Contribute licensing strategy
🧑‍💻,programming,Programming,🌟,open-source-development,Open Source Development,Contribute mit license
🧑‍💻,programming,Programming,🌟,open-source-development,Open Source Development,Contribute apache 2.0
🧑‍💻,programming,Programming,🌟,open-source-development,Open Source Development,Contribute gpl techniques
🧑‍💻,programming,Programming,🌟,open-source-development,Open Source Development,Contribute lgpl techniques
🧑‍💻,programming,Programming,💿,operating-systems,Operating Systems,Study process scheduling
🧑‍💻,programming,Programming,💿,operating-systems,Operating Systems,Study context switch
🧑‍💻,programming,Programming,💿,operating-systems,Operating Systems,Study thread management
🧑‍💻,programming,Programming,💿,operating-systems,Operating Systems,Study mutex techniques
🧑‍💻,programming,Programming,💿,operating-systems,Operating Systems,Study semaphore techniques
🧑‍💻,programming,Programming,💿,operating-systems,Operating Systems,Study memory management
🧑‍💻,programming,Programming,💿,operating-systems,Operating Systems,Study virtual memory
🧑‍💻,programming,Programming,💿,operating-systems,Operating Systems,Study paging techniques
🧑‍💻,programming,Programming,💿,operating-systems,Operating Systems,Study segmentation techniques
🧑‍💻,programming,Programming,💿,operating-systems,Operating Systems,Study tlb techniques
🧑‍💻,programming,Programming,💿,operating-systems,Operating Systems,Study file systems
🧑‍💻,programming,Programming,💿,operating-systems,Operating Systems,Study inodes techniques
🧑‍💻,programming,Programming,💿,operating-systems,Operating Systems,Study ext4 techniques
🧑‍💻,programming,Programming,💿,operating-systems,Operating Systems,Study ntfs techniques
🧑‍💻,programming,Programming,💿,operating-systems,Operating Systems,Study vfs layer
🧑‍💻,programming,Programming,💿,operating-systems,Operating Systems,Study device drivers
🧑‍💻,programming,Programming,💿,operating-systems,Operating Systems,Study interrupt handling
🧑‍💻,programming,Programming,💿,operating-systems,Operating Systems,Study irq techniques
🧑‍💻,programming,Programming,💿,operating-systems,Operating Systems,Study mmio techniques
🧑‍💻,programming,Programming,💿,operating-systems,Operating Systems,Study dma techniques
🧑‍💻,programming,Programming,💿,operating-systems,Operating Systems,Study virtualization techniques
🧑‍💻,programming,Programming,💿,operating-systems,Operating Systems,Study hypervisors techniques
🧑‍💻,programming,Programming,💿,operating-systems,Operating Systems,Study kvm techniques
🧑‍💻,programming,Programming,💿,operating-systems,Operating Systems,Study container runtimes
🧑‍💻,programming,Programming,💿,operating-systems,Operating Systems,Study namespaces techniques
🧑‍💻,programming,Programming,💿,operating-systems,Operating Systems,Study system calls
🧑‍💻,programming,Programming,💿,operating-systems,Operating Systems,Study kernel modules
🧑‍💻,programming,Programming,💿,operating-systems,Operating Systems,Study ebpf techniques
🧑‍💻,programming,Programming,💿,operating-systems,Operating Systems,Study tracing techniques
🧑‍💻,programming,Programming,💿,operating-systems,Operating Systems,Study perf techniques
🧑‍💻,programming,Programming,⏱️,performance-engineering,Performance Engineering,Optimize profiling tools
🧑‍💻,programming,Programming,⏱️,performance-engineering,Performance Engineering,Optimize cpu profiling
🧑‍💻,programming,Programming,⏱️,performance-engineering,Performance Engineering,Optimize heap profiling
🧑‍💻,programming,Programming,⏱️,performance-engineering,Performance Engineering,Optimize flame graphs
🧑‍💻,programming,Programming,⏱️,performance-engineering,Performance Engineering,Optimize trace analysis
🧑‍💻,programming,Programming,⏱️,performance-engineering,Performance Engineering,Optimize memory leaks
🧑‍💻,programming,Programming,⏱️,performance-engineering,Performance Engineering,Optimize garbage collection tuning
🧑‍💻,programming,Programming,⏱️,performance-engineering,Performance Engineering,Optimize object pooling
🧑‍💻,programming,Programming,⏱️,performance-engineering,Performance Engineering,Optimize arena allocation
🧑‍💻,programming,Programming,⏱️,performance-engineering,Performance Engineering,Optimize stack vs heap
🧑‍💻,programming,Programming,⏱️,performance-engineering,Performance Engineering,Optimize database performance
🧑‍💻,programming,Programming,⏱️,performance-engineering,Performance Engineering,Optimize query optimization
🧑‍💻,programming,Programming,⏱️,performance-engineering,Performance Engineering,Optimize connection limits
🧑‍💻,programming,Programming,⏱️,performance-engineering,Performance Engineering,Optimize pool sizing
🧑‍💻,programming,Programming,⏱️,performance-engineering,Performance Engineering,Optimize cache hit ratio
🧑‍💻,programming,Programming,⏱️,performance-engineering,Performance Engineering,Optimize network latency
🧑‍💻,programming,Programming,⏱️,performance-engineering,Performance Engineering,Optimize connection keep-alive
🧑‍💻,programming,Programming,⏱️,performance-engineering,Performance Engineering,Optimize preconnect techniques
🧑‍💻,programming,Programming,⏱️,performance-engineering,Performance Engineering,Optimize preload techniques
🧑‍💻,programming,Programming,⏱️,performance-engineering,Performance Engineering,Optimize HTTP caching
🧑‍💻,programming,Programming,⏱️,performance-engineering,Performance Engineering,Optimize rendering performance
🧑‍💻,programming,Programming,⏱️,performance-engineering,Performance Engineering,Optimize critical rendering path
🧑‍💻,programming,Programming,⏱️,performance-engineering,Performance Engineering,Optimize layout thrashing
🧑‍💻,programming,Programming,⏱️,performance-engineering,Performance Engineering,Optimize paint areas
🧑‍💻,programming,Programming,⏱️,performance-engineering,Performance Engineering,Optimize compositor techniques
🧑‍💻,programming,Programming,⏱️,performance-engineering,Performance Engineering,Optimize concurrent performance
🧑‍💻,programming,Programming,⏱️,performance-engineering,Performance Engineering,Optimize lock contention
🧑‍💻,programming,Programming,⏱️,performance-engineering,Performance Engineering,Optimize false sharing
🧑‍💻,programming,Programming,⏱️,performance-engineering,Performance Engineering,Optimize amdahl law
🧑‍💻,programming,Programming,⏱️,performance-engineering,Performance Engineering,Optimize work stealing
🧑‍💻,programming,Programming,📐,programming-languages,Programming Languages,Study typescript techniques
🧑‍💻,programming,Programming,📐,programming-languages,Programming Languages,Study rust ownership
🧑‍💻,programming,Programming,📐,programming-languages,Programming Languages,Study borrow checker
🧑‍💻,programming,Programming,📐,programming-languages,Programming Languages,Study go concurrency
🧑‍💻,programming,Programming,📐,programming-languages,Programming Languages,Study goroutines techniques
🧑‍💻,programming,Programming,📐,programming-languages,Programming Languages,Study python async
🧑‍💻,programming,Programming,📐,programming-languages,Programming Languages,Study kotlin coroutines
🧑‍💻,programming,Programming,📐,programming-languages,Programming Languages,Study swift structured concurrency
🧑‍💻,programming,Programming,📐,programming-languages,Programming Languages,Study zig memory model
🧑‍💻,programming,Programming,📐,programming-languages,Programming Languages,Study odin techniques
🧑‍💻,programming,Programming,📐,programming-languages,Programming Languages,Study functional programming
🧑‍💻,programming,Programming,📐,programming-languages,Programming Languages,Study monads techniques
🧑‍💻,programming,Programming,📐,programming-languages,Programming Languages,Study functors techniques
🧑‍💻,programming,Programming,📐,programming-languages,Programming Languages,Study pattern matching
🧑‍💻,programming,Programming,📐,programming-languages,Programming Languages,Study immutability techniques
🧑‍💻,programming,Programming,📐,programming-languages,Programming Languages,Study metaprogramming techniques
🧑‍💻,programming,Programming,📐,programming-languages,Programming Languages,Study macros techniques
🧑‍💻,programming,Programming,📐,programming-languages,Programming Languages,Study generics techniques
🧑‍💻,programming,Programming,📐,programming-languages,Programming Languages,Study template metaprogramming
🧑‍💻,programming,Programming,📐,programming-languages,Programming Languages,Study reflection techniques
🧑‍💻,programming,Programming,📐,programming-languages,Programming Languages,Study memory safety
🧑‍💻,programming,Programming,📐,programming-languages,Programming Languages,Study raii techniques
🧑‍💻,programming,Programming,📐,programming-languages,Programming Languages,Study smart pointers
🧑‍💻,programming,Programming,📐,programming-languages,Programming Languages,Study garbage collection
🧑‍💻,programming,Programming,📐,programming-languages,Programming Languages,Study reference counting
🧑‍💻,programming,Programming,📐,programming-languages,Programming Languages,Study concurrent patterns
🧑‍💻,programming,Programming,📐,programming-languages,Programming Languages,Study actor model
🧑‍💻,programming,Programming,📐,programming-languages,Programming Languages,Study csp techniques
🧑‍💻,programming,Programming,📐,programming-languages,Programming Languages,Study software transactional memory
🧑‍💻,programming,Programming,📐,programming-languages,Programming Languages,Study lock-free data structures
🧑‍💻,programming,Programming,📈,site-reliability-engineering,Site Reliability Engineering,Automate service level objectives
🧑‍💻,programming,Programming,📈,site-reliability-engineering,Site Reliability Engineering,Automate error budgets
🧑‍💻,programming,Programming,📈,site-reliability-engineering,Site Reliability Engineering,Automate sli definition
🧑‍💻,programming,Programming,📈,site-reliability-engineering,Site Reliability Engineering,Automate burn rate
🧑‍💻,programming,Programming,📈,site-reliability-engineering,Site Reliability Engineering,Automate alerting rules
🧑‍💻,programming,Programming,📈,site-reliability-engineering,Site Reliability Engineering,Automate incident management
🧑‍💻,programming,Programming,📈,site-reliability-engineering,Site Reliability Engineering,Automate on-call rotation
🧑‍💻,programming,Programming,📈,site-reliability-engineering,Site Reliability Engineering,Automate incident command
🧑‍💻,programming,Programming,📈,site-reliability-engineering,Site Reliability Engineering,Automate postmortem culture
🧑‍💻,programming,Programming,📈,site-reliability-engineering,Site Reliability Engineering,Automate blameless reviews
🧑‍💻,programming,Programming,📈,site-reliability-engineering,Site Reliability Engineering,Automate observability techniques
🧑‍💻,programming,Programming,📈,site-reliability-engineering,Site Reliability Engineering,Automate distributed tracing
🧑‍💻,programming,Programming,📈,site-reliability-engineering,Site Reliability Engineering,Automate span context
🧑‍💻,programming,Programming,📈,site-reliability-engineering,Site Reliability Engineering,Automate baggage techniques
🧑‍💻,programming,Programming,📈,site-reliability-engineering,Site Reliability Engineering,Automate sampling techniques
🧑‍💻,programming,Programming,📈,site-reliability-engineering,Site Reliability Engineering,Automate logging strategy
🧑‍💻,programming,Programming,📈,site-reliability-engineering,Site Reliability Engineering,Automate structured logs
🧑‍💻,programming,Programming,📈,site-reliability-engineering,Site Reliability Engineering,Automate log levels
🧑‍💻,programming,Programming,📈,site-reliability-engineering,Site Reliability Engineering,Automate log aggregation
🧑‍💻,programming,Programming,📈,site-reliability-engineering,Site Reliability Engineering,Automate log retention
🧑‍💻,programming,Programming,📈,site-reliability-engineering,Site Reliability Engineering,Automate capacity planning
🧑‍💻,programming,Programming,📈,site-reliability-engineering,Site Reliability Engineering,Automate load testing
🧑‍💻,programming,Programming,📈,site-reliability-engineering,Site Reliability Engineering,Automate traffic estimation
🧑‍💻,programming,Programming,📈,site-reliability-engineering,Site Reliability Engineering,Automate scaling policies
🧑‍💻,programming,Programming,📈,site-reliability-engineering,Site Reliability Engineering,Automate resource quotas
🧑‍💻,programming,Programming,📈,site-reliability-engineering,Site Reliability Engineering,Automate chaos engineering
🧑‍💻,programming,Programming,📈,site-reliability-engineering,Site Reliability Engineering,Automate gameday techniques
🧑‍💻,programming,Programming,📈,site-reliability-engineering,Site Reliability Engineering,Automate fault injection
🧑‍💻,programming,Programming,📈,site-reliability-engineering,Site Reliability Engineering,Automate latency injection
🧑‍💻,programming,Programming,📈,site-reliability-engineering,Site Reliability Engineering,Automate failure modes
🧑‍💻,programming,Programming,🏗️,software-architecture,Software Architecture,Design clean architecture
🧑‍💻,programming,Programming,🏗️,software-architecture,Software Architecture,Design hexagonal architecture
🧑‍💻,programming,Programming,🏗️,software-architecture,Software Architecture,Design onion architecture
🧑‍💻,programming,Programming,🏗️,software-architecture,Software Architecture,Design layered architecture
🧑‍💻,programming,Programming,🏗️,software-architecture,Software Architecture,Design microservices techniques
🧑‍💻,programming,Programming,🏗️,software-architecture,Software Architecture,Design event-driven architecture
🧑‍💻,programming,Programming,🏗️,software-architecture,Software Architecture,Design CQRS techniques
🧑‍💻,programming,Programming,🏗️,software-architecture,Software Architecture,Design event sourcing
🧑‍💻,programming,Programming,🏗️,software-architecture,Software Architecture,Design domain-driven design
🧑‍💻,programming,Programming,🏗️,software-architecture,Software Architecture,Design bounded contexts
🧑‍💻,programming,Programming,🏗️,software-architecture,Software Architecture,Design monorepo strategy
🧑‍💻,programming,Programming,🏗️,software-architecture,Software Architecture,Design nx techniques
🧑‍💻,programming,Programming,🏗️,software-architecture,Software Architecture,Design turborepo techniques
🧑‍💻,programming,Programming,🏗️,software-architecture,Software Architecture,Design multi-module build
🧑‍💻,programming,Programming,🏗️,software-architecture,Software Architecture,Design dependency management
🧑‍💻,programming,Programming,🏗️,software-architecture,Software Architecture,Design SOLID principles
🧑‍💻,programming,Programming,🏗️,software-architecture,Software Architecture,Design dependency inversion
🧑‍💻,programming,Programming,🏗️,software-architecture,Software Architecture,Design interface segregation
🧑‍💻,programming,Programming,🏗️,software-architecture,Software Architecture,Design law of demeter
🧑‍💻,programming,Programming,🏗️,software-architecture,Software Architecture,Design composition over inheritance
🧑‍💻,programming,Programming,🏗️,software-architecture,Software Architecture,Design design patterns
🧑‍💻,programming,Programming,🏗️,software-architecture,Software Architecture,Design factory techniques
🧑‍💻,programming,Programming,🏗️,software-architecture,Software Architecture,Design strategy techniques
🧑‍💻,programming,Programming,🏗️,software-architecture,Software Architecture,Design observer techniques
🧑‍💻,programming,Programming,🏗️,software-architecture,Software Architecture,Design repository techniques
🧑‍💻,programming,Programming,🏗️,software-architecture,Software Architecture,Design enterprise patterns
🧑‍💻,programming,Programming,🏗️,software-architecture,Software Architecture,Design unit of work
🧑‍💻,programming,Programming,🏗️,software-architecture,Software Architecture,Design identity map
🧑‍💻,programming,Programming,🏗️,software-architecture,Software Architecture,Design lazy loading
🧑‍💻,programming,Programming,🏗️,software-architecture,Software Architecture,Design specification pattern
🧑‍💻,programming,Programming,⚡,system-administration,System Administration,Monitor linux administration
🧑‍💻,programming,Programming,⚡,system-administration,System Administration,Monitor shell scripting
🧑‍💻,programming,Programming,⚡,system-administration,System Administration,Monitor bash techniques
🧑‍💻,programming,Programming,⚡,system-administration,System Administration,Monitor zsh techniques
🧑‍💻,programming,Programming,⚡,system-administration,System Administration,Monitor systemd techniques
🧑‍💻,programming,Programming,⚡,system-administration,System Administration,Monitor user management
🧑‍💻,programming,Programming,⚡,system-administration,System Administration,Monitor permission models
🧑‍💻,programming,Programming,⚡,system-administration,System Administration,Monitor selinux techniques
🧑‍💻,programming,Programming,⚡,system-administration,System Administration,Monitor apparmor techniques
🧑‍💻,programming,Programming,⚡,system-administration,System Administration,Monitor name spaces
🧑‍💻,programming,Programming,⚡,system-administration,System Administration,Monitor process management
🧑‍💻,programming,Programming,⚡,system-administration,System Administration,Monitor cgroups techniques
🧑‍💻,programming,Programming,⚡,system-administration,System Administration,Monitor system monitoring
🧑‍💻,programming,Programming,⚡,system-administration,System Administration,Monitor log management
🧑‍💻,programming,Programming,⚡,system-administration,System Administration,Monitor journalctl techniques
🧑‍💻,programming,Programming,⚡,system-administration,System Administration,Monitor file systems
🧑‍💻,programming,Programming,⚡,system-administration,System Administration,Monitor lvm techniques
🧑‍💻,programming,Programming,⚡,system-administration,System Administration,Monitor raid techniques
🧑‍💻,programming,Programming,⚡,system-administration,System Administration,Monitor encrypted volumes
🧑‍💻,programming,Programming,⚡,system-administration,System Administration,Monitor fstab techniques
🧑‍💻,programming,Programming,⚡,system-administration,System Administration,Monitor package management
🧑‍💻,programming,Programming,⚡,system-administration,System Administration,Monitor apt techniques
🧑‍💻,programming,Programming,⚡,system-administration,System Administration,Monitor yum techniques
🧑‍💻,programming,Programming,⚡,system-administration,System Administration,Monitor nix techniques
🧑‍💻,programming,Programming,⚡,system-administration,System Administration,Monitor homebrew techniques
🧑‍💻,programming,Programming,⚡,system-administration,System Administration,Monitor backup solutions
🧑‍💻,programming,Programming,⚡,system-administration,System Administration,Monitor rsync techniques
🧑‍💻,programming,Programming,⚡,system-administration,System Administration,Monitor borg techniques
🧑‍💻,programming,Programming,⚡,system-administration,System Administration,Monitor restic techniques
🧑‍💻,programming,Programming,⚡,system-administration,System Administration,Monitor disaster recovery
🧑‍💻,programming,Programming,📖,technical-writing,Technical Writing,Document API documentation
🧑‍💻,programming,Programming,📖,technical-writing,Technical Writing,Document openapi docs
🧑‍💻,programming,Programming,📖,technical-writing,Technical Writing,Document reference docs
🧑‍💻,programming,Programming,📖,technical-writing,Technical Writing,Document getting started guide
🧑‍💻,programming,Programming,📖,technical-writing,Technical Writing,Document tutorial writing
🧑‍💻,programming,Programming,📖,technical-writing,Technical Writing,Document markdown techniques
🧑‍💻,programming,Programming,📖,technical-writing,Technical Writing,Document mdx techniques
🧑‍💻,programming,Programming,📖,technical-writing,Technical Writing,Document asciidoc techniques
🧑‍💻,programming,Programming,📖,technical-writing,Technical Writing,Document restructuredtext techniques
🧑‍💻,programming,Programming,📖,technical-writing,Technical Writing,Document wikitext techniques
🧑‍💻,programming,Programming,📖,technical-writing,Technical Writing,Document information architecture
🧑‍💻,programming,Programming,📖,technical-writing,Technical Writing,Document documentation structure
🧑‍💻,programming,Programming,📖,technical-writing,Technical Writing,Document navigation design
🧑‍💻,programming,Programming,📖,technical-writing,Technical Writing,Document search optimization
🧑‍💻,programming,Programming,📖,technical-writing,Technical Writing,Document content reuse
🧑‍💻,programming,Programming,📖,technical-writing,Technical Writing,Document style guides
🧑‍💻,programming,Programming,📖,technical-writing,Technical Writing,Document google developer style
🧑‍💻,programming,Programming,📖,technical-writing,Technical Writing,Document microsoft style
🧑‍💻,programming,Programming,📖,technical-writing,Technical Writing,Document chicago manual
🧑‍💻,programming,Programming,📖,technical-writing,Technical Writing,Document voice and tone
🧑‍💻,programming,Programming,📖,technical-writing,Technical Writing,Document diagrams as code
🧑‍💻,programming,Programming,📖,technical-writing,Technical Writing,Document mermaid techniques
🧑‍💻,programming,Programming,📖,technical-writing,Technical Writing,Document plantuml techniques
🧑‍💻,programming,Programming,📖,technical-writing,Technical Writing,Document structurizr techniques
🧑‍💻,programming,Programming,📖,technical-writing,Technical Writing,Document graphviz techniques
🧑‍💻,programming,Programming,📖,technical-writing,Technical Writing,Document documentation platforms
🧑‍💻,programming,Programming,📖,technical-writing,Technical Writing,Document docusaurus techniques
🧑‍💻,programming,Programming,📖,technical-writing,Technical Writing,Document read the docs
🧑‍💻,programming,Programming,📖,technical-writing,Technical Writing,Document gitbook techniques
🧑‍💻,programming,Programming,📖,technical-writing,Technical Writing,Document mkdocs techniques
🧑‍💻,programming,Programming,🧪,testing-qa,Testing & QA,Break unit testing
🧑‍💻,programming,Programming,🧪,testing-qa,Testing & QA,Break integration testing
🧑‍💻,programming,Programming,🧪,testing-qa,Testing & QA,Break e2e testing
🧑‍💻,programming,Programming,🧪,testing-qa,Testing & QA,Break snapshot testing
🧑‍💻,programming,Programming,🧪,testing-qa,Testing & QA,Break visual regression
🧑‍💻,programming,Programming,🧪,testing-qa,Testing & QA,Break jest techniques
🧑‍💻,programming,Programming,🧪,testing-qa,Testing & QA,Break vitest techniques
🧑‍💻,programming,Programming,🧪,testing-qa,Testing & QA,Break mocha techniques
🧑‍💻,programming,Programming,🧪,testing-qa,Testing & QA,Break jasmine techniques
🧑‍💻,programming,Programming,🧪,testing-qa,Testing & QA,Break playwright techniques
🧑‍💻,programming,Programming,🧪,testing-qa,Testing & QA,Break cypress techniques
🧑‍💻,programming,Programming,🧪,testing-qa,Testing & QA,Break selenium techniques
🧑‍💻,programming,Programming,🧪,testing-qa,Testing & QA,Break appium techniques
🧑‍💻,programming,Programming,🧪,testing-qa,Testing & QA,Break detox techniques
🧑‍💻,programming,Programming,🧪,testing-qa,Testing & QA,Break testing library
🧑‍💻,programming,Programming,🧪,testing-qa,Testing & QA,Break test driven development
🧑‍💻,programming,Programming,🧪,testing-qa,Testing & QA,Break behavior driven development
🧑‍💻,programming,Programming,🧪,testing-qa,Testing & QA,Break property-based testing
🧑‍💻,programming,Programming,🧪,testing-qa,Testing & QA,Break fuzz testing
🧑‍💻,programming,Programming,🧪,testing-qa,Testing & QA,Break mutation testing
🧑‍💻,programming,Programming,🧪,testing-qa,Testing & QA,Break mock objects
🧑‍💻,programming,Programming,🧪,testing-qa,Testing & QA,Break test doubles
🧑‍💻,programming,Programming,🧪,testing-qa,Testing & QA,Break stubs techniques
🧑‍💻,programming,Programming,🧪,testing-qa,Testing & QA,Break fakes techniques
🧑‍💻,programming,Programming,🧪,testing-qa,Testing & QA,Break dependency injection
🧑‍💻,programming,Programming,🧪,testing-qa,Testing & QA,Break code coverage
🧑‍💻,programming,Programming,🧪,testing-qa,Testing & QA,Break branch coverage
🧑‍💻,programming,Programming,🧪,testing-qa,Testing & QA,Break load testing
🧑‍💻,programming,Programming,🧪,testing-qa,Testing & QA,Break stress testing
🧑‍💻,programming,Programming,🧪,testing-qa,Testing & QA,Break chaos engineering
🧑‍💻,programming,Programming,🖌️,ui-ux-design,UI/UX Design,Design design systems
🧑‍💻,programming,Programming,🖌️,ui-ux-design,UI/UX Design,Design design tokens
🧑‍💻,programming,Programming,🖌️,ui-ux-design,UI/UX Design,Design color theory
🧑‍💻,programming,Programming,🖌️,ui-ux-design,UI/UX Design,Design typography scale
🧑‍💻,programming,Programming,🖌️,ui-ux-design,UI/UX Design,Design spacing systems
🧑‍💻,programming,Programming,🖌️,ui-ux-design,UI/UX Design,Design figma techniques
🧑‍💻,programming,Programming,🖌️,ui-ux-design,UI/UX Design,Design auto layout
🧑‍💻,programming,Programming,🖌️,ui-ux-design,UI/UX Design,Design component library
🧑‍💻,programming,Programming,🖌️,ui-ux-design,UI/UX Design,Design variants techniques
🧑‍💻,programming,Programming,🖌️,ui-ux-design,UI/UX Design,Design design handoff
🧑‍💻,programming,Programming,🖌️,ui-ux-design,UI/UX Design,Design user research
🧑‍💻,programming,Programming,🖌️,ui-ux-design,UI/UX Design,Design usability testing
🧑‍💻,programming,Programming,🖌️,ui-ux-design,UI/UX Design,Design heuristic evaluation
🧑‍💻,programming,Programming,🖌️,ui-ux-design,UI/UX Design,Design user flows
🧑‍💻,programming,Programming,🖌️,ui-ux-design,UI/UX Design,Design journey mapping
🧑‍💻,programming,Programming,🖌️,ui-ux-design,UI/UX Design,Design wireframing techniques
🧑‍💻,programming,Programming,🖌️,ui-ux-design,UI/UX Design,Design prototyping techniques
🧑‍💻,programming,Programming,🖌️,ui-ux-design,UI/UX Design,Design high-fidelity mockups
🧑‍💻,programming,Programming,🖌️,ui-ux-design,UI/UX Design,Design interaction design
🧑‍💻,programming,Programming,🖌️,ui-ux-design,UI/UX Design,Design microinteractions techniques
🧑‍💻,programming,Programming,🖌️,ui-ux-design,UI/UX Design,Design information architecture
🧑‍💻,programming,Programming,🖌️,ui-ux-design,UI/UX Design,Design card sorting
🧑‍💻,programming,Programming,🖌️,ui-ux-design,UI/UX Design,Design tree testing
🧑‍💻,programming,Programming,🖌️,ui-ux-design,UI/UX Design,Design sitemaps techniques
🧑‍💻,programming,Programming,🖌️,ui-ux-design,UI/UX Design,Design content strategy
🧑‍💻,programming,Programming,🖌️,ui-ux-design,UI/UX Design,Design visual hierarchy
🧑‍💻,programming,Programming,🖌️,ui-ux-design,UI/UX Design,Design gestalt principles
🧑‍💻,programming,Programming,🖌️,ui-ux-design,UI/UX Design,Design affordances techniques
🧑‍💻,programming,Programming,🖌️,ui-ux-design,UI/UX Design,Design accessibility standards
🧑‍💻,programming,Programming,🖌️,ui-ux-design,UI/UX Design,Design wcag 2.2
🧑‍💻,programming,Programming,📝,web-development,Web Development,Build semantic HTML
🧑‍💻,programming,Programming,📝,web-development,Web Development,Build CSS grid
🧑‍💻,programming,Programming,📝,web-development,Web Development,Build flexbox techniques
🧑‍💻,programming,Programming,📝,web-development,Web Development,Build CSS variables
🧑‍💻,programming,Programming,📝,web-development,Web Development,Build responsive design
🧑‍💻,programming,Programming,📝,web-development,Web Development,Build CSS animations
🧑‍💻,programming,Programming,📝,web-development,Web Development,Build javascript dom
🧑‍💻,programming,Programming,📝,web-development,Web Development,Build typescript basics
🧑‍💻,programming,Programming,📝,web-development,Web Development,Build react hooks
🧑‍💻,programming,Programming,📝,web-development,Web Development,Build next.js app router
🧑‍💻,programming,Programming,📝,web-development,Web Development,Build server components
🧑‍💻,programming,Programming,📝,web-development,Web Development,Build API routes
🧑‍💻,programming,Programming,📝,web-development,Web Development,Build middleware techniques
🧑‍💻,programming,Programming,📝,web-development,Web Development,Build CSS modules
🧑‍💻,programming,Programming,📝,web-development,Web Development,Build tailwind CSS
🧑‍💻,programming,Programming,📝,web-development,Web Development,Build storybook techniques
🧑‍💻,programming,Programming,📝,web-development,Web Development,Build cypress techniques
🧑‍💻,programming,Programming,📝,web-development,Web Development,Build vitest techniques
🧑‍💻,programming,Programming,📝,web-development,Web Development,Build web vitals
🧑‍💻,programming,Programming,📝,web-development,Web Development,Build seo basics
🧑‍💻,programming,Programming,📝,web-development,Web Development,Build accessibility techniques
🧑‍💻,programming,Programming,📝,web-development,Web Development,Build websockets techniques
🧑‍💻,programming,Programming,📝,web-development,Web Development,Build service workers
🧑‍💻,programming,Programming,📝,web-development,Web Development,Build progressive web apps
🧑‍💻,programming,Programming,📝,web-development,Web Development,Build web assembly
🧑‍💻,programming,Programming,📝,web-development,Web Development,Build bundle optimization
🧑‍💻,programming,Programming,📝,web-development,Web Development,Build tree shaking
🧑‍💻,programming,Programming,📝,web-development,Web Development,Build lazy loading
🧑‍💻,programming,Programming,📝,web-development,Web Development,Build image optimization
🧑‍💻,programming,Programming,📝,web-development,Web Development,Build font loading
🗣️,social-communication,Social & Communication,🎤,public-speaking,Public Speaking,Address overcoming fear
🗣️,social-communication,Social & Communication,🎤,public-speaking,Public Speaking,Address stage presence
🗣️,social-communication,Social & Communication,🎤,public-speaking,Public Speaking,Address voice projection
🗣️,social-communication,Social & Communication,🎤,public-speaking,Public Speaking,Address pacing speech
🗣️,social-communication,Social & Communication,🎤,public-speaking,Public Speaking,Address eye contact
🗣️,social-communication,Social & Communication,🎤,public-speaking,Public Speaking,Address gestures techniques
🗣️,social-communication,Social & Communication,🎤,public-speaking,Public Speaking,Address movement stage
🗣️,social-communication,Social & Communication,🎤,public-speaking,Public Speaking,Address opening hook
🗣️,social-communication,Social & Communication,🎤,public-speaking,Public Speaking,Address closing strong
🗣️,social-communication,Social & Communication,🎤,public-speaking,Public Speaking,Address storytelling techniques
🗣️,social-communication,Social & Communication,🎤,public-speaking,Public Speaking,Address humor use
🗣️,social-communication,Social & Communication,🎤,public-speaking,Public Speaking,Address audience engagement
🗣️,social-communication,Social & Communication,🎤,public-speaking,Public Speaking,Address q&a handling
🗣️,social-communication,Social & Communication,🎤,public-speaking,Public Speaking,Address slide design
🗣️,social-communication,Social & Communication,🎤,public-speaking,Public Speaking,Address visual aid
🗣️,social-communication,Social & Communication,🎤,public-speaking,Public Speaking,Address props use
🗣️,social-communication,Social & Communication,🎤,public-speaking,Public Speaking,Address script writing
🗣️,social-communication,Social & Communication,🎤,public-speaking,Public Speaking,Address extemporaneous techniques
🗣️,social-communication,Social & Communication,🎤,public-speaking,Public Speaking,Address impromptu speech
🗣️,social-communication,Social & Communication,🎤,public-speaking,Public Speaking,Address speech structure
🗣️,social-communication,Social & Communication,🎤,public-speaking,Public Speaking,Address body language
🗣️,social-communication,Social & Communication,🎤,public-speaking,Public Speaking,Address vocal variety
🗣️,social-communication,Social & Communication,🎤,public-speaking,Public Speaking,Address pause technique
🗣️,social-communication,Social & Communication,🎤,public-speaking,Public Speaking,Address breath control
🗣️,social-communication,Social & Communication,🎤,public-speaking,Public Speaking,Address articulation techniques
🗣️,social-communication,Social & Communication,🎤,public-speaking,Public Speaking,Address rate of speech
🗣️,social-communication,Social & Communication,🎤,public-speaking,Public Speaking,Address volume control
🗣️,social-communication,Social & Communication,🎤,public-speaking,Public Speaking,Address tone modulation
🗣️,social-communication,Social & Communication,🎤,public-speaking,Public Speaking,Address emotional connection
🗣️,social-communication,Social & Communication,🎤,public-speaking,Public Speaking,Address call to action
🗣️,social-communication,Social & Communication,📊,presentation-skills,Presentation Skills,Pitch slide hierarchy
🗣️,social-communication,Social & Communication,📊,presentation-skills,Presentation Skills,Pitch data visualization
🗣️,social-communication,Social & Communication,📊,presentation-skills,Presentation Skills,Pitch chart selection
🗣️,social-communication,Social & Communication,📊,presentation-skills,Presentation Skills,Pitch graph design
🗣️,social-communication,Social & Communication,📊,presentation-skills,Presentation Skills,Pitch key message
🗣️,social-communication,Social & Communication,📊,presentation-skills,Presentation Skills,Pitch narrative arc
🗣️,social-communication,Social & Communication,📊,presentation-skills,Presentation Skills,Pitch attention grabber
🗣️,social-communication,Social & Communication,📊,presentation-skills,Presentation Skills,Pitch transition smooth
🗣️,social-communication,Social & Communication,📊,presentation-skills,Presentation Skills,Pitch signposting techniques
🗣️,social-communication,Social & Communication,📊,presentation-skills,Presentation Skills,Pitch highlight points
🗣️,social-communication,Social & Communication,📊,presentation-skills,Presentation Skills,Pitch audience analysis
🗣️,social-communication,Social & Communication,📊,presentation-skills,Presentation Skills,Pitch room setup
🗣️,social-communication,Social & Communication,📊,presentation-skills,Presentation Skills,Pitch tech check
🗣️,social-communication,Social & Communication,📊,presentation-skills,Presentation Skills,Pitch backup plan
🗣️,social-communication,Social & Communication,📊,presentation-skills,Presentation Skills,Pitch handouts techniques
🗣️,social-communication,Social & Communication,📊,presentation-skills,Presentation Skills,Pitch interactive element
🗣️,social-communication,Social & Communication,📊,presentation-skills,Presentation Skills,Pitch polling techniques
🗣️,social-communication,Social & Communication,📊,presentation-skills,Presentation Skills,Pitch demo planning
🗣️,social-communication,Social & Communication,📊,presentation-skills,Presentation Skills,Pitch live coding
🗣️,social-communication,Social & Communication,📊,presentation-skills,Presentation Skills,Pitch q&a preparation
🗣️,social-communication,Social & Communication,📊,presentation-skills,Presentation Skills,Pitch time management
🗣️,social-communication,Social & Communication,📊,presentation-skills,Presentation Skills,Pitch pacing presentation
🗣️,social-communication,Social & Communication,📊,presentation-skills,Presentation Skills,Pitch energy level
🗣️,social-communication,Social & Communication,📊,presentation-skills,Presentation Skills,Pitch confidence building
🗣️,social-communication,Social & Communication,📊,presentation-skills,Presentation Skills,Pitch rehearsal techniques
🗣️,social-communication,Social & Communication,📊,presentation-skills,Presentation Skills,Pitch feedback request
🗣️,social-communication,Social & Communication,📊,presentation-skills,Presentation Skills,Pitch posture presenting
🗣️,social-communication,Social & Communication,📊,presentation-skills,Presentation Skills,Pitch hand gestures
🗣️,social-communication,Social & Communication,📊,presentation-skills,Presentation Skills,Pitch eye scan
🗣️,social-communication,Social & Communication,📊,presentation-skills,Presentation Skills,Pitch voice warmup
🗣️,social-communication,Social & Communication,📖,storytelling,Storytelling,Narrate story arc
🗣️,social-communication,Social & Communication,📖,storytelling,Storytelling,Narrate three act structure
🗣️,social-communication,Social & Communication,📖,storytelling,Storytelling,Narrate hero's journey
🗣️,social-communication,Social & Communication,📖,storytelling,Storytelling,Narrate character development
🗣️,social-communication,Social & Communication,📖,storytelling,Storytelling,Narrate setting description
🗣️,social-communication,Social & Communication,📖,storytelling,Storytelling,Narrate conflict building
🗣️,social-communication,Social & Communication,📖,storytelling,Storytelling,Narrate climax techniques
🗣️,social-communication,Social & Communication,📖,storytelling,Storytelling,Narrate resolution techniques
🗣️,social-communication,Social & Communication,📖,storytelling,Storytelling,Narrate emotional hook
🗣️,social-communication,Social & Communication,📖,storytelling,Storytelling,Narrate show don't tell
🗣️,social-communication,Social & Communication,📖,storytelling,Storytelling,Narrate dialogue writing
🗣️,social-communication,Social & Communication,📖,storytelling,Storytelling,Narrate pacing story
🗣️,social-communication,Social & Communication,📖,storytelling,Storytelling,Narrate tension building
🗣️,social-communication,Social & Communication,📖,storytelling,Storytelling,Narrate plot twist
🗣️,social-communication,Social & Communication,📖,storytelling,Storytelling,Narrate theme weaving
🗣️,social-communication,Social & Communication,📖,storytelling,Storytelling,Narrate personal story
🗣️,social-communication,Social & Communication,📖,storytelling,Storytelling,Narrate anecdote structure
🗣️,social-communication,Social & Communication,📖,storytelling,Storytelling,Narrate metaphor use
🗣️,social-communication,Social & Communication,📖,storytelling,Storytelling,Narrate analogy techniques
🗣️,social-communication,Social & Communication,📖,storytelling,Storytelling,Narrate vivid imagery
🗣️,social-communication,Social & Communication,📖,storytelling,Storytelling,Narrate sensory detail
🗣️,social-communication,Social & Communication,📖,storytelling,Storytelling,Narrate voice character
🗣️,social-communication,Social & Communication,📖,storytelling,Storytelling,Narrate perspective choice
🗣️,social-communication,Social & Communication,📖,storytelling,Storytelling,Narrate story circle
🗣️,social-communication,Social & Communication,📖,storytelling,Storytelling,Narrate in media res
🗣️,social-communication,Social & Communication,📖,storytelling,Storytelling,Narrate flashback techniques
🗣️,social-communication,Social & Communication,📖,storytelling,Storytelling,Narrate foreshadowing techniques
🗣️,social-communication,Social & Communication,📖,storytelling,Storytelling,Narrate call back
🗣️,social-communication,Social & Communication,📖,storytelling,Storytelling,Narrate story opening
🗣️,social-communication,Social & Communication,📖,storytelling,Storytelling,Narrate story ending
🗣️,social-communication,Social & Communication,🤝,negotiation,Negotiation,Deal batna techniques
🗣️,social-communication,Social & Communication,🤝,negotiation,Negotiation,Deal reservation price
🗣️,social-communication,Social & Communication,🤝,negotiation,Negotiation,Deal zopa techniques
🗣️,social-communication,Social & Communication,🤝,negotiation,Negotiation,Deal distributive bargaining
🗣️,social-communication,Social & Communication,🤝,negotiation,Negotiation,Deal integrative bargaining
🗣️,social-communication,Social & Communication,🤝,negotiation,Negotiation,Deal position vs interest
🗣️,social-communication,Social & Communication,🤝,negotiation,Negotiation,Deal active listening
🗣️,social-communication,Social & Communication,🤝,negotiation,Negotiation,Deal mirroring techniques
🗣️,social-communication,Social & Communication,🤝,negotiation,Negotiation,Deal labeling techniques
🗣️,social-communication,Social & Communication,🤝,negotiation,Negotiation,Deal calibrated questions
🗣️,social-communication,Social & Communication,🤝,negotiation,Negotiation,Deal accusation audit
🗣️,social-communication,Social & Communication,🤝,negotiation,Negotiation,Deal fairness frame
🗣️,social-communication,Social & Communication,🤝,negotiation,Negotiation,Deal emotional control
🗣️,social-communication,Social & Communication,🤝,negotiation,Negotiation,Deal silence strategy
🗣️,social-communication,Social & Communication,🤝,negotiation,Negotiation,Deal concession plan
🗣️,social-communication,Social & Communication,🤝,negotiation,Negotiation,Deal trade off
🗣️,social-communication,Social & Communication,🤝,negotiation,Negotiation,Deal package deal
🗣️,social-communication,Social & Communication,🤝,negotiation,Negotiation,Deal multiple offers
🗣️,social-communication,Social & Communication,🤝,negotiation,Negotiation,Deal post settlement
🗣️,social-communication,Social & Communication,🤝,negotiation,Negotiation,Deal power dynamic
🗣️,social-communication,Social & Communication,🤝,negotiation,Negotiation,Deal leverage point
🗣️,social-communication,Social & Communication,🤝,negotiation,Negotiation,Deal time pressure
🗣️,social-communication,Social & Communication,🤝,negotiation,Negotiation,Deal deadline strategy
🗣️,social-communication,Social & Communication,🤝,negotiation,Negotiation,Deal walk away power
🗣️,social-communication,Social & Communication,🤝,negotiation,Negotiation,Deal anchoring techniques
🗣️,social-communication,Social & Communication,🤝,negotiation,Negotiation,Deal framing effect
🗣️,social-communication,Social & Communication,🤝,negotiation,Negotiation,Deal reciprocity techniques
🗣️,social-communication,Social & Communication,🤝,negotiation,Negotiation,Deal scarcity techniques
🗣️,social-communication,Social & Communication,🤝,negotiation,Negotiation,Deal authority techniques
🗣️,social-communication,Social & Communication,🤝,negotiation,Negotiation,Deal liking principle
🗣️,social-communication,Social & Communication,🕊️,conflict-resolution,Conflict Resolution,Mediate active listening
🗣️,social-communication,Social & Communication,🕊️,conflict-resolution,Conflict Resolution,Mediate i statements
🗣️,social-communication,Social & Communication,🕊️,conflict-resolution,Conflict Resolution,Mediate emotional regulation
🗣️,social-communication,Social & Communication,🕊️,conflict-resolution,Conflict Resolution,Mediate empathy practice
🗣️,social-communication,Social & Communication,🕊️,conflict-resolution,Conflict Resolution,Mediate perspective taking
🗣️,social-communication,Social & Communication,🕊️,conflict-resolution,Conflict Resolution,Mediate non defensive
🗣️,social-communication,Social & Communication,🕊️,conflict-resolution,Conflict Resolution,Mediate calm down technique
🗣️,social-communication,Social & Communication,🕊️,conflict-resolution,Conflict Resolution,Mediate time out
🗣️,social-communication,Social & Communication,🕊️,conflict-resolution,Conflict Resolution,Mediate de escalation
🗣️,social-communication,Social & Communication,🕊️,conflict-resolution,Conflict Resolution,Mediate finding common ground
🗣️,social-communication,Social & Communication,🕊️,conflict-resolution,Conflict Resolution,Mediate interest discovery
🗣️,social-communication,Social & Communication,🕊️,conflict-resolution,Conflict Resolution,Mediate needs vs wants
🗣️,social-communication,Social & Communication,🕊️,conflict-resolution,Conflict Resolution,Mediate brainstorm solutions
🗣️,social-communication,Social & Communication,🕊️,conflict-resolution,Conflict Resolution,Mediate collaborative win
🗣️,social-communication,Social & Communication,🕊️,conflict-resolution,Conflict Resolution,Mediate compromise techniques
🗣️,social-communication,Social & Communication,🕊️,conflict-resolution,Conflict Resolution,Mediate apology sincere
🗣️,social-communication,Social & Communication,🕊️,conflict-resolution,Conflict Resolution,Mediate forgiveness techniques
🗣️,social-communication,Social & Communication,🕊️,conflict-resolution,Conflict Resolution,Mediate mediation process
🗣️,social-communication,Social & Communication,🕊️,conflict-resolution,Conflict Resolution,Mediate third party role
🗣️,social-communication,Social & Communication,🕊️,conflict-resolution,Conflict Resolution,Mediate facilitation techniques
🗣️,social-communication,Social & Communication,🕊️,conflict-resolution,Conflict Resolution,Mediate ground rules
🗣️,social-communication,Social & Communication,🕊️,conflict-resolution,Conflict Resolution,Mediate safe space
🗣️,social-communication,Social & Communication,🕊️,conflict-resolution,Conflict Resolution,Mediate trust building
🗣️,social-communication,Social & Communication,🕊️,conflict-resolution,Conflict Resolution,Mediate reconciliation techniques
🗣️,social-communication,Social & Communication,🕊️,conflict-resolution,Conflict Resolution,Mediate agreement document
🗣️,social-communication,Social & Communication,🕊️,conflict-resolution,Conflict Resolution,Mediate follow up
🗣️,social-communication,Social & Communication,🕊️,conflict-resolution,Conflict Resolution,Mediate conflict style
🗣️,social-communication,Social & Communication,🕊️,conflict-resolution,Conflict Resolution,Mediate thomas kilmann
🗣️,social-communication,Social & Communication,🕊️,conflict-resolution,Conflict Resolution,Mediate avoidance style
🗣️,social-communication,Social & Communication,🕊️,conflict-resolution,Conflict Resolution,Mediate collaboration style
🗣️,social-communication,Social & Communication,👂,active-listening,Active Listening,Hear full attention
🗣️,social-communication,Social & Communication,👂,active-listening,Active Listening,Hear eye contact
🗣️,social-communication,Social & Communication,👂,active-listening,Active Listening,Hear nodding techniques
🗣️,social-communication,Social & Communication,👂,active-listening,Active Listening,Hear open posture
🗣️,social-communication,Social & Communication,👂,active-listening,Active Listening,Hear avoid interrupting
🗣️,social-communication,Social & Communication,👂,active-listening,Active Listening,Hear paraphrasing techniques
🗣️,social-communication,Social & Communication,👂,active-listening,Active Listening,Hear reflecting feelings
🗣️,social-communication,Social & Communication,👂,active-listening,Active Listening,Hear summarizing techniques
🗣️,social-communication,Social & Communication,👂,active-listening,Active Listening,Hear clarifying questions
🗣️,social-communication,Social & Communication,👂,active-listening,Active Listening,Hear open ended questions
🗣️,social-communication,Social & Communication,👂,active-listening,Active Listening,Hear minimal encouragers
🗣️,social-communication,Social & Communication,👂,active-listening,Active Listening,Hear silence comfort
🗣️,social-communication,Social & Communication,👂,active-listening,Active Listening,Hear not rehearsing
🗣️,social-communication,Social & Communication,👂,active-listening,Active Listening,Hear suspend judgment
🗣️,social-communication,Social & Communication,👂,active-listening,Active Listening,Hear empathetic response
🗣️,social-communication,Social & Communication,👂,active-listening,Active Listening,Hear validating emotion
🗣️,social-communication,Social & Communication,👂,active-listening,Active Listening,Hear body language read
🗣️,social-communication,Social & Communication,👂,active-listening,Active Listening,Hear tone awareness
🗣️,social-communication,Social & Communication,👂,active-listening,Active Listening,Hear listening levels
🗣️,social-communication,Social & Communication,👂,active-listening,Active Listening,Hear deep listening
🗣️,social-communication,Social & Communication,👂,active-listening,Active Listening,Hear content listening
🗣️,social-communication,Social & Communication,👂,active-listening,Active Listening,Hear critical listening
🗣️,social-communication,Social & Communication,👂,active-listening,Active Listening,Hear empathetic listening
🗣️,social-communication,Social & Communication,👂,active-listening,Active Listening,Hear appreciative listening
🗣️,social-communication,Social & Communication,👂,active-listening,Active Listening,Hear recall practice
🗣️,social-communication,Social & Communication,👂,active-listening,Active Listening,Hear note taking listen
🗣️,social-communication,Social & Communication,👂,active-listening,Active Listening,Hear memory techniques
🗣️,social-communication,Social & Communication,👂,active-listening,Active Listening,Hear distraction removal
🗣️,social-communication,Social & Communication,👂,active-listening,Active Listening,Hear mindful listening
🗣️,social-communication,Social & Communication,👂,active-listening,Active Listening,Hear listening feedback
🗣️,social-communication,Social & Communication,🦁,nonverbal-communication,Nonverbal Communication,Interpret facial expressions
🗣️,social-communication,Social & Communication,🦁,nonverbal-communication,Nonverbal Communication,Interpret eye contact
🗣️,social-communication,Social & Communication,🦁,nonverbal-communication,Nonverbal Communication,Interpret gaze pattern
🗣️,social-communication,Social & Communication,🦁,nonverbal-communication,Nonverbal Communication,Interpret posture techniques
🗣️,social-communication,Social & Communication,🦁,nonverbal-communication,Nonverbal Communication,Interpret body orientation
🗣️,social-communication,Social & Communication,🦁,nonverbal-communication,Nonverbal Communication,Interpret personal space
🗣️,social-communication,Social & Communication,🦁,nonverbal-communication,Nonverbal Communication,Interpret proxemics techniques
🗣️,social-communication,Social & Communication,🦁,nonverbal-communication,Nonverbal Communication,Interpret gestures techniques
🗣️,social-communication,Social & Communication,🦁,nonverbal-communication,Nonverbal Communication,Interpret hand movements
🗣️,social-communication,Social & Communication,🦁,nonverbal-communication,Nonverbal Communication,Interpret arm position
🗣️,social-communication,Social & Communication,🦁,nonverbal-communication,Nonverbal Communication,Interpret leg position
🗣️,social-communication,Social & Communication,🦁,nonverbal-communication,Nonverbal Communication,Interpret foot direction
🗣️,social-communication,Social & Communication,🦁,nonverbal-communication,Nonverbal Communication,Interpret touch communication
🗣️,social-communication,Social & Communication,🦁,nonverbal-communication,Nonverbal Communication,Interpret haptics techniques
🗣️,social-communication,Social & Communication,🦁,nonverbal-communication,Nonverbal Communication,Interpret paralanguage techniques
🗣️,social-communication,Social & Communication,🦁,nonverbal-communication,Nonverbal Communication,Interpret voice pitch
🗣️,social-communication,Social & Communication,🦁,nonverbal-communication,Nonverbal Communication,Interpret voice tone
🗣️,social-communication,Social & Communication,🦁,nonverbal-communication,Nonverbal Communication,Interpret voice speed
🗣️,social-communication,Social & Communication,🦁,nonverbal-communication,Nonverbal Communication,Interpret volume techniques
🗣️,social-communication,Social & Communication,🦁,nonverbal-communication,Nonverbal Communication,Interpret pause silence
🗣️,social-communication,Social & Communication,🦁,nonverbal-communication,Nonverbal Communication,Interpret chronemics techniques
🗣️,social-communication,Social & Communication,🦁,nonverbal-communication,Nonverbal Communication,Interpret time perception
🗣️,social-communication,Social & Communication,🦁,nonverbal-communication,Nonverbal Communication,Interpret oculesics techniques
🗣️,social-communication,Social & Communication,🦁,nonverbal-communication,Nonverbal Communication,Interpret smile types
🗣️,social-communication,Social & Communication,🦁,nonverbal-communication,Nonverbal Communication,Interpret head tilt
🗣️,social-communication,Social & Communication,🦁,nonverbal-communication,Nonverbal Communication,Interpret shoulder position
🗣️,social-communication,Social & Communication,🦁,nonverbal-communication,Nonverbal Communication,Interpret mirroring others
🗣️,social-communication,Social & Communication,🦁,nonverbal-communication,Nonverbal Communication,Interpret congruence check
🗣️,social-communication,Social & Communication,🦁,nonverbal-communication,Nonverbal Communication,Interpret cultural differences
🗣️,social-communication,Social & Communication,🦁,nonverbal-communication,Nonverbal Communication,Interpret status signals
🗣️,social-communication,Social & Communication,💪,assertiveness,Assertiveness,Stand i statement
🗣️,social-communication,Social & Communication,💪,assertiveness,Assertiveness,Stand broken record
🗣️,social-communication,Social & Communication,💪,assertiveness,Assertiveness,Stand fogging techniques
🗣️,social-communication,Social & Communication,💪,assertiveness,Assertiveness,Stand negative inquiry
🗣️,social-communication,Social & Communication,💪,assertiveness,Assertiveness,Stand negative assertion
🗣️,social-communication,Social & Communication,💪,assertiveness,Assertiveness,Stand workable compromise
🗣️,social-communication,Social & Communication,💪,assertiveness,Assertiveness,Stand setting boundaries
🗣️,social-communication,Social & Communication,💪,assertiveness,Assertiveness,Stand saying no
🗣️,social-communication,Social & Communication,💪,assertiveness,Assertiveness,Stand refusal skill
🗣️,social-communication,Social & Communication,💪,assertiveness,Assertiveness,Stand standing ground
🗣️,social-communication,Social & Communication,💪,assertiveness,Assertiveness,Stand calm repetition
🗣️,social-communication,Social & Communication,💪,assertiveness,Assertiveness,Stand eye contact assert
🗣️,social-communication,Social & Communication,💪,assertiveness,Assertiveness,Stand voice firmness
🗣️,social-communication,Social & Communication,💪,assertiveness,Assertiveness,Stand body language assert
🗣️,social-communication,Social & Communication,💪,assertiveness,Assertiveness,Stand right to ask
🗣️,social-communication,Social & Communication,💪,assertiveness,Assertiveness,Stand right to refuse
🗣️,social-communication,Social & Communication,💪,assertiveness,Assertiveness,Stand asking for time
🗣️,social-communication,Social & Communication,💪,assertiveness,Assertiveness,Stand expressing feelings
🗣️,social-communication,Social & Communication,💪,assertiveness,Assertiveness,Stand disagree respect
🗣️,social-communication,Social & Communication,💪,assertiveness,Assertiveness,Stand opinion expression
🗣️,social-communication,Social & Communication,💪,assertiveness,Assertiveness,Stand describing behavior
🗣️,social-communication,Social & Communication,💪,assertiveness,Assertiveness,Stand consequences stating
🗣️,social-communication,Social & Communication,💪,assertiveness,Assertiveness,Stand preference stating
🗣️,social-communication,Social & Communication,💪,assertiveness,Assertiveness,Stand decision making
🗣️,social-communication,Social & Communication,💪,assertiveness,Assertiveness,Stand responsibility taking
🗣️,social-communication,Social & Communication,💪,assertiveness,Assertiveness,Stand initiative taking
🗣️,social-communication,Social & Communication,💪,assertiveness,Assertiveness,Stand requesting change
🗣️,social-communication,Social & Communication,💪,assertiveness,Assertiveness,Stand criticism handling
🗣️,social-communication,Social & Communication,💪,assertiveness,Assertiveness,Stand praise accepting
🗣️,social-communication,Social & Communication,💪,assertiveness,Assertiveness,Stand assertiveness practice
🗣️,social-communication,Social & Communication,💛,empathy,Empathy,Validate perspective taking
🗣️,social-communication,Social & Communication,💛,empathy,Empathy,Validate active empathy
🗣️,social-communication,Social & Communication,💛,empathy,Empathy,Validate emotional recognition
🗣️,social-communication,Social & Communication,💛,empathy,Empathy,Validate feeling identification
🗣️,social-communication,Social & Communication,💛,empathy,Empathy,Validate validating others
🗣️,social-communication,Social & Communication,💛,empathy,Empathy,Validate compassionate response
🗣️,social-communication,Social & Communication,💛,empathy,Empathy,Validate non judgment
🗣️,social-communication,Social & Communication,💛,empathy,Empathy,Validate emotional attunement
🗣️,social-communication,Social & Communication,💛,empathy,Empathy,Validate mirror neurons
🗣️,social-communication,Social & Communication,💛,empathy,Empathy,Validate cognitive empathy
🗣️,social-communication,Social & Communication,💛,empathy,Empathy,Validate affective empathy
🗣️,social-communication,Social & Communication,💛,empathy,Empathy,Validate empathetic concern
🗣️,social-communication,Social & Communication,💛,empathy,Empathy,Validate empathic accuracy
🗣️,social-communication,Social & Communication,💛,empathy,Empathy,Validate emotional contagion
🗣️,social-communication,Social & Communication,💛,empathy,Empathy,Validate regulating empathy
🗣️,social-communication,Social & Communication,💛,empathy,Empathy,Validate empathy fatigue
🗣️,social-communication,Social & Communication,💛,empathy,Empathy,Validate self empathy
🗣️,social-communication,Social & Communication,💛,empathy,Empathy,Validate listening with empathy
🗣️,social-communication,Social & Communication,💛,empathy,Empathy,Validate responding with care
🗣️,social-communication,Social & Communication,💛,empathy,Empathy,Validate verbal empathy
🗣️,social-communication,Social & Communication,💛,empathy,Empathy,Validate nonverbal empathy
🗣️,social-communication,Social & Communication,💛,empathy,Empathy,Validate cultural empathy
🗣️,social-communication,Social & Communication,💛,empathy,Empathy,Validate empathy in conflict
🗣️,social-communication,Social & Communication,💛,empathy,Empathy,Validate empathy in leadership
🗣️,social-communication,Social & Communication,💛,empathy,Empathy,Validate empathy in sales
🗣️,social-communication,Social & Communication,💛,empathy,Empathy,Validate empathy practice
🗣️,social-communication,Social & Communication,💛,empathy,Empathy,Validate imagination exercise
🗣️,social-communication,Social & Communication,💛,empathy,Empathy,Validate reading fiction
🗣️,social-communication,Social & Communication,💛,empathy,Empathy,Validate role reversal
🗣️,social-communication,Social & Communication,💛,empathy,Empathy,Validate empathy journaling
🗣️,social-communication,Social & Communication,🎯,persuasion,Persuasion,Influence reciprocity principle
🗣️,social-communication,Social & Communication,🎯,persuasion,Persuasion,Influence scarcity principle
🗣️,social-communication,Social & Communication,🎯,persuasion,Persuasion,Influence authority principle
🗣️,social-communication,Social & Communication,🎯,persuasion,Persuasion,Influence consistency principle
🗣️,social-communication,Social & Communication,🎯,persuasion,Persuasion,Influence liking principle
🗣️,social-communication,Social & Communication,🎯,persuasion,Persuasion,Influence social proof
🗣️,social-communication,Social & Communication,🎯,persuasion,Persuasion,Influence ethos pathos logos
🗣️,social-communication,Social & Communication,🎯,persuasion,Persuasion,Influence rhetorical question
🗣️,social-communication,Social & Communication,🎯,persuasion,Persuasion,Influence evidence use
🗣️,social-communication,Social & Communication,🎯,persuasion,Persuasion,Influence statistics persuade
🗣️,social-communication,Social & Communication,🎯,persuasion,Persuasion,Influence story persuasion
🗣️,social-communication,Social & Communication,🎯,persuasion,Persuasion,Influence emotional appeal
🗣️,social-communication,Social & Communication,🎯,persuasion,Persuasion,Influence logical argument
🗣️,social-communication,Social & Communication,🎯,persuasion,Persuasion,Influence counterargument techniques
🗣️,social-communication,Social & Communication,🎯,persuasion,Persuasion,Influence rebuttal techniques
🗣️,social-communication,Social & Communication,🎯,persuasion,Persuasion,Influence reframing techniques
🗣️,social-communication,Social & Communication,🎯,persuasion,Persuasion,Influence common ground
🗣️,social-communication,Social & Communication,🎯,persuasion,Persuasion,Influence yes set
🗣️,social-communication,Social & Communication,🎯,persuasion,Persuasion,Influence foot in door
🗣️,social-communication,Social & Communication,🎯,persuasion,Persuasion,Influence door in face
🗣️,social-communication,Social & Communication,🎯,persuasion,Persuasion,Influence lowball technique
🗣️,social-communication,Social & Communication,🎯,persuasion,Persuasion,Influence question persuade
🗣️,social-communication,Social & Communication,🎯,persuasion,Persuasion,Influence presupposition techniques
🗣️,social-communication,Social & Communication,🎯,persuasion,Persuasion,Influence embedded command
🗣️,social-communication,Social & Communication,🎯,persuasion,Persuasion,Influence metaphor persuade
🗣️,social-communication,Social & Communication,🎯,persuasion,Persuasion,Influence analogy argue
🗣️,social-communication,Social & Communication,🎯,persuasion,Persuasion,Influence visual persuasion
🗣️,social-communication,Social & Communication,🎯,persuasion,Persuasion,Influence call to action
🗣️,social-communication,Social & Communication,🎯,persuasion,Persuasion,Influence urgency create
🗣️,social-communication,Social & Communication,🎯,persuasion,Persuasion,Influence commitment elicit
🗣️,social-communication,Social & Communication,⚖️,debate,Debate,Argue argument structure
🗣️,social-communication,Social & Communication,⚖️,debate,Debate,Argue claim evidence warrant
🗣️,social-communication,Social & Communication,⚖️,debate,Debate,Argue toulmin model
🗣️,social-communication,Social & Communication,⚖️,debate,Debate,Argue constructive speech
🗣️,social-communication,Social & Communication,⚖️,debate,Debate,Argue rebuttal speech
🗣️,social-communication,Social & Communication,⚖️,debate,Debate,Argue cross examination
🗣️,social-communication,Social & Communication,⚖️,debate,Debate,Argue case building
🗣️,social-communication,Social & Communication,⚖️,debate,Debate,Argue burden of proof
🗣️,social-communication,Social & Communication,⚖️,debate,Debate,Argue burden of rebuttal
🗣️,social-communication,Social & Communication,⚖️,debate,Debate,Argue flowing notes
🗣️,social-communication,Social & Communication,⚖️,debate,Debate,Argue speaker points
🗣️,social-communication,Social & Communication,⚖️,debate,Debate,Argue point of order
🗣️,social-communication,Social & Communication,⚖️,debate,Debate,Argue point of information
🗣️,social-communication,Social & Communication,⚖️,debate,Debate,Argue time management
🗣️,social-communication,Social & Communication,⚖️,debate,Debate,Argue prep time
🗣️,social-communication,Social & Communication,⚖️,debate,Debate,Argue research skills
🗣️,social-communication,Social & Communication,⚖️,debate,Debate,Argue evidence cards
🗣️,social-communication,Social & Communication,⚖️,debate,Debate,Argue source credibility
🗣️,social-communication,Social & Communication,⚖️,debate,Debate,Argue logical fallacy
🗣️,social-communication,Social & Communication,⚖️,debate,Debate,Argue straw man
🗣️,social-communication,Social & Communication,⚖️,debate,Debate,Argue ad hominem
🗣️,social-communication,Social & Communication,⚖️,debate,Debate,Argue red herring
🗣️,social-communication,Social & Communication,⚖️,debate,Debate,Argue false dilemma
🗣️,social-communication,Social & Communication,⚖️,debate,Debate,Argue slippery slope
🗣️,social-communication,Social & Communication,⚖️,debate,Debate,Argue circular argument
🗣️,social-communication,Social & Communication,⚖️,debate,Debate,Argue appeal to authority
🗣️,social-communication,Social & Communication,⚖️,debate,Debate,Argue appeal to nature
🗣️,social-communication,Social & Communication,⚖️,debate,Debate,Argue anecdotal fallacy
🗣️,social-communication,Social & Communication,⚖️,debate,Debate,Argue confirmation bias
🗣️,social-communication,Social & Communication,⚖️,debate,Debate,Argue strategic framing
🗣️,social-communication,Social & Communication,📜,rhetoric,Rhetoric,Study ethos techniques
🗣️,social-communication,Social & Communication,📜,rhetoric,Rhetoric,Study pathos techniques
🗣️,social-communication,Social & Communication,📜,rhetoric,Rhetoric,Study logos techniques
🗣️,social-communication,Social & Communication,📜,rhetoric,Rhetoric,Study kairos techniques
🗣️,social-communication,Social & Communication,📜,rhetoric,Rhetoric,Study rhetorical appeals
🗣️,social-communication,Social & Communication,📜,rhetoric,Rhetoric,Study anaphora techniques
🗣️,social-communication,Social & Communication,📜,rhetoric,Rhetoric,Study epistrophe techniques
🗣️,social-communication,Social & Communication,📜,rhetoric,Rhetoric,Study chiasmus techniques
🗣️,social-communication,Social & Communication,📜,rhetoric,Rhetoric,Study antithesis techniques
🗣️,social-communication,Social & Communication,📜,rhetoric,Rhetoric,Study parallelism techniques
🗣️,social-communication,Social & Communication,📜,rhetoric,Rhetoric,Study tricolon techniques
🗣️,social-communication,Social & Communication,📜,rhetoric,Rhetoric,Study climax techniques
🗣️,social-communication,Social & Communication,📜,rhetoric,Rhetoric,Study metaphor rhetoric
🗣️,social-communication,Social & Communication,📜,rhetoric,Rhetoric,Study simile techniques
🗣️,social-communication,Social & Communication,📜,rhetoric,Rhetoric,Study analogy rhetoric
🗣️,social-communication,Social & Communication,📜,rhetoric,Rhetoric,Study hyperbole techniques
🗣️,social-communication,Social & Communication,📜,rhetoric,Rhetoric,Study litotes techniques
🗣️,social-communication,Social & Communication,📜,rhetoric,Rhetoric,Study rhetorical question
🗣️,social-communication,Social & Communication,📜,rhetoric,Rhetoric,Study aporia techniques
🗣️,social-communication,Social & Communication,📜,rhetoric,Rhetoric,Study enthymeme techniques
🗣️,social-communication,Social & Communication,📜,rhetoric,Rhetoric,Study syllogism techniques
🗣️,social-communication,Social & Communication,📜,rhetoric,Rhetoric,Study deductive argument
🗣️,social-communication,Social & Communication,📜,rhetoric,Rhetoric,Study inductive argument
🗣️,social-communication,Social & Communication,📜,rhetoric,Rhetoric,Study abductive reasoning
🗣️,social-communication,Social & Communication,📜,rhetoric,Rhetoric,Study figurative language
🗣️,social-communication,Social & Communication,📜,rhetoric,Rhetoric,Study amplification techniques
🗣️,social-communication,Social & Communication,📜,rhetoric,Rhetoric,Study diminution techniques
🗣️,social-communication,Social & Communication,📜,rhetoric,Rhetoric,Study repetition effect
🗣️,social-communication,Social & Communication,📜,rhetoric,Rhetoric,Study variation effect
🗣️,social-communication,Social & Communication,📜,rhetoric,Rhetoric,Study colon and period
🗣️,social-communication,Social & Communication,💼,interviewing,Interviewing,Question research company
🗣️,social-communication,Social & Communication,💼,interviewing,Interviewing,Question job analysis
🗣️,social-communication,Social & Communication,💼,interviewing,Interviewing,Question star method
🗣️,social-communication,Social & Communication,💼,interviewing,Interviewing,Question behavioral question
🗣️,social-communication,Social & Communication,💼,interviewing,Interviewing,Question technical question
🗣️,social-communication,Social & Communication,💼,interviewing,Interviewing,Question case interview
🗣️,social-communication,Social & Communication,💼,interviewing,Interviewing,Question tell me about yourself
🗣️,social-communication,Social & Communication,💼,interviewing,Interviewing,Question strengths answer
🗣️,social-communication,Social & Communication,💼,interviewing,Interviewing,Question weaknesses answer
🗣️,social-communication,Social & Communication,💼,interviewing,Interviewing,Question salary negotiation
🗣️,social-communication,Social & Communication,💼,interviewing,Interviewing,Question questions to ask
🗣️,social-communication,Social & Communication,💼,interviewing,Interviewing,Question follow up email
🗣️,social-communication,Social & Communication,💼,interviewing,Interviewing,Question thank you note
🗣️,social-communication,Social & Communication,💼,interviewing,Interviewing,Question phone interview
🗣️,social-communication,Social & Communication,💼,interviewing,Interviewing,Question video interview
🗣️,social-communication,Social & Communication,💼,interviewing,Interviewing,Question panel interview
🗣️,social-communication,Social & Communication,💼,interviewing,Interviewing,Question group interview
🗣️,social-communication,Social & Communication,💼,interviewing,Interviewing,Question lunch interview
🗣️,social-communication,Social & Communication,💼,interviewing,Interviewing,Question portfolio present
🗣️,social-communication,Social & Communication,💼,interviewing,Interviewing,Question elevator pitch
🗣️,social-communication,Social & Communication,💼,interviewing,Interviewing,Question professional attire
🗣️,social-communication,Social & Communication,💼,interviewing,Interviewing,Question body language
🗣️,social-communication,Social & Communication,💼,interviewing,Interviewing,Question eye contact inter
🗣️,social-communication,Social & Communication,💼,interviewing,Interviewing,Question handshake techniques
🗣️,social-communication,Social & Communication,💼,interviewing,Interviewing,Question pacing answers
🗣️,social-communication,Social & Communication,💼,interviewing,Interviewing,Question breathing calm
🗣️,social-communication,Social & Communication,💼,interviewing,Interviewing,Question confidence project
🗣️,social-communication,Social & Communication,💼,interviewing,Interviewing,Question preparation checklist
🗣️,social-communication,Social & Communication,💼,interviewing,Interviewing,Question mock interview
🗣️,social-communication,Social & Communication,💼,interviewing,Interviewing,Question post interview
🗣️,social-communication,Social & Communication,🔗,networking,Networking,Connect elevator pitch
🗣️,social-communication,Social & Communication,🔗,networking,Networking,Connect conversation starter
🗣️,social-communication,Social & Communication,🔗,networking,Networking,Connect open ended network
🗣️,social-communication,Social & Communication,🔗,networking,Networking,Connect active listening net
🗣️,social-communication,Social & Communication,🔗,networking,Networking,Connect follow up email
🗣️,social-communication,Social & Communication,🔗,networking,Networking,Connect linkedin profile
🗣️,social-communication,Social & Communication,🔗,networking,Networking,Connect linkedin message
🗣️,social-communication,Social & Communication,🔗,networking,Networking,Connect business card
🗣️,social-communication,Social & Communication,🔗,networking,Networking,Connect event strategy
🗣️,social-communication,Social & Communication,🔗,networking,Networking,Connect conference tactics
🗣️,social-communication,Social & Communication,🔗,networking,Networking,Connect meetup approach
🗣️,social-communication,Social & Communication,🔗,networking,Networking,Connect alumni network
🗣️,social-communication,Social & Communication,🔗,networking,Networking,Connect professional group
🗣️,social-communication,Social & Communication,🔗,networking,Networking,Connect online network
🗣️,social-communication,Social & Communication,🔗,networking,Networking,Connect value exchange
🗣️,social-communication,Social & Communication,🔗,networking,Networking,Connect referral request
🗣️,social-communication,Social & Communication,🔗,networking,Networking,Connect introduction email
🗣️,social-communication,Social & Communication,🔗,networking,Networking,Connect coffee meeting
🗣️,social-communication,Social & Communication,🔗,networking,Networking,Connect mentor outreach
🗣️,social-communication,Social & Communication,🔗,networking,Networking,Connect thank you net
🗣️,social-communication,Social & Communication,🔗,networking,Networking,Connect relationship building
🗣️,social-communication,Social & Communication,🔗,networking,Networking,Connect stay in touch
🗣️,social-communication,Social & Communication,🔗,networking,Networking,Connect nurture network
🗣️,social-communication,Social & Communication,🔗,networking,Networking,Connect networking goal
🗣️,social-communication,Social & Communication,🔗,networking,Networking,Connect target list
🗣️,social-communication,Social & Communication,🔗,networking,Networking,Connect research before
🗣️,social-communication,Social & Communication,🔗,networking,Networking,Connect common interest
🗣️,social-communication,Social & Communication,🔗,networking,Networking,Connect authentic connect
🗣️,social-communication,Social & Communication,🔗,networking,Networking,Connect giver mentality
🗣️,social-communication,Social & Communication,🔗,networking,Networking,Connect network diversity
🗣️,social-communication,Social & Communication,💬,small-talk,Small Talk,Greet conversation opener
🗣️,social-communication,Social & Communication,💬,small-talk,Small Talk,Greet topic selection
🗣️,social-communication,Social & Communication,💬,small-talk,Small Talk,Greet safe topics
🗣️,social-communication,Social & Communication,💬,small-talk,Small Talk,Greet observation start
🗣️,social-communication,Social & Communication,💬,small-talk,Small Talk,Greet compliment open
🗣️,social-communication,Social & Communication,💬,small-talk,Small Talk,Greet question asking
🗣️,social-communication,Social & Communication,💬,small-talk,Small Talk,Greet follow up question
🗣️,social-communication,Social & Communication,💬,small-talk,Small Talk,Greet active listening
🗣️,social-communication,Social & Communication,💬,small-talk,Small Talk,Greet shared interest
🗣️,social-communication,Social & Communication,💬,small-talk,Small Talk,Greet story short
🗣️,social-communication,Social & Communication,💬,small-talk,Small Talk,Greet exit strategy
🗣️,social-communication,Social & Communication,💬,small-talk,Small Talk,Greet polite goodbye
🗣️,social-communication,Social & Communication,💬,small-talk,Small Talk,Greet approach stranger
🗣️,social-communication,Social & Communication,💬,small-talk,Small Talk,Greet group entry
🗣️,social-communication,Social & Communication,💬,small-talk,Small Talk,Greet building rapport
🗣️,social-communication,Social & Communication,💬,small-talk,Small Talk,Greet common ground
🗣️,social-communication,Social & Communication,💬,small-talk,Small Talk,Greet name recall
🗣️,social-communication,Social & Communication,💬,small-talk,Small Talk,Greet memory aid
🗣️,social-communication,Social & Communication,💬,small-talk,Small Talk,Greet open body language
🗣️,social-communication,Social & Communication,💬,small-talk,Small Talk,Greet smile genuine
🗣️,social-communication,Social & Communication,💬,small-talk,Small Talk,Greet eye contact soft
🗣️,social-communication,Social & Communication,💬,small-talk,Small Talk,Greet nod encouraging
🗣️,social-communication,Social & Communication,💬,small-talk,Small Talk,Greet mirror body talk
🗣️,social-communication,Social & Communication,💬,small-talk,Small Talk,Greet match energy
🗣️,social-communication,Social & Communication,💬,small-talk,Small Talk,Greet voice tone talk
🗣️,social-communication,Social & Communication,💬,small-talk,Small Talk,Greet talk positivity
🗣️,social-communication,Social & Communication,💬,small-talk,Small Talk,Greet avoid controversy
🗣️,social-communication,Social & Communication,💬,small-talk,Small Talk,Greet news topics
🗣️,social-communication,Social & Communication,💬,small-talk,Small Talk,Greet hobby discussion
🗣️,social-communication,Social & Communication,💬,small-talk,Small Talk,Greet travel stories
🗣️,social-communication,Social & Communication,💔,difficult-conversations,Difficult Conversations,Confront preparation techniques
🗣️,social-communication,Social & Communication,💔,difficult-conversations,Difficult Conversations,Confront intention setting
🗣️,social-communication,Social & Communication,💔,difficult-conversations,Difficult Conversations,Confront right timing
🗣️,social-communication,Social & Communication,💔,difficult-conversations,Difficult Conversations,Confront private setting
🗣️,social-communication,Social & Communication,💔,difficult-conversations,Difficult Conversations,Confront calm opening
🗣️,social-communication,Social & Communication,💔,difficult-conversations,Difficult Conversations,Confront soft start
🗣️,social-communication,Social & Communication,💔,difficult-conversations,Difficult Conversations,Confront i statements
🗣️,social-communication,Social & Communication,💔,difficult-conversations,Difficult Conversations,Confront describe behavior
🗣️,social-communication,Social & Communication,💔,difficult-conversations,Difficult Conversations,Confront impact statement
🗣️,social-communication,Social & Communication,💔,difficult-conversations,Difficult Conversations,Confront ask perspective
🗣️,social-communication,Social & Communication,💔,difficult-conversations,Difficult Conversations,Confront active listening
🗣️,social-communication,Social & Communication,💔,difficult-conversations,Difficult Conversations,Confront validate feelings
🗣️,social-communication,Social & Communication,💔,difficult-conversations,Difficult Conversations,Confront apologize sincere
🗣️,social-communication,Social & Communication,💔,difficult-conversations,Difficult Conversations,Confront problem solving
🗣️,social-communication,Social & Communication,💔,difficult-conversations,Difficult Conversations,Confront brainstorm together
🗣️,social-communication,Social & Communication,💔,difficult-conversations,Difficult Conversations,Confront agree action
🗣️,social-communication,Social & Communication,💔,difficult-conversations,Difficult Conversations,Confront follow through
🗣️,social-communication,Social & Communication,💔,difficult-conversations,Difficult Conversations,Confront managing emotion
🗣️,social-communication,Social & Communication,💔,difficult-conversations,Difficult Conversations,Confront stay on track
🗣️,social-communication,Social & Communication,💔,difficult-conversations,Difficult Conversations,Confront breathe technique
🗣️,social-communication,Social & Communication,💔,difficult-conversations,Difficult Conversations,Confront need break
🗣️,social-communication,Social & Communication,💔,difficult-conversations,Difficult Conversations,Confront respectful tone
🗣️,social-communication,Social & Communication,💔,difficult-conversations,Difficult Conversations,Confront avoid blame
🗣️,social-communication,Social & Communication,💔,difficult-conversations,Difficult Conversations,Confront focus on issue
🗣️,social-communication,Social & Communication,💔,difficult-conversations,Difficult Conversations,Confront future focus
🗣️,social-communication,Social & Communication,💔,difficult-conversations,Difficult Conversations,Confront document agreement
🗣️,social-communication,Social & Communication,💔,difficult-conversations,Difficult Conversations,Confront check in later
🗣️,social-communication,Social & Communication,💔,difficult-conversations,Difficult Conversations,Confront repair attempt
🗣️,social-communication,Social & Communication,💔,difficult-conversations,Difficult Conversations,Confront appreciation end
🗣️,social-communication,Social & Communication,💔,difficult-conversations,Difficult Conversations,Confront learning reflect
🗣️,social-communication,Social & Communication,↩️,feedback-giving,Feedback Giving,Coach sbi model
🗣️,social-communication,Social & Communication,↩️,feedback-giving,Feedback Giving,Coach situation behavior impact
🗣️,social-communication,Social & Communication,↩️,feedback-giving,Feedback Giving,Coach specific feedback
🗣️,social-communication,Social & Communication,↩️,feedback-giving,Feedback Giving,Coach timely giving
🗣️,social-communication,Social & Communication,↩️,feedback-giving,Feedback Giving,Coach behavior focused
🗣️,social-communication,Social & Communication,↩️,feedback-giving,Feedback Giving,Coach ownership language
🗣️,social-communication,Social & Communication,↩️,feedback-giving,Feedback Giving,Coach sandwich method
🗣️,social-communication,Social & Communication,↩️,feedback-giving,Feedback Giving,Coach sbi version
🗣️,social-communication,Social & Communication,↩️,feedback-giving,Feedback Giving,Coach balanced feedback
🗣️,social-communication,Social & Communication,↩️,feedback-giving,Feedback Giving,Coach positive start
🗣️,social-communication,Social & Communication,↩️,feedback-giving,Feedback Giving,Coach actionable suggestion
🗣️,social-communication,Social & Communication,↩️,feedback-giving,Feedback Giving,Coach collaborative fix
🗣️,social-communication,Social & Communication,↩️,feedback-giving,Feedback Giving,Coach open ended help
🗣️,social-communication,Social & Communication,↩️,feedback-giving,Feedback Giving,Coach ongoing process
🗣️,social-communication,Social & Communication,↩️,feedback-giving,Feedback Giving,Coach goal alignment
🗣️,social-communication,Social & Communication,↩️,feedback-giving,Feedback Giving,Coach respectful tone
🗣️,social-communication,Social & Communication,↩️,feedback-giving,Feedback Giving,Coach private setting
🗣️,social-communication,Social & Communication,↩️,feedback-giving,Feedback Giving,Coach permission ask
🗣️,social-communication,Social & Communication,↩️,feedback-giving,Feedback Giving,Coach readiness check
🗣️,social-communication,Social & Communication,↩️,feedback-giving,Feedback Giving,Coach follow up plan
🗣️,social-communication,Social & Communication,↩️,feedback-giving,Feedback Giving,Coach example provide
🗣️,social-communication,Social & Communication,↩️,feedback-giving,Feedback Giving,Coach avoid generalization
🗣️,social-communication,Social & Communication,↩️,feedback-giving,Feedback Giving,Coach data support
🗣️,social-communication,Social & Communication,↩️,feedback-giving,Feedback Giving,Coach observation vs interpretation
🗣️,social-communication,Social & Communication,↩️,feedback-giving,Feedback Giving,Coach impact explain
🗣️,social-communication,Social & Communication,↩️,feedback-giving,Feedback Giving,Coach expectation clarify
🗣️,social-communication,Social & Communication,↩️,feedback-giving,Feedback Giving,Coach support offer
🗣️,social-communication,Social & Communication,↩️,feedback-giving,Feedback Giving,Coach accountability set
🗣️,social-communication,Social & Communication,↩️,feedback-giving,Feedback Giving,Coach reinforce progress
🗣️,social-communication,Social & Communication,↩️,feedback-giving,Feedback Giving,Coach appreciation include
🗣️,social-communication,Social & Communication,📥,feedback-receiving,Feedback Receiving,Reflect open mindset
🗣️,social-communication,Social & Communication,📥,feedback-receiving,Feedback Receiving,Reflect avoid defensiveness
🗣️,social-communication,Social & Communication,📥,feedback-receiving,Feedback Receiving,Reflect listen fully
🗣️,social-communication,Social & Communication,📥,feedback-receiving,Feedback Receiving,Reflect pause before respond
🗣️,social-communication,Social & Communication,📥,feedback-receiving,Feedback Receiving,Reflect thank you say
🗣️,social-communication,Social & Communication,📥,feedback-receiving,Feedback Receiving,Reflect clarifying question
🗣️,social-communication,Social & Communication,📥,feedback-receiving,Feedback Receiving,Reflect paraphrase feedback
🗣️,social-communication,Social & Communication,📥,feedback-receiving,Feedback Receiving,Reflect seek specifics
🗣️,social-communication,Social & Communication,📥,feedback-receiving,Feedback Receiving,Reflect separate intent impact
🗣️,social-communication,Social & Communication,📥,feedback-receiving,Feedback Receiving,Reflect focus on growth
🗣️,social-communication,Social & Communication,📥,feedback-receiving,Feedback Receiving,Reflect emotion regulation
🗣️,social-communication,Social & Communication,📥,feedback-receiving,Feedback Receiving,Reflect breathe pause
🗣️,social-communication,Social & Communication,📥,feedback-receiving,Feedback Receiving,Reflect perspective take
🗣️,social-communication,Social & Communication,📥,feedback-receiving,Feedback Receiving,Reflect identify pattern
🗣️,social-communication,Social & Communication,📥,feedback-receiving,Feedback Receiving,Reflect evaluate fairness
🗣️,social-communication,Social & Communication,📥,feedback-receiving,Feedback Receiving,Reflect decide to accept
🗣️,social-communication,Social & Communication,📥,feedback-receiving,Feedback Receiving,Reflect action plan
🗣️,social-communication,Social & Communication,📥,feedback-receiving,Feedback Receiving,Reflect change behavior
🗣️,social-communication,Social & Communication,📥,feedback-receiving,Feedback Receiving,Reflect follow up progress
🗣️,social-communication,Social & Communication,📥,feedback-receiving,Feedback Receiving,Reflect seek regular feedback
🗣️,social-communication,Social & Communication,📥,feedback-receiving,Feedback Receiving,Reflect feedback journal
🗣️,social-communication,Social & Communication,📥,feedback-receiving,Feedback Receiving,Reflect growth mindset
🗣️,social-communication,Social & Communication,📥,feedback-receiving,Feedback Receiving,Reflect feedback seeker
🗣️,social-communication,Social & Communication,📥,feedback-receiving,Feedback Receiving,Reflect appreciation show
🗣️,social-communication,Social & Communication,📥,feedback-receiving,Feedback Receiving,Reflect implement change
🗣️,social-communication,Social & Communication,📥,feedback-receiving,Feedback Receiving,Reflect measure progress
🗣️,social-communication,Social & Communication,📥,feedback-receiving,Feedback Receiving,Reflect stretch zone
🗣️,social-communication,Social & Communication,📥,feedback-receiving,Feedback Receiving,Reflect safe to share
🗣️,social-communication,Social & Communication,📥,feedback-receiving,Feedback Receiving,Reflect psychological safety
🗣️,social-communication,Social & Communication,📥,feedback-receiving,Feedback Receiving,Reflect continuous improvement
🗣️,social-communication,Social & Communication,👥,team-communication,Team Communication,Sync standup meeting
🗣️,social-communication,Social & Communication,👥,team-communication,Team Communication,Sync sprint planning
🗣️,social-communication,Social & Communication,👥,team-communication,Team Communication,Sync retrospective techniques
🗣️,social-communication,Social & Communication,👥,team-communication,Team Communication,Sync clear updates
🗣️,social-communication,Social & Communication,👥,team-communication,Team Communication,Sync blockers raise
🗣️,social-communication,Social & Communication,👥,team-communication,Team Communication,Sync request help
🗣️,social-communication,Social & Communication,👥,team-communication,Team Communication,Sync offer help
🗣️,social-communication,Social & Communication,👥,team-communication,Team Communication,Sync async updates
🗣️,social-communication,Social & Communication,👥,team-communication,Team Communication,Sync slack etiquette
🗣️,social-communication,Social & Communication,👥,team-communication,Team Communication,Sync email team
🗣️,social-communication,Social & Communication,👥,team-communication,Team Communication,Sync documentation techniques
🗣️,social-communication,Social & Communication,👥,team-communication,Team Communication,Sync shared notes
🗣️,social-communication,Social & Communication,👥,team-communication,Team Communication,Sync meeting agenda
🗣️,social-communication,Social & Communication,👥,team-communication,Team Communication,Sync meeting minutes
🗣️,social-communication,Social & Communication,👥,team-communication,Team Communication,Sync decision record
🗣️,social-communication,Social & Communication,👥,team-communication,Team Communication,Sync raci matrix
🗣️,social-communication,Social & Communication,👥,team-communication,Team Communication,Sync status report
🗣️,social-communication,Social & Communication,👥,team-communication,Team Communication,Sync progress tracking
🗣️,social-communication,Social & Communication,👥,team-communication,Team Communication,Sync celebrate wins
🗣️,social-communication,Social & Communication,👥,team-communication,Team Communication,Sync team bonding
🗣️,social-communication,Social & Communication,👥,team-communication,Team Communication,Sync conflict team
🗣️,social-communication,Social & Communication,👥,team-communication,Team Communication,Sync consensus building
🗣️,social-communication,Social & Communication,👥,team-communication,Team Communication,Sync voting method
🗣️,social-communication,Social & Communication,👥,team-communication,Team Communication,Sync dot voting
🗣️,social-communication,Social & Communication,👥,team-communication,Team Communication,Sync round robin
🗣️,social-communication,Social & Communication,👥,team-communication,Team Communication,Sync brainstorming techniques
🗣️,social-communication,Social & Communication,👥,team-communication,Team Communication,Sync assumption check
🗣️,social-communication,Social & Communication,👥,team-communication,Team Communication,Sync goal alignment
🗣️,social-communication,Social & Communication,👥,team-communication,Team Communication,Sync cross team sync
🗣️,social-communication,Social & Communication,👥,team-communication,Team Communication,Sync stakeholder update
🗣️,social-communication,Social & Communication,👔,leadership-communication,Leadership Communication,Inspire vision articulation
🗣️,social-communication,Social & Communication,👔,leadership-communication,Leadership Communication,Inspire mission statement
🗣️,social-communication,Social & Communication,👔,leadership-communication,Leadership Communication,Inspire values communication
🗣️,social-communication,Social & Communication,👔,leadership-communication,Leadership Communication,Inspire strategic direction
🗣️,social-communication,Social & Communication,👔,leadership-communication,Leadership Communication,Inspire motivational speech
🗣️,social-communication,Social & Communication,👔,leadership-communication,Leadership Communication,Inspire inspire action
🗣️,social-communication,Social & Communication,👔,leadership-communication,Leadership Communication,Inspire clear expectations
🗣️,social-communication,Social & Communication,👔,leadership-communication,Leadership Communication,Inspire delegate clearly
🗣️,social-communication,Social & Communication,👔,leadership-communication,Leadership Communication,Inspire empower others
🗣️,social-communication,Social & Communication,👔,leadership-communication,Leadership Communication,Inspire trust building lead
🗣️,social-communication,Social & Communication,👔,leadership-communication,Leadership Communication,Inspire transparency techniques
🗣️,social-communication,Social & Communication,👔,leadership-communication,Leadership Communication,Inspire honest communication
🗣️,social-communication,Social & Communication,👔,leadership-communication,Leadership Communication,Inspire admit mistakes
🗣️,social-communication,Social & Communication,👔,leadership-communication,Leadership Communication,Inspire vulnerability lead
🗣️,social-communication,Social & Communication,👔,leadership-communication,Leadership Communication,Inspire courageous conversation
🗣️,social-communication,Social & Communication,👔,leadership-communication,Leadership Communication,Inspire change communication
🗣️,social-communication,Social & Communication,👔,leadership-communication,Leadership Communication,Inspire decision announce
🗣️,social-communication,Social & Communication,👔,leadership-communication,Leadership Communication,Inspire role modeling
🗣️,social-communication,Social & Communication,👔,leadership-communication,Leadership Communication,Inspire consistency lead
🗣️,social-communication,Social & Communication,👔,leadership-communication,Leadership Communication,Inspire fairness comm
🗣️,social-communication,Social & Communication,👔,leadership-communication,Leadership Communication,Inspire recognition give
🗣️,social-communication,Social & Communication,👔,leadership-communication,Leadership Communication,Inspire constructive feedback
🗣️,social-communication,Social & Communication,👔,leadership-communication,Leadership Communication,Inspire coaching style
🗣️,social-communication,Social & Communication,👔,leadership-communication,Leadership Communication,Inspire mentoring comm
🗣️,social-communication,Social & Communication,👔,leadership-communication,Leadership Communication,Inspire inclusive language
🗣️,social-communication,Social & Communication,👔,leadership-communication,Leadership Communication,Inspire active listening lead
🗣️,social-communication,Social & Communication,👔,leadership-communication,Leadership Communication,Inspire open door policy
🗣️,social-communication,Social & Communication,👔,leadership-communication,Leadership Communication,Inspire approachable leader
🗣️,social-communication,Social & Communication,👔,leadership-communication,Leadership Communication,Inspire crisis communication
🗣️,social-communication,Social & Communication,👔,leadership-communication,Leadership Communication,Inspire team rally
🗣️,social-communication,Social & Communication,✏️,writing-skills,Writing Skills,Compose clarity writing
🗣️,social-communication,Social & Communication,✏️,writing-skills,Writing Skills,Compose conciseness techniques
🗣️,social-communication,Social & Communication,✏️,writing-skills,Writing Skills,Compose active voice
🗣️,social-communication,Social & Communication,✏️,writing-skills,Writing Skills,Compose show vs tell
🗣️,social-communication,Social & Communication,✏️,writing-skills,Writing Skills,Compose paragraph structure
🗣️,social-communication,Social & Communication,✏️,writing-skills,Writing Skills,Compose transition flow
🗣️,social-communication,Social & Communication,✏️,writing-skills,Writing Skills,Compose tone matching
🗣️,social-communication,Social & Communication,✏️,writing-skills,Writing Skills,Compose audience awareness
🗣️,social-communication,Social & Communication,✏️,writing-skills,Writing Skills,Compose purpose statement
🗣️,social-communication,Social & Communication,✏️,writing-skills,Writing Skills,Compose thesis writing
🗣️,social-communication,Social & Communication,✏️,writing-skills,Writing Skills,Compose supporting evidence
🗣️,social-communication,Social & Communication,✏️,writing-skills,Writing Skills,Compose revision process
🗣️,social-communication,Social & Communication,✏️,writing-skills,Writing Skills,Compose editing pass
🗣️,social-communication,Social & Communication,✏️,writing-skills,Writing Skills,Compose proofreading techniques
🗣️,social-communication,Social & Communication,✏️,writing-skills,Writing Skills,Compose grammar check
🗣️,social-communication,Social & Communication,✏️,writing-skills,Writing Skills,Compose punctuation use
🗣️,social-communication,Social & Communication,✏️,writing-skills,Writing Skills,Compose sentence variety
🗣️,social-communication,Social & Communication,✏️,writing-skills,Writing Skills,Compose word choice
🗣️,social-communication,Social & Communication,✏️,writing-skills,Writing Skills,Compose strong verb
🗣️,social-communication,Social & Communication,✏️,writing-skills,Writing Skills,Compose avoid cliché
🗣️,social-communication,Social & Communication,✏️,writing-skills,Writing Skills,Compose jargon use
🗣️,social-communication,Social & Communication,✏️,writing-skills,Writing Skills,Compose plain language
🗣️,social-communication,Social & Communication,✏️,writing-skills,Writing Skills,Compose formatting doc
🗣️,social-communication,Social & Communication,✏️,writing-skills,Writing Skills,Compose heading hierarchy
🗣️,social-communication,Social & Communication,✏️,writing-skills,Writing Skills,Compose bullet point
🗣️,social-communication,Social & Communication,✏️,writing-skills,Writing Skills,Compose white space
🗣️,social-communication,Social & Communication,✏️,writing-skills,Writing Skills,Compose readability score
🗣️,social-communication,Social & Communication,✏️,writing-skills,Writing Skills,Compose peer review
🗣️,social-communication,Social & Communication,✏️,writing-skills,Writing Skills,Compose writing routine
🗣️,social-communication,Social & Communication,✏️,writing-skills,Writing Skills,Compose writer's block
🗣️,social-communication,Social & Communication,📧,email-etiquette,Email Etiquette,Draft subject line
🗣️,social-communication,Social & Communication,📧,email-etiquette,Email Etiquette,Draft greeting formal
🗣️,social-communication,Social & Communication,📧,email-etiquette,Email Etiquette,Draft professional tone
🗣️,social-communication,Social & Communication,📧,email-etiquette,Email Etiquette,Draft clear purpose
🗣️,social-communication,Social & Communication,📧,email-etiquette,Email Etiquette,Draft concise body
🗣️,social-communication,Social & Communication,📧,email-etiquette,Email Etiquette,Draft call to action
🗣️,social-communication,Social & Communication,📧,email-etiquette,Email Etiquette,Draft bullet point email
🗣️,social-communication,Social & Communication,📧,email-etiquette,Email Etiquette,Draft attachment note
🗣️,social-communication,Social & Communication,📧,email-etiquette,Email Etiquette,Draft signature block
🗣️,social-communication,Social & Communication,📧,email-etiquette,Email Etiquette,Draft reply all use
🗣️,social-communication,Social & Communication,📧,email-etiquette,Email Etiquette,Draft cc bcc use
🗣️,social-communication,Social & Communication,📧,email-etiquette,Email Etiquette,Draft forward etiquette
🗣️,social-communication,Social & Communication,📧,email-etiquette,Email Etiquette,Draft follow up email
🗣️,social-communication,Social & Communication,📧,email-etiquette,Email Etiquette,Draft timing send
🗣️,social-communication,Social & Communication,📧,email-etiquette,Email Etiquette,Draft response time
🗣️,social-communication,Social & Communication,📧,email-etiquette,Email Etiquette,Draft urgent marking
🗣️,social-communication,Social & Communication,📧,email-etiquette,Email Etiquette,Draft high importance
🗣️,social-communication,Social & Communication,📧,email-etiquette,Email Etiquette,Draft thread management
🗣️,social-communication,Social & Communication,📧,email-etiquette,Email Etiquette,Draft unsubscribe ethic
🗣️,social-communication,Social & Communication,📧,email-etiquette,Email Etiquette,Draft spam avoid
🗣️,social-communication,Social & Communication,📧,email-etiquette,Email Etiquette,Draft professional sign off
🗣️,social-communication,Social & Communication,📧,email-etiquette,Email Etiquette,Draft email format
🗣️,social-communication,Social & Communication,📧,email-etiquette,Email Etiquette,Draft plain text vs HTML
🗣️,social-communication,Social & Communication,📧,email-etiquette,Email Etiquette,Draft mobile friendly
🗣️,social-communication,Social & Communication,📧,email-etiquette,Email Etiquette,Draft email signature
🗣️,social-communication,Social & Communication,📧,email-etiquette,Email Etiquette,Draft auto reply setup
🗣️,social-communication,Social & Communication,📧,email-etiquette,Email Etiquette,Draft out of office
🗣️,social-communication,Social & Communication,📧,email-etiquette,Email Etiquette,Draft email filter
🗣️,social-communication,Social & Communication,📧,email-etiquette,Email Etiquette,Draft folders organize
🗣️,social-communication,Social & Communication,📧,email-etiquette,Email Etiquette,Draft inbox zero
🗣️,social-communication,Social & Communication,📋,meeting-facilitation,Meeting Facilitation,Chair agenda setting
🗣️,social-communication,Social & Communication,📋,meeting-facilitation,Meeting Facilitation,Chair time boxing
🗣️,social-communication,Social & Communication,📋,meeting-facilitation,Meeting Facilitation,Chair goal definition
🗣️,social-communication,Social & Communication,📋,meeting-facilitation,Meeting Facilitation,Chair participant invite
🗣️,social-communication,Social & Communication,📋,meeting-facilitation,Meeting Facilitation,Chair pre reading
🗣️,social-communication,Social & Communication,📋,meeting-facilitation,Meeting Facilitation,Chair opening round
🗣️,social-communication,Social & Communication,📋,meeting-facilitation,Meeting Facilitation,Chair ground rules
🗣️,social-communication,Social & Communication,📋,meeting-facilitation,Meeting Facilitation,Chair time keeping
🗣️,social-communication,Social & Communication,📋,meeting-facilitation,Meeting Facilitation,Chair parking lot
🗣️,social-communication,Social & Communication,📋,meeting-facilitation,Meeting Facilitation,Chair decision making
🗣️,social-communication,Social & Communication,📋,meeting-facilitation,Meeting Facilitation,Chair consensus check
🗣️,social-communication,Social & Communication,📋,meeting-facilitation,Meeting Facilitation,Chair voting facilitation
🗣️,social-communication,Social & Communication,📋,meeting-facilitation,Meeting Facilitation,Chair brainstorm facilitate
🗣️,social-communication,Social & Communication,📋,meeting-facilitation,Meeting Facilitation,Chair whiteboard use
🗣️,social-communication,Social & Communication,📋,meeting-facilitation,Meeting Facilitation,Chair remote facilitation
🗣️,social-communication,Social & Communication,📋,meeting-facilitation,Meeting Facilitation,Chair virtual tools
🗣️,social-communication,Social & Communication,📋,meeting-facilitation,Meeting Facilitation,Chair breakout group
🗣️,social-communication,Social & Communication,📋,meeting-facilitation,Meeting Facilitation,Chair energy management
🗣️,social-communication,Social & Communication,📋,meeting-facilitation,Meeting Facilitation,Chair difficult person
🗣️,social-communication,Social & Communication,📋,meeting-facilitation,Meeting Facilitation,Chair dominant speaker
🗣️,social-communication,Social & Communication,📋,meeting-facilitation,Meeting Facilitation,Chair quiet participant
🗣️,social-communication,Social & Communication,📋,meeting-facilitation,Meeting Facilitation,Chair closing summary
🗣️,social-communication,Social & Communication,📋,meeting-facilitation,Meeting Facilitation,Chair action items
🗣️,social-communication,Social & Communication,📋,meeting-facilitation,Meeting Facilitation,Chair owner assign
🗣️,social-communication,Social & Communication,📋,meeting-facilitation,Meeting Facilitation,Chair deadline set
🗣️,social-communication,Social & Communication,📋,meeting-facilitation,Meeting Facilitation,Chair meeting notes
🗣️,social-communication,Social & Communication,📋,meeting-facilitation,Meeting Facilitation,Chair follow up email fac
🗣️,social-communication,Social & Communication,📋,meeting-facilitation,Meeting Facilitation,Chair feedback collect
🗣️,social-communication,Social & Communication,📋,meeting-facilitation,Meeting Facilitation,Chair retrospective lead
🗣️,social-communication,Social & Communication,📋,meeting-facilitation,Meeting Facilitation,Chair continuous improve
🗣️,social-communication,Social & Communication,🤲,mediation,Mediation,Bridge mediation process
🗣️,social-communication,Social & Communication,🤲,mediation,Mediation,Bridge opening statement
🗣️,social-communication,Social & Communication,🤲,mediation,Mediation,Bridge ground rules med
🗣️,social-communication,Social & Communication,🤲,mediation,Mediation,Bridge uninterrupted time
🗣️,social-communication,Social & Communication,🤲,mediation,Mediation,Bridge perspective hear
🗣️,social-communication,Social & Communication,🤲,mediation,Mediation,Bridge interest identify
🗣️,social-communication,Social & Communication,🤲,mediation,Mediation,Bridge reframe statement
🗣️,social-communication,Social & Communication,🤲,mediation,Mediation,Bridge reality test
🗣️,social-communication,Social & Communication,🤲,mediation,Mediation,Bridge option generation
🗣️,social-communication,Social & Communication,🤲,mediation,Mediation,Bridge bargaining phase
🗣️,social-communication,Social & Communication,🤲,mediation,Mediation,Bridge agreement draft
🗣️,social-communication,Social & Communication,🤲,mediation,Mediation,Bridge caucus session
🗣️,social-communication,Social & Communication,🤲,mediation,Mediation,Bridge private meeting
🗣️,social-communication,Social & Communication,🤲,mediation,Mediation,Bridge shuttle diplomacy
🗣️,social-communication,Social & Communication,🤲,mediation,Mediation,Bridge power balance
🗣️,social-communication,Social & Communication,🤲,mediation,Mediation,Bridge neutrality maintain
🗣️,social-communication,Social & Communication,🤲,mediation,Mediation,Bridge impartiality techniques
🗣️,social-communication,Social & Communication,🤲,mediation,Mediation,Bridge multi party med
🗣️,social-communication,Social & Communication,🤲,mediation,Mediation,Bridge co mediation
🗣️,social-communication,Social & Communication,🤲,mediation,Mediation,Bridge wrap up
🗣️,social-communication,Social & Communication,🤲,mediation,Mediation,Bridge follow up med
🗣️,social-communication,Social & Communication,🤲,mediation,Mediation,Bridge referral path
🗣️,social-communication,Social & Communication,🤲,mediation,Mediation,Bridge mediation ethics
🗣️,social-communication,Social & Communication,🤲,mediation,Mediation,Bridge confidentiality techniques
🗣️,social-communication,Social & Communication,🤲,mediation,Mediation,Bridge self determination
🗣️,social-communication,Social & Communication,🤲,mediation,Mediation,Bridge informed consent
🗣️,social-communication,Social & Communication,🤲,mediation,Mediation,Bridge cultural competence
🗣️,social-communication,Social & Communication,🤲,mediation,Mediation,Bridge trauma informed
🗣️,social-communication,Social & Communication,🤲,mediation,Mediation,Bridge emotional safety
🗣️,social-communication,Social & Communication,🤲,mediation,Mediation,Bridge mediation style
🗣️,social-communication,Social & Communication,🤗,customer-service,Customer Service,Handle greeting warm
🗣️,social-communication,Social & Communication,🤗,customer-service,Customer Service,Handle active listen cs
🗣️,social-communication,Social & Communication,🤗,customer-service,Customer Service,Handle empathy cs
🗣️,social-communication,Social & Communication,🤗,customer-service,Customer Service,Handle problem identify
🗣️,social-communication,Social & Communication,🤗,customer-service,Customer Service,Handle solution offer
🗣️,social-communication,Social & Communication,🤗,customer-service,Customer Service,Handle tone positive
🗣️,social-communication,Social & Communication,🤗,customer-service,Customer Service,Handle patience service
🗣️,social-communication,Social & Communication,🤗,customer-service,Customer Service,Handle clear explanations
🗣️,social-communication,Social & Communication,🤗,customer-service,Customer Service,Handle product knowledge
🗣️,social-communication,Social & Communication,🤗,customer-service,Customer Service,Handle policy explain
🗣️,social-communication,Social & Communication,🤗,customer-service,Customer Service,Handle escalation handle
🗣️,social-communication,Social & Communication,🤗,customer-service,Customer Service,Handle complaint resolve
🗣️,social-communication,Social & Communication,🤗,customer-service,Customer Service,Handle apologize service
🗣️,social-communication,Social & Communication,🤗,customer-service,Customer Service,Handle fix commitment
🗣️,social-communication,Social & Communication,🤗,customer-service,Customer Service,Handle follow up cs
🗣️,social-communication,Social & Communication,🤗,customer-service,Customer Service,Handle survey feedback
🗣️,social-communication,Social & Communication,🤗,customer-service,Customer Service,Handle csat focus
🗣️,social-communication,Social & Communication,🤗,customer-service,Customer Service,Handle nps understanding
🗣️,social-communication,Social & Communication,🤗,customer-service,Customer Service,Handle personalization techniques
🗣️,social-communication,Social & Communication,🤗,customer-service,Customer Service,Handle efficiency cs
🗣️,social-communication,Social & Communication,🤗,customer-service,Customer Service,Handle first response time
🗣️,social-communication,Social & Communication,🤗,customer-service,Customer Service,Handle resolution time
🗣️,social-communication,Social & Communication,🤗,customer-service,Customer Service,Handle self service
🗣️,social-communication,Social & Communication,🤗,customer-service,Customer Service,Handle multi channel
🗣️,social-communication,Social & Communication,🤗,customer-service,Customer Service,Handle phone etiquette
🗣️,social-communication,Social & Communication,🤗,customer-service,Customer Service,Handle chat etiquette
🗣️,social-communication,Social & Communication,🤗,customer-service,Customer Service,Handle email support
🗣️,social-communication,Social & Communication,🤗,customer-service,Customer Service,Handle social media cs
🗣️,social-communication,Social & Communication,🤗,customer-service,Customer Service,Handle knowledge base
🗣️,social-communication,Social & Communication,🤗,customer-service,Customer Service,Handle continuous learning
🗣️,social-communication,Social & Communication,💼,sales-communication,Sales Communication,Close cold call
🗣️,social-communication,Social & Communication,💼,sales-communication,Sales Communication,Close cold email
🗣️,social-communication,Social & Communication,💼,sales-communication,Sales Communication,Close social selling
🗣️,social-communication,Social & Communication,💼,sales-communication,Sales Communication,Close discovery call
🗣️,social-communication,Social & Communication,💼,sales-communication,Sales Communication,Close needs analysis
🗣️,social-communication,Social & Communication,💼,sales-communication,Sales Communication,Close pain point find
🗣️,social-communication,Social & Communication,💼,sales-communication,Sales Communication,Close value proposition
🗣️,social-communication,Social & Communication,💼,sales-communication,Sales Communication,Close solution pitch
🗣️,social-communication,Social & Communication,💼,sales-communication,Sales Communication,Close demo technique
🗣️,social-communication,Social & Communication,💼,sales-communication,Sales Communication,Close objection handling
🗣️,social-communication,Social & Communication,💼,sales-communication,Sales Communication,Close close technique
🗣️,social-communication,Social & Communication,💼,sales-communication,Sales Communication,Close trial close
🗣️,social-communication,Social & Communication,💼,sales-communication,Sales Communication,Close assumptive close
🗣️,social-communication,Social & Communication,💼,sales-communication,Sales Communication,Close urgency close
🗣️,social-communication,Social & Communication,💼,sales-communication,Sales Communication,Close referral ask
🗣️,social-communication,Social & Communication,💼,sales-communication,Sales Communication,Close upsell method
🗣️,social-communication,Social & Communication,💼,sales-communication,Sales Communication,Close cross sell
🗣️,social-communication,Social & Communication,💼,sales-communication,Sales Communication,Close customer relationship
🗣️,social-communication,Social & Communication,💼,sales-communication,Sales Communication,Close follow up sales
🗣️,social-communication,Social & Communication,💼,sales-communication,Sales Communication,Close crm management
🗣️,social-communication,Social & Communication,💼,sales-communication,Sales Communication,Close pipeline manage
🗣️,social-communication,Social & Communication,💼,sales-communication,Sales Communication,Close forecasting techniques
🗣️,social-communication,Social & Communication,💼,sales-communication,Sales Communication,Close prospecting techniques
🗣️,social-communication,Social & Communication,💼,sales-communication,Sales Communication,Close lead qualify
🗣️,social-communication,Social & Communication,💼,sales-communication,Sales Communication,Close bant method
🗣️,social-communication,Social & Communication,💼,sales-communication,Sales Communication,Close challenger sale
🗣️,social-communication,Social & Communication,💼,sales-communication,Sales Communication,Close solution selling
🗣️,social-communication,Social & Communication,💼,sales-communication,Sales Communication,Close consultative sale
🗣️,social-communication,Social & Communication,💼,sales-communication,Sales Communication,Close relationship sale
🗣️,social-communication,Social & Communication,💼,sales-communication,Sales Communication,Close sales presentation
🗣️,social-communication,Social & Communication,🖐️,body-language,Body Language,Read open posture
🗣️,social-communication,Social & Communication,🖐️,body-language,Body Language,Read closed posture
🗣️,social-communication,Social & Communication,🖐️,body-language,Body Language,Read crossed arms
🗣️,social-communication,Social & Communication,🖐️,body-language,Body Language,Read leg cross
🗣️,social-communication,Social & Communication,🖐️,body-language,Body Language,Read leaning forward
🗣️,social-communication,Social & Communication,🖐️,body-language,Body Language,Read leaning back
🗣️,social-communication,Social & Communication,🖐️,body-language,Body Language,Read mirroring body
🗣️,social-communication,Social & Communication,🖐️,body-language,Body Language,Read space invasion
🗣️,social-communication,Social & Communication,🖐️,body-language,Body Language,Read personal zone
🗣️,social-communication,Social & Communication,🖐️,body-language,Body Language,Read social zone
🗣️,social-communication,Social & Communication,🖐️,body-language,Body Language,Read public zone
🗣️,social-communication,Social & Communication,🖐️,body-language,Body Language,Read handshake types
🗣️,social-communication,Social & Communication,🖐️,body-language,Body Language,Read firm handshake
🗣️,social-communication,Social & Communication,🖐️,body-language,Body Language,Read weak handshake
🗣️,social-communication,Social & Communication,🖐️,body-language,Body Language,Read double handed
🗣️,social-communication,Social & Communication,🖐️,body-language,Body Language,Read palm position
🗣️,social-communication,Social & Communication,🖐️,body-language,Body Language,Read steepling hands
🗣️,social-communication,Social & Communication,🖐️,body-language,Body Language,Read hands behind back
🗣️,social-communication,Social & Communication,🖐️,body-language,Body Language,Read hands in pocket
🗣️,social-communication,Social & Communication,🖐️,body-language,Body Language,Read fidget signal
🗣️,social-communication,Social & Communication,🖐️,body-language,Body Language,Read foot direction
🗣️,social-communication,Social & Communication,🖐️,body-language,Body Language,Read foot pointing
🗣️,social-communication,Social & Communication,🖐️,body-language,Body Language,Read seated position
🗣️,social-communication,Social & Communication,🖐️,body-language,Body Language,Read table position
🗣️,social-communication,Social & Communication,🖐️,body-language,Body Language,Read eye contact body
🗣️,social-communication,Social & Communication,🖐️,body-language,Body Language,Read blink rate
🗣️,social-communication,Social & Communication,🖐️,body-language,Body Language,Read pupil dilation
🗣️,social-communication,Social & Communication,🖐️,body-language,Body Language,Read head nod
🗣️,social-communication,Social & Communication,🖐️,body-language,Body Language,Read head shake
🗣️,social-communication,Social & Communication,🖐️,body-language,Body Language,Read microexpression techniques
🗣️,social-communication,Social & Communication,🎙️,vocal-variety,Vocal Variety,Modulate pitch variation
🗣️,social-communication,Social & Communication,🎙️,vocal-variety,Vocal Variety,Modulate volume control
🗣️,social-communication,Social & Communication,🎙️,vocal-variety,Vocal Variety,Modulate rate change
🗣️,social-communication,Social & Communication,🎙️,vocal-variety,Vocal Variety,Modulate pause effect
🗣️,social-communication,Social & Communication,🎙️,vocal-variety,Vocal Variety,Modulate emphasis word
🗣️,social-communication,Social & Communication,🎙️,vocal-variety,Vocal Variety,Modulate stress syllable
🗣️,social-communication,Social & Communication,🎙️,vocal-variety,Vocal Variety,Modulate monotone fix
🗣️,social-communication,Social & Communication,🎙️,vocal-variety,Vocal Variety,Modulate vocal energy
🗣️,social-communication,Social & Communication,🎙️,vocal-variety,Vocal Variety,Modulate breath support vocal
🗣️,social-communication,Social & Communication,🎙️,vocal-variety,Vocal Variety,Modulate resonance techniques
🗣️,social-communication,Social & Communication,🎙️,vocal-variety,Vocal Variety,Modulate chest voice speak
🗣️,social-communication,Social & Communication,🎙️,vocal-variety,Vocal Variety,Modulate head voice speak
🗣️,social-communication,Social & Communication,🎙️,vocal-variety,Vocal Variety,Modulate nasality reduce
🗣️,social-communication,Social & Communication,🎙️,vocal-variety,Vocal Variety,Modulate vocal fry awareness
🗣️,social-communication,Social & Communication,🎙️,vocal-variety,Vocal Variety,Modulate articulators techniques
🗣️,social-communication,Social & Communication,🎙️,vocal-variety,Vocal Variety,Modulate tongue position
🗣️,social-communication,Social & Communication,🎙️,vocal-variety,Vocal Variety,Modulate lip movement
🗣️,social-communication,Social & Communication,🎙️,vocal-variety,Vocal Variety,Modulate jaw relaxation
🗣️,social-communication,Social & Communication,🎙️,vocal-variety,Vocal Variety,Modulate throat tension
🗣️,social-communication,Social & Communication,🎙️,vocal-variety,Vocal Variety,Modulate voice warmup vocal
🗣️,social-communication,Social & Communication,🎙️,vocal-variety,Vocal Variety,Modulate humming warmup
🗣️,social-communication,Social & Communication,🎙️,vocal-variety,Vocal Variety,Modulate lip trill
🗣️,social-communication,Social & Communication,🎙️,vocal-variety,Vocal Variety,Modulate tongue trill
🗣️,social-communication,Social & Communication,🎙️,vocal-variety,Vocal Variety,Modulate siren sound
🗣️,social-communication,Social & Communication,🎙️,vocal-variety,Vocal Variety,Modulate scale slide
🗣️,social-communication,Social & Communication,🎙️,vocal-variety,Vocal Variety,Modulate vocal projection
🗣️,social-communication,Social & Communication,🎙️,vocal-variety,Vocal Variety,Modulate whisper technique
🗣️,social-communication,Social & Communication,🎙️,vocal-variety,Vocal Variety,Modulate vocal rest
🗣️,social-communication,Social & Communication,🎙️,vocal-variety,Vocal Variety,Modulate hydration voice
🗣️,social-communication,Social & Communication,🎙️,vocal-variety,Vocal Variety,Modulate voice care
🗣️,social-communication,Social & Communication,📝,speech-writing,Speech Writing,Script audience analysis
🗣️,social-communication,Social & Communication,📝,speech-writing,Speech Writing,Script purpose define
🗣️,social-communication,Social & Communication,📝,speech-writing,Speech Writing,Script thesis speech
🗣️,social-communication,Social & Communication,📝,speech-writing,Speech Writing,Script opening hook
🗣️,social-communication,Social & Communication,📝,speech-writing,Speech Writing,Script body structure
🗣️,social-communication,Social & Communication,📝,speech-writing,Speech Writing,Script main points
🗣️,social-communication,Social & Communication,📝,speech-writing,Speech Writing,Script support evidence
🗣️,social-communication,Social & Communication,📝,speech-writing,Speech Writing,Script transition phrase
🗣️,social-communication,Social & Communication,📝,speech-writing,Speech Writing,Script climax build
🗣️,social-communication,Social & Communication,📝,speech-writing,Speech Writing,Script conclusion strong
🗣️,social-communication,Social & Communication,📝,speech-writing,Speech Writing,Script call to action
🗣️,social-communication,Social & Communication,📝,speech-writing,Speech Writing,Script memorable phrase
🗣️,social-communication,Social & Communication,📝,speech-writing,Speech Writing,Script rhetorical device
🗣️,social-communication,Social & Communication,📝,speech-writing,Speech Writing,Script anaphora speech
🗣️,social-communication,Social & Communication,📝,speech-writing,Speech Writing,Script parallel structure
🗣️,social-communication,Social & Communication,📝,speech-writing,Speech Writing,Script contrast pair
🗣️,social-communication,Social & Communication,📝,speech-writing,Speech Writing,Script rule of three
🗣️,social-communication,Social & Communication,📝,speech-writing,Speech Writing,Script imagery language
🗣️,social-communication,Social & Communication,📝,speech-writing,Speech Writing,Script metaphor speech
🗣️,social-communication,Social & Communication,📝,speech-writing,Speech Writing,Script analogy speech
🗣️,social-communication,Social & Communication,📝,speech-writing,Speech Writing,Script anecdote include
🗣️,social-communication,Social & Communication,📝,speech-writing,Speech Writing,Script humor element
🗣️,social-communication,Social & Communication,📝,speech-writing,Speech Writing,Script quote use
🗣️,social-communication,Social & Communication,📝,speech-writing,Speech Writing,Script statistics cite
🗣️,social-communication,Social & Communication,📝,speech-writing,Speech Writing,Script story narrative
🗣️,social-communication,Social & Communication,📝,speech-writing,Speech Writing,Script emotional appeal
🗣️,social-communication,Social & Communication,📝,speech-writing,Speech Writing,Script logical flow
🗣️,social-communication,Social & Communication,📝,speech-writing,Speech Writing,Script revised draft
🗣️,social-communication,Social & Communication,📝,speech-writing,Speech Writing,Script edit for ear
🗣️,social-communication,Social & Communication,📝,speech-writing,Speech Writing,Script read aloud test
🗣️,social-communication,Social & Communication,🎭,impromptu-speaking,Impromptu Speaking,Improv quick structure
🗣️,social-communication,Social & Communication,🎭,impromptu-speaking,Impromptu Speaking,Improv prep method
🗣️,social-communication,Social & Communication,🎭,impromptu-speaking,Impromptu Speaking,Improv point reason example point
🗣️,social-communication,Social & Communication,🎭,impromptu-speaking,Impromptu Speaking,Improv past present future
🗣️,social-communication,Social & Communication,🎭,impromptu-speaking,Impromptu Speaking,Improv problem solution
🗣️,social-communication,Social & Communication,🎭,impromptu-speaking,Impromptu Speaking,Improv before after bridge
🗣️,social-communication,Social & Communication,🎭,impromptu-speaking,Impromptu Speaking,Improv appreciation connection
🗣️,social-communication,Social & Communication,🎭,impromptu-speaking,Impromptu Speaking,Improv hook statement
🗣️,social-communication,Social & Communication,🎭,impromptu-speaking,Impromptu Speaking,Improv bridging phrase
🗣️,social-communication,Social & Communication,🎭,impromptu-speaking,Impromptu Speaking,Improv flagging word
🗣️,social-communication,Social & Communication,🎭,impromptu-speaking,Impromptu Speaking,Improv pause technique
🗣️,social-communication,Social & Communication,🎭,impromptu-speaking,Impromptu Speaking,Improv slow down
🗣️,social-communication,Social & Communication,🎭,impromptu-speaking,Impromptu Speaking,Improv stalling phrase
🗣️,social-communication,Social & Communication,🎭,impromptu-speaking,Impromptu Speaking,Improv confident start
🗣️,social-communication,Social & Communication,🎭,impromptu-speaking,Impromptu Speaking,Improv single idea focus
🗣️,social-communication,Social & Communication,🎭,impromptu-speaking,Impromptu Speaking,Improv brief support
🗣️,social-communication,Social & Communication,🎭,impromptu-speaking,Impromptu Speaking,Improv strong close
🗣️,social-communication,Social & Communication,🎭,impromptu-speaking,Impromptu Speaking,Improv transition smooth
🗣️,social-communication,Social & Communication,🎭,impromptu-speaking,Impromptu Speaking,Improv fillers avoid
🗣️,social-communication,Social & Communication,🎭,impromptu-speaking,Impromptu Speaking,Improv um ah reduction
🗣️,social-communication,Social & Communication,🎭,impromptu-speaking,Impromptu Speaking,Improv think aloud
🗣️,social-communication,Social & Communication,🎭,impromptu-speaking,Impromptu Speaking,Improv story quick
🗣️,social-communication,Social & Communication,🎭,impromptu-speaking,Impromptu Speaking,Improv personal anecdote
🗣️,social-communication,Social & Communication,🎭,impromptu-speaking,Impromptu Speaking,Improv question redirect
🗣️,social-communication,Social & Communication,🎭,impromptu-speaking,Impromptu Speaking,Improv reframe topic
🗣️,social-communication,Social & Communication,🎭,impromptu-speaking,Impromptu Speaking,Improv audience relate
🗣️,social-communication,Social & Communication,🎭,impromptu-speaking,Impromptu Speaking,Improv positive framing
🗣️,social-communication,Social & Communication,🎭,impromptu-speaking,Impromptu Speaking,Improv conversational tone
🗣️,social-communication,Social & Communication,🎭,impromptu-speaking,Impromptu Speaking,Improv recovery skill
🗣️,social-communication,Social & Communication,🎭,impromptu-speaking,Impromptu Speaking,Improv practice method
🎨,visual-arts,Visual Arts,✏️,drawing,Drawing,Sketch line quality
🎨,visual-arts,Visual Arts,✏️,drawing,Drawing,Sketch contour drawing
🎨,visual-arts,Visual Arts,✏️,drawing,Drawing,Sketch gesture drawing
🎨,visual-arts,Visual Arts,✏️,drawing,Drawing,Sketch cross hatching
🎨,visual-arts,Visual Arts,✏️,drawing,Drawing,Sketch stippling techniques
🎨,visual-arts,Visual Arts,✏️,drawing,Drawing,Sketch shading techniques
🎨,visual-arts,Visual Arts,✏️,drawing,Drawing,Sketch blending techniques
🎨,visual-arts,Visual Arts,✏️,drawing,Drawing,Sketch highlights techniques
🎨,visual-arts,Visual Arts,✏️,drawing,Drawing,Sketch proportion techniques
🎨,visual-arts,Visual Arts,✏️,drawing,Drawing,Sketch perspective techniques
🎨,visual-arts,Visual Arts,✏️,drawing,Drawing,Sketch one point perspective
🎨,visual-arts,Visual Arts,✏️,drawing,Drawing,Sketch two point perspective
🎨,visual-arts,Visual Arts,✏️,drawing,Drawing,Sketch three point perspective
🎨,visual-arts,Visual Arts,✏️,drawing,Drawing,Sketch foreshortening techniques
🎨,visual-arts,Visual Arts,✏️,drawing,Drawing,Sketch anatomy techniques
🎨,visual-arts,Visual Arts,✏️,drawing,Drawing,Sketch figure drawing
🎨,visual-arts,Visual Arts,✏️,drawing,Drawing,Sketch portrait drawing
🎨,visual-arts,Visual Arts,✏️,drawing,Drawing,Sketch still life
🎨,visual-arts,Visual Arts,✏️,drawing,Drawing,Sketch negative space
🎨,visual-arts,Visual Arts,✏️,drawing,Drawing,Sketch composition techniques
🎨,visual-arts,Visual Arts,✏️,drawing,Drawing,Sketch rule of thirds
🎨,visual-arts,Visual Arts,✏️,drawing,Drawing,Sketch golden ratio
🎨,visual-arts,Visual Arts,✏️,drawing,Drawing,Sketch value scale
🎨,visual-arts,Visual Arts,✏️,drawing,Drawing,Sketch tonal range
🎨,visual-arts,Visual Arts,✏️,drawing,Drawing,Sketch sketching techniques
🎨,visual-arts,Visual Arts,✏️,drawing,Drawing,Sketch blind contour
🎨,visual-arts,Visual Arts,✏️,drawing,Drawing,Sketch continuous line
🎨,visual-arts,Visual Arts,✏️,drawing,Drawing,Sketch mass drawing
🎨,visual-arts,Visual Arts,✏️,drawing,Drawing,Sketch sight size
🎨,visual-arts,Visual Arts,✏️,drawing,Drawing,Sketch grid method
🎨,visual-arts,Visual Arts,🖌️,painting,Painting,Paint color theory
🎨,visual-arts,Visual Arts,🖌️,painting,Painting,Paint color wheel
🎨,visual-arts,Visual Arts,🖌️,painting,Painting,Paint primary colors
🎨,visual-arts,Visual Arts,🖌️,painting,Painting,Paint secondary colors
🎨,visual-arts,Visual Arts,🖌️,painting,Painting,Paint complementary colors
🎨,visual-arts,Visual Arts,🖌️,painting,Painting,Paint analogous colors
🎨,visual-arts,Visual Arts,🖌️,painting,Painting,Paint color temperature
🎨,visual-arts,Visual Arts,🖌️,painting,Painting,Paint warm vs cool
🎨,visual-arts,Visual Arts,🖌️,painting,Painting,Paint value techniques
🎨,visual-arts,Visual Arts,🖌️,painting,Painting,Paint saturation techniques
🎨,visual-arts,Visual Arts,🖌️,painting,Painting,Paint hue techniques
🎨,visual-arts,Visual Arts,🖌️,painting,Painting,Paint paint mixing
🎨,visual-arts,Visual Arts,🖌️,painting,Painting,Paint wet on wet
🎨,visual-arts,Visual Arts,🖌️,painting,Painting,Paint wet on dry
🎨,visual-arts,Visual Arts,🖌️,painting,Painting,Paint glazing techniques
🎨,visual-arts,Visual Arts,🖌️,painting,Painting,Paint scumbling techniques
🎨,visual-arts,Visual Arts,🖌️,painting,Painting,Paint impasto techniques
🎨,visual-arts,Visual Arts,🖌️,painting,Painting,Paint underpainting techniques
🎨,visual-arts,Visual Arts,🖌️,painting,Painting,Paint blocking in
🎨,visual-arts,Visual Arts,🖌️,painting,Painting,Paint blending techniques
🎨,visual-arts,Visual Arts,🖌️,painting,Painting,Paint edge control
🎨,visual-arts,Visual Arts,🖌️,painting,Painting,Paint brush selection
🎨,visual-arts,Visual Arts,🖌️,painting,Painting,Paint brush care
🎨,visual-arts,Visual Arts,🖌️,painting,Painting,Paint palette layout
🎨,visual-arts,Visual Arts,🖌️,painting,Painting,Paint canvas preparation
🎨,visual-arts,Visual Arts,🖌️,painting,Painting,Paint gesso techniques
🎨,visual-arts,Visual Arts,🖌️,painting,Painting,Paint priming techniques
🎨,visual-arts,Visual Arts,🖌️,painting,Painting,Paint varnishing techniques
🎨,visual-arts,Visual Arts,🖌️,painting,Painting,Paint framing techniques
🎨,visual-arts,Visual Arts,🖌️,painting,Painting,Paint studio lighting
🎨,visual-arts,Visual Arts,🎨,watercolor,Watercolor,Wash wash technique
🎨,visual-arts,Visual Arts,🎨,watercolor,Watercolor,Wash flat wash
🎨,visual-arts,Visual Arts,🎨,watercolor,Watercolor,Wash graded wash
🎨,visual-arts,Visual Arts,🎨,watercolor,Watercolor,Wash variegated wash
🎨,visual-arts,Visual Arts,🎨,watercolor,Watercolor,Wash wet on wet
🎨,visual-arts,Visual Arts,🎨,watercolor,Watercolor,Wash wet on dry
🎨,visual-arts,Visual Arts,🎨,watercolor,Watercolor,Wash dry brush
🎨,visual-arts,Visual Arts,🎨,watercolor,Watercolor,Wash lifting techniques
🎨,visual-arts,Visual Arts,🎨,watercolor,Watercolor,Wash masking fluid
🎨,visual-arts,Visual Arts,🎨,watercolor,Watercolor,Wash salt effect
🎨,visual-arts,Visual Arts,🎨,watercolor,Watercolor,Wash sponge texture
🎨,visual-arts,Visual Arts,🎨,watercolor,Watercolor,Wash plastic wrap
🎨,visual-arts,Visual Arts,🎨,watercolor,Watercolor,Wash splattering techniques
🎨,visual-arts,Visual Arts,🎨,watercolor,Watercolor,Wash layering techniques
🎨,visual-arts,Visual Arts,🎨,watercolor,Watercolor,Wash glazing techniques
🎨,visual-arts,Visual Arts,🎨,watercolor,Watercolor,Wash color mixing
🎨,visual-arts,Visual Arts,🎨,watercolor,Watercolor,Wash water control
🎨,visual-arts,Visual Arts,🎨,watercolor,Watercolor,Wash pigment load
🎨,visual-arts,Visual Arts,🎨,watercolor,Watercolor,Wash paper selection
🎨,visual-arts,Visual Arts,🎨,watercolor,Watercolor,Wash stretching paper
🎨,visual-arts,Visual Arts,🎨,watercolor,Watercolor,Wash brushes techniques
🎨,visual-arts,Visual Arts,🎨,watercolor,Watercolor,Wash brush load
🎨,visual-arts,Visual Arts,🎨,watercolor,Watercolor,Wash brush stroke
🎨,visual-arts,Visual Arts,🎨,watercolor,Watercolor,Wash edge quality
🎨,visual-arts,Visual Arts,🎨,watercolor,Watercolor,Wash hard edge
🎨,visual-arts,Visual Arts,🎨,watercolor,Watercolor,Wash soft edge
🎨,visual-arts,Visual Arts,🎨,watercolor,Watercolor,Wash lost edge
🎨,visual-arts,Visual Arts,🎨,watercolor,Watercolor,Wash negative painting
🎨,visual-arts,Visual Arts,🎨,watercolor,Watercolor,Wash preserving whites
🎨,visual-arts,Visual Arts,🎨,watercolor,Watercolor,Wash back runs
🎨,visual-arts,Visual Arts,🖍️,pastels,Pastels,Blend soft pastels
🎨,visual-arts,Visual Arts,🖍️,pastels,Pastels,Blend hard pastels
🎨,visual-arts,Visual Arts,🖍️,pastels,Pastels,Blend oil pastels
🎨,visual-arts,Visual Arts,🖍️,pastels,Pastels,Blend pastel pencils
🎨,visual-arts,Visual Arts,🖍️,pastels,Pastels,Blend color layering
🎨,visual-arts,Visual Arts,🖍️,pastels,Pastels,Blend blending techniques
🎨,visual-arts,Visual Arts,🖍️,pastels,Pastels,Blend feathering techniques
🎨,visual-arts,Visual Arts,🖍️,pastels,Pastels,Blend hatching techniques
🎨,visual-arts,Visual Arts,🖍️,pastels,Pastels,Blend crosshatching techniques
🎨,visual-arts,Visual Arts,🖍️,pastels,Pastels,Blend scumbling techniques
🎨,visual-arts,Visual Arts,🖍️,pastels,Pastels,Blend sfumato techniques
🎨,visual-arts,Visual Arts,🖍️,pastels,Pastels,Blend fixative techniques
🎨,visual-arts,Visual Arts,🖍️,pastels,Pastels,Blend paper selection
🎨,visual-arts,Visual Arts,🖍️,pastels,Pastels,Blend sand paper
🎨,visual-arts,Visual Arts,🖍️,pastels,Pastels,Blend tooth techniques
🎨,visual-arts,Visual Arts,🖍️,pastels,Pastels,Blend underlayer techniques
🎨,visual-arts,Visual Arts,🖍️,pastels,Pastels,Blend ground color
🎨,visual-arts,Visual Arts,🖍️,pastels,Pastels,Blend toned paper
🎨,visual-arts,Visual Arts,🖍️,pastels,Pastels,Blend highlights techniques
🎨,visual-arts,Visual Arts,🖍️,pastels,Pastels,Blend shadows techniques
🎨,visual-arts,Visual Arts,🖍️,pastels,Pastels,Blend texture creation
🎨,visual-arts,Visual Arts,🖍️,pastels,Pastels,Blend impasto techniques
🎨,visual-arts,Visual Arts,🖍️,pastels,Pastels,Blend sgraffito techniques
🎨,visual-arts,Visual Arts,🖍️,pastels,Pastels,Blend frottage techniques
🎨,visual-arts,Visual Arts,🖍️,pastels,Pastels,Blend masking techniques
🎨,visual-arts,Visual Arts,🖍️,pastels,Pastels,Blend stencil techniques
🎨,visual-arts,Visual Arts,🖍️,pastels,Pastels,Blend blending tools
🎨,visual-arts,Visual Arts,🖍️,pastels,Pastels,Blend tortillon techniques
🎨,visual-arts,Visual Arts,🖍️,pastels,Pastels,Blend chamois techniques
🎨,visual-arts,Visual Arts,🖍️,pastels,Pastels,Blend finger blending
🎨,visual-arts,Visual Arts,🖊️,ink-drawing,Ink Drawing,Dip pen and ink
🎨,visual-arts,Visual Arts,🖊️,ink-drawing,Ink Drawing,Dip brush and ink
🎨,visual-arts,Visual Arts,🖊️,ink-drawing,Ink Drawing,Dip dip pen
🎨,visual-arts,Visual Arts,🖊️,ink-drawing,Ink Drawing,Dip technical pen
🎨,visual-arts,Visual Arts,🖊️,ink-drawing,Ink Drawing,Dip nib selection
🎨,visual-arts,Visual Arts,🖊️,ink-drawing,Ink Drawing,Dip ink types
🎨,visual-arts,Visual Arts,🖊️,ink-drawing,Ink Drawing,Dip india ink
🎨,visual-arts,Visual Arts,🖊️,ink-drawing,Ink Drawing,Dip waterproof ink
🎨,visual-arts,Visual Arts,🖊️,ink-drawing,Ink Drawing,Dip line weight
🎨,visual-arts,Visual Arts,🖊️,ink-drawing,Ink Drawing,Dip line variation
🎨,visual-arts,Visual Arts,🖊️,ink-drawing,Ink Drawing,Dip hatching techniques
🎨,visual-arts,Visual Arts,🖊️,ink-drawing,Ink Drawing,Dip cross hatching
🎨,visual-arts,Visual Arts,🖊️,ink-drawing,Ink Drawing,Dip stippling techniques
🎨,visual-arts,Visual Arts,🖊️,ink-drawing,Ink Drawing,Dip contour lines
🎨,visual-arts,Visual Arts,🖊️,ink-drawing,Ink Drawing,Dip blind contour
🎨,visual-arts,Visual Arts,🖊️,ink-drawing,Ink Drawing,Dip gesture ink
🎨,visual-arts,Visual Arts,🖊️,ink-drawing,Ink Drawing,Dip wash technique
🎨,visual-arts,Visual Arts,🖊️,ink-drawing,Ink Drawing,Dip ink wash
🎨,visual-arts,Visual Arts,🖊️,ink-drawing,Ink Drawing,Dip layering wash
🎨,visual-arts,Visual Arts,🖊️,ink-drawing,Ink Drawing,Dip resist technique
🎨,visual-arts,Visual Arts,🖊️,ink-drawing,Ink Drawing,Dip scratchboard techniques
🎨,visual-arts,Visual Arts,🖊️,ink-drawing,Ink Drawing,Dip white ink
🎨,visual-arts,Visual Arts,🖊️,ink-drawing,Ink Drawing,Dip negative space ink
🎨,visual-arts,Visual Arts,🖊️,ink-drawing,Ink Drawing,Dip calligraphy ink
🎨,visual-arts,Visual Arts,🖊️,ink-drawing,Ink Drawing,Dip quill pen
🎨,visual-arts,Visual Arts,🖊️,ink-drawing,Ink Drawing,Dip bamboo pen
🎨,visual-arts,Visual Arts,🖊️,ink-drawing,Ink Drawing,Dip ruling pen
🎨,visual-arts,Visual Arts,🖊️,ink-drawing,Ink Drawing,Dip gouache accent
🎨,visual-arts,Visual Arts,🖊️,ink-drawing,Ink Drawing,Dip white highlights
🎨,visual-arts,Visual Arts,🖊️,ink-drawing,Ink Drawing,Dip ink preservation
🎨,visual-arts,Visual Arts,🎭,acrylic-painting,Acrylic Painting,Paint acrylic mediums
🎨,visual-arts,Visual Arts,🎭,acrylic-painting,Acrylic Painting,Paint flow medium
🎨,visual-arts,Visual Arts,🎭,acrylic-painting,Acrylic Painting,Paint gel medium
🎨,visual-arts,Visual Arts,🎭,acrylic-painting,Acrylic Painting,Paint texture paste
🎨,visual-arts,Visual Arts,🎭,acrylic-painting,Acrylic Painting,Paint modeling paste
🎨,visual-arts,Visual Arts,🎭,acrylic-painting,Acrylic Painting,Paint retarder techniques
🎨,visual-arts,Visual Arts,🎭,acrylic-painting,Acrylic Painting,Paint slow dry
🎨,visual-arts,Visual Arts,🎭,acrylic-painting,Acrylic Painting,Paint fast dry
🎨,visual-arts,Visual Arts,🎭,acrylic-painting,Acrylic Painting,Paint layering techniques
🎨,visual-arts,Visual Arts,🎭,acrylic-painting,Acrylic Painting,Paint glazing techniques
🎨,visual-arts,Visual Arts,🎭,acrylic-painting,Acrylic Painting,Paint impasto techniques
🎨,visual-arts,Visual Arts,🎭,acrylic-painting,Acrylic Painting,Paint wet on wet
🎨,visual-arts,Visual Arts,🎭,acrylic-painting,Acrylic Painting,Paint dry brush
🎨,visual-arts,Visual Arts,🎭,acrylic-painting,Acrylic Painting,Paint sponging techniques
🎨,visual-arts,Visual Arts,🎭,acrylic-painting,Acrylic Painting,Paint stippling techniques
🎨,visual-arts,Visual Arts,🎭,acrylic-painting,Acrylic Painting,Paint palette knife
🎨,visual-arts,Visual Arts,🎭,acrylic-painting,Acrylic Painting,Paint acrylic wash
🎨,visual-arts,Visual Arts,🎭,acrylic-painting,Acrylic Painting,Paint paint dilution
🎨,visual-arts,Visual Arts,🎭,acrylic-painting,Acrylic Painting,Paint water control
🎨,visual-arts,Visual Arts,🎭,acrylic-painting,Acrylic Painting,Paint canvas prep
🎨,visual-arts,Visual Arts,🎭,acrylic-painting,Acrylic Painting,Paint gesso application
🎨,visual-arts,Visual Arts,🎭,acrylic-painting,Acrylic Painting,Paint sandwich technique
🎨,visual-arts,Visual Arts,🎭,acrylic-painting,Acrylic Painting,Paint underpainting techniques
🎨,visual-arts,Visual Arts,🎭,acrylic-painting,Acrylic Painting,Paint grisaille techniques
🎨,visual-arts,Visual Arts,🎭,acrylic-painting,Acrylic Painting,Paint verdaccio techniques
🎨,visual-arts,Visual Arts,🎭,acrylic-painting,Acrylic Painting,Paint blending acrylics
🎨,visual-arts,Visual Arts,🎭,acrylic-painting,Acrylic Painting,Paint soft edge
🎨,visual-arts,Visual Arts,🎭,acrylic-painting,Acrylic Painting,Paint hard edge
🎨,visual-arts,Visual Arts,🎭,acrylic-painting,Acrylic Painting,Paint acrylic sealer
🎨,visual-arts,Visual Arts,🎭,acrylic-painting,Acrylic Painting,Paint varnishing techniques
🎨,visual-arts,Visual Arts,🎨,oil-painting,Oil Painting,Paint oil mediums
🎨,visual-arts,Visual Arts,🎨,oil-painting,Oil Painting,Paint linseed oil
🎨,visual-arts,Visual Arts,🎨,oil-painting,Oil Painting,Paint walnut oil
🎨,visual-arts,Visual Arts,🎨,oil-painting,Oil Painting,Paint poppy oil
🎨,visual-arts,Visual Arts,🎨,oil-painting,Oil Painting,Paint turpentine techniques
🎨,visual-arts,Visual Arts,🎨,oil-painting,Oil Painting,Paint mineral spirits
🎨,visual-arts,Visual Arts,🎨,oil-painting,Oil Painting,Paint stand oil
🎨,visual-arts,Visual Arts,🎨,oil-painting,Oil Painting,Paint alkyd medium
🎨,visual-arts,Visual Arts,🎨,oil-painting,Oil Painting,Paint fat over lean
🎨,visual-arts,Visual Arts,🎨,oil-painting,Oil Painting,Paint thick over thin
🎨,visual-arts,Visual Arts,🎨,oil-painting,Oil Painting,Paint underpainting techniques
🎨,visual-arts,Visual Arts,🎨,oil-painting,Oil Painting,Paint imprimatura techniques
🎨,visual-arts,Visual Arts,🎨,oil-painting,Oil Painting,Paint grisaille techniques
🎨,visual-arts,Visual Arts,🎨,oil-painting,Oil Painting,Paint verdaccio techniques
🎨,visual-arts,Visual Arts,🎨,oil-painting,Oil Painting,Paint alla prima
🎨,visual-arts,Visual Arts,🎨,oil-painting,Oil Painting,Paint wet on wet
🎨,visual-arts,Visual Arts,🎨,oil-painting,Oil Painting,Paint impasto techniques
🎨,visual-arts,Visual Arts,🎨,oil-painting,Oil Painting,Paint glazing techniques
🎨,visual-arts,Visual Arts,🎨,oil-painting,Oil Painting,Paint scumbling techniques
🎨,visual-arts,Visual Arts,🎨,oil-painting,Oil Painting,Paint blending techniques
🎨,visual-arts,Visual Arts,🎨,oil-painting,Oil Painting,Paint feathering techniques
🎨,visual-arts,Visual Arts,🎨,oil-painting,Oil Painting,Paint brush care
🎨,visual-arts,Visual Arts,🎨,oil-painting,Oil Painting,Paint palette setup
🎨,visual-arts,Visual Arts,🎨,oil-painting,Oil Painting,Paint mixing colors
🎨,visual-arts,Visual Arts,🎨,oil-painting,Oil Painting,Paint color string
🎨,visual-arts,Visual Arts,🎨,oil-painting,Oil Painting,Paint limited palette
🎨,visual-arts,Visual Arts,🎨,oil-painting,Oil Painting,Paint zorn palette
🎨,visual-arts,Visual Arts,🎨,oil-painting,Oil Painting,Paint canvas stretching
🎨,visual-arts,Visual Arts,🎨,oil-painting,Oil Painting,Paint oil paper
🎨,visual-arts,Visual Arts,🎨,oil-painting,Oil Painting,Paint drying time
🎨,visual-arts,Visual Arts,🖼️,art-history,Art History,Study renaissance art
🎨,visual-arts,Visual Arts,🖼️,art-history,Art History,Study baroque art
🎨,visual-arts,Visual Arts,🖼️,art-history,Art History,Study rococo techniques
🎨,visual-arts,Visual Arts,🖼️,art-history,Art History,Study neoclassicism techniques
🎨,visual-arts,Visual Arts,🖼️,art-history,Art History,Study romanticism techniques
🎨,visual-arts,Visual Arts,🖼️,art-history,Art History,Study realism techniques
🎨,visual-arts,Visual Arts,🖼️,art-history,Art History,Study impressionism techniques
🎨,visual-arts,Visual Arts,🖼️,art-history,Art History,Study post impressionism
🎨,visual-arts,Visual Arts,🖼️,art-history,Art History,Study pointillism techniques
🎨,visual-arts,Visual Arts,🖼️,art-history,Art History,Study art nouveau
🎨,visual-arts,Visual Arts,🖼️,art-history,Art History,Study expressionism techniques
🎨,visual-arts,Visual Arts,🖼️,art-history,Art History,Study cubism techniques
🎨,visual-arts,Visual Arts,🖼️,art-history,Art History,Study futurism techniques
🎨,visual-arts,Visual Arts,🖼️,art-history,Art History,Study dada techniques
🎨,visual-arts,Visual Arts,🖼️,art-history,Art History,Study surrealism techniques
🎨,visual-arts,Visual Arts,🖼️,art-history,Art History,Study abstract art
🎨,visual-arts,Visual Arts,🖼️,art-history,Art History,Study abstract expressionism
🎨,visual-arts,Visual Arts,🖼️,art-history,Art History,Study pop art
🎨,visual-arts,Visual Arts,🖼️,art-history,Art History,Study minimalism techniques
🎨,visual-arts,Visual Arts,🖼️,art-history,Art History,Study conceptual art
🎨,visual-arts,Visual Arts,🖼️,art-history,Art History,Study performance art
🎨,visual-arts,Visual Arts,🖼️,art-history,Art History,Study installation art
🎨,visual-arts,Visual Arts,🖼️,art-history,Art History,Study digital art
🎨,visual-arts,Visual Arts,🖼️,art-history,Art History,Study contemporary art
🎨,visual-arts,Visual Arts,🖼️,art-history,Art History,Study art criticism
🎨,visual-arts,Visual Arts,🖼️,art-history,Art History,Study iconography techniques
🎨,visual-arts,Visual Arts,🖼️,art-history,Art History,Study formalism techniques
🎨,visual-arts,Visual Arts,🖼️,art-history,Art History,Study semiotics techniques
🎨,visual-arts,Visual Arts,🖼️,art-history,Art History,Study provenance techniques
🎨,visual-arts,Visual Arts,🖼️,art-history,Art History,Study museum studies
🎨,visual-arts,Visual Arts,🗿,sculpture,Sculpture,Carve clay modeling
🎨,visual-arts,Visual Arts,🗿,sculpture,Sculpture,Carve armature building
🎨,visual-arts,Visual Arts,🗿,sculpture,Sculpture,Carve additive sculpture
🎨,visual-arts,Visual Arts,🗿,sculpture,Sculpture,Carve subtractive sculpture
🎨,visual-arts,Visual Arts,🗿,sculpture,Sculpture,Carve carving stone
🎨,visual-arts,Visual Arts,🗿,sculpture,Sculpture,Carve carving wood
🎨,visual-arts,Visual Arts,🗿,sculpture,Sculpture,Carve carving soapstone
🎨,visual-arts,Visual Arts,🗿,sculpture,Sculpture,Carve carving alabaster
🎨,visual-arts,Visual Arts,🗿,sculpture,Sculpture,Carve modeling clay
🎨,visual-arts,Visual Arts,🗿,sculpture,Sculpture,Carve polymer clay
🎨,visual-arts,Visual Arts,🗿,sculpture,Sculpture,Carve air dry clay
🎨,visual-arts,Visual Arts,🗿,sculpture,Sculpture,Carve kiln fired clay
🎨,visual-arts,Visual Arts,🗿,sculpture,Sculpture,Carve glazing ceramics
🎨,visual-arts,Visual Arts,🗿,sculpture,Sculpture,Carve raku firing
🎨,visual-arts,Visual Arts,🗿,sculpture,Sculpture,Carve bronze casting
🎨,visual-arts,Visual Arts,🗿,sculpture,Sculpture,Carve lost wax method
🎨,visual-arts,Visual Arts,🗿,sculpture,Sculpture,Carve plaster casting
🎨,visual-arts,Visual Arts,🗿,sculpture,Sculpture,Carve mold making
🎨,visual-arts,Visual Arts,🗿,sculpture,Sculpture,Carve silicone mold
🎨,visual-arts,Visual Arts,🗿,sculpture,Sculpture,Carve resin casting
🎨,visual-arts,Visual Arts,🗿,sculpture,Sculpture,Carve welding metal
🎨,visual-arts,Visual Arts,🗿,sculpture,Sculpture,Carve found objects
🎨,visual-arts,Visual Arts,🗿,sculpture,Sculpture,Carve assemblage techniques
🎨,visual-arts,Visual Arts,🗿,sculpture,Sculpture,Carve kinetic sculpture
🎨,visual-arts,Visual Arts,🗿,sculpture,Sculpture,Carve bust sculpture
🎨,visual-arts,Visual Arts,🗿,sculpture,Sculpture,Carve figure sculpture
🎨,visual-arts,Visual Arts,🗿,sculpture,Sculpture,Carve relief sculpture
🎨,visual-arts,Visual Arts,🗿,sculpture,Sculpture,Carve bas relief
🎨,visual-arts,Visual Arts,🗿,sculpture,Sculpture,Carve high relief
🎨,visual-arts,Visual Arts,🗿,sculpture,Sculpture,Carve installation techniques
🎨,visual-arts,Visual Arts,🎨,color-theory,Color Theory,Study color wheel
🎨,visual-arts,Visual Arts,🎨,color-theory,Color Theory,Study primary triad
🎨,visual-arts,Visual Arts,🎨,color-theory,Color Theory,Study secondary colors
🎨,visual-arts,Visual Arts,🎨,color-theory,Color Theory,Study tertiary colors
🎨,visual-arts,Visual Arts,🎨,color-theory,Color Theory,Study complementary techniques
🎨,visual-arts,Visual Arts,🎨,color-theory,Color Theory,Study split complement
🎨,visual-arts,Visual Arts,🎨,color-theory,Color Theory,Study analogous techniques
🎨,visual-arts,Visual Arts,🎨,color-theory,Color Theory,Study triadic techniques
🎨,visual-arts,Visual Arts,🎨,color-theory,Color Theory,Study tetradic techniques
🎨,visual-arts,Visual Arts,🎨,color-theory,Color Theory,Study monochromatic techniques
🎨,visual-arts,Visual Arts,🎨,color-theory,Color Theory,Study value scale
🎨,visual-arts,Visual Arts,🎨,color-theory,Color Theory,Study tint techniques
🎨,visual-arts,Visual Arts,🎨,color-theory,Color Theory,Study shade techniques
🎨,visual-arts,Visual Arts,🎨,color-theory,Color Theory,Study tone techniques
🎨,visual-arts,Visual Arts,🎨,color-theory,Color Theory,Study saturation techniques
🎨,visual-arts,Visual Arts,🎨,color-theory,Color Theory,Study intensity techniques
🎨,visual-arts,Visual Arts,🎨,color-theory,Color Theory,Study color temperature
🎨,visual-arts,Visual Arts,🎨,color-theory,Color Theory,Study warm palette
🎨,visual-arts,Visual Arts,🎨,color-theory,Color Theory,Study cool palette
🎨,visual-arts,Visual Arts,🎨,color-theory,Color Theory,Study color harmony
🎨,visual-arts,Visual Arts,🎨,color-theory,Color Theory,Study simultaneous contrast
🎨,visual-arts,Visual Arts,🎨,color-theory,Color Theory,Study optical mixing
🎨,visual-arts,Visual Arts,🎨,color-theory,Color Theory,Study color proportion
🎨,visual-arts,Visual Arts,🎨,color-theory,Color Theory,Study dominant color
🎨,visual-arts,Visual Arts,🎨,color-theory,Color Theory,Study accent color
🎨,visual-arts,Visual Arts,🎨,color-theory,Color Theory,Study neutral color
🎨,visual-arts,Visual Arts,🎨,color-theory,Color Theory,Study color context
🎨,visual-arts,Visual Arts,🎨,color-theory,Color Theory,Study munsell system
🎨,visual-arts,Visual Arts,🎨,color-theory,Color Theory,Study pantone matching
🎨,visual-arts,Visual Arts,🎨,color-theory,Color Theory,Study cmyk vs rgb
🎨,visual-arts,Visual Arts,🖥️,digital-art,Digital Art,Create tablet setup
🎨,visual-arts,Visual Arts,🖥️,digital-art,Digital Art,Create pen pressure
🎨,visual-arts,Visual Arts,🖥️,digital-art,Digital Art,Create brush customization
🎨,visual-arts,Visual Arts,🖥️,digital-art,Digital Art,Create layer management
🎨,visual-arts,Visual Arts,🖥️,digital-art,Digital Art,Create blend modes
🎨,visual-arts,Visual Arts,🖥️,digital-art,Digital Art,Create masking techniques
🎨,visual-arts,Visual Arts,🖥️,digital-art,Digital Art,Create clipping mask
🎨,visual-arts,Visual Arts,🖥️,digital-art,Digital Art,Create selection tools
🎨,visual-arts,Visual Arts,🖥️,digital-art,Digital Art,Create digital painting
🎨,visual-arts,Visual Arts,🖥️,digital-art,Digital Art,Create concept art
🎨,visual-arts,Visual Arts,🖥️,digital-art,Digital Art,Create character design
🎨,visual-arts,Visual Arts,🖥️,digital-art,Digital Art,Create environment design
🎨,visual-arts,Visual Arts,🖥️,digital-art,Digital Art,Create prop design
🎨,visual-arts,Visual Arts,🖥️,digital-art,Digital Art,Create texture painting
🎨,visual-arts,Visual Arts,🖥️,digital-art,Digital Art,Create photo bashing
🎨,visual-arts,Visual Arts,🖥️,digital-art,Digital Art,Create color correction
🎨,visual-arts,Visual Arts,🖥️,digital-art,Digital Art,Create canvas size
🎨,visual-arts,Visual Arts,🖥️,digital-art,Digital Art,Create dpi techniques
🎨,visual-arts,Visual Arts,🖥️,digital-art,Digital Art,Create file formats
🎨,visual-arts,Visual Arts,🖥️,digital-art,Digital Art,Create psd management
🎨,visual-arts,Visual Arts,🖥️,digital-art,Digital Art,Create non destructive workflow
🎨,visual-arts,Visual Arts,🖥️,digital-art,Digital Art,Create smudge tool
🎨,visual-arts,Visual Arts,🖥️,digital-art,Digital Art,Create mixer brush
🎨,visual-arts,Visual Arts,🖥️,digital-art,Digital Art,Create symmetry tool
🎨,visual-arts,Visual Arts,🖥️,digital-art,Digital Art,Create reference images
🎨,visual-arts,Visual Arts,🖥️,digital-art,Digital Art,Create custom palettes
🎨,visual-arts,Visual Arts,🖥️,digital-art,Digital Art,Create workflow shortcuts
🎨,visual-arts,Visual Arts,🖥️,digital-art,Digital Art,Create action scripts
🎨,visual-arts,Visual Arts,🖥️,digital-art,Digital Art,Create batch processing
🎨,visual-arts,Visual Arts,🖥️,digital-art,Digital Art,Create export settings
🎨,visual-arts,Visual Arts,🖌️,gouache,Gouache,Paint gouache consistency
🎨,visual-arts,Visual Arts,🖌️,gouache,Gouache,Paint opaque layer
🎨,visual-arts,Visual Arts,🖌️,gouache,Gouache,Paint transparent layer
🎨,visual-arts,Visual Arts,🖌️,gouache,Gouache,Paint wet on wet
🎨,visual-arts,Visual Arts,🖌️,gouache,Gouache,Paint wet on dry
🎨,visual-arts,Visual Arts,🖌️,gouache,Gouache,Paint dry brush
🎨,visual-arts,Visual Arts,🖌️,gouache,Gouache,Paint lifting techniques
🎨,visual-arts,Visual Arts,🖌️,gouache,Gouache,Paint reactivation techniques
🎨,visual-arts,Visual Arts,🖌️,gouache,Gouache,Paint color mixing
🎨,visual-arts,Visual Arts,🖌️,gouache,Gouache,Paint opacity control
🎨,visual-arts,Visual Arts,🖌️,gouache,Gouache,Paint layering light
🎨,visual-arts,Visual Arts,🖌️,gouache,Gouache,Paint layering dark
🎨,visual-arts,Visual Arts,🖌️,gouache,Gouache,Paint highlight application
🎨,visual-arts,Visual Arts,🖌️,gouache,Gouache,Paint shadow application
🎨,visual-arts,Visual Arts,🖌️,gouache,Gouache,Paint flat wash
🎨,visual-arts,Visual Arts,🖌️,gouache,Gouache,Paint graded wash
🎨,visual-arts,Visual Arts,🖌️,gouache,Gouache,Paint fine details
🎨,visual-arts,Visual Arts,🖌️,gouache,Gouache,Paint brush control
🎨,visual-arts,Visual Arts,🖌️,gouache,Gouache,Paint water amount
🎨,visual-arts,Visual Arts,🖌️,gouache,Gouache,Paint paper selection
🎨,visual-arts,Visual Arts,🖌️,gouache,Gouache,Paint hot press paper
🎨,visual-arts,Visual Arts,🖌️,gouache,Gouache,Paint cold press paper
🎨,visual-arts,Visual Arts,🖌️,gouache,Gouache,Paint mixed media paper
🎨,visual-arts,Visual Arts,🖌️,gouache,Gouache,Paint masking fluid
🎨,visual-arts,Visual Arts,🖌️,gouache,Gouache,Paint gouache vs acrylic
🎨,visual-arts,Visual Arts,🖌️,gouache,Gouache,Paint gouache vs watercolor
🎨,visual-arts,Visual Arts,🖌️,gouache,Gouache,Paint cake gouache
🎨,visual-arts,Visual Arts,🖌️,gouache,Gouache,Paint tube gouache
🎨,visual-arts,Visual Arts,🖌️,gouache,Gouache,Paint palette setup
🎨,visual-arts,Visual Arts,🖌️,gouache,Gouache,Paint workable fixative
🎨,visual-arts,Visual Arts,🖍️,colored-pencil,Colored Pencil,Layer color layering
🎨,visual-arts,Visual Arts,🖍️,colored-pencil,Colored Pencil,Layer burnishing techniques
🎨,visual-arts,Visual Arts,🖍️,colored-pencil,Colored Pencil,Layer blending techniques
🎨,visual-arts,Visual Arts,🖍️,colored-pencil,Colored Pencil,Layer solvent blending
🎨,visual-arts,Visual Arts,🖍️,colored-pencil,Colored Pencil,Layer pencil pressure
🎨,visual-arts,Visual Arts,🖍️,colored-pencil,Colored Pencil,Layer stroke direction
🎨,visual-arts,Visual Arts,🖍️,colored-pencil,Colored Pencil,Layer hatching techniques
🎨,visual-arts,Visual Arts,🖍️,colored-pencil,Colored Pencil,Layer crosshatching techniques
🎨,visual-arts,Visual Arts,🖍️,colored-pencil,Colored Pencil,Layer circular stroke
🎨,visual-arts,Visual Arts,🖍️,colored-pencil,Colored Pencil,Layer scumbling techniques
🎨,visual-arts,Visual Arts,🖍️,colored-pencil,Colored Pencil,Layer tonal gradients
🎨,visual-arts,Visual Arts,🖍️,colored-pencil,Colored Pencil,Layer color mixing
🎨,visual-arts,Visual Arts,🖍️,colored-pencil,Colored Pencil,Layer underlayer techniques
🎨,visual-arts,Visual Arts,🖍️,colored-pencil,Colored Pencil,Layer colorless blender
🎨,visual-arts,Visual Arts,🖍️,colored-pencil,Colored Pencil,Layer white highlight
🎨,visual-arts,Visual Arts,🖍️,colored-pencil,Colored Pencil,Layer paper selection
🎨,visual-arts,Visual Arts,🖍️,colored-pencil,Colored Pencil,Layer tooth techniques
🎨,visual-arts,Visual Arts,🖍️,colored-pencil,Colored Pencil,Layer hot press
🎨,visual-arts,Visual Arts,🖍️,colored-pencil,Colored Pencil,Layer cold press
🎨,visual-arts,Visual Arts,🖍️,colored-pencil,Colored Pencil,Layer fixative techniques
🎨,visual-arts,Visual Arts,🖍️,colored-pencil,Colored Pencil,Layer wax bloom
🎨,visual-arts,Visual Arts,🖍️,colored-pencil,Colored Pencil,Layer sharpening techniques
🎨,visual-arts,Visual Arts,🖍️,colored-pencil,Colored Pencil,Layer pencil grip
🎨,visual-arts,Visual Arts,🖍️,colored-pencil,Colored Pencil,Layer fine details
🎨,visual-arts,Visual Arts,🖍️,colored-pencil,Colored Pencil,Layer texture creation
🎨,visual-arts,Visual Arts,🖍️,colored-pencil,Colored Pencil,Layer frottage techniques
🎨,visual-arts,Visual Arts,🖍️,colored-pencil,Colored Pencil,Layer impressed line
🎨,visual-arts,Visual Arts,🖍️,colored-pencil,Colored Pencil,Layer masking techniques
🎨,visual-arts,Visual Arts,🖍️,colored-pencil,Colored Pencil,Layer reference photo
🎨,visual-arts,Visual Arts,🖍️,colored-pencil,Colored Pencil,Layer lightfastness techniques
🎨,visual-arts,Visual Arts,🖼️,printmaking,Printmaking,Print relief printing
🎨,visual-arts,Visual Arts,🖼️,printmaking,Printmaking,Print linocut techniques
🎨,visual-arts,Visual Arts,🖼️,printmaking,Printmaking,Print woodcut techniques
🎨,visual-arts,Visual Arts,🖼️,printmaking,Printmaking,Print intaglio techniques
🎨,visual-arts,Visual Arts,🖼️,printmaking,Printmaking,Print etching techniques
🎨,visual-arts,Visual Arts,🖼️,printmaking,Printmaking,Print drypoint techniques
🎨,visual-arts,Visual Arts,🖼️,printmaking,Printmaking,Print aquatint techniques
🎨,visual-arts,Visual Arts,🖼️,printmaking,Printmaking,Print lithography techniques
🎨,visual-arts,Visual Arts,🖼️,printmaking,Printmaking,Print stone litho
🎨,visual-arts,Visual Arts,🖼️,printmaking,Printmaking,Print plate litho
🎨,visual-arts,Visual Arts,🖼️,printmaking,Printmaking,Print screen printing
🎨,visual-arts,Visual Arts,🖼️,printmaking,Printmaking,Print photo screen
🎨,visual-arts,Visual Arts,🖼️,printmaking,Printmaking,Print monotype techniques
🎨,visual-arts,Visual Arts,🖼️,printmaking,Printmaking,Print monoprint techniques
🎨,visual-arts,Visual Arts,🖼️,printmaking,Printmaking,Print collagraph techniques
🎨,visual-arts,Visual Arts,🖼️,printmaking,Printmaking,Print digital print
🎨,visual-arts,Visual Arts,🖼️,printmaking,Printmaking,Print giclée techniques
🎨,visual-arts,Visual Arts,🖼️,printmaking,Printmaking,Print registration techniques
🎨,visual-arts,Visual Arts,🖼️,printmaking,Printmaking,Print editioning techniques
🎨,visual-arts,Visual Arts,🖼️,printmaking,Printmaking,Print artist proof
🎨,visual-arts,Visual Arts,🖼️,printmaking,Printmaking,Print print press
🎨,visual-arts,Visual Arts,🖼️,printmaking,Printmaking,Print brayer techniques
🎨,visual-arts,Visual Arts,🖼️,printmaking,Printmaking,Print baren techniques
🎨,visual-arts,Visual Arts,🖼️,printmaking,Printmaking,Print ink rolling
🎨,visual-arts,Visual Arts,🖼️,printmaking,Printmaking,Print paper soaking
🎨,visual-arts,Visual Arts,🖼️,printmaking,Printmaking,Print blotting techniques
🎨,visual-arts,Visual Arts,🖼️,printmaking,Printmaking,Print drying rack
🎨,visual-arts,Visual Arts,🖼️,printmaking,Printmaking,Print cleanup techniques
🎨,visual-arts,Visual Arts,🖼️,printmaking,Printmaking,Print print signing
🎨,visual-arts,Visual Arts,🖼️,printmaking,Printmaking,Print portfolio presentation
🎨,visual-arts,Visual Arts,📷,photography,Photography,Capture exposure triangle
🎨,visual-arts,Visual Arts,📷,photography,Photography,Capture aperture techniques
🎨,visual-arts,Visual Arts,📷,photography,Photography,Capture shutter speed
🎨,visual-arts,Visual Arts,📷,photography,Photography,Capture iso techniques
🎨,visual-arts,Visual Arts,📷,photography,Photography,Capture depth of field
🎨,visual-arts,Visual Arts,📷,photography,Photography,Capture bokeh techniques
🎨,visual-arts,Visual Arts,📷,photography,Photography,Capture composition techniques
🎨,visual-arts,Visual Arts,📷,photography,Photography,Capture rule of thirds
🎨,visual-arts,Visual Arts,📷,photography,Photography,Capture leading lines
🎨,visual-arts,Visual Arts,📷,photography,Photography,Capture framing techniques
🎨,visual-arts,Visual Arts,📷,photography,Photography,Capture fill frame
🎨,visual-arts,Visual Arts,📷,photography,Photography,Capture lighting techniques
🎨,visual-arts,Visual Arts,📷,photography,Photography,Capture natural light
🎨,visual-arts,Visual Arts,📷,photography,Photography,Capture golden hour
🎨,visual-arts,Visual Arts,📷,photography,Photography,Capture blue hour
🎨,visual-arts,Visual Arts,📷,photography,Photography,Capture studio lighting
🎨,visual-arts,Visual Arts,📷,photography,Photography,Capture three point lighting
🎨,visual-arts,Visual Arts,📷,photography,Photography,Capture portrait lighting
🎨,visual-arts,Visual Arts,📷,photography,Photography,Capture rembrandt lighting
🎨,visual-arts,Visual Arts,📷,photography,Photography,Capture butterfly lighting
🎨,visual-arts,Visual Arts,📷,photography,Photography,Capture split lighting
🎨,visual-arts,Visual Arts,📷,photography,Photography,Capture post processing
🎨,visual-arts,Visual Arts,📷,photography,Photography,Capture lightroom techniques
🎨,visual-arts,Visual Arts,📷,photography,Photography,Capture photoshop techniques
🎨,visual-arts,Visual Arts,📷,photography,Photography,Capture color grading
🎨,visual-arts,Visual Arts,📷,photography,Photography,Capture white balance
🎨,visual-arts,Visual Arts,📷,photography,Photography,Capture histogram techniques
🎨,visual-arts,Visual Arts,📷,photography,Photography,Capture raw vs jpeg
🎨,visual-arts,Visual Arts,📷,photography,Photography,Capture lens selection
🎨,visual-arts,Visual Arts,📷,photography,Photography,Capture focal length
🎨,visual-arts,Visual Arts,🎬,animation,Animation,Animate 12 principles
🎨,visual-arts,Visual Arts,🎬,animation,Animation,Animate squash and stretch
🎨,visual-arts,Visual Arts,🎬,animation,Animation,Animate anticipation techniques
🎨,visual-arts,Visual Arts,🎬,animation,Animation,Animate staging techniques
🎨,visual-arts,Visual Arts,🎬,animation,Animation,Animate straight ahead
🎨,visual-arts,Visual Arts,🎬,animation,Animation,Animate pose to pose
🎨,visual-arts,Visual Arts,🎬,animation,Animation,Animate follow through
🎨,visual-arts,Visual Arts,🎬,animation,Animation,Animate overlapping action
🎨,visual-arts,Visual Arts,🎬,animation,Animation,Animate slow in slow out
🎨,visual-arts,Visual Arts,🎬,animation,Animation,Animate arcs techniques
🎨,visual-arts,Visual Arts,🎬,animation,Animation,Animate secondary action
🎨,visual-arts,Visual Arts,🎬,animation,Animation,Animate timing techniques
🎨,visual-arts,Visual Arts,🎬,animation,Animation,Animate exaggeration techniques
🎨,visual-arts,Visual Arts,🎬,animation,Animation,Animate solid drawing
🎨,visual-arts,Visual Arts,🎬,animation,Animation,Animate appeal techniques
🎨,visual-arts,Visual Arts,🎬,animation,Animation,Animate keyframes techniques
🎨,visual-arts,Visual Arts,🎬,animation,Animation,Animate inbetweens techniques
🎨,visual-arts,Visual Arts,🎬,animation,Animation,Animate breakdowns techniques
🎨,visual-arts,Visual Arts,🎬,animation,Animation,Animate timing chart
🎨,visual-arts,Visual Arts,🎬,animation,Animation,Animate ball bounce
🎨,visual-arts,Visual Arts,🎬,animation,Animation,Animate walk cycle
🎨,visual-arts,Visual Arts,🎬,animation,Animation,Animate run cycle
🎨,visual-arts,Visual Arts,🎬,animation,Animation,Animate jump cycle
🎨,visual-arts,Visual Arts,🎬,animation,Animation,Animate facial animation
🎨,visual-arts,Visual Arts,🎬,animation,Animation,Animate lip sync
🎨,visual-arts,Visual Arts,🎬,animation,Animation,Animate body mechanics
🎨,visual-arts,Visual Arts,🎬,animation,Animation,Animate weight shift
🎨,visual-arts,Visual Arts,🎬,animation,Animation,Animate character animation
🎨,visual-arts,Visual Arts,🎬,animation,Animation,Animate effects animation
🎨,visual-arts,Visual Arts,🎬,animation,Animation,Animate stop motion
🎨,visual-arts,Visual Arts,🎨,mixed-media,Mixed Media,Collage collage techniques
🎨,visual-arts,Visual Arts,🎨,mixed-media,Mixed Media,Collage assemblage techniques
🎨,visual-arts,Visual Arts,🎨,mixed-media,Mixed Media,Collage layering papers
🎨,visual-arts,Visual Arts,🎨,mixed-media,Mixed Media,Collage fabric integration
🎨,visual-arts,Visual Arts,🎨,mixed-media,Mixed Media,Collage found objects
🎨,visual-arts,Visual Arts,🎨,mixed-media,Mixed Media,Collage textile art
🎨,visual-arts,Visual Arts,🎨,mixed-media,Mixed Media,Collage embroidery techniques
🎨,visual-arts,Visual Arts,🎨,mixed-media,Mixed Media,Collage stitching on paper
🎨,visual-arts,Visual Arts,🎨,mixed-media,Mixed Media,Collage image transfer
🎨,visual-arts,Visual Arts,🎨,mixed-media,Mixed Media,Collage gel medium transfer
🎨,visual-arts,Visual Arts,🎨,mixed-media,Mixed Media,Collage decoupage techniques
🎨,visual-arts,Visual Arts,🎨,mixed-media,Mixed Media,Collage resin art
🎨,visual-arts,Visual Arts,🎨,mixed-media,Mixed Media,Collage resin coating
🎨,visual-arts,Visual Arts,🎨,mixed-media,Mixed Media,Collage epoxy layer
🎨,visual-arts,Visual Arts,🎨,mixed-media,Mixed Media,Collage wax encapsulation
🎨,visual-arts,Visual Arts,🎨,mixed-media,Mixed Media,Collage encaustic techniques
🎨,visual-arts,Visual Arts,🎨,mixed-media,Mixed Media,Collage encaustic collage
🎨,visual-arts,Visual Arts,🎨,mixed-media,Mixed Media,Collage crayon melt
🎨,visual-arts,Visual Arts,🎨,mixed-media,Mixed Media,Collage alcohol ink
🎨,visual-arts,Visual Arts,🎨,mixed-media,Mixed Media,Collage ink resist
🎨,visual-arts,Visual Arts,🎨,mixed-media,Mixed Media,Collage spray paint
🎨,visual-arts,Visual Arts,🎨,mixed-media,Mixed Media,Collage stencil art
🎨,visual-arts,Visual Arts,🎨,mixed-media,Mixed Media,Collage drip technique
🎨,visual-arts,Visual Arts,🎨,mixed-media,Mixed Media,Collage pouring medium
🎨,visual-arts,Visual Arts,🎨,mixed-media,Mixed Media,Collage acrylic pour
🎨,visual-arts,Visual Arts,🎨,mixed-media,Mixed Media,Collage fluid art
🎨,visual-arts,Visual Arts,🎨,mixed-media,Mixed Media,Collage cell creation
🎨,visual-arts,Visual Arts,🎨,mixed-media,Mixed Media,Collage swirl technique
🎨,visual-arts,Visual Arts,🎨,mixed-media,Mixed Media,Collage layered wash
🎨,visual-arts,Visual Arts,🎨,mixed-media,Mixed Media,Collage texture build
🎨,visual-arts,Visual Arts,🖌️,calligraphy,Calligraphy,Write pen hold
🎨,visual-arts,Visual Arts,🖌️,calligraphy,Calligraphy,Write nib selection
🎨,visual-arts,Visual Arts,🖌️,calligraphy,Calligraphy,Write ink flow
🎨,visual-arts,Visual Arts,🖌️,calligraphy,Calligraphy,Write pressure control
🎨,visual-arts,Visual Arts,🖌️,calligraphy,Calligraphy,Write thick and thin
🎨,visual-arts,Visual Arts,🖌️,calligraphy,Calligraphy,Write upstroke downstroke
🎨,visual-arts,Visual Arts,🖌️,calligraphy,Calligraphy,Write copperplate techniques
🎨,visual-arts,Visual Arts,🖌️,calligraphy,Calligraphy,Write spencerian techniques
🎨,visual-arts,Visual Arts,🖌️,calligraphy,Calligraphy,Write gothic script
🎨,visual-arts,Visual Arts,🖌️,calligraphy,Calligraphy,Write blackletter techniques
🎨,visual-arts,Visual Arts,🖌️,calligraphy,Calligraphy,Write fraktur techniques
🎨,visual-arts,Visual Arts,🖌️,calligraphy,Calligraphy,Write italic script
🎨,visual-arts,Visual Arts,🖌️,calligraphy,Calligraphy,Write uncial techniques
🎨,visual-arts,Visual Arts,🖌️,calligraphy,Calligraphy,Write foundational hand
🎨,visual-arts,Visual Arts,🖌️,calligraphy,Calligraphy,Write modern calligraphy
🎨,visual-arts,Visual Arts,🖌️,calligraphy,Calligraphy,Write brush lettering
🎨,visual-arts,Visual Arts,🖌️,calligraphy,Calligraphy,Write watercolor calligraphy
🎨,visual-arts,Visual Arts,🖌️,calligraphy,Calligraphy,Write pen angle
🎨,visual-arts,Visual Arts,🖌️,calligraphy,Calligraphy,Write letter spacing
🎨,visual-arts,Visual Arts,🖌️,calligraphy,Calligraphy,Write word spacing
🎨,visual-arts,Visual Arts,🖌️,calligraphy,Calligraphy,Write rhythm techniques
🎨,visual-arts,Visual Arts,🖌️,calligraphy,Calligraphy,Write flourishing techniques
🎨,visual-arts,Visual Arts,🖌️,calligraphy,Calligraphy,Write swash techniques
🎨,visual-arts,Visual Arts,🖌️,calligraphy,Calligraphy,Write connecting letters
🎨,visual-arts,Visual Arts,🖌️,calligraphy,Calligraphy,Write ascenders techniques
🎨,visual-arts,Visual Arts,🖌️,calligraphy,Calligraphy,Write descenders techniques
🎨,visual-arts,Visual Arts,🖌️,calligraphy,Calligraphy,Write x height
🎨,visual-arts,Visual Arts,🖌️,calligraphy,Calligraphy,Write slant angle
🎨,visual-arts,Visual Arts,🖌️,calligraphy,Calligraphy,Write guidelines techniques
🎨,visual-arts,Visual Arts,🖌️,calligraphy,Calligraphy,Write practice drills
🎨,visual-arts,Visual Arts,🎭,mosaic-art,Mosaic Art,Arrange tesserae selection
🎨,visual-arts,Visual Arts,🎭,mosaic-art,Mosaic Art,Arrange glass mosaic
🎨,visual-arts,Visual Arts,🎭,mosaic-art,Mosaic Art,Arrange ceramic mosaic
🎨,visual-arts,Visual Arts,🎭,mosaic-art,Mosaic Art,Arrange stone mosaic
🎨,visual-arts,Visual Arts,🎭,mosaic-art,Mosaic Art,Arrange smalti techniques
🎨,visual-arts,Visual Arts,🎭,mosaic-art,Mosaic Art,Arrange vitreous glass
🎨,visual-arts,Visual Arts,🎭,mosaic-art,Mosaic Art,Arrange marble tesserae
🎨,visual-arts,Visual Arts,🎭,mosaic-art,Mosaic Art,Arrange direct method
🎨,visual-arts,Visual Arts,🎭,mosaic-art,Mosaic Art,Arrange indirect method
🎨,visual-arts,Visual Arts,🎭,mosaic-art,Mosaic Art,Arrange double reverse
🎨,visual-arts,Visual Arts,🎭,mosaic-art,Mosaic Art,Arrange andamento techniques
🎨,visual-arts,Visual Arts,🎭,mosaic-art,Mosaic Art,Arrange opus regulatum
🎨,visual-arts,Visual Arts,🎭,mosaic-art,Mosaic Art,Arrange opus tesselatum
🎨,visual-arts,Visual Arts,🎭,mosaic-art,Mosaic Art,Arrange opus palladium
🎨,visual-arts,Visual Arts,🎭,mosaic-art,Mosaic Art,Arrange opus sectile
🎨,visual-arts,Visual Arts,🎭,mosaic-art,Mosaic Art,Arrange cutting tools
🎨,visual-arts,Visual Arts,🎭,mosaic-art,Mosaic Art,Arrange tile nippers
🎨,visual-arts,Visual Arts,🎭,mosaic-art,Mosaic Art,Arrange hammer and hardie
🎨,visual-arts,Visual Arts,🎭,mosaic-art,Mosaic Art,Arrange adhesive techniques
🎨,visual-arts,Visual Arts,🎭,mosaic-art,Mosaic Art,Arrange thinset techniques
🎨,visual-arts,Visual Arts,🎭,mosaic-art,Mosaic Art,Arrange grouting techniques
🎨,visual-arts,Visual Arts,🎭,mosaic-art,Mosaic Art,Arrange grout color
🎨,visual-arts,Visual Arts,🎭,mosaic-art,Mosaic Art,Arrange grout application
🎨,visual-arts,Visual Arts,🎭,mosaic-art,Mosaic Art,Arrange sealing techniques
🎨,visual-arts,Visual Arts,🎭,mosaic-art,Mosaic Art,Arrange substrate prep
🎨,visual-arts,Visual Arts,🎭,mosaic-art,Mosaic Art,Arrange mosaic mesh
🎨,visual-arts,Visual Arts,🎭,mosaic-art,Mosaic Art,Arrange pattern transfer
🎨,visual-arts,Visual Arts,🎭,mosaic-art,Mosaic Art,Arrange color gradation
🎨,visual-arts,Visual Arts,🎭,mosaic-art,Mosaic Art,Arrange shading mosaic
🎨,visual-arts,Visual Arts,🎭,mosaic-art,Mosaic Art,Arrange mosaic furniture
🎨,visual-arts,Visual Arts,🖼️,art-business,Art Business,Gallery pricing artwork
🎨,visual-arts,Visual Arts,🖼️,art-business,Art Business,Gallery art valuation
🎨,visual-arts,Visual Arts,🖼️,art-business,Art Business,Gallery gallery representation
🎨,visual-arts,Visual Arts,🖼️,art-business,Art Business,Gallery solo show
🎨,visual-arts,Visual Arts,🖼️,art-business,Art Business,Gallery group show
🎨,visual-arts,Visual Arts,🖼️,art-business,Art Business,Gallery art fair
🎨,visual-arts,Visual Arts,🖼️,art-business,Art Business,Gallery commission work
🎨,visual-arts,Visual Arts,🖼️,art-business,Art Business,Gallery print sales
🎨,visual-arts,Visual Arts,🖼️,art-business,Art Business,Gallery original sales
🎨,visual-arts,Visual Arts,🖼️,art-business,Art Business,Gallery licensing techniques
🎨,visual-arts,Visual Arts,🖼️,art-business,Art Business,Gallery copyright registration
🎨,visual-arts,Visual Arts,🖼️,art-business,Art Business,Gallery artist statement
🎨,visual-arts,Visual Arts,🖼️,art-business,Art Business,Gallery artist bio
🎨,visual-arts,Visual Arts,🖼️,art-business,Art Business,Gallery portfolio development
🎨,visual-arts,Visual Arts,🖼️,art-business,Art Business,Gallery website setup
🎨,visual-arts,Visual Arts,🖼️,art-business,Art Business,Gallery social media
🎨,visual-arts,Visual Arts,🖼️,art-business,Art Business,Gallery instagram strategy
🎨,visual-arts,Visual Arts,🖼️,art-business,Art Business,Gallery email marketing
🎨,visual-arts,Visual Arts,🖼️,art-business,Art Business,Gallery newsletter techniques
🎨,visual-arts,Visual Arts,🖼️,art-business,Art Business,Gallery mailing list
🎨,visual-arts,Visual Arts,🖼️,art-business,Art Business,Gallery open studio
🎨,visual-arts,Visual Arts,🖼️,art-business,Art Business,Gallery art residency
🎨,visual-arts,Visual Arts,🖼️,art-business,Art Business,Gallery grant writing
🎨,visual-arts,Visual Arts,🖼️,art-business,Art Business,Gallery art funding
🎨,visual-arts,Visual Arts,🖼️,art-business,Art Business,Gallery tax basics
🎨,visual-arts,Visual Arts,🖼️,art-business,Art Business,Gallery inventory management
🎨,visual-arts,Visual Arts,🖼️,art-business,Art Business,Gallery art database
🎨,visual-arts,Visual Arts,🖼️,art-business,Art Business,Gallery framing techniques
🎨,visual-arts,Visual Arts,🖼️,art-business,Art Business,Gallery shipping art
🎨,visual-arts,Visual Arts,🖼️,art-business,Art Business,Gallery insurance techniques
🎨,visual-arts,Visual Arts,🎨,figure-drawing,Figure Drawing,Sketch gesture drawing
🎨,visual-arts,Visual Arts,🎨,figure-drawing,Figure Drawing,Sketch contour figure
🎨,visual-arts,Visual Arts,🎨,figure-drawing,Figure Drawing,Sketch anatomical landmarks
🎨,visual-arts,Visual Arts,🎨,figure-drawing,Figure Drawing,Sketch skeletal structure
🎨,visual-arts,Visual Arts,🎨,figure-drawing,Figure Drawing,Sketch muscle groups
🎨,visual-arts,Visual Arts,🎨,figure-drawing,Figure Drawing,Sketch proportion techniques
🎨,visual-arts,Visual Arts,🎨,figure-drawing,Figure Drawing,Sketch head ratio
🎨,visual-arts,Visual Arts,🎨,figure-drawing,Figure Drawing,Sketch torso ratio
🎨,visual-arts,Visual Arts,🎨,figure-drawing,Figure Drawing,Sketch limb ratio
🎨,visual-arts,Visual Arts,🎨,figure-drawing,Figure Drawing,Sketch foreshortening techniques
🎨,visual-arts,Visual Arts,🎨,figure-drawing,Figure Drawing,Sketch weight distribution
🎨,visual-arts,Visual Arts,🎨,figure-drawing,Figure Drawing,Sketch balance line
🎨,visual-arts,Visual Arts,🎨,figure-drawing,Figure Drawing,Sketch contrapposto techniques
🎨,visual-arts,Visual Arts,🎨,figure-drawing,Figure Drawing,Sketch dynamic poses
🎨,visual-arts,Visual Arts,🎨,figure-drawing,Figure Drawing,Sketch standing pose
🎨,visual-arts,Visual Arts,🎨,figure-drawing,Figure Drawing,Sketch sitting pose
🎨,visual-arts,Visual Arts,🎨,figure-drawing,Figure Drawing,Sketch reclining pose
🎨,visual-arts,Visual Arts,🎨,figure-drawing,Figure Drawing,Sketch action pose
🎨,visual-arts,Visual Arts,🎨,figure-drawing,Figure Drawing,Sketch hand drawing
🎨,visual-arts,Visual Arts,🎨,figure-drawing,Figure Drawing,Sketch foot drawing
🎨,visual-arts,Visual Arts,🎨,figure-drawing,Figure Drawing,Sketch face drawing
🎨,visual-arts,Visual Arts,🎨,figure-drawing,Figure Drawing,Sketch portrait drawing
🎨,visual-arts,Visual Arts,🎨,figure-drawing,Figure Drawing,Sketch body mapping
🎨,visual-arts,Visual Arts,🎨,figure-drawing,Figure Drawing,Sketch quick sketch
🎨,visual-arts,Visual Arts,🎨,figure-drawing,Figure Drawing,Sketch long pose
🎨,visual-arts,Visual Arts,🎨,figure-drawing,Figure Drawing,Sketch measuring methods
🎨,visual-arts,Visual Arts,🎨,figure-drawing,Figure Drawing,Sketch sight measuring
🎨,visual-arts,Visual Arts,🎨,figure-drawing,Figure Drawing,Sketch plumb line
🎨,visual-arts,Visual Arts,🎨,figure-drawing,Figure Drawing,Sketch negative space figure
🎨,visual-arts,Visual Arts,🎨,figure-drawing,Figure Drawing,Sketch model etiquette
🎨,visual-arts,Visual Arts,🌿,landscape-painting,Landscape Painting,Paint atmospheric perspective
🎨,visual-arts,Visual Arts,🌿,landscape-painting,Landscape Painting,Paint color perspective
🎨,visual-arts,Visual Arts,🌿,landscape-painting,Landscape Painting,Paint aerial perspective
🎨,visual-arts,Visual Arts,🌿,landscape-painting,Landscape Painting,Paint foreground techniques
🎨,visual-arts,Visual Arts,🌿,landscape-painting,Landscape Painting,Paint midground techniques
🎨,visual-arts,Visual Arts,🌿,landscape-painting,Landscape Painting,Paint background techniques
🎨,visual-arts,Visual Arts,🌿,landscape-painting,Landscape Painting,Paint focal point
🎨,visual-arts,Visual Arts,🌿,landscape-painting,Landscape Painting,Paint leading line
🎨,visual-arts,Visual Arts,🌿,landscape-painting,Landscape Painting,Paint sky painting
🎨,visual-arts,Visual Arts,🌿,landscape-painting,Landscape Painting,Paint cloud types
🎨,visual-arts,Visual Arts,🌿,landscape-painting,Landscape Painting,Paint tree painting
🎨,visual-arts,Visual Arts,🌿,landscape-painting,Landscape Painting,Paint foliage technique
🎨,visual-arts,Visual Arts,🌿,landscape-painting,Landscape Painting,Paint water reflection
🎨,visual-arts,Visual Arts,🌿,landscape-painting,Landscape Painting,Paint mountain painting
🎨,visual-arts,Visual Arts,🌿,landscape-painting,Landscape Painting,Paint desert landscape
🎨,visual-arts,Visual Arts,🌿,landscape-painting,Landscape Painting,Paint coastal scene
🎨,visual-arts,Visual Arts,🌿,landscape-painting,Landscape Painting,Paint urban landscape
🎨,visual-arts,Visual Arts,🌿,landscape-painting,Landscape Painting,Paint nocturne techniques
🎨,visual-arts,Visual Arts,🌿,landscape-painting,Landscape Painting,Paint snow scene
🎨,visual-arts,Visual Arts,🌿,landscape-painting,Landscape Painting,Paint autumn colors
🎨,visual-arts,Visual Arts,🌿,landscape-painting,Landscape Painting,Paint spring greens
🎨,visual-arts,Visual Arts,🌿,landscape-painting,Landscape Painting,Paint summer light
🎨,visual-arts,Visual Arts,🌿,landscape-painting,Landscape Painting,Paint winter tone
🎨,visual-arts,Visual Arts,🌿,landscape-painting,Landscape Painting,Paint plein air
🎨,visual-arts,Visual Arts,🌿,landscape-painting,Landscape Painting,Paint outdoor setup
🎨,visual-arts,Visual Arts,🌿,landscape-painting,Landscape Painting,Paint portable easel
🎨,visual-arts,Visual Arts,🌿,landscape-painting,Landscape Painting,Paint limited palette
🎨,visual-arts,Visual Arts,🌿,landscape-painting,Landscape Painting,Paint color key
🎨,visual-arts,Visual Arts,🌿,landscape-painting,Landscape Painting,Paint value blocking
🎨,visual-arts,Visual Arts,🌿,landscape-painting,Landscape Painting,Paint brush economy
🎨,visual-arts,Visual Arts,🏛️,architecture-drawing,Architecture Drawing,Draft orthographic projection
🎨,visual-arts,Visual Arts,🏛️,architecture-drawing,Architecture Drawing,Draft plan view
🎨,visual-arts,Visual Arts,🏛️,architecture-drawing,Architecture Drawing,Draft elevation techniques
🎨,visual-arts,Visual Arts,🏛️,architecture-drawing,Architecture Drawing,Draft section techniques
🎨,visual-arts,Visual Arts,🏛️,architecture-drawing,Architecture Drawing,Draft perspective drawing
🎨,visual-arts,Visual Arts,🏛️,architecture-drawing,Architecture Drawing,Draft one point interior
🎨,visual-arts,Visual Arts,🏛️,architecture-drawing,Architecture Drawing,Draft two point exterior
🎨,visual-arts,Visual Arts,🏛️,architecture-drawing,Architecture Drawing,Draft three point
🎨,visual-arts,Visual Arts,🏛️,architecture-drawing,Architecture Drawing,Draft isometric drawing
🎨,visual-arts,Visual Arts,🏛️,architecture-drawing,Architecture Drawing,Draft axonometric drawing
🎨,visual-arts,Visual Arts,🏛️,architecture-drawing,Architecture Drawing,Draft scale drawing
🎨,visual-arts,Visual Arts,🏛️,architecture-drawing,Architecture Drawing,Draft line weight
🎨,visual-arts,Visual Arts,🏛️,architecture-drawing,Architecture Drawing,Draft hatching architecture
🎨,visual-arts,Visual Arts,🏛️,architecture-drawing,Architecture Drawing,Draft rendering techniques
🎨,visual-arts,Visual Arts,🏛️,architecture-drawing,Architecture Drawing,Draft shadow projection
🎨,visual-arts,Visual Arts,🏛️,architecture-drawing,Architecture Drawing,Draft texture rendering
🎨,visual-arts,Visual Arts,🏛️,architecture-drawing,Architecture Drawing,Draft grid system
🎨,visual-arts,Visual Arts,🏛️,architecture-drawing,Architecture Drawing,Draft proportion system
🎨,visual-arts,Visual Arts,🏛️,architecture-drawing,Architecture Drawing,Draft classical orders
🎨,visual-arts,Visual Arts,🏛️,architecture-drawing,Architecture Drawing,Draft doric order
🎨,visual-arts,Visual Arts,🏛️,architecture-drawing,Architecture Drawing,Draft ionic order
🎨,visual-arts,Visual Arts,🏛️,architecture-drawing,Architecture Drawing,Draft corinthian order
🎨,visual-arts,Visual Arts,🏛️,architecture-drawing,Architecture Drawing,Draft modern architecture
🎨,visual-arts,Visual Arts,🏛️,architecture-drawing,Architecture Drawing,Draft floor plan layout
🎨,visual-arts,Visual Arts,🏛️,architecture-drawing,Architecture Drawing,Draft elevation design
🎨,visual-arts,Visual Arts,🏛️,architecture-drawing,Architecture Drawing,Draft section detail
🎨,visual-arts,Visual Arts,🏛️,architecture-drawing,Architecture Drawing,Draft architectural sketching
🎨,visual-arts,Visual Arts,🏛️,architecture-drawing,Architecture Drawing,Draft site plan
🎨,visual-arts,Visual Arts,🏛️,architecture-drawing,Architecture Drawing,Draft concept diagram
🎨,visual-arts,Visual Arts,🏛️,architecture-drawing,Architecture Drawing,Draft presentation board
🎨,visual-arts,Visual Arts,🎨,abstract-art,Abstract Art,Express color field
🎨,visual-arts,Visual Arts,🎨,abstract-art,Abstract Art,Express geometric abstraction
🎨,visual-arts,Visual Arts,🎨,abstract-art,Abstract Art,Express lyrical abstraction
🎨,visual-arts,Visual Arts,🎨,abstract-art,Abstract Art,Express action painting
🎨,visual-arts,Visual Arts,🎨,abstract-art,Abstract Art,Express gestural abstraction
🎨,visual-arts,Visual Arts,🎨,abstract-art,Abstract Art,Express non objective
🎨,visual-arts,Visual Arts,🎨,abstract-art,Abstract Art,Express minimal abstraction
🎨,visual-arts,Visual Arts,🎨,abstract-art,Abstract Art,Express hard edge
🎨,visual-arts,Visual Arts,🎨,abstract-art,Abstract Art,Express soft edge
🎨,visual-arts,Visual Arts,🎨,abstract-art,Abstract Art,Express composition balance
🎨,visual-arts,Visual Arts,🎨,abstract-art,Abstract Art,Express dynamic tension
🎨,visual-arts,Visual Arts,🎨,abstract-art,Abstract Art,Express negative space
🎨,visual-arts,Visual Arts,🎨,abstract-art,Abstract Art,Express positive space
🎨,visual-arts,Visual Arts,🎨,abstract-art,Abstract Art,Express shape interaction
🎨,visual-arts,Visual Arts,🎨,abstract-art,Abstract Art,Express line as element
🎨,visual-arts,Visual Arts,🎨,abstract-art,Abstract Art,Express form development
🎨,visual-arts,Visual Arts,🎨,abstract-art,Abstract Art,Express texture abstraction
🎨,visual-arts,Visual Arts,🎨,abstract-art,Abstract Art,Express mark making
🎨,visual-arts,Visual Arts,🎨,abstract-art,Abstract Art,Express painterly gesture
🎨,visual-arts,Visual Arts,🎨,abstract-art,Abstract Art,Express color emotion
🎨,visual-arts,Visual Arts,🎨,abstract-art,Abstract Art,Express color harmony
🎨,visual-arts,Visual Arts,🎨,abstract-art,Abstract Art,Express monochrome techniques
🎨,visual-arts,Visual Arts,🎨,abstract-art,Abstract Art,Express limited palette
🎨,visual-arts,Visual Arts,🎨,abstract-art,Abstract Art,Express scale exploration
🎨,visual-arts,Visual Arts,🎨,abstract-art,Abstract Art,Express series work
🎨,visual-arts,Visual Arts,🎨,abstract-art,Abstract Art,Express intuitive process
🎨,visual-arts,Visual Arts,🎨,abstract-art,Abstract Art,Express planned composition
🎨,visual-arts,Visual Arts,🎨,abstract-art,Abstract Art,Express spontaneity techniques
🎨,visual-arts,Visual Arts,🎨,abstract-art,Abstract Art,Express controlled chaos
🎨,visual-arts,Visual Arts,🎨,abstract-art,Abstract Art,Express abstract narrative
🎨,visual-arts,Visual Arts,🖍️,charcoal-drawing,Charcoal Drawing,Smudge vine charcoal
🎨,visual-arts,Visual Arts,🖍️,charcoal-drawing,Charcoal Drawing,Smudge compressed charcoal
🎨,visual-arts,Visual Arts,🖍️,charcoal-drawing,Charcoal Drawing,Smudge charcoal pencil
🎨,visual-arts,Visual Arts,🖍️,charcoal-drawing,Charcoal Drawing,Smudge powdered charcoal
🎨,visual-arts,Visual Arts,🖍️,charcoal-drawing,Charcoal Drawing,Smudge tone application
🎨,visual-arts,Visual Arts,🖍️,charcoal-drawing,Charcoal Drawing,Smudge value range
🎨,visual-arts,Visual Arts,🖍️,charcoal-drawing,Charcoal Drawing,Smudge blending tools
🎨,visual-arts,Visual Arts,🖍️,charcoal-drawing,Charcoal Drawing,Smudge tortillon techniques
🎨,visual-arts,Visual Arts,🖍️,charcoal-drawing,Charcoal Drawing,Smudge stump blending
🎨,visual-arts,Visual Arts,🖍️,charcoal-drawing,Charcoal Drawing,Smudge chamois blending
🎨,visual-arts,Visual Arts,🖍️,charcoal-drawing,Charcoal Drawing,Smudge eraser techniques
🎨,visual-arts,Visual Arts,🖍️,charcoal-drawing,Charcoal Drawing,Smudge kneaded eraser
🎨,visual-arts,Visual Arts,🖍️,charcoal-drawing,Charcoal Drawing,Smudge plastic eraser
🎨,visual-arts,Visual Arts,🖍️,charcoal-drawing,Charcoal Drawing,Smudge highlight lifting
🎨,visual-arts,Visual Arts,🖍️,charcoal-drawing,Charcoal Drawing,Smudge subtractive drawing
🎨,visual-arts,Visual Arts,🖍️,charcoal-drawing,Charcoal Drawing,Smudge additive drawing
🎨,visual-arts,Visual Arts,🖍️,charcoal-drawing,Charcoal Drawing,Smudge fixative spray
🎨,visual-arts,Visual Arts,🖍️,charcoal-drawing,Charcoal Drawing,Smudge workable fixative
🎨,visual-arts,Visual Arts,🖍️,charcoal-drawing,Charcoal Drawing,Smudge paper selection
🎨,visual-arts,Visual Arts,🖍️,charcoal-drawing,Charcoal Drawing,Smudge tooth techniques
🎨,visual-arts,Visual Arts,🖍️,charcoal-drawing,Charcoal Drawing,Smudge rough paper
🎨,visual-arts,Visual Arts,🖍️,charcoal-drawing,Charcoal Drawing,Smudge smooth paper
🎨,visual-arts,Visual Arts,🖍️,charcoal-drawing,Charcoal Drawing,Smudge texture creation
🎨,visual-arts,Visual Arts,🖍️,charcoal-drawing,Charcoal Drawing,Smudge hatching charcoal
🎨,visual-arts,Visual Arts,🖍️,charcoal-drawing,Charcoal Drawing,Smudge smudging techniques
🎨,visual-arts,Visual Arts,🖍️,charcoal-drawing,Charcoal Drawing,Smudge gesture charcoal
🎨,visual-arts,Visual Arts,🖍️,charcoal-drawing,Charcoal Drawing,Smudge portrait charcoal
🎨,visual-arts,Visual Arts,🖍️,charcoal-drawing,Charcoal Drawing,Smudge still life charcoal
🎨,visual-arts,Visual Arts,🖍️,charcoal-drawing,Charcoal Drawing,Smudge figure charcoal
🎨,visual-arts,Visual Arts,🖍️,charcoal-drawing,Charcoal Drawing,Smudge landscape charcoal
🎨,visual-arts,Visual Arts,📱,digital-illustration,Digital Illustration,Illustrate procreate techniques
🎨,visual-arts,Visual Arts,📱,digital-illustration,Digital Illustration,Illustrate photoshop brushes
🎨,visual-arts,Visual Arts,📱,digital-illustration,Digital Illustration,Illustrate illustrator vector
🎨,visual-arts,Visual Arts,📱,digital-illustration,Digital Illustration,Illustrate clip studio paint
🎨,visual-arts,Visual Arts,📱,digital-illustration,Digital Illustration,Illustrate vector vs raster
🎨,visual-arts,Visual Arts,📱,digital-illustration,Digital Illustration,Illustrate layer strategy
🎨,visual-arts,Visual Arts,📱,digital-illustration,Digital Illustration,Illustrate blend mode
🎨,visual-arts,Visual Arts,📱,digital-illustration,Digital Illustration,Illustrate selection tool
🎨,visual-arts,Visual Arts,📱,digital-illustration,Digital Illustration,Illustrate pen tool
🎨,visual-arts,Visual Arts,📱,digital-illustration,Digital Illustration,Illustrate shape builder
🎨,visual-arts,Visual Arts,📱,digital-illustration,Digital Illustration,Illustrate pathfinder techniques
🎨,visual-arts,Visual Arts,📱,digital-illustration,Digital Illustration,Illustrate vector tracing
🎨,visual-arts,Visual Arts,📱,digital-illustration,Digital Illustration,Illustrate image trace
🎨,visual-arts,Visual Arts,📱,digital-illustration,Digital Illustration,Illustrate typography integration
🎨,visual-arts,Visual Arts,📱,digital-illustration,Digital Illustration,Illustrate line art digital
🎨,visual-arts,Visual Arts,📱,digital-illustration,Digital Illustration,Illustrate flat color
🎨,visual-arts,Visual Arts,📱,digital-illustration,Digital Illustration,Illustrate cell shading
🎨,visual-arts,Visual Arts,📱,digital-illustration,Digital Illustration,Illustrate soft shading
🎨,visual-arts,Visual Arts,📱,digital-illustration,Digital Illustration,Illustrate texture overlay
🎨,visual-arts,Visual Arts,📱,digital-illustration,Digital Illustration,Illustrate light effect
🎨,visual-arts,Visual Arts,📱,digital-illustration,Digital Illustration,Illustrate shadow layer
🎨,visual-arts,Visual Arts,📱,digital-illustration,Digital Illustration,Illustrate highlight layer
🎨,visual-arts,Visual Arts,📱,digital-illustration,Digital Illustration,Illustrate color palette
🎨,visual-arts,Visual Arts,📱,digital-illustration,Digital Illustration,Illustrate swatch creation
🎨,visual-arts,Visual Arts,📱,digital-illustration,Digital Illustration,Illustrate export formats
🎨,visual-arts,Visual Arts,📱,digital-illustration,Digital Illustration,Illustrate resolution setup
🎨,visual-arts,Visual Arts,📱,digital-illustration,Digital Illustration,Illustrate dpi setup
🎨,visual-arts,Visual Arts,📱,digital-illustration,Digital Illustration,Illustrate artboard management
🎨,visual-arts,Visual Arts,📱,digital-illustration,Digital Illustration,Illustrate digital watermark
🎨,visual-arts,Visual Arts,📱,digital-illustration,Digital Illustration,Illustrate animation timeline
🎨,visual-arts,Visual Arts,🎨,mural-street-art,Mural & Street Art,Spray wall preparation
🎨,visual-arts,Visual Arts,🎨,mural-street-art,Mural & Street Art,Spray priming walls
🎨,visual-arts,Visual Arts,🎨,mural-street-art,Mural & Street Art,Spray grid scaling
🎨,visual-arts,Visual Arts,🎨,mural-street-art,Mural & Street Art,Spray projector method
🎨,visual-arts,Visual Arts,🎨,mural-street-art,Mural & Street Art,Spray freehand mural
🎨,visual-arts,Visual Arts,🎨,mural-street-art,Mural & Street Art,Spray paint selection
🎨,visual-arts,Visual Arts,🎨,mural-street-art,Mural & Street Art,Spray exterior paint
🎨,visual-arts,Visual Arts,🎨,mural-street-art,Mural & Street Art,Spray interior paint
🎨,visual-arts,Visual Arts,🎨,mural-street-art,Mural & Street Art,Spray brush types mural
🎨,visual-arts,Visual Arts,🎨,mural-street-art,Mural & Street Art,Spray roller technique
🎨,visual-arts,Visual Arts,🎨,mural-street-art,Mural & Street Art,Spray spray paint
🎨,visual-arts,Visual Arts,🎨,mural-street-art,Mural & Street Art,Spray stencil making
🎨,visual-arts,Visual Arts,🎨,mural-street-art,Mural & Street Art,Spray stencil cutting
🎨,visual-arts,Visual Arts,🎨,mural-street-art,Mural & Street Art,Spray multi layer stencil
🎨,visual-arts,Visual Arts,🎨,mural-street-art,Mural & Street Art,Spray tagging techniques
🎨,visual-arts,Visual Arts,🎨,mural-street-art,Mural & Street Art,Spray throw up
🎨,visual-arts,Visual Arts,🎨,mural-street-art,Mural & Street Art,Spray piece techniques
🎨,visual-arts,Visual Arts,🎨,mural-street-art,Mural & Street Art,Spray wildstyle techniques
🎨,visual-arts,Visual Arts,🎨,mural-street-art,Mural & Street Art,Spray character lettering
🎨,visual-arts,Visual Arts,🎨,mural-street-art,Mural & Street Art,Spray mural design
🎨,visual-arts,Visual Arts,🎨,mural-street-art,Mural & Street Art,Spray color planning
🎨,visual-arts,Visual Arts,🎨,mural-street-art,Mural & Street Art,Spray value study
🎨,visual-arts,Visual Arts,🎨,mural-street-art,Mural & Street Art,Spray scale model
🎨,visual-arts,Visual Arts,🎨,mural-street-art,Mural & Street Art,Spray scaffolding techniques
🎨,visual-arts,Visual Arts,🎨,mural-street-art,Mural & Street Art,Spray lift operation
🎨,visual-arts,Visual Arts,🎨,mural-street-art,Mural & Street Art,Spray weather considerations
🎨,visual-arts,Visual Arts,🎨,mural-street-art,Mural & Street Art,Spray sealing mural
🎨,visual-arts,Visual Arts,🎨,mural-street-art,Mural & Street Art,Spray anti graffiti coat
🎨,visual-arts,Visual Arts,🎨,mural-street-art,Mural & Street Art,Spray permission process
🎨,visual-arts,Visual Arts,🎨,mural-street-art,Mural & Street Art,Spray public art proposal
🎨,visual-arts,Visual Arts,🎨,portrait-painting,Portrait Painting,Paint facial proportions
🎨,visual-arts,Visual Arts,🎨,portrait-painting,Portrait Painting,Paint head construction
🎨,visual-arts,Visual Arts,🎨,portrait-painting,Portrait Painting,Paint eye placement
🎨,visual-arts,Visual Arts,🎨,portrait-painting,Portrait Painting,Paint nose structure
🎨,visual-arts,Visual Arts,🎨,portrait-painting,Portrait Painting,Paint mouth shape
🎨,visual-arts,Visual Arts,🎨,portrait-painting,Portrait Painting,Paint ear position
🎨,visual-arts,Visual Arts,🎨,portrait-painting,Portrait Painting,Paint hair texture
🎨,visual-arts,Visual Arts,🎨,portrait-painting,Portrait Painting,Paint skin tone mixing
🎨,visual-arts,Visual Arts,🎨,portrait-painting,Portrait Painting,Paint caucasian skin
🎨,visual-arts,Visual Arts,🎨,portrait-painting,Portrait Painting,Paint olive skin
🎨,visual-arts,Visual Arts,🎨,portrait-painting,Portrait Painting,Paint dark skin
🎨,visual-arts,Visual Arts,🎨,portrait-painting,Portrait Painting,Paint warm skin
🎨,visual-arts,Visual Arts,🎨,portrait-painting,Portrait Painting,Paint cool skin
🎨,visual-arts,Visual Arts,🎨,portrait-painting,Portrait Painting,Paint highlight placement
🎨,visual-arts,Visual Arts,🎨,portrait-painting,Portrait Painting,Paint shadow mapping
🎨,visual-arts,Visual Arts,🎨,portrait-painting,Portrait Painting,Paint cheekbone structure
🎨,visual-arts,Visual Arts,🎨,portrait-painting,Portrait Painting,Paint jawline definition
🎨,visual-arts,Visual Arts,🎨,portrait-painting,Portrait Painting,Paint neck structure
🎨,visual-arts,Visual Arts,🎨,portrait-painting,Portrait Painting,Paint shoulder placement
🎨,visual-arts,Visual Arts,🎨,portrait-painting,Portrait Painting,Paint background integration
🎨,visual-arts,Visual Arts,🎨,portrait-painting,Portrait Painting,Paint warm vs cool
🎨,visual-arts,Visual Arts,🎨,portrait-painting,Portrait Painting,Paint color temperature
🎨,visual-arts,Visual Arts,🎨,portrait-painting,Portrait Painting,Paint edge quality
🎨,visual-arts,Visual Arts,🎨,portrait-painting,Portrait Painting,Paint lost edge portrait
🎨,visual-arts,Visual Arts,🎨,portrait-painting,Portrait Painting,Paint soft focus
🎨,visual-arts,Visual Arts,🎨,portrait-painting,Portrait Painting,Paint hard detail
🎨,visual-arts,Visual Arts,🎨,portrait-painting,Portrait Painting,Paint brushes for portrait
🎨,visual-arts,Visual Arts,🎨,portrait-painting,Portrait Painting,Paint glazing portrait
🎨,visual-arts,Visual Arts,🎨,portrait-painting,Portrait Painting,Paint alla prima portrait
🎨,visual-arts,Visual Arts,🎨,portrait-painting,Portrait Painting,Paint portrait likeness
🎨,visual-arts,Visual Arts,🖼️,framing-presentation,Framing & Presentation,Frame frame selection
🎨,visual-arts,Visual Arts,🖼️,framing-presentation,Framing & Presentation,Frame frame materials
🎨,visual-arts,Visual Arts,🖼️,framing-presentation,Framing & Presentation,Frame wood frame
🎨,visual-arts,Visual Arts,🖼️,framing-presentation,Framing & Presentation,Frame metal frame
🎨,visual-arts,Visual Arts,🖼️,framing-presentation,Framing & Presentation,Frame gilded frame
🎨,visual-arts,Visual Arts,🖼️,framing-presentation,Framing & Presentation,Frame shadow box
🎨,visual-arts,Visual Arts,🖼️,framing-presentation,Framing & Presentation,Frame float frame
🎨,visual-arts,Visual Arts,🖼️,framing-presentation,Framing & Presentation,Frame mat cutting
🎨,visual-arts,Visual Arts,🖼️,framing-presentation,Framing & Presentation,Frame bevel cut
🎨,visual-arts,Visual Arts,🖼️,framing-presentation,Framing & Presentation,Frame mat board types
🎨,visual-arts,Visual Arts,🖼️,framing-presentation,Framing & Presentation,Frame conservation mat
🎨,visual-arts,Visual Arts,🖼️,framing-presentation,Framing & Presentation,Frame acid free mat
🎨,visual-arts,Visual Arts,🖼️,framing-presentation,Framing & Presentation,Frame museum mat
🎨,visual-arts,Visual Arts,🖼️,framing-presentation,Framing & Presentation,Frame glass selection
🎨,visual-arts,Visual Arts,🖼️,framing-presentation,Framing & Presentation,Frame regular glass
🎨,visual-arts,Visual Arts,🖼️,framing-presentation,Framing & Presentation,Frame non glare glass
🎨,visual-arts,Visual Arts,🖼️,framing-presentation,Framing & Presentation,Frame uv protective glass
🎨,visual-arts,Visual Arts,🖼️,framing-presentation,Framing & Presentation,Frame acrylic glazing
🎨,visual-arts,Visual Arts,🖼️,framing-presentation,Framing & Presentation,Frame mounting artwork
🎨,visual-arts,Visual Arts,🖼️,framing-presentation,Framing & Presentation,Frame hinging techniques
🎨,visual-arts,Visual Arts,🖼️,framing-presentation,Framing & Presentation,Frame t hinge
🎨,visual-arts,Visual Arts,🖼️,framing-presentation,Framing & Presentation,Frame photo corners
🎨,visual-arts,Visual Arts,🖼️,framing-presentation,Framing & Presentation,Frame dry mounting
🎨,visual-arts,Visual Arts,🖼️,framing-presentation,Framing & Presentation,Frame backing board
🎨,visual-arts,Visual Arts,🖼️,framing-presentation,Framing & Presentation,Frame sealing frame
🎨,visual-arts,Visual Arts,🖼️,framing-presentation,Framing & Presentation,Frame wiring techniques
🎨,visual-arts,Visual Arts,🖼️,framing-presentation,Framing & Presentation,Frame hanging hardware
🎨,visual-arts,Visual Arts,🖼️,framing-presentation,Framing & Presentation,Frame gallery wall
🎨,visual-arts,Visual Arts,🖼️,framing-presentation,Framing & Presentation,Frame lighting artwork
🎨,visual-arts,Visual Arts,🖼️,framing-presentation,Framing & Presentation,Frame art labeling
🎨,visual-arts,Visual Arts,🎨,art-critique-analysis,Art Critique & Analysis,Critique formal analysis
🎨,visual-arts,Visual Arts,🎨,art-critique-analysis,Art Critique & Analysis,Critique elements of art
🎨,visual-arts,Visual Arts,🎨,art-critique-analysis,Art Critique & Analysis,Critique line analysis
🎨,visual-arts,Visual Arts,🎨,art-critique-analysis,Art Critique & Analysis,Critique shape analysis
🎨,visual-arts,Visual Arts,🎨,art-critique-analysis,Art Critique & Analysis,Critique color analysis
🎨,visual-arts,Visual Arts,🎨,art-critique-analysis,Art Critique & Analysis,Critique texture analysis
🎨,visual-arts,Visual Arts,🎨,art-critique-analysis,Art Critique & Analysis,Critique space analysis
🎨,visual-arts,Visual Arts,🎨,art-critique-analysis,Art Critique & Analysis,Critique value analysis
🎨,visual-arts,Visual Arts,🎨,art-critique-analysis,Art Critique & Analysis,Critique principles of design
🎨,visual-arts,Visual Arts,🎨,art-critique-analysis,Art Critique & Analysis,Critique balance techniques
🎨,visual-arts,Visual Arts,🎨,art-critique-analysis,Art Critique & Analysis,Critique contrast techniques
🎨,visual-arts,Visual Arts,🎨,art-critique-analysis,Art Critique & Analysis,Critique emphasis techniques
🎨,visual-arts,Visual Arts,🎨,art-critique-analysis,Art Critique & Analysis,Critique movement techniques
🎨,visual-arts,Visual Arts,🎨,art-critique-analysis,Art Critique & Analysis,Critique pattern techniques
🎨,visual-arts,Visual Arts,🎨,art-critique-analysis,Art Critique & Analysis,Critique rhythm techniques
🎨,visual-arts,Visual Arts,🎨,art-critique-analysis,Art Critique & Analysis,Critique unity techniques
🎨,visual-arts,Visual Arts,🎨,art-critique-analysis,Art Critique & Analysis,Critique variety techniques
🎨,visual-arts,Visual Arts,🎨,art-critique-analysis,Art Critique & Analysis,Critique subject matter
🎨,visual-arts,Visual Arts,🎨,art-critique-analysis,Art Critique & Analysis,Critique content analysis
🎨,visual-arts,Visual Arts,🎨,art-critique-analysis,Art Critique & Analysis,Critique iconographic analysis
🎨,visual-arts,Visual Arts,🎨,art-critique-analysis,Art Critique & Analysis,Critique contextual analysis
🎨,visual-arts,Visual Arts,🎨,art-critique-analysis,Art Critique & Analysis,Critique biographical context
🎨,visual-arts,Visual Arts,🎨,art-critique-analysis,Art Critique & Analysis,Critique historical context
🎨,visual-arts,Visual Arts,🎨,art-critique-analysis,Art Critique & Analysis,Critique social context
🎨,visual-arts,Visual Arts,🎨,art-critique-analysis,Art Critique & Analysis,Critique cultural context
🎨,visual-arts,Visual Arts,🎨,art-critique-analysis,Art Critique & Analysis,Critique interpretation techniques
🎨,visual-arts,Visual Arts,🎨,art-critique-analysis,Art Critique & Analysis,Critique judgment techniques
🎨,visual-arts,Visual Arts,🎨,art-critique-analysis,Art Critique & Analysis,Critique critique format
🎨,visual-arts,Visual Arts,🎨,art-critique-analysis,Art Critique & Analysis,Critique feedback method
🎨,visual-arts,Visual Arts,🎨,art-critique-analysis,Art Critique & Analysis,Critique self critique
